**********************************************
* Logging started at Wed Mar 13 14:20:14 2024
* By 3dec Version 7.00 Release 159
* 
* 
* Job Title: 
**********************************************
3dec>@contacts_output
contact = 1 1 1 0 (5.31089,0.250006,0.839969) (0.149411,-4.6716e-07,-0.988775)
subcontact = (5.43229,0,0.86092) 5369.93 (1042.66,0.180052,169.219) 112 -0.00515515 (-0.00360661,-6.22271e-07,-0.000565143) 257763 50704 0.0208328
face centroid = (5.1895,0.25,0.819018)
subcontact = (5.43229,0.5,0.86092) 10740.3 (2084.58,0.360103,338.308) 111 -0.00515538 (-0.00360533,-6.22268e-07,-0.000564933) 257775 50685.9 0.0416656
face centroid = (5.1895,0.25,0.819018)
subcontact = (4.93844,0.5,0.782702) 1668.6 (1042.53,-0.198956,169.193) 110 -0.00160184 (-0.00360615,6.87562e-07,-0.000565062) 80094.7 50697.5 0.0208328
face centroid = (5.1895,0.25,0.819018)
subcontact = (4.93844,0,0.782702) 3336.71 (2085.8,-0.397911,338.516) 109 -0.00160161 (-0.00360744,6.8756e-07,-0.000565272) 80083.1 50715.6 0.0416656
face centroid = (5.1895,0.25,0.819018)
subcontact = (4.94231,-6.8593e-07,0.781666) 1689.95 (1042.9,-0.19848,169.258) 108 -0.00162236 (-0.00360744,6.85929e-07,-0.000565272) 81117.7 50714.4 0.0208333
face centroid = (5.18536,0.25,0.821811)
subcontact = (4.9423,0.499999,0.781665) 3380.36 (2085.06,-0.396961,338.386) 107 -0.00162258 (-0.00360615,6.85931e-07,-0.000565062) 81128.6 50696.3 0.0416667
face centroid = (5.18536,0.25,0.821811)
subcontact = (5.43669,0.500001,0.856371) 5391.81 (1042.29,0.180515,169.154) 106 -0.00517614 (-0.00360532,-6.23879e-07,-0.000564932) 258807 50684.7 0.0208333
face centroid = (5.18536,0.25,0.821811)
subcontact = (5.43669,6.23882e-07,0.856371) 10783.2 (2085.33,0.361031,338.439) 105 -0.00517592 (-0.00360661,-6.23881e-07,-0.000565143) 258796 50702.8 0.0416667
face centroid = (5.18536,0.25,0.821811)
contact = 2 7 2 1 (4.99305,0.25,1.62234) (0.309017,0,-0.951057)
contact = 3 7 3 2 (4.67778,0.25,2.38345) (0.45399,0,-0.891007)
contact = 4 1 4 3 (4.26757,0.250009,3.09013) (0.590624,-0.00170896,-0.806945)
subcontact = (4.47089,2.19985e-07,3.23572) 110.865 (-31.9119,2.21217,-22.1569) 104 -0.000106405 (0.00010929,-7.64527e-06,7.79263e-05) 5321.82 1867.91 0.0208321
face centroid = (4.26901,0.250015,3.08803)
subcontact = (4.47089,0.5,3.23572) 221.37 (-58.6012,4.42418,-40.4913) 103 -0.000106232 (0.000100265,-7.64499e-06,7.13209e-05) 5313.18 1712.9 0.0416643
face centroid = (4.26901,0.250015,3.08803)
subcontact = (4.0643,0.499999,2.94471) 5313.82 (-34.3943,7.03949,-23.9919) 102 -0.00510131 (0.000117876,-2.43288e-05,8.42597e-05) 255078 2041.18 0.0208321
face centroid = (4.26901,0.250015,3.08803)
subcontact = (4.0643,-1.05311e-06,2.94471) 10628 (-74.0112,14.0791,-51.8063) 101 -0.00510149 (0.000126901,-2.43291e-05,9.08651e-05) 255087 2194.49 0.0416643
face centroid = (4.26901,0.250015,3.08803)
subcontact = (4.06718,1.95905e-05,2.9405) 5318.18 (-37.0063,7.04385,-25.9037) 100 -0.00510546 (0.000126913,-2.43436e-05,9.08737e-05) 255273 2194.44 0.0208333
face centroid = (4.26759,0.25,3.09022)
subcontact = (4.06719,0.50002,2.94051) 10635.9 (-68.7898,14.0874,-47.9847) 99 -0.00510525 (0.000117888,-2.43431e-05,8.4268e-05) 255262 2041.14 0.0416666
face centroid = (4.26759,0.25,3.09022)
subcontact = (4.47085,0.50001,3.23556) 114.69 (-29.3009,2.21614,-20.2458) 98 -0.000110102 (0.000100276,-7.65898e-06,7.13289e-05) 5505.14 1712.83 0.0208333
face centroid = (4.26759,0.25,3.09022)
subcontact = (4.47084,9.67596e-06,3.23556) 229.833 (-63.8246,4.43254,-44.3144) 97 -0.000110319 (0.000109301,-7.65945e-06,7.79345e-05) 5516.01 1867.84 0.0416666
face centroid = (4.26759,0.25,3.09022)
contact = 5 1 5 4 (3.90637,1.28194e-05,3.89089) (0.71499,-1.07237e-06,-0.699135)
subcontact = (3.90844,1.00416e-05,3.89021) 243.533 (-117.041,0.527993,-116.392) 96 -0.000233778 (0.00066822,-2.77045e-06,0.000673255) 11690 7923.32 0.0208326
face centroid = (3.73316,0.250015,3.71061)
subcontact = (3.90845,0.50001,3.89021) 485.948 (-233.237,1.05167,-231.982) 95 -0.000233242 (0.000671472,-2.77051e-06,0.000676569) 11663.2 7895.37 0.0416652
face centroid = (3.73316,0.250015,3.71061)
subcontact = (3.55592,0.50002,3.53564) 4580.54 (-195.584,-0.545162,-194.189) 94 -0.00439735 (0.000670966,1.88406e-06,0.000676108) 219874 13229.9 0.0208326
face centroid = (3.73316,0.250015,3.71061)
subcontact = (3.55591,1.99228e-05,3.53564) 9162.2 (-389.282,-1.09036,-386.465) 93 -0.00439788 (0.000667713,1.88412e-06,0.000672795) 219900 13165.4 0.0416652
face centroid = (3.73316,0.250015,3.71061)
subcontact = (3.55837,1.80495e-05,3.53186) 4587.22 (-194.642,-0.54718,-193.234) 92 -0.00440374 (0.000667714,1.891e-06,0.000672796) 220187 13165.1 0.0208333
face centroid = (3.73218,0.250015,3.71292)
subcontact = (3.55837,0.500018,3.53187) 9173.35 (-391.17,-1.09433,-388.382) 91 -0.00440321 (0.000670967,1.89096e-06,0.000676109) 220160 13229.5 0.0416667
face centroid = (3.73218,0.250015,3.71292)
subcontact = (3.90794,0.500013,3.88936) 249.033 (-119.655,0.531199,-118.992) 90 -0.000239073 (0.000671473,-2.76372e-06,0.00067657) 11953.6 8100.01 0.0208333
face centroid = (3.73218,0.250015,3.71292)
subcontact = (3.90794,1.2817e-05,3.88936) 499.163 (-240.144,1.06674,-238.774) 89 -0.000239599 (0.000668221,-2.76368e-06,0.000673256) 11979.9 8127.58 0.0416667
face centroid = (3.73218,0.250015,3.71292)
contact = 6 1 6 5 (3.24414,1.49943e-05,4.44206) (0.818391,-1.68971e-06,-0.574662)
subcontact = (3.24543,1.44483e-05,4.44247) 856.811 (-181.073,0.1644,-246.463) 88 -0.00082254 (0.000616632,-5.68338e-07,0.000858446) 41127.4 14680 0.0208331
face centroid = (3.10181,0.250017,4.23652)
subcontact = (3.24543,0.500014,4.44247) 1712.53 (-362.533,0.328798,-493.444) 87 -0.000822016 (0.000617286,-5.68336e-07,0.000859351) 41101.2 14695.5 0.0416662
face centroid = (3.10181,0.250017,4.23652)
subcontact = (2.95609,0.50002,4.0347) 3416.52 (-179.971,-0.178609,-244.918) 86 -0.00327987 (0.000612843,6.17104e-07,0.000853093) 163995 14588.9 0.0208331
face centroid = (3.10181,0.250017,4.23652)
subcontact = (2.95609,1.95325e-05,4.03469) 6834.13 (-359.556,-0.357217,-489.318) 85 -0.00328039 (0.000612188,6.17102e-07,0.000852189) 164021 14573.4 0.0416662
face centroid = (3.10181,0.250017,4.23652)
subcontact = (2.95815,1.89594e-05,4.03192) 3421.76 (-179.775,-0.178923,-244.656) 84 -0.0032849 (0.00061218,6.18198e-07,0.000852177) 164245 14573 0.0208333
face centroid = (3.10076,0.250017,4.23858)
subcontact = (2.95815,0.500019,4.03192) 6842.44 (-359.937,-0.357846,-489.829) 83 -0.00328438 (0.000612834,6.182e-07,0.000853081) 164219 14588.5 0.0416667
face centroid = (3.10076,0.250017,4.23858)
subcontact = (3.24548,0.500015,4.44112) 860.969 (-181.264,0.164085,-246.718) 82 -0.00082653 (0.000617278,-5.6724e-07,0.000859339) 41326.5 14695.1 0.0208333
face centroid = (3.10076,0.250017,4.23858)
subcontact = (3.24548,1.49915e-05,4.44112) 1723.02 (-362.141,0.328171,-492.919) 81 -0.000827049 (0.000616623,-5.67242e-07,0.000858434) 41352.4 14679.6 0.0416667
face centroid = (3.10076,0.250017,4.23858)
contact = 7 1 7 6 (2.39302,0.250019,4.65475) (0.898631,1.77649e-06,-0.438705)
subcontact = (2.50243,1.69827e-05,4.88013) 1656.09 (-138.986,0.130244,-270.028) 80 -0.00158985 (0.000470428,-4.50125e-07,0.000938265) 79492.4 14577.5 0.0208333
face centroid = (2.39371,0.250019,4.65381)
subcontact = (2.50243,0.500017,4.88014) 3311.01 (-278.24,0.260489,-540.569) 79 -0.00158929 (0.000470878,-4.50127e-07,0.000939158) 79464.4 14591.4 0.0416666
face centroid = (2.39371,0.250019,4.65381)
subcontact = (2.28265,0.500021,4.43103) 2146.64 (-140.041,-0.15851,-272.062) 78 -0.00206078 (0.000473988,5.47814e-07,0.00094534) 103039 14687.5 0.0208333
face centroid = (2.39371,0.250019,4.65381)
subcontact = (2.28265,2.07696e-05,4.43103) 4294.45 (-279.815,-0.317021,-543.612) 77 -0.00206134 (0.000473538,5.47816e-07,0.000944447) 103067 14673.6 0.0416666
face centroid = (2.39371,0.250019,4.65381)
subcontact = (2.28403,2.02247e-05,4.42915) 2149.26 (-139.908,-0.158757,-271.808) 76 -0.0020633 (0.000473541,5.48664e-07,0.000944453) 103165 14673.7 0.0208333
face centroid = (2.39254,0.250019,4.65558)
subcontact = (2.28403,0.50002,4.42915) 4297.37 (-280.084,-0.317512,-544.129) 75 -0.00206274 (0.000473991,5.48661e-07,0.000945346) 103137 14687.6 0.0416667
face centroid = (2.39254,0.250019,4.65558)
subcontact = (2.50339,0.500017,4.87847) 1657.55 (-139.121,0.13,-270.286) 74 -0.00159125 (0.000470881,-4.49283e-07,0.000939163) 79562.3 14591.5 0.0208333
face centroid = (2.39254,0.250019,4.65558)
subcontact = (2.50338,1.74345e-05,4.87846) 3316.26 (-277.974,0.26,-540.059) 73 -0.00159181 (0.000470431,-4.4928e-07,0.000938271) 79590.2 14577.6 0.0416667
face centroid = (2.39254,0.250019,4.65558)
contact = 8 1 8 7 (1.62767,0.250021,4.95548) (0.955417,2.48082e-07,-0.295259)
subcontact = (1.70051,1.93548e-05,5.19508) 2406.52 (-73.7684,0.108024,-224.834) 72 -0.00231026 (0.000248204,-3.73335e-07,0.000779185) 115513 11358.1 0.0208333
face centroid = (1.62865,0.250021,4.95473)
subcontact = (1.70051,0.500019,5.19508) 4811.82 (-147.689,0.216049,-450.124) 71 -0.00230968 (0.000248458,-3.73338e-07,0.000779977) 115484 11369.6 0.0416665
face centroid = (1.62865,0.250021,4.95473)
subcontact = (1.55414,0.500022,4.71699) 1036.69 (-75.8628,-0.130477,-231.248) 70 -0.000995228 (0.000255267,4.50925e-07,0.000801411) 49761.5 11682 0.0208333
face centroid = (1.62865,0.250021,4.95473)
subcontact = (1.55414,2.19704e-05,4.71698) 2074.61 (-151.574,-0.260955,-462.04) 69 -0.000995814 (0.000255013,4.50928e-07,0.000800619) 49790.8 11670.5 0.0416665
face centroid = (1.62865,0.250021,4.95473)
subcontact = (1.55484,2.15196e-05,4.71588) 1037.29 (-75.7892,-0.130634,-231.027) 68 -0.000995798 (0.000255019,4.51461e-07,0.000800641) 49789.9 11670.8 0.0208333
face centroid = (1.62733,0.250021,4.95603)
subcontact = (1.55484,0.500022,4.71588) 2073.36 (-151.73,-0.261266,-462.511) 67 -0.000995212 (0.000255273,4.51459e-07,0.000801433) 49760.6 11682.3 0.0416667
face centroid = (1.62733,0.250021,4.95603)
subcontact = (1.70247,0.50002,5.19359) 2405.9 (-73.8465,0.10787,-225.069) 66 -0.00230966 (0.000248465,-3.72807e-07,0.000779998) 115483 11370 0.0208333
face centroid = (1.62733,0.250021,4.95603)
subcontact = (1.70246,1.9728e-05,5.19359) 4813.02 (-147.541,0.215739,-449.681) 65 -0.00231025 (0.000248211,-3.72805e-07,0.000779206) 115512 11358.4 0.0416667
face centroid = (1.62733,0.250021,4.95603)
contact = 9 1 9 8 (0.824996,0.250022,5.13518) (0.989024,3.17513e-07,-0.147753)
subcontact = (0.860439,2.12229e-05,5.38292) 2936.15 (-22.6916,0.156967,-140.283) 64 -0.00281872 (7.54937e-05,-5.42486e-07,0.000485277) 140938 6821.23 0.020833
face centroid = (0.826351,0.250022,5.13472)
subcontact = (0.86044,0.500021,5.38292) 5871.05 (-45.5102,0.313937,-281.342) 63 -0.00281811 (7.57038e-05,-5.42493e-07,0.000486619) 140907 6840.1 0.041666
face centroid = (0.826351,0.250022,5.13472)
subcontact = (0.789362,0.500023,4.888) 281.433 (-19.0556,-0.179574,-118.541) 62 -0.000270172 (8.02642e-05,8.06843e-07,0.000516088) 13509 5763.12 0.020833
face centroid = (0.826351,0.250022,5.13472)
subcontact = (0.789361,2.28785e-05,4.888) 564.119 (-38.1579,-0.360496,-237.358) 61 -0.000270774 (8.00541e-05,8.0685e-07,0.000514746) 13539.1 5769.82 0.041666
face centroid = (0.826351,0.250022,5.13472)
subcontact = (0.789552,2.20699e-05,4.88744) 281.584 (-18.9998,-0.179757,-118.2) 60 -0.00027032 (8.00569e-05,8.07469e-07,0.000514764) 13516.1 5746.45 0.0208333
face centroid = (0.824901,0.250022,5.13546)
subcontact = (0.789552,0.500022,4.88744) 561.915 (-37.9526,-0.358151,-236.123) 59 -0.000269718 (8.0267e-05,8.07464e-07,0.000516107) 13486 5739.7 0.0416667
face centroid = (0.824901,0.250022,5.13546)
subcontact = (0.863151,0.500022,5.382) 2935.07 (-22.7562,0.156796,-140.678) 58 -0.00281767 (7.57066e-05,-5.41885e-07,0.000486637) 140884 6840.32 0.0208333
face centroid = (0.824901,0.250022,5.13546)
subcontact = (0.863151,2.17638e-05,5.382) 5871.4 (-45.3853,0.313589,-280.58) 57 -0.00281827 (7.54965e-05,-5.4188e-07,0.000485295) 140914 6821.45 0.0416667
face centroid = (0.824901,0.250022,5.13546)
contact = 10 1 10 9 (0.00309456,0.250022,5.3167) (0.999989,9.17784e-08,-0.00462899)
subcontact = (0.00216583,2.24747e-05,5.44167) 3139.07 (-0.106568,-0.0221715,19.1949) 56 -0.00301352 (3.06497e-08,7.66272e-08,-6.63297e-05) 150690 921.458 0.0208313
face centroid = (0.00292045,0.250021,5.19174)
subcontact = (0.00216626,0.500022,5.44167) 6277.44 (-0.215627,-0.0443368,37.141) 55 -0.00301318 (3.77964e-08,7.66165e-08,-6.41718e-05) 150673 891.486 0.0416626
face centroid = (0.00292045,0.250021,5.19174)
subcontact = (0.00683888,0.500023,4.94169) 0 (0,0,0) 54 0.0061793 (1.88828e-07,2.22796e-06,-3.11358e-05) 0 0 0.0208313
face centroid = (0.00292045,0.250021,5.19174)
subcontact = (0.00683845,2.27161e-05,4.94169) 0 (0,0,0) 53 0.00617896 (1.81681e-07,2.22797e-06,-3.32937e-05) 0 0 0.0416626
face centroid = (0.00292045,0.250021,5.19174)
subcontact = (0.000660376,2.04884e-05,4.94175) 0 (0,0,0) 52 0.00617677 (1.8164e-07,2.22717e-06,-3.33029e-05) 0 0 0.0208331
face centroid = (0.00450235,0.250023,5.19168)
subcontact = (0.000660447,0.50002,4.94175) 0 (0,0,0) 51 0.00617714 (1.88787e-07,2.22717e-06,-3.11449e-05) 0 0 0.0416663
face centroid = (0.00450235,0.250023,5.19168)
subcontact = (0.00518052,0.500022,5.44173) 3141.31 (-0.10781,-0.0219331,18.5717) 50 -0.00301566 (3.77479e-08,7.58002e-08,-6.41827e-05) 150784 891.467 0.0208331
face centroid = (0.00450235,0.250023,5.19168)
subcontact = (0.00518045,2.23982e-05,5.44173) 6283.38 (-0.213129,-0.0438698,38.3923) 49 -0.00301603 (3.06005e-08,7.58066e-08,-6.63407e-05) 150803 921.439 0.0416663
face centroid = (0.00450235,0.250023,5.19168)
contact = 11 1 11 10 (-0.818808,0.250021,5.13481) (0.989816,1.39674e-07,0.142351)
subcontact = (-0.855786,2.22906e-05,5.3818) 2923.38 (-23.0404,0.0399993,139.062) 48 -0.00280645 (7.44913e-05,-1.38235e-07,-0.00048142) 140324 6766.05 0.0208331
face centroid = (-0.817457,0.250021,5.13526)
subcontact = (-0.855786,0.500022,5.3818) 5845.6 (-46.0486,0.0799986,277.924) 47 -0.00280589 (7.44386e-05,-1.38235e-07,-0.000481075) 140296 6761.19 0.0416661
face centroid = (-0.817457,0.250021,5.13526)
subcontact = (-0.782036,0.50002,4.88726) 295.595 (-24.0529,-0.0622738,145.464) 46 -0.000283769 (7.78356e-05,2.15224e-07,-0.000503572) 14188.7 7077.19 0.0208331
face centroid = (-0.817457,0.250021,5.13526)
subcontact = (-0.782036,2.03906e-05,4.88727) 592.353 (-48.1381,-0.124548,291.128) 45 -0.000284327 (7.78883e-05,2.15224e-07,-0.000503917) 14216.7 7082.04 0.0416661
face centroid = (-0.817457,0.250021,5.13526)
subcontact = (-0.78183,2.01782e-05,4.88782) 297.144 (-24.0683,-0.0622192,145.559) 44 -0.000285257 (7.78858e-05,2.15032e-07,-0.0005039) 14262.9 7081.7 0.0208333
face centroid = (-0.818911,0.250021,5.13453)
subcontact = (-0.78183,0.50002,4.88782) 593.124 (-48.1043,-0.124438,290.918) 43 -0.000284698 (7.78331e-05,2.15032e-07,-0.000503555) 14235 7076.85 0.0416667
face centroid = (-0.818911,0.250021,5.13453)
subcontact = (-0.853084,0.500022,5.38271) 2923.76 (-23.0235,0.0400561,138.957) 42 -0.00280682 (7.44361e-05,-1.38431e-07,-0.000481058) 140341 6760.86 0.0208333
face centroid = (-0.818911,0.250021,5.13453)
subcontact = (-0.853084,2.24314e-05,5.38271) 5848.69 (-46.0793,0.0801121,278.113) 41 -0.00280738 (7.44888e-05,-1.38431e-07,-0.000481403) 140369 6765.71 0.0416667
face centroid = (-0.818911,0.250021,5.13453)
contact = 12 1 12 11 (-1.62079,0.25002,4.95482) (0.956188,5.51323e-07,0.292752)
subcontact = (-1.69504,2.08165e-05,5.19308) 2383.05 (-77.478,0.0179498,233.873) 40 -0.00228773 (0.000258534,-6.20264e-08,-0.000811269) 114387 11825.9 0.0208332
face centroid = (-1.61982,0.25002,4.95558)
subcontact = (-1.69504,0.500021,5.19308) 4765.08 (-154.919,0.0358994,467.636) 39 -0.00228724 (0.000258473,-6.2026e-08,-0.000811078) 114362 11823.1 0.0416665
face centroid = (-1.61982,0.25002,4.95558)
subcontact = (-1.54725,0.500019,4.71542) 1063.87 (-78.9156,-0.0416664,238.294) 38 -0.00102132 (0.00026337,1.44011e-07,-0.000826593) 51066.2 12049.1 0.0208332
face centroid = (-1.61982,0.25002,4.95558)
subcontact = (-1.54725,1.87101e-05,4.71542) 2128.77 (-157.868,-0.0833326,476.699) 37 -0.00102181 (0.000263432,1.4401e-07,-0.000826784) 51090.6 12051.9 0.0416665
face centroid = (-1.61982,0.25002,4.95558)
subcontact = (-1.54653,1.85705e-05,4.71657) 1064.95 (-78.9322,-0.0416217,238.344) 36 -0.00102236 (0.000263426,1.43854e-07,-0.000826766) 51117.8 12051.6 0.0208333
face centroid = (-1.62114,0.25002,4.95425)
subcontact = (-1.54653,0.500019,4.71656) 2128.89 (-157.828,-0.0832435,476.578) 35 -0.00102187 (0.000263365,1.43854e-07,-0.000826575) 51093.3 12048.8 0.0416667
face centroid = (-1.62114,0.25002,4.95425)
subcontact = (-1.69312,0.500021,5.19459) 2383.11 (-77.4579,0.0179952,233.812) 34 -0.00228779 (0.000258467,-6.2184e-08,-0.00081106) 114389 11822.8 0.0208333
face centroid = (-1.62114,0.25002,4.95425)
subcontact = (-1.69312,2.0883e-05,5.1946) 4767.23 (-154.952,0.0359906,467.735) 33 -0.00228828 (0.000258528,-6.21843e-08,-0.000811252) 114414 11825.6 0.0416667
face centroid = (-1.62114,0.25002,4.95425)
contact = 13 1 13 12 (-2.3856,0.250017,4.65384) (0.897958,1.50823e-06,0.440081)
subcontact = (-2.49585,1.78381e-05,4.87761) 1623.16 (-139.563,-0.0034652,272.179) 32 -0.00155824 (0.000473793,1.19983e-08,-0.000944988) 77911.9 14682 0.0208333
face centroid = (-2.3849,0.250017,4.65478)
subcontact = (-2.49585,0.500018,4.87761) 3245.53 (-279.107,-0.00693081,544.322) 31 -0.00155786 (0.000473761,1.1999e-08,-0.000944925) 77892.9 14681 0.0416666
face centroid = (-2.3849,0.250017,4.65478)
subcontact = (-2.27629,0.500016,4.4284) 2185.97 (-139.53,-0.0240613,272.084) 30 -0.00209854 (0.00047366,8.31771e-08,-0.00094467) 104927 14677.2 0.0208333
face centroid = (-2.3849,0.250017,4.65478)
subcontact = (-2.27629,1.58024e-05,4.4284) 4372.74 (-279.079,-0.0481222,544.205) 29 -0.00209892 (0.000473692,8.31764e-08,-0.000944734) 104946 14678.2 0.0416666
face centroid = (-2.3849,0.250017,4.65478)
subcontact = (-2.27488,1.57239e-05,4.4303) 2184.93 (-139.54,-0.024059,272.104) 28 -0.00209754 (0.000473694,8.31697e-08,-0.000944738) 104877 14678.3 0.0208333
face centroid = (-2.38607,0.250017,4.65301)
subcontact = (-2.27488,0.500016,4.43029) 4369.07 (-279.061,-0.0481182,544.171) 27 -0.00209716 (0.000473662,8.317e-08,-0.000944675) 104858 14677.3 0.0416667
face centroid = (-2.38607,0.250017,4.65301)
subcontact = (-2.49493,0.500018,4.87927) 1621.32 (-139.554,-0.00346363,272.162) 26 -0.00155647 (0.000473763,1.19926e-08,-0.000944929) 77823.5 14681.1 0.0208333
face centroid = (-2.38607,0.250017,4.65301)
subcontact = (-2.49493,1.78308e-05,4.87927) 3243.44 (-279.127,-0.00692704,544.361) 25 -0.00155686 (0.000473795,1.19922e-08,-0.000944992) 77842.6 14682.1 0.0416667
face centroid = (-2.38607,0.250017,4.65301)
contact = 14 1 14 13 (-3.23698,0.500013,4.44166) (0.81805,5.72234e-06,0.575147)
subcontact = (-3.23771,1.3563e-05,4.43981) 819.869 (-184.088,-0.0250919,249.332) 24 -0.000787072 (0.000626157,8.66439e-08,-0.000868999) 39353.7 14876.5 0.0208333
face centroid = (-3.09287,0.250013,4.23737)
subcontact = (-3.23771,0.500014,4.43981) 1639.22 (-368.177,-0.0501808,498.67) 23 -0.000786825 (0.000626161,8.66386e-08,-0.000869009) 39341.3 14876.6 0.0416667
face centroid = (-3.09287,0.250013,4.23737)
subcontact = (-2.95014,0.500012,4.03079) 3468.82 (-180.864,-0.0211885,244.882) 22 -0.00333008 (0.000615125,7.31568e-08,-0.000853542) 166503 14612.7 0.0208333
face centroid = (-3.09287,0.250013,4.23737)
subcontact = (-2.95014,1.18441e-05,4.03079) 6938.15 (-361.726,-0.0423801,489.758) 21 -0.00333032 (0.000615121,7.31621e-08,-0.000853532) 166516 14612.6 0.0416667
face centroid = (-3.09287,0.250013,4.23737)
subcontact = (-2.94805,1.17812e-05,4.0336) 3465 (-180.869,-0.021213,244.887) 20 -0.0033264 (0.000615141,7.32351e-08,-0.00085356) 166322 14613.3 0.0208331
face centroid = (-3.09393,0.250013,4.2353)
subcontact = (-2.94805,0.500012,4.03359) 6929.48 (-361.74,-0.0424226,489.781) 19 -0.00332615 (0.000615145,7.32293e-08,-0.00085357) 166310 14613.4 0.0416661
face centroid = (-3.09393,0.250013,4.2353)
subcontact = (-3.2377,0.500013,4.44115) 815.512 (-184.094,-0.0251095,249.343) 18 -0.000782893 (0.000626182,8.67049e-08,-0.000869037) 39145.1 14877.3 0.0208331
face centroid = (-3.09393,0.250013,4.2353)
subcontact = (-3.2377,1.34779e-05,4.44115) 1631.54 (-368.188,-0.0502224,498.68) 17 -0.00078314 (0.000626177,8.67107e-08,-0.000869027) 39157.4 14877.2 0.0416661
face centroid = (-3.09393,0.250013,4.2353)
contact = 15 7 15 14 (-3.71231,0.25,3.71231) (0.707107,0,0.707107)
contact = 16 1 16 15 (-4.06415,2.09942e-06,2.94115) (0.596206,6.50739e-06,0.802831)
subcontact = (-4.46712,2.80929e-06,3.23716) 0 (0,0,0) 16 0.00326511 (0.000321621,8.44449e-07,-0.000235125) 0 0 0.0208333
face centroid = (-4.26618,0.250002,3.08914)
subcontact = (-4.46712,0.500003,3.23716) 0 (0,0,0) 15 0.00326224 (0.000322127,8.4444e-07,-0.000235508) 0 0 0.0416667
face centroid = (-4.26618,0.250002,3.08914)
subcontact = (-4.06571,0.500002,2.93905) 5440.54 (-100.325,-0.0569711,72.3376) 14 -0.00522294 (0.000344891,1.96945e-07,-0.000252384) 261146 5936.83 0.0208333
face centroid = (-4.26618,0.250002,3.08914)
subcontact = (-4.0657,2.08244e-06,2.93906) 10875.1 (-200.358,-0.113947,144.451) 13 -0.00522006 (0.000344385,1.96954e-07,-0.000252001) 261002 5928.03 0.0416667
face centroid = (-4.26618,0.250002,3.08914)
subcontact = (-4.06297,1.88542e-06,2.94352) 5429.21 (-100.17,-0.0573446,72.219) 12 -0.00521211 (0.000344359,1.98244e-07,-0.000251982) 260640 5928.34 0.0208303
face centroid = (-4.26641,0.250002,3.08811)
subcontact = (-4.06297,0.500002,2.94352) 10864.4 (-200.631,-0.114684,144.662) 11 -0.00521498 (0.000344865,1.98234e-07,-0.000252364) 260783 5937.15 0.0416607
face centroid = (-4.26641,0.250002,3.08811)
subcontact = (-4.46939,0.500002,3.23477) 0 (0,0,0) 10 0.00326982 (0.000322103,8.4557e-07,-0.00023549) 0 0 0.0208303
face centroid = (-4.26641,0.250002,3.08811)
subcontact = (-4.46939,1.96664e-06,3.23477) 0 (0,0,0) 9 0.0032727 (0.000321597,8.4558e-07,-0.000235107) 0 0 0.0416607
face centroid = (-4.26641,0.250002,3.08811)
contact = 17 7 17 16 (-4.67778,0.25,2.38345) (0.45399,0,0.891007)
contact = 18 7 18 17 (-4.99305,0.25,1.62234) (0.309017,0,0.951057)
contact = 19 1 19 18 (-5.18752,0.25,0.819077) (0.156434,0,0.987688)
subcontact = (-5.43659,-1.22269e-08,0.855981) 5241.37 (1015.69,0.00346596,-163.541) 8 -0.00503172 (-0.00351093,-1.19802e-08,0.000560695) 251591 49381.9 0.0208329
face centroid = (-5.18536,0.25,0.821281)
subcontact = (-5.43659,0.5,0.855981) 10483.5 (2031.43,0.00693199,-327.09) 7 -0.0050321 (-0.00351103,-1.19803e-08,0.000560709) 251610 49383.3 0.0416658
face centroid = (-5.18536,0.25,0.821281)
subcontact = (-4.94224,0.5,0.780986) 1844.96 (1019.02,-0.0249485,-164.07) 6 -0.00177116 (-0.00352245,8.62244e-08,0.00056252) 88560.1 49543.9 0.0208329
face centroid = (-5.18536,0.25,0.821281)
subcontact = (-4.94224,8.64485e-08,0.780986) 3689.15 (2037.98,-0.0498971,-328.131) 5 -0.00177079 (-0.00352235,8.62245e-08,0.000562506) 88541.4 49542.6 0.0416658
face centroid = (-5.18536,0.25,0.821281)
subcontact = (-4.93844,0,0.782172) 1824.01 (1019.01,-0.0252572,-164.069) 4 -0.00175106 (-0.00352242,8.72851e-08,0.000562517) 87552.7 49542.6 0.0208333
face centroid = (-5.18942,0.25,0.818484)
subcontact = (-4.93844,0.5,0.782172) 3648.81 (2038.08,-0.0505144,-328.146) 3 -0.00175143 (-0.00352252,8.72849e-08,0.000562531) 87571.4 49543.9 0.0416667
face centroid = (-5.18942,0.25,0.818484)
subcontact = (-5.43229,0.5,0.86039) 5221.23 (1015.74,0.00315982,-163.549) 2 -0.00501238 (-0.0035111,-1.09242e-08,0.00056072) 250619 49383.3 0.0208333
face centroid = (-5.18942,0.25,0.818484)
subcontact = (-5.43229,0,0.86039) 10441.7 (2031.42,0.00631953,-327.089) 1 -0.00501201 (-0.003511,-1.0924e-08,0.000560706) 250600 49381.9 0.0416667
face centroid = (-5.18942,0.25,0.818484)
3dec>log off
**********************************************
* Logging ended at Wed Mar 13 14:20:14 2024
**********************************************
**********************************************
* Logging started at Wed Mar 13 14:24:12 2024
* By 3dec Version 7.00 Release 159
* 
* 
* Job Title: 
**********************************************
3dec>log-file 'Displacement_step_1_distance_0.001m.txt'
**********************************************
* Logging ended at Wed Mar 13 14:24:12 2024
**********************************************
**********************************************
* Logging started at Wed Mar 13 14:24:12 2024
* By 3dec Version 7.00 Release 159
* 
* 
* Job Title: 
**********************************************
3dec>@contacts_output
contact = 1 1 1 0 (5.31089,0.250006,0.839969) (0.149411,-4.6716e-07,-0.988775)
subcontact = (5.43229,0,0.86092) 5369.93 (1042.66,0.180052,169.219) 112 -0.00515515 (-0.00360661,-6.22271e-07,-0.000565143) 257763 50704 0.0208328
face centroid = (5.1895,0.25,0.819018)
subcontact = (5.43229,0.5,0.86092) 10740.3 (2084.58,0.360103,338.308) 111 -0.00515538 (-0.00360533,-6.22268e-07,-0.000564933) 257775 50685.9 0.0416656
face centroid = (5.1895,0.25,0.819018)
subcontact = (4.93844,0.5,0.782702) 1668.6 (1042.53,-0.198956,169.193) 110 -0.00160184 (-0.00360615,6.87562e-07,-0.000565062) 80094.7 50697.5 0.0208328
face centroid = (5.1895,0.25,0.819018)
subcontact = (4.93844,0,0.782702) 3336.71 (2085.8,-0.397911,338.516) 109 -0.00160161 (-0.00360744,6.8756e-07,-0.000565272) 80083.1 50715.6 0.0416656
face centroid = (5.1895,0.25,0.819018)
subcontact = (4.94231,-6.8593e-07,0.781666) 1689.95 (1042.9,-0.19848,169.258) 108 -0.00162236 (-0.00360744,6.85929e-07,-0.000565272) 81117.7 50714.4 0.0208333
face centroid = (5.18536,0.25,0.821811)
subcontact = (4.9423,0.499999,0.781665) 3380.36 (2085.06,-0.396961,338.386) 107 -0.00162258 (-0.00360615,6.85931e-07,-0.000565062) 81128.6 50696.3 0.0416667
face centroid = (5.18536,0.25,0.821811)
subcontact = (5.43669,0.500001,0.856371) 5391.81 (1042.29,0.180515,169.154) 106 -0.00517614 (-0.00360532,-6.23879e-07,-0.000564932) 258807 50684.7 0.0208333
face centroid = (5.18536,0.25,0.821811)
subcontact = (5.43669,6.23882e-07,0.856371) 10783.2 (2085.33,0.361031,338.439) 105 -0.00517592 (-0.00360661,-6.23881e-07,-0.000565143) 258796 50702.8 0.0416667
face centroid = (5.18536,0.25,0.821811)
contact = 2 7 2 1 (4.99305,0.25,1.62234) (0.309017,0,-0.951057)
contact = 3 7 3 2 (4.67778,0.25,2.38345) (0.45399,0,-0.891007)
contact = 4 1 4 3 (4.26757,0.250009,3.09013) (0.590624,-0.00170896,-0.806945)
subcontact = (4.47089,2.19985e-07,3.23572) 110.865 (-31.9119,2.21217,-22.1569) 104 -0.000106405 (0.00010929,-7.64527e-06,7.79263e-05) 5321.82 1867.91 0.0208321
face centroid = (4.26901,0.250015,3.08803)
subcontact = (4.47089,0.5,3.23572) 221.37 (-58.6012,4.42418,-40.4913) 103 -0.000106232 (0.000100265,-7.64499e-06,7.13209e-05) 5313.18 1712.9 0.0416643
face centroid = (4.26901,0.250015,3.08803)
subcontact = (4.0643,0.499999,2.94471) 5313.82 (-34.3943,7.03949,-23.9919) 102 -0.00510131 (0.000117876,-2.43288e-05,8.42597e-05) 255078 2041.18 0.0208321
face centroid = (4.26901,0.250015,3.08803)
subcontact = (4.0643,-1.05311e-06,2.94471) 10628 (-74.0112,14.0791,-51.8063) 101 -0.00510149 (0.000126901,-2.43291e-05,9.08651e-05) 255087 2194.49 0.0416643
face centroid = (4.26901,0.250015,3.08803)
subcontact = (4.06718,1.95905e-05,2.9405) 5318.18 (-37.0063,7.04385,-25.9037) 100 -0.00510546 (0.000126913,-2.43436e-05,9.08737e-05) 255273 2194.44 0.0208333
face centroid = (4.26759,0.25,3.09022)
subcontact = (4.06719,0.50002,2.94051) 10635.9 (-68.7898,14.0874,-47.9847) 99 -0.00510525 (0.000117888,-2.43431e-05,8.4268e-05) 255262 2041.14 0.0416666
face centroid = (4.26759,0.25,3.09022)
subcontact = (4.47085,0.50001,3.23556) 114.69 (-29.3009,2.21614,-20.2458) 98 -0.000110102 (0.000100276,-7.65898e-06,7.13289e-05) 5505.14 1712.83 0.0208333
face centroid = (4.26759,0.25,3.09022)
subcontact = (4.47084,9.67596e-06,3.23556) 229.833 (-63.8246,4.43254,-44.3144) 97 -0.000110319 (0.000109301,-7.65945e-06,7.79345e-05) 5516.01 1867.84 0.0416666
face centroid = (4.26759,0.25,3.09022)
contact = 5 1 5 4 (3.90637,1.28194e-05,3.89089) (0.71499,-1.07237e-06,-0.699135)
subcontact = (3.90844,1.00416e-05,3.89021) 243.533 (-117.041,0.527993,-116.392) 96 -0.000233778 (0.00066822,-2.77045e-06,0.000673255) 11690 7923.32 0.0208326
face centroid = (3.73316,0.250015,3.71061)
subcontact = (3.90845,0.50001,3.89021) 485.948 (-233.237,1.05167,-231.982) 95 -0.000233242 (0.000671472,-2.77051e-06,0.000676569) 11663.2 7895.37 0.0416652
face centroid = (3.73316,0.250015,3.71061)
subcontact = (3.55592,0.50002,3.53564) 4580.54 (-195.584,-0.545162,-194.189) 94 -0.00439735 (0.000670966,1.88406e-06,0.000676108) 219874 13229.9 0.0208326
face centroid = (3.73316,0.250015,3.71061)
subcontact = (3.55591,1.99228e-05,3.53564) 9162.2 (-389.282,-1.09036,-386.465) 93 -0.00439788 (0.000667713,1.88412e-06,0.000672795) 219900 13165.4 0.0416652
face centroid = (3.73316,0.250015,3.71061)
subcontact = (3.55837,1.80495e-05,3.53186) 4587.22 (-194.642,-0.54718,-193.234) 92 -0.00440374 (0.000667714,1.891e-06,0.000672796) 220187 13165.1 0.0208333
face centroid = (3.73218,0.250015,3.71292)
subcontact = (3.55837,0.500018,3.53187) 9173.35 (-391.17,-1.09433,-388.382) 91 -0.00440321 (0.000670967,1.89096e-06,0.000676109) 220160 13229.5 0.0416667
face centroid = (3.73218,0.250015,3.71292)
subcontact = (3.90794,0.500013,3.88936) 249.033 (-119.655,0.531199,-118.992) 90 -0.000239073 (0.000671473,-2.76372e-06,0.00067657) 11953.6 8100.01 0.0208333
face centroid = (3.73218,0.250015,3.71292)
subcontact = (3.90794,1.2817e-05,3.88936) 499.163 (-240.144,1.06674,-238.774) 89 -0.000239599 (0.000668221,-2.76368e-06,0.000673256) 11979.9 8127.58 0.0416667
face centroid = (3.73218,0.250015,3.71292)
contact = 6 1 6 5 (3.24414,1.49943e-05,4.44206) (0.818391,-1.68971e-06,-0.574662)
subcontact = (3.24543,1.44483e-05,4.44247) 856.811 (-181.073,0.1644,-246.463) 88 -0.00082254 (0.000616632,-5.68338e-07,0.000858446) 41127.4 14680 0.0208331
face centroid = (3.10181,0.250017,4.23652)
subcontact = (3.24543,0.500014,4.44247) 1712.53 (-362.533,0.328798,-493.444) 87 -0.000822016 (0.000617286,-5.68336e-07,0.000859351) 41101.2 14695.5 0.0416662
face centroid = (3.10181,0.250017,4.23652)
subcontact = (2.95609,0.50002,4.0347) 3416.52 (-179.971,-0.178609,-244.918) 86 -0.00327987 (0.000612843,6.17104e-07,0.000853093) 163995 14588.9 0.0208331
face centroid = (3.10181,0.250017,4.23652)
subcontact = (2.95609,1.95325e-05,4.03469) 6834.13 (-359.556,-0.357217,-489.318) 85 -0.00328039 (0.000612188,6.17102e-07,0.000852189) 164021 14573.4 0.0416662
face centroid = (3.10181,0.250017,4.23652)
subcontact = (2.95815,1.89594e-05,4.03192) 3421.76 (-179.775,-0.178923,-244.656) 84 -0.0032849 (0.00061218,6.18198e-07,0.000852177) 164245 14573 0.0208333
face centroid = (3.10076,0.250017,4.23858)
subcontact = (2.95815,0.500019,4.03192) 6842.44 (-359.937,-0.357846,-489.829) 83 -0.00328438 (0.000612834,6.182e-07,0.000853081) 164219 14588.5 0.0416667
face centroid = (3.10076,0.250017,4.23858)
subcontact = (3.24548,0.500015,4.44112) 860.969 (-181.264,0.164085,-246.718) 82 -0.00082653 (0.000617278,-5.6724e-07,0.000859339) 41326.5 14695.1 0.0208333
face centroid = (3.10076,0.250017,4.23858)
subcontact = (3.24548,1.49915e-05,4.44112) 1723.02 (-362.141,0.328171,-492.919) 81 -0.000827049 (0.000616623,-5.67242e-07,0.000858434) 41352.4 14679.6 0.0416667
face centroid = (3.10076,0.250017,4.23858)
contact = 7 1 7 6 (2.39302,0.250019,4.65475) (0.898631,1.77649e-06,-0.438705)
subcontact = (2.50243,1.69827e-05,4.88013) 1656.09 (-138.986,0.130244,-270.028) 80 -0.00158985 (0.000470428,-4.50125e-07,0.000938265) 79492.4 14577.5 0.0208333
face centroid = (2.39371,0.250019,4.65381)
subcontact = (2.50243,0.500017,4.88014) 3311.01 (-278.24,0.260489,-540.569) 79 -0.00158929 (0.000470878,-4.50127e-07,0.000939158) 79464.4 14591.4 0.0416666
face centroid = (2.39371,0.250019,4.65381)
subcontact = (2.28265,0.500021,4.43103) 2146.64 (-140.041,-0.15851,-272.062) 78 -0.00206078 (0.000473988,5.47814e-07,0.00094534) 103039 14687.5 0.0208333
face centroid = (2.39371,0.250019,4.65381)
subcontact = (2.28265,2.07696e-05,4.43103) 4294.45 (-279.815,-0.317021,-543.612) 77 -0.00206134 (0.000473538,5.47816e-07,0.000944447) 103067 14673.6 0.0416666
face centroid = (2.39371,0.250019,4.65381)
subcontact = (2.28403,2.02247e-05,4.42915) 2149.26 (-139.908,-0.158757,-271.808) 76 -0.0020633 (0.000473541,5.48664e-07,0.000944453) 103165 14673.7 0.0208333
face centroid = (2.39254,0.250019,4.65558)
subcontact = (2.28403,0.50002,4.42915) 4297.37 (-280.084,-0.317512,-544.129) 75 -0.00206274 (0.000473991,5.48661e-07,0.000945346) 103137 14687.6 0.0416667
face centroid = (2.39254,0.250019,4.65558)
subcontact = (2.50339,0.500017,4.87847) 1657.55 (-139.121,0.13,-270.286) 74 -0.00159125 (0.000470881,-4.49283e-07,0.000939163) 79562.3 14591.5 0.0208333
face centroid = (2.39254,0.250019,4.65558)
subcontact = (2.50338,1.74345e-05,4.87846) 3316.26 (-277.974,0.26,-540.059) 73 -0.00159181 (0.000470431,-4.4928e-07,0.000938271) 79590.2 14577.6 0.0416667
face centroid = (2.39254,0.250019,4.65558)
contact = 8 1 8 7 (1.62767,0.250021,4.95548) (0.955417,2.48082e-07,-0.295259)
subcontact = (1.70051,1.93548e-05,5.19508) 2406.52 (-73.7684,0.108024,-224.834) 72 -0.00231026 (0.000248204,-3.73335e-07,0.000779185) 115513 11358.1 0.0208333
face centroid = (1.62865,0.250021,4.95473)
subcontact = (1.70051,0.500019,5.19508) 4811.82 (-147.689,0.216049,-450.124) 71 -0.00230968 (0.000248458,-3.73338e-07,0.000779977) 115484 11369.6 0.0416665
face centroid = (1.62865,0.250021,4.95473)
subcontact = (1.55414,0.500022,4.71699) 1036.69 (-75.8628,-0.130477,-231.248) 70 -0.000995228 (0.000255267,4.50925e-07,0.000801411) 49761.5 11682 0.0208333
face centroid = (1.62865,0.250021,4.95473)
subcontact = (1.55414,2.19704e-05,4.71698) 2074.61 (-151.574,-0.260955,-462.04) 69 -0.000995814 (0.000255013,4.50928e-07,0.000800619) 49790.8 11670.5 0.0416665
face centroid = (1.62865,0.250021,4.95473)
subcontact = (1.55484,2.15196e-05,4.71588) 1037.29 (-75.7892,-0.130634,-231.027) 68 -0.000995798 (0.000255019,4.51461e-07,0.000800641) 49789.9 11670.8 0.0208333
face centroid = (1.62733,0.250021,4.95603)
subcontact = (1.55484,0.500022,4.71588) 2073.36 (-151.73,-0.261266,-462.511) 67 -0.000995212 (0.000255273,4.51459e-07,0.000801433) 49760.6 11682.3 0.0416667
face centroid = (1.62733,0.250021,4.95603)
subcontact = (1.70247,0.50002,5.19359) 2405.9 (-73.8465,0.10787,-225.069) 66 -0.00230966 (0.000248465,-3.72807e-07,0.000779998) 115483 11370 0.0208333
face centroid = (1.62733,0.250021,4.95603)
subcontact = (1.70246,1.9728e-05,5.19359) 4813.02 (-147.541,0.215739,-449.681) 65 -0.00231025 (0.000248211,-3.72805e-07,0.000779206) 115512 11358.4 0.0416667
face centroid = (1.62733,0.250021,4.95603)
contact = 9 1 9 8 (0.824996,0.250022,5.13518) (0.989024,3.17513e-07,-0.147753)
subcontact = (0.860439,2.12229e-05,5.38292) 2936.15 (-22.6916,0.156967,-140.283) 64 -0.00281872 (7.54937e-05,-5.42486e-07,0.000485277) 140938 6821.23 0.020833
face centroid = (0.826351,0.250022,5.13472)
subcontact = (0.86044,0.500021,5.38292) 5871.05 (-45.5102,0.313937,-281.342) 63 -0.00281811 (7.57038e-05,-5.42493e-07,0.000486619) 140907 6840.1 0.041666
face centroid = (0.826351,0.250022,5.13472)
subcontact = (0.789362,0.500023,4.888) 281.433 (-19.0556,-0.179574,-118.541) 62 -0.000270172 (8.02642e-05,8.06843e-07,0.000516088) 13509 5763.12 0.020833
face centroid = (0.826351,0.250022,5.13472)
subcontact = (0.789361,2.28785e-05,4.888) 564.119 (-38.1579,-0.360496,-237.358) 61 -0.000270774 (8.00541e-05,8.0685e-07,0.000514746) 13539.1 5769.82 0.041666
face centroid = (0.826351,0.250022,5.13472)
subcontact = (0.789552,2.20699e-05,4.88744) 281.584 (-18.9998,-0.179757,-118.2) 60 -0.00027032 (8.00569e-05,8.07469e-07,0.000514764) 13516.1 5746.45 0.0208333
face centroid = (0.824901,0.250022,5.13546)
subcontact = (0.789552,0.500022,4.88744) 561.915 (-37.9526,-0.358151,-236.123) 59 -0.000269718 (8.0267e-05,8.07464e-07,0.000516107) 13486 5739.7 0.0416667
face centroid = (0.824901,0.250022,5.13546)
subcontact = (0.863151,0.500022,5.382) 2935.07 (-22.7562,0.156796,-140.678) 58 -0.00281767 (7.57066e-05,-5.41885e-07,0.000486637) 140884 6840.32 0.0208333
face centroid = (0.824901,0.250022,5.13546)
subcontact = (0.863151,2.17638e-05,5.382) 5871.4 (-45.3853,0.313589,-280.58) 57 -0.00281827 (7.54965e-05,-5.4188e-07,0.000485295) 140914 6821.45 0.0416667
face centroid = (0.824901,0.250022,5.13546)
contact = 10 1 10 9 (0.00309456,0.250022,5.3167) (0.999989,9.17784e-08,-0.00462899)
subcontact = (0.00216583,2.24747e-05,5.44167) 3139.07 (-0.106568,-0.0221715,19.1949) 56 -0.00301352 (3.06497e-08,7.66272e-08,-6.63297e-05) 150690 921.458 0.0208313
face centroid = (0.00292045,0.250021,5.19174)
subcontact = (0.00216626,0.500022,5.44167) 6277.44 (-0.215627,-0.0443368,37.141) 55 -0.00301318 (3.77964e-08,7.66165e-08,-6.41718e-05) 150673 891.486 0.0416626
face centroid = (0.00292045,0.250021,5.19174)
subcontact = (0.00683888,0.500023,4.94169) 0 (0,0,0) 54 0.0061793 (1.88828e-07,2.22796e-06,-3.11358e-05) 0 0 0.0208313
face centroid = (0.00292045,0.250021,5.19174)
subcontact = (0.00683845,2.27161e-05,4.94169) 0 (0,0,0) 53 0.00617896 (1.81681e-07,2.22797e-06,-3.32937e-05) 0 0 0.0416626
face centroid = (0.00292045,0.250021,5.19174)
subcontact = (0.000660376,2.04884e-05,4.94175) 0 (0,0,0) 52 0.00617677 (1.8164e-07,2.22717e-06,-3.33029e-05) 0 0 0.0208331
face centroid = (0.00450235,0.250023,5.19168)
subcontact = (0.000660447,0.50002,4.94175) 0 (0,0,0) 51 0.00617714 (1.88787e-07,2.22717e-06,-3.11449e-05) 0 0 0.0416663
face centroid = (0.00450235,0.250023,5.19168)
subcontact = (0.00518052,0.500022,5.44173) 3141.31 (-0.10781,-0.0219331,18.5717) 50 -0.00301566 (3.77479e-08,7.58002e-08,-6.41827e-05) 150784 891.467 0.0208331
face centroid = (0.00450235,0.250023,5.19168)
subcontact = (0.00518045,2.23982e-05,5.44173) 6283.38 (-0.213129,-0.0438698,38.3923) 49 -0.00301603 (3.06005e-08,7.58066e-08,-6.63407e-05) 150803 921.439 0.0416663
face centroid = (0.00450235,0.250023,5.19168)
contact = 11 1 11 10 (-0.818808,0.250021,5.13481) (0.989816,1.39674e-07,0.142351)
subcontact = (-0.855786,2.22906e-05,5.3818) 2923.38 (-23.0404,0.0399993,139.062) 48 -0.00280645 (7.44913e-05,-1.38235e-07,-0.00048142) 140324 6766.05 0.0208331
face centroid = (-0.817457,0.250021,5.13526)
subcontact = (-0.855786,0.500022,5.3818) 5845.6 (-46.0486,0.0799986,277.924) 47 -0.00280589 (7.44386e-05,-1.38235e-07,-0.000481075) 140296 6761.19 0.0416661
face centroid = (-0.817457,0.250021,5.13526)
subcontact = (-0.782036,0.50002,4.88726) 295.595 (-24.0529,-0.0622738,145.464) 46 -0.000283769 (7.78356e-05,2.15224e-07,-0.000503572) 14188.7 7077.19 0.0208331
face centroid = (-0.817457,0.250021,5.13526)
subcontact = (-0.782036,2.03906e-05,4.88727) 592.353 (-48.1381,-0.124548,291.128) 45 -0.000284327 (7.78883e-05,2.15224e-07,-0.000503917) 14216.7 7082.04 0.0416661
face centroid = (-0.817457,0.250021,5.13526)
subcontact = (-0.78183,2.01782e-05,4.88782) 297.144 (-24.0683,-0.0622192,145.559) 44 -0.000285257 (7.78858e-05,2.15032e-07,-0.0005039) 14262.9 7081.7 0.0208333
face centroid = (-0.818911,0.250021,5.13453)
subcontact = (-0.78183,0.50002,4.88782) 593.124 (-48.1043,-0.124438,290.918) 43 -0.000284698 (7.78331e-05,2.15032e-07,-0.000503555) 14235 7076.85 0.0416667
face centroid = (-0.818911,0.250021,5.13453)
subcontact = (-0.853084,0.500022,5.38271) 2923.76 (-23.0235,0.0400561,138.957) 42 -0.00280682 (7.44361e-05,-1.38431e-07,-0.000481058) 140341 6760.86 0.0208333
face centroid = (-0.818911,0.250021,5.13453)
subcontact = (-0.853084,2.24314e-05,5.38271) 5848.69 (-46.0793,0.0801121,278.113) 41 -0.00280738 (7.44888e-05,-1.38431e-07,-0.000481403) 140369 6765.71 0.0416667
face centroid = (-0.818911,0.250021,5.13453)
contact = 12 1 12 11 (-1.62079,0.25002,4.95482) (0.956188,5.51323e-07,0.292752)
subcontact = (-1.69504,2.08165e-05,5.19308) 2383.05 (-77.478,0.0179498,233.873) 40 -0.00228773 (0.000258534,-6.20264e-08,-0.000811269) 114387 11825.9 0.0208332
face centroid = (-1.61982,0.25002,4.95558)
subcontact = (-1.69504,0.500021,5.19308) 4765.08 (-154.919,0.0358994,467.636) 39 -0.00228724 (0.000258473,-6.2026e-08,-0.000811078) 114362 11823.1 0.0416665
face centroid = (-1.61982,0.25002,4.95558)
subcontact = (-1.54725,0.500019,4.71542) 1063.87 (-78.9156,-0.0416664,238.294) 38 -0.00102132 (0.00026337,1.44011e-07,-0.000826593) 51066.2 12049.1 0.0208332
face centroid = (-1.61982,0.25002,4.95558)
subcontact = (-1.54725,1.87101e-05,4.71542) 2128.77 (-157.868,-0.0833326,476.699) 37 -0.00102181 (0.000263432,1.4401e-07,-0.000826784) 51090.6 12051.9 0.0416665
face centroid = (-1.61982,0.25002,4.95558)
subcontact = (-1.54653,1.85705e-05,4.71657) 1064.95 (-78.9322,-0.0416217,238.344) 36 -0.00102236 (0.000263426,1.43854e-07,-0.000826766) 51117.8 12051.6 0.0208333
face centroid = (-1.62114,0.25002,4.95425)
subcontact = (-1.54653,0.500019,4.71656) 2128.89 (-157.828,-0.0832435,476.578) 35 -0.00102187 (0.000263365,1.43854e-07,-0.000826575) 51093.3 12048.8 0.0416667
face centroid = (-1.62114,0.25002,4.95425)
subcontact = (-1.69312,0.500021,5.19459) 2383.11 (-77.4579,0.0179952,233.812) 34 -0.00228779 (0.000258467,-6.2184e-08,-0.00081106) 114389 11822.8 0.0208333
face centroid = (-1.62114,0.25002,4.95425)
subcontact = (-1.69312,2.0883e-05,5.1946) 4767.23 (-154.952,0.0359906,467.735) 33 -0.00228828 (0.000258528,-6.21843e-08,-0.000811252) 114414 11825.6 0.0416667
face centroid = (-1.62114,0.25002,4.95425)
contact = 13 1 13 12 (-2.3856,0.250017,4.65384) (0.897958,1.50823e-06,0.440081)
subcontact = (-2.49585,1.78381e-05,4.87761) 1623.16 (-139.563,-0.0034652,272.179) 32 -0.00155824 (0.000473793,1.19983e-08,-0.000944988) 77911.9 14682 0.0208333
face centroid = (-2.3849,0.250017,4.65478)
subcontact = (-2.49585,0.500018,4.87761) 3245.53 (-279.107,-0.00693081,544.322) 31 -0.00155786 (0.000473761,1.1999e-08,-0.000944925) 77892.9 14681 0.0416666
face centroid = (-2.3849,0.250017,4.65478)
subcontact = (-2.27629,0.500016,4.4284) 2185.97 (-139.53,-0.0240613,272.084) 30 -0.00209854 (0.00047366,8.31771e-08,-0.00094467) 104927 14677.2 0.0208333
face centroid = (-2.3849,0.250017,4.65478)
subcontact = (-2.27629,1.58024e-05,4.4284) 4372.74 (-279.079,-0.0481222,544.205) 29 -0.00209892 (0.000473692,8.31764e-08,-0.000944734) 104946 14678.2 0.0416666
face centroid = (-2.3849,0.250017,4.65478)
subcontact = (-2.27488,1.57239e-05,4.4303) 2184.93 (-139.54,-0.024059,272.104) 28 -0.00209754 (0.000473694,8.31697e-08,-0.000944738) 104877 14678.3 0.0208333
face centroid = (-2.38607,0.250017,4.65301)
subcontact = (-2.27488,0.500016,4.43029) 4369.07 (-279.061,-0.0481182,544.171) 27 -0.00209716 (0.000473662,8.317e-08,-0.000944675) 104858 14677.3 0.0416667
face centroid = (-2.38607,0.250017,4.65301)
subcontact = (-2.49493,0.500018,4.87927) 1621.32 (-139.554,-0.00346363,272.162) 26 -0.00155647 (0.000473763,1.19926e-08,-0.000944929) 77823.5 14681.1 0.0208333
face centroid = (-2.38607,0.250017,4.65301)
subcontact = (-2.49493,1.78308e-05,4.87927) 3243.44 (-279.127,-0.00692704,544.361) 25 -0.00155686 (0.000473795,1.19922e-08,-0.000944992) 77842.6 14682.1 0.0416667
face centroid = (-2.38607,0.250017,4.65301)
contact = 14 1 14 13 (-3.23698,0.500013,4.44166) (0.81805,5.72234e-06,0.575147)
subcontact = (-3.23771,1.3563e-05,4.43981) 819.869 (-184.088,-0.0250919,249.332) 24 -0.000787072 (0.000626157,8.66439e-08,-0.000868999) 39353.7 14876.5 0.0208333
face centroid = (-3.09287,0.250013,4.23737)
subcontact = (-3.23771,0.500014,4.43981) 1639.22 (-368.177,-0.0501808,498.67) 23 -0.000786825 (0.000626161,8.66386e-08,-0.000869009) 39341.3 14876.6 0.0416667
face centroid = (-3.09287,0.250013,4.23737)
subcontact = (-2.95014,0.500012,4.03079) 3468.82 (-180.864,-0.0211885,244.882) 22 -0.00333008 (0.000615125,7.31568e-08,-0.000853542) 166503 14612.7 0.0208333
face centroid = (-3.09287,0.250013,4.23737)
subcontact = (-2.95014,1.18441e-05,4.03079) 6938.15 (-361.726,-0.0423801,489.758) 21 -0.00333032 (0.000615121,7.31621e-08,-0.000853532) 166516 14612.6 0.0416667
face centroid = (-3.09287,0.250013,4.23737)
subcontact = (-2.94805,1.17812e-05,4.0336) 3465 (-180.869,-0.021213,244.887) 20 -0.0033264 (0.000615141,7.32351e-08,-0.00085356) 166322 14613.3 0.0208331
face centroid = (-3.09393,0.250013,4.2353)
subcontact = (-2.94805,0.500012,4.03359) 6929.48 (-361.74,-0.0424226,489.781) 19 -0.00332615 (0.000615145,7.32293e-08,-0.00085357) 166310 14613.4 0.0416661
face centroid = (-3.09393,0.250013,4.2353)
subcontact = (-3.2377,0.500013,4.44115) 815.512 (-184.094,-0.0251095,249.343) 18 -0.000782893 (0.000626182,8.67049e-08,-0.000869037) 39145.1 14877.3 0.0208331
face centroid = (-3.09393,0.250013,4.2353)
subcontact = (-3.2377,1.34779e-05,4.44115) 1631.54 (-368.188,-0.0502224,498.68) 17 -0.00078314 (0.000626177,8.67107e-08,-0.000869027) 39157.4 14877.2 0.0416661
face centroid = (-3.09393,0.250013,4.2353)
contact = 15 7 15 14 (-3.71231,0.25,3.71231) (0.707107,0,0.707107)
contact = 16 1 16 15 (-4.06415,2.09942e-06,2.94115) (0.596206,6.50739e-06,0.802831)
subcontact = (-4.46712,2.80929e-06,3.23716) 0 (0,0,0) 16 0.00326511 (0.000321621,8.44449e-07,-0.000235125) 0 0 0.0208333
face centroid = (-4.26618,0.250002,3.08914)
subcontact = (-4.46712,0.500003,3.23716) 0 (0,0,0) 15 0.00326224 (0.000322127,8.4444e-07,-0.000235508) 0 0 0.0416667
face centroid = (-4.26618,0.250002,3.08914)
subcontact = (-4.06571,0.500002,2.93905) 5440.54 (-100.325,-0.0569711,72.3376) 14 -0.00522294 (0.000344891,1.96945e-07,-0.000252384) 261146 5936.83 0.0208333
face centroid = (-4.26618,0.250002,3.08914)
subcontact = (-4.0657,2.08244e-06,2.93906) 10875.1 (-200.358,-0.113947,144.451) 13 -0.00522006 (0.000344385,1.96954e-07,-0.000252001) 261002 5928.03 0.0416667
face centroid = (-4.26618,0.250002,3.08914)
subcontact = (-4.06297,1.88542e-06,2.94352) 5429.21 (-100.17,-0.0573446,72.219) 12 -0.00521211 (0.000344359,1.98244e-07,-0.000251982) 260640 5928.34 0.0208303
face centroid = (-4.26641,0.250002,3.08811)
subcontact = (-4.06297,0.500002,2.94352) 10864.4 (-200.631,-0.114684,144.662) 11 -0.00521498 (0.000344865,1.98234e-07,-0.000252364) 260783 5937.15 0.0416607
face centroid = (-4.26641,0.250002,3.08811)
subcontact = (-4.46939,0.500002,3.23477) 0 (0,0,0) 10 0.00326982 (0.000322103,8.4557e-07,-0.00023549) 0 0 0.0208303
face centroid = (-4.26641,0.250002,3.08811)
subcontact = (-4.46939,1.96664e-06,3.23477) 0 (0,0,0) 9 0.0032727 (0.000321597,8.4558e-07,-0.000235107) 0 0 0.0416607
face centroid = (-4.26641,0.250002,3.08811)
contact = 17 7 17 16 (-4.67778,0.25,2.38345) (0.45399,0,0.891007)
contact = 18 7 18 17 (-4.99305,0.25,1.62234) (0.309017,0,0.951057)
contact = 19 1 19 18 (-5.18752,0.25,0.819077) (0.156434,0,0.987688)
subcontact = (-5.43659,-1.22269e-08,0.855981) 5241.37 (1015.69,0.00346596,-163.541) 8 -0.00503172 (-0.00351093,-1.19802e-08,0.000560695) 251591 49381.9 0.0208329
face centroid = (-5.18536,0.25,0.821281)
subcontact = (-5.43659,0.5,0.855981) 10483.5 (2031.43,0.00693199,-327.09) 7 -0.0050321 (-0.00351103,-1.19803e-08,0.000560709) 251610 49383.3 0.0416658
face centroid = (-5.18536,0.25,0.821281)
subcontact = (-4.94224,0.5,0.780986) 1844.96 (1019.02,-0.0249485,-164.07) 6 -0.00177116 (-0.00352245,8.62244e-08,0.00056252) 88560.1 49543.9 0.0208329
face centroid = (-5.18536,0.25,0.821281)
subcontact = (-4.94224,8.64485e-08,0.780986) 3689.15 (2037.98,-0.0498971,-328.131) 5 -0.00177079 (-0.00352235,8.62245e-08,0.000562506) 88541.4 49542.6 0.0416658
face centroid = (-5.18536,0.25,0.821281)
subcontact = (-4.93844,0,0.782172) 1824.01 (1019.01,-0.0252572,-164.069) 4 -0.00175106 (-0.00352242,8.72851e-08,0.000562517) 87552.7 49542.6 0.0208333
face centroid = (-5.18942,0.25,0.818484)
subcontact = (-4.93844,0.5,0.782172) 3648.81 (2038.08,-0.0505144,-328.146) 3 -0.00175143 (-0.00352252,8.72849e-08,0.000562531) 87571.4 49543.9 0.0416667
face centroid = (-5.18942,0.25,0.818484)
subcontact = (-5.43229,0.5,0.86039) 5221.23 (1015.74,0.00315982,-163.549) 2 -0.00501238 (-0.0035111,-1.09242e-08,0.00056072) 250619 49383.3 0.0208333
face centroid = (-5.18942,0.25,0.818484)
subcontact = (-5.43229,0,0.86039) 10441.7 (2031.42,0.00631953,-327.089) 1 -0.00501201 (-0.003511,-1.0924e-08,0.000560706) 250600 49381.9 0.0416667
face centroid = (-5.18942,0.25,0.818484)
3dec>log off
**********************************************
* Logging ended at Wed Mar 13 14:24:13 2024
**********************************************
**********************************************
* Logging started at Wed Mar 13 14:25:30 2024
* By 3dec Version 7.00 Release 159
* 
* 
* Job Title: 
**********************************************
3dec>log-file 'Displacement_step_1_distance_0.001m.txt'
**********************************************
* Logging ended at Wed Mar 13 14:25:30 2024
**********************************************
**********************************************
* Logging started at Wed Mar 13 14:25:30 2024
* By 3dec Version 7.00 Release 159
* 
* 
* Job Title: 
**********************************************
3dec>@contacts_output
contact = 1 1 1 0 (5.31089,0.250006,0.839969) (0.149411,-4.6716e-07,-0.988775)
subcontact = (5.43229,0,0.86092) 5369.93 (1042.66,0.180052,169.219) 112 -0.00515515 (-0.00360661,-6.22271e-07,-0.000565143) 257763 50704 0.0208328
face centroid = (5.1895,0.25,0.819018)
subcontact = (5.43229,0.5,0.86092) 10740.3 (2084.58,0.360103,338.308) 111 -0.00515538 (-0.00360533,-6.22268e-07,-0.000564933) 257775 50685.9 0.0416656
face centroid = (5.1895,0.25,0.819018)
subcontact = (4.93844,0.5,0.782702) 1668.6 (1042.53,-0.198956,169.193) 110 -0.00160184 (-0.00360615,6.87562e-07,-0.000565062) 80094.7 50697.5 0.0208328
face centroid = (5.1895,0.25,0.819018)
subcontact = (4.93844,0,0.782702) 3336.71 (2085.8,-0.397911,338.516) 109 -0.00160161 (-0.00360744,6.8756e-07,-0.000565272) 80083.1 50715.6 0.0416656
face centroid = (5.1895,0.25,0.819018)
subcontact = (4.94231,-6.8593e-07,0.781666) 1689.95 (1042.9,-0.19848,169.258) 108 -0.00162236 (-0.00360744,6.85929e-07,-0.000565272) 81117.7 50714.4 0.0208333
face centroid = (5.18536,0.25,0.821811)
subcontact = (4.9423,0.499999,0.781665) 3380.36 (2085.06,-0.396961,338.386) 107 -0.00162258 (-0.00360615,6.85931e-07,-0.000565062) 81128.6 50696.3 0.0416667
face centroid = (5.18536,0.25,0.821811)
subcontact = (5.43669,0.500001,0.856371) 5391.81 (1042.29,0.180515,169.154) 106 -0.00517614 (-0.00360532,-6.23879e-07,-0.000564932) 258807 50684.7 0.0208333
face centroid = (5.18536,0.25,0.821811)
subcontact = (5.43669,6.23882e-07,0.856371) 10783.2 (2085.33,0.361031,338.439) 105 -0.00517592 (-0.00360661,-6.23881e-07,-0.000565143) 258796 50702.8 0.0416667
face centroid = (5.18536,0.25,0.821811)
contact = 2 7 2 1 (4.99305,0.25,1.62234) (0.309017,0,-0.951057)
contact = 3 7 3 2 (4.67778,0.25,2.38345) (0.45399,0,-0.891007)
contact = 4 1 4 3 (4.26757,0.250009,3.09013) (0.590624,-0.00170896,-0.806945)
subcontact = (4.47089,2.19985e-07,3.23572) 110.865 (-31.9119,2.21217,-22.1569) 104 -0.000106405 (0.00010929,-7.64527e-06,7.79263e-05) 5321.82 1867.91 0.0208321
face centroid = (4.26901,0.250015,3.08803)
subcontact = (4.47089,0.5,3.23572) 221.37 (-58.6012,4.42418,-40.4913) 103 -0.000106232 (0.000100265,-7.64499e-06,7.13209e-05) 5313.18 1712.9 0.0416643
face centroid = (4.26901,0.250015,3.08803)
subcontact = (4.0643,0.499999,2.94471) 5313.82 (-34.3943,7.03949,-23.9919) 102 -0.00510131 (0.000117876,-2.43288e-05,8.42597e-05) 255078 2041.18 0.0208321
face centroid = (4.26901,0.250015,3.08803)
subcontact = (4.0643,-1.05311e-06,2.94471) 10628 (-74.0112,14.0791,-51.8063) 101 -0.00510149 (0.000126901,-2.43291e-05,9.08651e-05) 255087 2194.49 0.0416643
face centroid = (4.26901,0.250015,3.08803)
subcontact = (4.06718,1.95905e-05,2.9405) 5318.18 (-37.0063,7.04385,-25.9037) 100 -0.00510546 (0.000126913,-2.43436e-05,9.08737e-05) 255273 2194.44 0.0208333
face centroid = (4.26759,0.25,3.09022)
subcontact = (4.06719,0.50002,2.94051) 10635.9 (-68.7898,14.0874,-47.9847) 99 -0.00510525 (0.000117888,-2.43431e-05,8.4268e-05) 255262 2041.14 0.0416666
face centroid = (4.26759,0.25,3.09022)
subcontact = (4.47085,0.50001,3.23556) 114.69 (-29.3009,2.21614,-20.2458) 98 -0.000110102 (0.000100276,-7.65898e-06,7.13289e-05) 5505.14 1712.83 0.0208333
face centroid = (4.26759,0.25,3.09022)
subcontact = (4.47084,9.67596e-06,3.23556) 229.833 (-63.8246,4.43254,-44.3144) 97 -0.000110319 (0.000109301,-7.65945e-06,7.79345e-05) 5516.01 1867.84 0.0416666
face centroid = (4.26759,0.25,3.09022)
contact = 5 1 5 4 (3.90637,1.28194e-05,3.89089) (0.71499,-1.07237e-06,-0.699135)
subcontact = (3.90844,1.00416e-05,3.89021) 243.533 (-117.041,0.527993,-116.392) 96 -0.000233778 (0.00066822,-2.77045e-06,0.000673255) 11690 7923.32 0.0208326
face centroid = (3.73316,0.250015,3.71061)
subcontact = (3.90845,0.50001,3.89021) 485.948 (-233.237,1.05167,-231.982) 95 -0.000233242 (0.000671472,-2.77051e-06,0.000676569) 11663.2 7895.37 0.0416652
face centroid = (3.73316,0.250015,3.71061)
subcontact = (3.55592,0.50002,3.53564) 4580.54 (-195.584,-0.545162,-194.189) 94 -0.00439735 (0.000670966,1.88406e-06,0.000676108) 219874 13229.9 0.0208326
face centroid = (3.73316,0.250015,3.71061)
subcontact = (3.55591,1.99228e-05,3.53564) 9162.2 (-389.282,-1.09036,-386.465) 93 -0.00439788 (0.000667713,1.88412e-06,0.000672795) 219900 13165.4 0.0416652
face centroid = (3.73316,0.250015,3.71061)
subcontact = (3.55837,1.80495e-05,3.53186) 4587.22 (-194.642,-0.54718,-193.234) 92 -0.00440374 (0.000667714,1.891e-06,0.000672796) 220187 13165.1 0.0208333
face centroid = (3.73218,0.250015,3.71292)
subcontact = (3.55837,0.500018,3.53187) 9173.35 (-391.17,-1.09433,-388.382) 91 -0.00440321 (0.000670967,1.89096e-06,0.000676109) 220160 13229.5 0.0416667
face centroid = (3.73218,0.250015,3.71292)
subcontact = (3.90794,0.500013,3.88936) 249.033 (-119.655,0.531199,-118.992) 90 -0.000239073 (0.000671473,-2.76372e-06,0.00067657) 11953.6 8100.01 0.0208333
face centroid = (3.73218,0.250015,3.71292)
subcontact = (3.90794,1.2817e-05,3.88936) 499.163 (-240.144,1.06674,-238.774) 89 -0.000239599 (0.000668221,-2.76368e-06,0.000673256) 11979.9 8127.58 0.0416667
face centroid = (3.73218,0.250015,3.71292)
contact = 6 1 6 5 (3.24414,1.49943e-05,4.44206) (0.818391,-1.68971e-06,-0.574662)
subcontact = (3.24543,1.44483e-05,4.44247) 856.811 (-181.073,0.1644,-246.463) 88 -0.00082254 (0.000616632,-5.68338e-07,0.000858446) 41127.4 14680 0.0208331
face centroid = (3.10181,0.250017,4.23652)
subcontact = (3.24543,0.500014,4.44247) 1712.53 (-362.533,0.328798,-493.444) 87 -0.000822016 (0.000617286,-5.68336e-07,0.000859351) 41101.2 14695.5 0.0416662
face centroid = (3.10181,0.250017,4.23652)
subcontact = (2.95609,0.50002,4.0347) 3416.52 (-179.971,-0.178609,-244.918) 86 -0.00327987 (0.000612843,6.17104e-07,0.000853093) 163995 14588.9 0.0208331
face centroid = (3.10181,0.250017,4.23652)
subcontact = (2.95609,1.95325e-05,4.03469) 6834.13 (-359.556,-0.357217,-489.318) 85 -0.00328039 (0.000612188,6.17102e-07,0.000852189) 164021 14573.4 0.0416662
face centroid = (3.10181,0.250017,4.23652)
subcontact = (2.95815,1.89594e-05,4.03192) 3421.76 (-179.775,-0.178923,-244.656) 84 -0.0032849 (0.00061218,6.18198e-07,0.000852177) 164245 14573 0.0208333
face centroid = (3.10076,0.250017,4.23858)
subcontact = (2.95815,0.500019,4.03192) 6842.44 (-359.937,-0.357846,-489.829) 83 -0.00328438 (0.000612834,6.182e-07,0.000853081) 164219 14588.5 0.0416667
face centroid = (3.10076,0.250017,4.23858)
subcontact = (3.24548,0.500015,4.44112) 860.969 (-181.264,0.164085,-246.718) 82 -0.00082653 (0.000617278,-5.6724e-07,0.000859339) 41326.5 14695.1 0.0208333
face centroid = (3.10076,0.250017,4.23858)
subcontact = (3.24548,1.49915e-05,4.44112) 1723.02 (-362.141,0.328171,-492.919) 81 -0.000827049 (0.000616623,-5.67242e-07,0.000858434) 41352.4 14679.6 0.0416667
face centroid = (3.10076,0.250017,4.23858)
contact = 7 1 7 6 (2.39302,0.250019,4.65475) (0.898631,1.77649e-06,-0.438705)
subcontact = (2.50243,1.69827e-05,4.88013) 1656.09 (-138.986,0.130244,-270.028) 80 -0.00158985 (0.000470428,-4.50125e-07,0.000938265) 79492.4 14577.5 0.0208333
face centroid = (2.39371,0.250019,4.65381)
subcontact = (2.50243,0.500017,4.88014) 3311.01 (-278.24,0.260489,-540.569) 79 -0.00158929 (0.000470878,-4.50127e-07,0.000939158) 79464.4 14591.4 0.0416666
face centroid = (2.39371,0.250019,4.65381)
subcontact = (2.28265,0.500021,4.43103) 2146.64 (-140.041,-0.15851,-272.062) 78 -0.00206078 (0.000473988,5.47814e-07,0.00094534) 103039 14687.5 0.0208333
face centroid = (2.39371,0.250019,4.65381)
subcontact = (2.28265,2.07696e-05,4.43103) 4294.45 (-279.815,-0.317021,-543.612) 77 -0.00206134 (0.000473538,5.47816e-07,0.000944447) 103067 14673.6 0.0416666
face centroid = (2.39371,0.250019,4.65381)
subcontact = (2.28403,2.02247e-05,4.42915) 2149.26 (-139.908,-0.158757,-271.808) 76 -0.0020633 (0.000473541,5.48664e-07,0.000944453) 103165 14673.7 0.0208333
face centroid = (2.39254,0.250019,4.65558)
subcontact = (2.28403,0.50002,4.42915) 4297.37 (-280.084,-0.317512,-544.129) 75 -0.00206274 (0.000473991,5.48661e-07,0.000945346) 103137 14687.6 0.0416667
face centroid = (2.39254,0.250019,4.65558)
subcontact = (2.50339,0.500017,4.87847) 1657.55 (-139.121,0.13,-270.286) 74 -0.00159125 (0.000470881,-4.49283e-07,0.000939163) 79562.3 14591.5 0.0208333
face centroid = (2.39254,0.250019,4.65558)
subcontact = (2.50338,1.74345e-05,4.87846) 3316.26 (-277.974,0.26,-540.059) 73 -0.00159181 (0.000470431,-4.4928e-07,0.000938271) 79590.2 14577.6 0.0416667
face centroid = (2.39254,0.250019,4.65558)
contact = 8 1 8 7 (1.62767,0.250021,4.95548) (0.955417,2.48082e-07,-0.295259)
subcontact = (1.70051,1.93548e-05,5.19508) 2406.52 (-73.7684,0.108024,-224.834) 72 -0.00231026 (0.000248204,-3.73335e-07,0.000779185) 115513 11358.1 0.0208333
face centroid = (1.62865,0.250021,4.95473)
subcontact = (1.70051,0.500019,5.19508) 4811.82 (-147.689,0.216049,-450.124) 71 -0.00230968 (0.000248458,-3.73338e-07,0.000779977) 115484 11369.6 0.0416665
face centroid = (1.62865,0.250021,4.95473)
subcontact = (1.55414,0.500022,4.71699) 1036.69 (-75.8628,-0.130477,-231.248) 70 -0.000995228 (0.000255267,4.50925e-07,0.000801411) 49761.5 11682 0.0208333
face centroid = (1.62865,0.250021,4.95473)
subcontact = (1.55414,2.19704e-05,4.71698) 2074.61 (-151.574,-0.260955,-462.04) 69 -0.000995814 (0.000255013,4.50928e-07,0.000800619) 49790.8 11670.5 0.0416665
face centroid = (1.62865,0.250021,4.95473)
subcontact = (1.55484,2.15196e-05,4.71588) 1037.29 (-75.7892,-0.130634,-231.027) 68 -0.000995798 (0.000255019,4.51461e-07,0.000800641) 49789.9 11670.8 0.0208333
face centroid = (1.62733,0.250021,4.95603)
subcontact = (1.55484,0.500022,4.71588) 2073.36 (-151.73,-0.261266,-462.511) 67 -0.000995212 (0.000255273,4.51459e-07,0.000801433) 49760.6 11682.3 0.0416667
face centroid = (1.62733,0.250021,4.95603)
subcontact = (1.70247,0.50002,5.19359) 2405.9 (-73.8465,0.10787,-225.069) 66 -0.00230966 (0.000248465,-3.72807e-07,0.000779998) 115483 11370 0.0208333
face centroid = (1.62733,0.250021,4.95603)
subcontact = (1.70246,1.9728e-05,5.19359) 4813.02 (-147.541,0.215739,-449.681) 65 -0.00231025 (0.000248211,-3.72805e-07,0.000779206) 115512 11358.4 0.0416667
face centroid = (1.62733,0.250021,4.95603)
contact = 9 1 9 8 (0.824996,0.250022,5.13518) (0.989024,3.17513e-07,-0.147753)
subcontact = (0.860439,2.12229e-05,5.38292) 2936.15 (-22.6916,0.156967,-140.283) 64 -0.00281872 (7.54937e-05,-5.42486e-07,0.000485277) 140938 6821.23 0.020833
face centroid = (0.826351,0.250022,5.13472)
subcontact = (0.86044,0.500021,5.38292) 5871.05 (-45.5102,0.313937,-281.342) 63 -0.00281811 (7.57038e-05,-5.42493e-07,0.000486619) 140907 6840.1 0.041666
face centroid = (0.826351,0.250022,5.13472)
subcontact = (0.789362,0.500023,4.888) 281.433 (-19.0556,-0.179574,-118.541) 62 -0.000270172 (8.02642e-05,8.06843e-07,0.000516088) 13509 5763.12 0.020833
face centroid = (0.826351,0.250022,5.13472)
subcontact = (0.789361,2.28785e-05,4.888) 564.119 (-38.1579,-0.360496,-237.358) 61 -0.000270774 (8.00541e-05,8.0685e-07,0.000514746) 13539.1 5769.82 0.041666
face centroid = (0.826351,0.250022,5.13472)
subcontact = (0.789552,2.20699e-05,4.88744) 281.584 (-18.9998,-0.179757,-118.2) 60 -0.00027032 (8.00569e-05,8.07469e-07,0.000514764) 13516.1 5746.45 0.0208333
face centroid = (0.824901,0.250022,5.13546)
subcontact = (0.789552,0.500022,4.88744) 561.915 (-37.9526,-0.358151,-236.123) 59 -0.000269718 (8.0267e-05,8.07464e-07,0.000516107) 13486 5739.7 0.0416667
face centroid = (0.824901,0.250022,5.13546)
subcontact = (0.863151,0.500022,5.382) 2935.07 (-22.7562,0.156796,-140.678) 58 -0.00281767 (7.57066e-05,-5.41885e-07,0.000486637) 140884 6840.32 0.0208333
face centroid = (0.824901,0.250022,5.13546)
subcontact = (0.863151,2.17638e-05,5.382) 5871.4 (-45.3853,0.313589,-280.58) 57 -0.00281827 (7.54965e-05,-5.4188e-07,0.000485295) 140914 6821.45 0.0416667
face centroid = (0.824901,0.250022,5.13546)
contact = 10 1 10 9 (0.00309456,0.250022,5.3167) (0.999989,9.17784e-08,-0.00462899)
subcontact = (0.00216583,2.24747e-05,5.44167) 3139.07 (-0.106568,-0.0221715,19.1949) 56 -0.00301352 (3.06497e-08,7.66272e-08,-6.63297e-05) 150690 921.458 0.0208313
face centroid = (0.00292045,0.250021,5.19174)
subcontact = (0.00216626,0.500022,5.44167) 6277.44 (-0.215627,-0.0443368,37.141) 55 -0.00301318 (3.77964e-08,7.66165e-08,-6.41718e-05) 150673 891.486 0.0416626
face centroid = (0.00292045,0.250021,5.19174)
subcontact = (0.00683888,0.500023,4.94169) 0 (0,0,0) 54 0.0061793 (1.88828e-07,2.22796e-06,-3.11358e-05) 0 0 0.0208313
face centroid = (0.00292045,0.250021,5.19174)
subcontact = (0.00683845,2.27161e-05,4.94169) 0 (0,0,0) 53 0.00617896 (1.81681e-07,2.22797e-06,-3.32937e-05) 0 0 0.0416626
face centroid = (0.00292045,0.250021,5.19174)
subcontact = (0.000660376,2.04884e-05,4.94175) 0 (0,0,0) 52 0.00617677 (1.8164e-07,2.22717e-06,-3.33029e-05) 0 0 0.0208331
face centroid = (0.00450235,0.250023,5.19168)
subcontact = (0.000660447,0.50002,4.94175) 0 (0,0,0) 51 0.00617714 (1.88787e-07,2.22717e-06,-3.11449e-05) 0 0 0.0416663
face centroid = (0.00450235,0.250023,5.19168)
subcontact = (0.00518052,0.500022,5.44173) 3141.31 (-0.10781,-0.0219331,18.5717) 50 -0.00301566 (3.77479e-08,7.58002e-08,-6.41827e-05) 150784 891.467 0.0208331
face centroid = (0.00450235,0.250023,5.19168)
subcontact = (0.00518045,2.23982e-05,5.44173) 6283.38 (-0.213129,-0.0438698,38.3923) 49 -0.00301603 (3.06005e-08,7.58066e-08,-6.63407e-05) 150803 921.439 0.0416663
face centroid = (0.00450235,0.250023,5.19168)
contact = 11 1 11 10 (-0.818808,0.250021,5.13481) (0.989816,1.39674e-07,0.142351)
subcontact = (-0.855786,2.22906e-05,5.3818) 2923.38 (-23.0404,0.0399993,139.062) 48 -0.00280645 (7.44913e-05,-1.38235e-07,-0.00048142) 140324 6766.05 0.0208331
face centroid = (-0.817457,0.250021,5.13526)
subcontact = (-0.855786,0.500022,5.3818) 5845.6 (-46.0486,0.0799986,277.924) 47 -0.00280589 (7.44386e-05,-1.38235e-07,-0.000481075) 140296 6761.19 0.0416661
face centroid = (-0.817457,0.250021,5.13526)
subcontact = (-0.782036,0.50002,4.88726) 295.595 (-24.0529,-0.0622738,145.464) 46 -0.000283769 (7.78356e-05,2.15224e-07,-0.000503572) 14188.7 7077.19 0.0208331
face centroid = (-0.817457,0.250021,5.13526)
subcontact = (-0.782036,2.03906e-05,4.88727) 592.353 (-48.1381,-0.124548,291.128) 45 -0.000284327 (7.78883e-05,2.15224e-07,-0.000503917) 14216.7 7082.04 0.0416661
face centroid = (-0.817457,0.250021,5.13526)
subcontact = (-0.78183,2.01782e-05,4.88782) 297.144 (-24.0683,-0.0622192,145.559) 44 -0.000285257 (7.78858e-05,2.15032e-07,-0.0005039) 14262.9 7081.7 0.0208333
face centroid = (-0.818911,0.250021,5.13453)
subcontact = (-0.78183,0.50002,4.88782) 593.124 (-48.1043,-0.124438,290.918) 43 -0.000284698 (7.78331e-05,2.15032e-07,-0.000503555) 14235 7076.85 0.0416667
face centroid = (-0.818911,0.250021,5.13453)
subcontact = (-0.853084,0.500022,5.38271) 2923.76 (-23.0235,0.0400561,138.957) 42 -0.00280682 (7.44361e-05,-1.38431e-07,-0.000481058) 140341 6760.86 0.0208333
face centroid = (-0.818911,0.250021,5.13453)
subcontact = (-0.853084,2.24314e-05,5.38271) 5848.69 (-46.0793,0.0801121,278.113) 41 -0.00280738 (7.44888e-05,-1.38431e-07,-0.000481403) 140369 6765.71 0.0416667
face centroid = (-0.818911,0.250021,5.13453)
contact = 12 1 12 11 (-1.62079,0.25002,4.95482) (0.956188,5.51323e-07,0.292752)
subcontact = (-1.69504,2.08165e-05,5.19308) 2383.05 (-77.478,0.0179498,233.873) 40 -0.00228773 (0.000258534,-6.20264e-08,-0.000811269) 114387 11825.9 0.0208332
face centroid = (-1.61982,0.25002,4.95558)
subcontact = (-1.69504,0.500021,5.19308) 4765.08 (-154.919,0.0358994,467.636) 39 -0.00228724 (0.000258473,-6.2026e-08,-0.000811078) 114362 11823.1 0.0416665
face centroid = (-1.61982,0.25002,4.95558)
subcontact = (-1.54725,0.500019,4.71542) 1063.87 (-78.9156,-0.0416664,238.294) 38 -0.00102132 (0.00026337,1.44011e-07,-0.000826593) 51066.2 12049.1 0.0208332
face centroid = (-1.61982,0.25002,4.95558)
subcontact = (-1.54725,1.87101e-05,4.71542) 2128.77 (-157.868,-0.0833326,476.699) 37 -0.00102181 (0.000263432,1.4401e-07,-0.000826784) 51090.6 12051.9 0.0416665
face centroid = (-1.61982,0.25002,4.95558)
subcontact = (-1.54653,1.85705e-05,4.71657) 1064.95 (-78.9322,-0.0416217,238.344) 36 -0.00102236 (0.000263426,1.43854e-07,-0.000826766) 51117.8 12051.6 0.0208333
face centroid = (-1.62114,0.25002,4.95425)
subcontact = (-1.54653,0.500019,4.71656) 2128.89 (-157.828,-0.0832435,476.578) 35 -0.00102187 (0.000263365,1.43854e-07,-0.000826575) 51093.3 12048.8 0.0416667
face centroid = (-1.62114,0.25002,4.95425)
subcontact = (-1.69312,0.500021,5.19459) 2383.11 (-77.4579,0.0179952,233.812) 34 -0.00228779 (0.000258467,-6.2184e-08,-0.00081106) 114389 11822.8 0.0208333
face centroid = (-1.62114,0.25002,4.95425)
subcontact = (-1.69312,2.0883e-05,5.1946) 4767.23 (-154.952,0.0359906,467.735) 33 -0.00228828 (0.000258528,-6.21843e-08,-0.000811252) 114414 11825.6 0.0416667
face centroid = (-1.62114,0.25002,4.95425)
contact = 13 1 13 12 (-2.3856,0.250017,4.65384) (0.897958,1.50823e-06,0.440081)
subcontact = (-2.49585,1.78381e-05,4.87761) 1623.16 (-139.563,-0.0034652,272.179) 32 -0.00155824 (0.000473793,1.19983e-08,-0.000944988) 77911.9 14682 0.0208333
face centroid = (-2.3849,0.250017,4.65478)
subcontact = (-2.49585,0.500018,4.87761) 3245.53 (-279.107,-0.00693081,544.322) 31 -0.00155786 (0.000473761,1.1999e-08,-0.000944925) 77892.9 14681 0.0416666
face centroid = (-2.3849,0.250017,4.65478)
subcontact = (-2.27629,0.500016,4.4284) 2185.97 (-139.53,-0.0240613,272.084) 30 -0.00209854 (0.00047366,8.31771e-08,-0.00094467) 104927 14677.2 0.0208333
face centroid = (-2.3849,0.250017,4.65478)
subcontact = (-2.27629,1.58024e-05,4.4284) 4372.74 (-279.079,-0.0481222,544.205) 29 -0.00209892 (0.000473692,8.31764e-08,-0.000944734) 104946 14678.2 0.0416666
face centroid = (-2.3849,0.250017,4.65478)
subcontact = (-2.27488,1.57239e-05,4.4303) 2184.93 (-139.54,-0.024059,272.104) 28 -0.00209754 (0.000473694,8.31697e-08,-0.000944738) 104877 14678.3 0.0208333
face centroid = (-2.38607,0.250017,4.65301)
subcontact = (-2.27488,0.500016,4.43029) 4369.07 (-279.061,-0.0481182,544.171) 27 -0.00209716 (0.000473662,8.317e-08,-0.000944675) 104858 14677.3 0.0416667
face centroid = (-2.38607,0.250017,4.65301)
subcontact = (-2.49493,0.500018,4.87927) 1621.32 (-139.554,-0.00346363,272.162) 26 -0.00155647 (0.000473763,1.19926e-08,-0.000944929) 77823.5 14681.1 0.0208333
face centroid = (-2.38607,0.250017,4.65301)
subcontact = (-2.49493,1.78308e-05,4.87927) 3243.44 (-279.127,-0.00692704,544.361) 25 -0.00155686 (0.000473795,1.19922e-08,-0.000944992) 77842.6 14682.1 0.0416667
face centroid = (-2.38607,0.250017,4.65301)
contact = 14 1 14 13 (-3.23698,0.500013,4.44166) (0.81805,5.72234e-06,0.575147)
subcontact = (-3.23771,1.3563e-05,4.43981) 819.869 (-184.088,-0.0250919,249.332) 24 -0.000787072 (0.000626157,8.66439e-08,-0.000868999) 39353.7 14876.5 0.0208333
face centroid = (-3.09287,0.250013,4.23737)
subcontact = (-3.23771,0.500014,4.43981) 1639.22 (-368.177,-0.0501808,498.67) 23 -0.000786825 (0.000626161,8.66386e-08,-0.000869009) 39341.3 14876.6 0.0416667
face centroid = (-3.09287,0.250013,4.23737)
subcontact = (-2.95014,0.500012,4.03079) 3468.82 (-180.864,-0.0211885,244.882) 22 -0.00333008 (0.000615125,7.31568e-08,-0.000853542) 166503 14612.7 0.0208333
face centroid = (-3.09287,0.250013,4.23737)
subcontact = (-2.95014,1.18441e-05,4.03079) 6938.15 (-361.726,-0.0423801,489.758) 21 -0.00333032 (0.000615121,7.31621e-08,-0.000853532) 166516 14612.6 0.0416667
face centroid = (-3.09287,0.250013,4.23737)
subcontact = (-2.94805,1.17812e-05,4.0336) 3465 (-180.869,-0.021213,244.887) 20 -0.0033264 (0.000615141,7.32351e-08,-0.00085356) 166322 14613.3 0.0208331
face centroid = (-3.09393,0.250013,4.2353)
subcontact = (-2.94805,0.500012,4.03359) 6929.48 (-361.74,-0.0424226,489.781) 19 -0.00332615 (0.000615145,7.32293e-08,-0.00085357) 166310 14613.4 0.0416661
face centroid = (-3.09393,0.250013,4.2353)
subcontact = (-3.2377,0.500013,4.44115) 815.512 (-184.094,-0.0251095,249.343) 18 -0.000782893 (0.000626182,8.67049e-08,-0.000869037) 39145.1 14877.3 0.0208331
face centroid = (-3.09393,0.250013,4.2353)
subcontact = (-3.2377,1.34779e-05,4.44115) 1631.54 (-368.188,-0.0502224,498.68) 17 -0.00078314 (0.000626177,8.67107e-08,-0.000869027) 39157.4 14877.2 0.0416661
face centroid = (-3.09393,0.250013,4.2353)
contact = 15 7 15 14 (-3.71231,0.25,3.71231) (0.707107,0,0.707107)
contact = 16 1 16 15 (-4.06415,2.09942e-06,2.94115) (0.596206,6.50739e-06,0.802831)
subcontact = (-4.46712,2.80929e-06,3.23716) 0 (0,0,0) 16 0.00326511 (0.000321621,8.44449e-07,-0.000235125) 0 0 0.0208333
face centroid = (-4.26618,0.250002,3.08914)
subcontact = (-4.46712,0.500003,3.23716) 0 (0,0,0) 15 0.00326224 (0.000322127,8.4444e-07,-0.000235508) 0 0 0.0416667
face centroid = (-4.26618,0.250002,3.08914)
subcontact = (-4.06571,0.500002,2.93905) 5440.54 (-100.325,-0.0569711,72.3376) 14 -0.00522294 (0.000344891,1.96945e-07,-0.000252384) 261146 5936.83 0.0208333
face centroid = (-4.26618,0.250002,3.08914)
subcontact = (-4.0657,2.08244e-06,2.93906) 10875.1 (-200.358,-0.113947,144.451) 13 -0.00522006 (0.000344385,1.96954e-07,-0.000252001) 261002 5928.03 0.0416667
face centroid = (-4.26618,0.250002,3.08914)
subcontact = (-4.06297,1.88542e-06,2.94352) 5429.21 (-100.17,-0.0573446,72.219) 12 -0.00521211 (0.000344359,1.98244e-07,-0.000251982) 260640 5928.34 0.0208303
face centroid = (-4.26641,0.250002,3.08811)
subcontact = (-4.06297,0.500002,2.94352) 10864.4 (-200.631,-0.114684,144.662) 11 -0.00521498 (0.000344865,1.98234e-07,-0.000252364) 260783 5937.15 0.0416607
face centroid = (-4.26641,0.250002,3.08811)
subcontact = (-4.46939,0.500002,3.23477) 0 (0,0,0) 10 0.00326982 (0.000322103,8.4557e-07,-0.00023549) 0 0 0.0208303
face centroid = (-4.26641,0.250002,3.08811)
subcontact = (-4.46939,1.96664e-06,3.23477) 0 (0,0,0) 9 0.0032727 (0.000321597,8.4558e-07,-0.000235107) 0 0 0.0416607
face centroid = (-4.26641,0.250002,3.08811)
contact = 17 7 17 16 (-4.67778,0.25,2.38345) (0.45399,0,0.891007)
contact = 18 7 18 17 (-4.99305,0.25,1.62234) (0.309017,0,0.951057)
contact = 19 1 19 18 (-5.18752,0.25,0.819077) (0.156434,0,0.987688)
subcontact = (-5.43659,-1.22269e-08,0.855981) 5241.37 (1015.69,0.00346596,-163.541) 8 -0.00503172 (-0.00351093,-1.19802e-08,0.000560695) 251591 49381.9 0.0208329
face centroid = (-5.18536,0.25,0.821281)
subcontact = (-5.43659,0.5,0.855981) 10483.5 (2031.43,0.00693199,-327.09) 7 -0.0050321 (-0.00351103,-1.19803e-08,0.000560709) 251610 49383.3 0.0416658
face centroid = (-5.18536,0.25,0.821281)
subcontact = (-4.94224,0.5,0.780986) 1844.96 (1019.02,-0.0249485,-164.07) 6 -0.00177116 (-0.00352245,8.62244e-08,0.00056252) 88560.1 49543.9 0.0208329
face centroid = (-5.18536,0.25,0.821281)
subcontact = (-4.94224,8.64485e-08,0.780986) 3689.15 (2037.98,-0.0498971,-328.131) 5 -0.00177079 (-0.00352235,8.62245e-08,0.000562506) 88541.4 49542.6 0.0416658
face centroid = (-5.18536,0.25,0.821281)
subcontact = (-4.93844,0,0.782172) 1824.01 (1019.01,-0.0252572,-164.069) 4 -0.00175106 (-0.00352242,8.72851e-08,0.000562517) 87552.7 49542.6 0.0208333
face centroid = (-5.18942,0.25,0.818484)
subcontact = (-4.93844,0.5,0.782172) 3648.81 (2038.08,-0.0505144,-328.146) 3 -0.00175143 (-0.00352252,8.72849e-08,0.000562531) 87571.4 49543.9 0.0416667
face centroid = (-5.18942,0.25,0.818484)
subcontact = (-5.43229,0.5,0.86039) 5221.23 (1015.74,0.00315982,-163.549) 2 -0.00501238 (-0.0035111,-1.09242e-08,0.00056072) 250619 49383.3 0.0208333
face centroid = (-5.18942,0.25,0.818484)
subcontact = (-5.43229,0,0.86039) 10441.7 (2031.42,0.00631953,-327.089) 1 -0.00501201 (-0.003511,-1.0924e-08,0.000560706) 250600 49381.9 0.0416667
face centroid = (-5.18942,0.25,0.818484)
3dec>log off
**********************************************
* Logging ended at Wed Mar 13 14:25:31 2024
**********************************************
**********************************************
* Logging started at Wed Mar 13 14:26:16 2024
* By 3dec Version 7.00 Release 159
* 
* 
* Job Title: 
**********************************************
3dec>log-file 'Displacement_step_1_distance_0.001m.txt'
**********************************************
* Logging ended at Wed Mar 13 14:26:16 2024
**********************************************
**********************************************
* Logging started at Wed Mar 13 14:26:16 2024
* By 3dec Version 7.00 Release 159
* 
* 
* Job Title: 
**********************************************
3dec>@contacts_output
contact = 1 1 1 0 (5.31089,0.250006,0.839969) (0.149411,-4.6716e-07,-0.988775)
subcontact = (5.43229,0,0.86092) 5369.93 (1042.66,0.180052,169.219) 112 -0.00515515 (-0.00360661,-6.22271e-07,-0.000565143) 257763 50704 0.0208328
face centroid = (5.1895,0.25,0.819018)
subcontact = (5.43229,0.5,0.86092) 10740.3 (2084.58,0.360103,338.308) 111 -0.00515538 (-0.00360533,-6.22268e-07,-0.000564933) 257775 50685.9 0.0416656
face centroid = (5.1895,0.25,0.819018)
subcontact = (4.93844,0.5,0.782702) 1668.6 (1042.53,-0.198956,169.193) 110 -0.00160184 (-0.00360615,6.87562e-07,-0.000565062) 80094.7 50697.5 0.0208328
face centroid = (5.1895,0.25,0.819018)
subcontact = (4.93844,0,0.782702) 3336.71 (2085.8,-0.397911,338.516) 109 -0.00160161 (-0.00360744,6.8756e-07,-0.000565272) 80083.1 50715.6 0.0416656
face centroid = (5.1895,0.25,0.819018)
subcontact = (4.94231,-6.8593e-07,0.781666) 1689.95 (1042.9,-0.19848,169.258) 108 -0.00162236 (-0.00360744,6.85929e-07,-0.000565272) 81117.7 50714.4 0.0208333
face centroid = (5.18536,0.25,0.821811)
subcontact = (4.9423,0.499999,0.781665) 3380.36 (2085.06,-0.396961,338.386) 107 -0.00162258 (-0.00360615,6.85931e-07,-0.000565062) 81128.6 50696.3 0.0416667
face centroid = (5.18536,0.25,0.821811)
subcontact = (5.43669,0.500001,0.856371) 5391.81 (1042.29,0.180515,169.154) 106 -0.00517614 (-0.00360532,-6.23879e-07,-0.000564932) 258807 50684.7 0.0208333
face centroid = (5.18536,0.25,0.821811)
subcontact = (5.43669,6.23882e-07,0.856371) 10783.2 (2085.33,0.361031,338.439) 105 -0.00517592 (-0.00360661,-6.23881e-07,-0.000565143) 258796 50702.8 0.0416667
face centroid = (5.18536,0.25,0.821811)
contact = 2 7 2 1 (4.99305,0.25,1.62234) (0.309017,0,-0.951057)
contact = 3 7 3 2 (4.67778,0.25,2.38345) (0.45399,0,-0.891007)
contact = 4 1 4 3 (4.26757,0.250009,3.09013) (0.590624,-0.00170896,-0.806945)
subcontact = (4.47089,2.19985e-07,3.23572) 110.865 (-31.9119,2.21217,-22.1569) 104 -0.000106405 (0.00010929,-7.64527e-06,7.79263e-05) 5321.82 1867.91 0.0208321
face centroid = (4.26901,0.250015,3.08803)
subcontact = (4.47089,0.5,3.23572) 221.37 (-58.6012,4.42418,-40.4913) 103 -0.000106232 (0.000100265,-7.64499e-06,7.13209e-05) 5313.18 1712.9 0.0416643
face centroid = (4.26901,0.250015,3.08803)
subcontact = (4.0643,0.499999,2.94471) 5313.82 (-34.3943,7.03949,-23.9919) 102 -0.00510131 (0.000117876,-2.43288e-05,8.42597e-05) 255078 2041.18 0.0208321
face centroid = (4.26901,0.250015,3.08803)
subcontact = (4.0643,-1.05311e-06,2.94471) 10628 (-74.0112,14.0791,-51.8063) 101 -0.00510149 (0.000126901,-2.43291e-05,9.08651e-05) 255087 2194.49 0.0416643
face centroid = (4.26901,0.250015,3.08803)
subcontact = (4.06718,1.95905e-05,2.9405) 5318.18 (-37.0063,7.04385,-25.9037) 100 -0.00510546 (0.000126913,-2.43436e-05,9.08737e-05) 255273 2194.44 0.0208333
face centroid = (4.26759,0.25,3.09022)
subcontact = (4.06719,0.50002,2.94051) 10635.9 (-68.7898,14.0874,-47.9847) 99 -0.00510525 (0.000117888,-2.43431e-05,8.4268e-05) 255262 2041.14 0.0416666
face centroid = (4.26759,0.25,3.09022)
subcontact = (4.47085,0.50001,3.23556) 114.69 (-29.3009,2.21614,-20.2458) 98 -0.000110102 (0.000100276,-7.65898e-06,7.13289e-05) 5505.14 1712.83 0.0208333
face centroid = (4.26759,0.25,3.09022)
subcontact = (4.47084,9.67596e-06,3.23556) 229.833 (-63.8246,4.43254,-44.3144) 97 -0.000110319 (0.000109301,-7.65945e-06,7.79345e-05) 5516.01 1867.84 0.0416666
face centroid = (4.26759,0.25,3.09022)
contact = 5 1 5 4 (3.90637,1.28194e-05,3.89089) (0.71499,-1.07237e-06,-0.699135)
subcontact = (3.90844,1.00416e-05,3.89021) 243.533 (-117.041,0.527993,-116.392) 96 -0.000233778 (0.00066822,-2.77045e-06,0.000673255) 11690 7923.32 0.0208326
face centroid = (3.73316,0.250015,3.71061)
subcontact = (3.90845,0.50001,3.89021) 485.948 (-233.237,1.05167,-231.982) 95 -0.000233242 (0.000671472,-2.77051e-06,0.000676569) 11663.2 7895.37 0.0416652
face centroid = (3.73316,0.250015,3.71061)
subcontact = (3.55592,0.50002,3.53564) 4580.54 (-195.584,-0.545162,-194.189) 94 -0.00439735 (0.000670966,1.88406e-06,0.000676108) 219874 13229.9 0.0208326
face centroid = (3.73316,0.250015,3.71061)
subcontact = (3.55591,1.99228e-05,3.53564) 9162.2 (-389.282,-1.09036,-386.465) 93 -0.00439788 (0.000667713,1.88412e-06,0.000672795) 219900 13165.4 0.0416652
face centroid = (3.73316,0.250015,3.71061)
subcontact = (3.55837,1.80495e-05,3.53186) 4587.22 (-194.642,-0.54718,-193.234) 92 -0.00440374 (0.000667714,1.891e-06,0.000672796) 220187 13165.1 0.0208333
face centroid = (3.73218,0.250015,3.71292)
subcontact = (3.55837,0.500018,3.53187) 9173.35 (-391.17,-1.09433,-388.382) 91 -0.00440321 (0.000670967,1.89096e-06,0.000676109) 220160 13229.5 0.0416667
face centroid = (3.73218,0.250015,3.71292)
subcontact = (3.90794,0.500013,3.88936) 249.033 (-119.655,0.531199,-118.992) 90 -0.000239073 (0.000671473,-2.76372e-06,0.00067657) 11953.6 8100.01 0.0208333
face centroid = (3.73218,0.250015,3.71292)
subcontact = (3.90794,1.2817e-05,3.88936) 499.163 (-240.144,1.06674,-238.774) 89 -0.000239599 (0.000668221,-2.76368e-06,0.000673256) 11979.9 8127.58 0.0416667
face centroid = (3.73218,0.250015,3.71292)
contact = 6 1 6 5 (3.24414,1.49943e-05,4.44206) (0.818391,-1.68971e-06,-0.574662)
subcontact = (3.24543,1.44483e-05,4.44247) 856.811 (-181.073,0.1644,-246.463) 88 -0.00082254 (0.000616632,-5.68338e-07,0.000858446) 41127.4 14680 0.0208331
face centroid = (3.10181,0.250017,4.23652)
subcontact = (3.24543,0.500014,4.44247) 1712.53 (-362.533,0.328798,-493.444) 87 -0.000822016 (0.000617286,-5.68336e-07,0.000859351) 41101.2 14695.5 0.0416662
face centroid = (3.10181,0.250017,4.23652)
subcontact = (2.95609,0.50002,4.0347) 3416.52 (-179.971,-0.178609,-244.918) 86 -0.00327987 (0.000612843,6.17104e-07,0.000853093) 163995 14588.9 0.0208331
face centroid = (3.10181,0.250017,4.23652)
subcontact = (2.95609,1.95325e-05,4.03469) 6834.13 (-359.556,-0.357217,-489.318) 85 -0.00328039 (0.000612188,6.17102e-07,0.000852189) 164021 14573.4 0.0416662
face centroid = (3.10181,0.250017,4.23652)
subcontact = (2.95815,1.89594e-05,4.03192) 3421.76 (-179.775,-0.178923,-244.656) 84 -0.0032849 (0.00061218,6.18198e-07,0.000852177) 164245 14573 0.0208333
face centroid = (3.10076,0.250017,4.23858)
subcontact = (2.95815,0.500019,4.03192) 6842.44 (-359.937,-0.357846,-489.829) 83 -0.00328438 (0.000612834,6.182e-07,0.000853081) 164219 14588.5 0.0416667
face centroid = (3.10076,0.250017,4.23858)
subcontact = (3.24548,0.500015,4.44112) 860.969 (-181.264,0.164085,-246.718) 82 -0.00082653 (0.000617278,-5.6724e-07,0.000859339) 41326.5 14695.1 0.0208333
face centroid = (3.10076,0.250017,4.23858)
subcontact = (3.24548,1.49915e-05,4.44112) 1723.02 (-362.141,0.328171,-492.919) 81 -0.000827049 (0.000616623,-5.67242e-07,0.000858434) 41352.4 14679.6 0.0416667
face centroid = (3.10076,0.250017,4.23858)
contact = 7 1 7 6 (2.39302,0.250019,4.65475) (0.898631,1.77649e-06,-0.438705)
subcontact = (2.50243,1.69827e-05,4.88013) 1656.09 (-138.986,0.130244,-270.028) 80 -0.00158985 (0.000470428,-4.50125e-07,0.000938265) 79492.4 14577.5 0.0208333
face centroid = (2.39371,0.250019,4.65381)
subcontact = (2.50243,0.500017,4.88014) 3311.01 (-278.24,0.260489,-540.569) 79 -0.00158929 (0.000470878,-4.50127e-07,0.000939158) 79464.4 14591.4 0.0416666
face centroid = (2.39371,0.250019,4.65381)
subcontact = (2.28265,0.500021,4.43103) 2146.64 (-140.041,-0.15851,-272.062) 78 -0.00206078 (0.000473988,5.47814e-07,0.00094534) 103039 14687.5 0.0208333
face centroid = (2.39371,0.250019,4.65381)
subcontact = (2.28265,2.07696e-05,4.43103) 4294.45 (-279.815,-0.317021,-543.612) 77 -0.00206134 (0.000473538,5.47816e-07,0.000944447) 103067 14673.6 0.0416666
face centroid = (2.39371,0.250019,4.65381)
subcontact = (2.28403,2.02247e-05,4.42915) 2149.26 (-139.908,-0.158757,-271.808) 76 -0.0020633 (0.000473541,5.48664e-07,0.000944453) 103165 14673.7 0.0208333
face centroid = (2.39254,0.250019,4.65558)
subcontact = (2.28403,0.50002,4.42915) 4297.37 (-280.084,-0.317512,-544.129) 75 -0.00206274 (0.000473991,5.48661e-07,0.000945346) 103137 14687.6 0.0416667
face centroid = (2.39254,0.250019,4.65558)
subcontact = (2.50339,0.500017,4.87847) 1657.55 (-139.121,0.13,-270.286) 74 -0.00159125 (0.000470881,-4.49283e-07,0.000939163) 79562.3 14591.5 0.0208333
face centroid = (2.39254,0.250019,4.65558)
subcontact = (2.50338,1.74345e-05,4.87846) 3316.26 (-277.974,0.26,-540.059) 73 -0.00159181 (0.000470431,-4.4928e-07,0.000938271) 79590.2 14577.6 0.0416667
face centroid = (2.39254,0.250019,4.65558)
contact = 8 1 8 7 (1.62767,0.250021,4.95548) (0.955417,2.48082e-07,-0.295259)
subcontact = (1.70051,1.93548e-05,5.19508) 2406.52 (-73.7684,0.108024,-224.834) 72 -0.00231026 (0.000248204,-3.73335e-07,0.000779185) 115513 11358.1 0.0208333
face centroid = (1.62865,0.250021,4.95473)
subcontact = (1.70051,0.500019,5.19508) 4811.82 (-147.689,0.216049,-450.124) 71 -0.00230968 (0.000248458,-3.73338e-07,0.000779977) 115484 11369.6 0.0416665
face centroid = (1.62865,0.250021,4.95473)
subcontact = (1.55414,0.500022,4.71699) 1036.69 (-75.8628,-0.130477,-231.248) 70 -0.000995228 (0.000255267,4.50925e-07,0.000801411) 49761.5 11682 0.0208333
face centroid = (1.62865,0.250021,4.95473)
subcontact = (1.55414,2.19704e-05,4.71698) 2074.61 (-151.574,-0.260955,-462.04) 69 -0.000995814 (0.000255013,4.50928e-07,0.000800619) 49790.8 11670.5 0.0416665
face centroid = (1.62865,0.250021,4.95473)
subcontact = (1.55484,2.15196e-05,4.71588) 1037.29 (-75.7892,-0.130634,-231.027) 68 -0.000995798 (0.000255019,4.51461e-07,0.000800641) 49789.9 11670.8 0.0208333
face centroid = (1.62733,0.250021,4.95603)
subcontact = (1.55484,0.500022,4.71588) 2073.36 (-151.73,-0.261266,-462.511) 67 -0.000995212 (0.000255273,4.51459e-07,0.000801433) 49760.6 11682.3 0.0416667
face centroid = (1.62733,0.250021,4.95603)
subcontact = (1.70247,0.50002,5.19359) 2405.9 (-73.8465,0.10787,-225.069) 66 -0.00230966 (0.000248465,-3.72807e-07,0.000779998) 115483 11370 0.0208333
face centroid = (1.62733,0.250021,4.95603)
subcontact = (1.70246,1.9728e-05,5.19359) 4813.02 (-147.541,0.215739,-449.681) 65 -0.00231025 (0.000248211,-3.72805e-07,0.000779206) 115512 11358.4 0.0416667
face centroid = (1.62733,0.250021,4.95603)
contact = 9 1 9 8 (0.824996,0.250022,5.13518) (0.989024,3.17513e-07,-0.147753)
subcontact = (0.860439,2.12229e-05,5.38292) 2936.15 (-22.6916,0.156967,-140.283) 64 -0.00281872 (7.54937e-05,-5.42486e-07,0.000485277) 140938 6821.23 0.020833
face centroid = (0.826351,0.250022,5.13472)
subcontact = (0.86044,0.500021,5.38292) 5871.05 (-45.5102,0.313937,-281.342) 63 -0.00281811 (7.57038e-05,-5.42493e-07,0.000486619) 140907 6840.1 0.041666
face centroid = (0.826351,0.250022,5.13472)
subcontact = (0.789362,0.500023,4.888) 281.433 (-19.0556,-0.179574,-118.541) 62 -0.000270172 (8.02642e-05,8.06843e-07,0.000516088) 13509 5763.12 0.020833
face centroid = (0.826351,0.250022,5.13472)
subcontact = (0.789361,2.28785e-05,4.888) 564.119 (-38.1579,-0.360496,-237.358) 61 -0.000270774 (8.00541e-05,8.0685e-07,0.000514746) 13539.1 5769.82 0.041666
face centroid = (0.826351,0.250022,5.13472)
subcontact = (0.789552,2.20699e-05,4.88744) 281.584 (-18.9998,-0.179757,-118.2) 60 -0.00027032 (8.00569e-05,8.07469e-07,0.000514764) 13516.1 5746.45 0.0208333
face centroid = (0.824901,0.250022,5.13546)
subcontact = (0.789552,0.500022,4.88744) 561.915 (-37.9526,-0.358151,-236.123) 59 -0.000269718 (8.0267e-05,8.07464e-07,0.000516107) 13486 5739.7 0.0416667
face centroid = (0.824901,0.250022,5.13546)
subcontact = (0.863151,0.500022,5.382) 2935.07 (-22.7562,0.156796,-140.678) 58 -0.00281767 (7.57066e-05,-5.41885e-07,0.000486637) 140884 6840.32 0.0208333
face centroid = (0.824901,0.250022,5.13546)
subcontact = (0.863151,2.17638e-05,5.382) 5871.4 (-45.3853,0.313589,-280.58) 57 -0.00281827 (7.54965e-05,-5.4188e-07,0.000485295) 140914 6821.45 0.0416667
face centroid = (0.824901,0.250022,5.13546)
contact = 10 1 10 9 (0.00309456,0.250022,5.3167) (0.999989,9.17784e-08,-0.00462899)
subcontact = (0.00216583,2.24747e-05,5.44167) 3139.07 (-0.106568,-0.0221715,19.1949) 56 -0.00301352 (3.06497e-08,7.66272e-08,-6.63297e-05) 150690 921.458 0.0208313
face centroid = (0.00292045,0.250021,5.19174)
subcontact = (0.00216626,0.500022,5.44167) 6277.44 (-0.215627,-0.0443368,37.141) 55 -0.00301318 (3.77964e-08,7.66165e-08,-6.41718e-05) 150673 891.486 0.0416626
face centroid = (0.00292045,0.250021,5.19174)
subcontact = (0.00683888,0.500023,4.94169) 0 (0,0,0) 54 0.0061793 (1.88828e-07,2.22796e-06,-3.11358e-05) 0 0 0.0208313
face centroid = (0.00292045,0.250021,5.19174)
subcontact = (0.00683845,2.27161e-05,4.94169) 0 (0,0,0) 53 0.00617896 (1.81681e-07,2.22797e-06,-3.32937e-05) 0 0 0.0416626
face centroid = (0.00292045,0.250021,5.19174)
subcontact = (0.000660376,2.04884e-05,4.94175) 0 (0,0,0) 52 0.00617677 (1.8164e-07,2.22717e-06,-3.33029e-05) 0 0 0.0208331
face centroid = (0.00450235,0.250023,5.19168)
subcontact = (0.000660447,0.50002,4.94175) 0 (0,0,0) 51 0.00617714 (1.88787e-07,2.22717e-06,-3.11449e-05) 0 0 0.0416663
face centroid = (0.00450235,0.250023,5.19168)
subcontact = (0.00518052,0.500022,5.44173) 3141.31 (-0.10781,-0.0219331,18.5717) 50 -0.00301566 (3.77479e-08,7.58002e-08,-6.41827e-05) 150784 891.467 0.0208331
face centroid = (0.00450235,0.250023,5.19168)
subcontact = (0.00518045,2.23982e-05,5.44173) 6283.38 (-0.213129,-0.0438698,38.3923) 49 -0.00301603 (3.06005e-08,7.58066e-08,-6.63407e-05) 150803 921.439 0.0416663
face centroid = (0.00450235,0.250023,5.19168)
contact = 11 1 11 10 (-0.818808,0.250021,5.13481) (0.989816,1.39674e-07,0.142351)
subcontact = (-0.855786,2.22906e-05,5.3818) 2923.38 (-23.0404,0.0399993,139.062) 48 -0.00280645 (7.44913e-05,-1.38235e-07,-0.00048142) 140324 6766.05 0.0208331
face centroid = (-0.817457,0.250021,5.13526)
subcontact = (-0.855786,0.500022,5.3818) 5845.6 (-46.0486,0.0799986,277.924) 47 -0.00280589 (7.44386e-05,-1.38235e-07,-0.000481075) 140296 6761.19 0.0416661
face centroid = (-0.817457,0.250021,5.13526)
subcontact = (-0.782036,0.50002,4.88726) 295.595 (-24.0529,-0.0622738,145.464) 46 -0.000283769 (7.78356e-05,2.15224e-07,-0.000503572) 14188.7 7077.19 0.0208331
face centroid = (-0.817457,0.250021,5.13526)
subcontact = (-0.782036,2.03906e-05,4.88727) 592.353 (-48.1381,-0.124548,291.128) 45 -0.000284327 (7.78883e-05,2.15224e-07,-0.000503917) 14216.7 7082.04 0.0416661
face centroid = (-0.817457,0.250021,5.13526)
subcontact = (-0.78183,2.01782e-05,4.88782) 297.144 (-24.0683,-0.0622192,145.559) 44 -0.000285257 (7.78858e-05,2.15032e-07,-0.0005039) 14262.9 7081.7 0.0208333
face centroid = (-0.818911,0.250021,5.13453)
subcontact = (-0.78183,0.50002,4.88782) 593.124 (-48.1043,-0.124438,290.918) 43 -0.000284698 (7.78331e-05,2.15032e-07,-0.000503555) 14235 7076.85 0.0416667
face centroid = (-0.818911,0.250021,5.13453)
subcontact = (-0.853084,0.500022,5.38271) 2923.76 (-23.0235,0.0400561,138.957) 42 -0.00280682 (7.44361e-05,-1.38431e-07,-0.000481058) 140341 6760.86 0.0208333
face centroid = (-0.818911,0.250021,5.13453)
subcontact = (-0.853084,2.24314e-05,5.38271) 5848.69 (-46.0793,0.0801121,278.113) 41 -0.00280738 (7.44888e-05,-1.38431e-07,-0.000481403) 140369 6765.71 0.0416667
face centroid = (-0.818911,0.250021,5.13453)
contact = 12 1 12 11 (-1.62079,0.25002,4.95482) (0.956188,5.51323e-07,0.292752)
subcontact = (-1.69504,2.08165e-05,5.19308) 2383.05 (-77.478,0.0179498,233.873) 40 -0.00228773 (0.000258534,-6.20264e-08,-0.000811269) 114387 11825.9 0.0208332
face centroid = (-1.61982,0.25002,4.95558)
subcontact = (-1.69504,0.500021,5.19308) 4765.08 (-154.919,0.0358994,467.636) 39 -0.00228724 (0.000258473,-6.2026e-08,-0.000811078) 114362 11823.1 0.0416665
face centroid = (-1.61982,0.25002,4.95558)
subcontact = (-1.54725,0.500019,4.71542) 1063.87 (-78.9156,-0.0416664,238.294) 38 -0.00102132 (0.00026337,1.44011e-07,-0.000826593) 51066.2 12049.1 0.0208332
face centroid = (-1.61982,0.25002,4.95558)
subcontact = (-1.54725,1.87101e-05,4.71542) 2128.77 (-157.868,-0.0833326,476.699) 37 -0.00102181 (0.000263432,1.4401e-07,-0.000826784) 51090.6 12051.9 0.0416665
face centroid = (-1.61982,0.25002,4.95558)
subcontact = (-1.54653,1.85705e-05,4.71657) 1064.95 (-78.9322,-0.0416217,238.344) 36 -0.00102236 (0.000263426,1.43854e-07,-0.000826766) 51117.8 12051.6 0.0208333
face centroid = (-1.62114,0.25002,4.95425)
subcontact = (-1.54653,0.500019,4.71656) 2128.89 (-157.828,-0.0832435,476.578) 35 -0.00102187 (0.000263365,1.43854e-07,-0.000826575) 51093.3 12048.8 0.0416667
face centroid = (-1.62114,0.25002,4.95425)
subcontact = (-1.69312,0.500021,5.19459) 2383.11 (-77.4579,0.0179952,233.812) 34 -0.00228779 (0.000258467,-6.2184e-08,-0.00081106) 114389 11822.8 0.0208333
face centroid = (-1.62114,0.25002,4.95425)
subcontact = (-1.69312,2.0883e-05,5.1946) 4767.23 (-154.952,0.0359906,467.735) 33 -0.00228828 (0.000258528,-6.21843e-08,-0.000811252) 114414 11825.6 0.0416667
face centroid = (-1.62114,0.25002,4.95425)
contact = 13 1 13 12 (-2.3856,0.250017,4.65384) (0.897958,1.50823e-06,0.440081)
subcontact = (-2.49585,1.78381e-05,4.87761) 1623.16 (-139.563,-0.0034652,272.179) 32 -0.00155824 (0.000473793,1.19983e-08,-0.000944988) 77911.9 14682 0.0208333
face centroid = (-2.3849,0.250017,4.65478)
subcontact = (-2.49585,0.500018,4.87761) 3245.53 (-279.107,-0.00693081,544.322) 31 -0.00155786 (0.000473761,1.1999e-08,-0.000944925) 77892.9 14681 0.0416666
face centroid = (-2.3849,0.250017,4.65478)
subcontact = (-2.27629,0.500016,4.4284) 2185.97 (-139.53,-0.0240613,272.084) 30 -0.00209854 (0.00047366,8.31771e-08,-0.00094467) 104927 14677.2 0.0208333
face centroid = (-2.3849,0.250017,4.65478)
subcontact = (-2.27629,1.58024e-05,4.4284) 4372.74 (-279.079,-0.0481222,544.205) 29 -0.00209892 (0.000473692,8.31764e-08,-0.000944734) 104946 14678.2 0.0416666
face centroid = (-2.3849,0.250017,4.65478)
subcontact = (-2.27488,1.57239e-05,4.4303) 2184.93 (-139.54,-0.024059,272.104) 28 -0.00209754 (0.000473694,8.31697e-08,-0.000944738) 104877 14678.3 0.0208333
face centroid = (-2.38607,0.250017,4.65301)
subcontact = (-2.27488,0.500016,4.43029) 4369.07 (-279.061,-0.0481182,544.171) 27 -0.00209716 (0.000473662,8.317e-08,-0.000944675) 104858 14677.3 0.0416667
face centroid = (-2.38607,0.250017,4.65301)
subcontact = (-2.49493,0.500018,4.87927) 1621.32 (-139.554,-0.00346363,272.162) 26 -0.00155647 (0.000473763,1.19926e-08,-0.000944929) 77823.5 14681.1 0.0208333
face centroid = (-2.38607,0.250017,4.65301)
subcontact = (-2.49493,1.78308e-05,4.87927) 3243.44 (-279.127,-0.00692704,544.361) 25 -0.00155686 (0.000473795,1.19922e-08,-0.000944992) 77842.6 14682.1 0.0416667
face centroid = (-2.38607,0.250017,4.65301)
contact = 14 1 14 13 (-3.23698,0.500013,4.44166) (0.81805,5.72234e-06,0.575147)
subcontact = (-3.23771,1.3563e-05,4.43981) 819.869 (-184.088,-0.0250919,249.332) 24 -0.000787072 (0.000626157,8.66439e-08,-0.000868999) 39353.7 14876.5 0.0208333
face centroid = (-3.09287,0.250013,4.23737)
subcontact = (-3.23771,0.500014,4.43981) 1639.22 (-368.177,-0.0501808,498.67) 23 -0.000786825 (0.000626161,8.66386e-08,-0.000869009) 39341.3 14876.6 0.0416667
face centroid = (-3.09287,0.250013,4.23737)
subcontact = (-2.95014,0.500012,4.03079) 3468.82 (-180.864,-0.0211885,244.882) 22 -0.00333008 (0.000615125,7.31568e-08,-0.000853542) 166503 14612.7 0.0208333
face centroid = (-3.09287,0.250013,4.23737)
subcontact = (-2.95014,1.18441e-05,4.03079) 6938.15 (-361.726,-0.0423801,489.758) 21 -0.00333032 (0.000615121,7.31621e-08,-0.000853532) 166516 14612.6 0.0416667
face centroid = (-3.09287,0.250013,4.23737)
subcontact = (-2.94805,1.17812e-05,4.0336) 3465 (-180.869,-0.021213,244.887) 20 -0.0033264 (0.000615141,7.32351e-08,-0.00085356) 166322 14613.3 0.0208331
face centroid = (-3.09393,0.250013,4.2353)
subcontact = (-2.94805,0.500012,4.03359) 6929.48 (-361.74,-0.0424226,489.781) 19 -0.00332615 (0.000615145,7.32293e-08,-0.00085357) 166310 14613.4 0.0416661
face centroid = (-3.09393,0.250013,4.2353)
subcontact = (-3.2377,0.500013,4.44115) 815.512 (-184.094,-0.0251095,249.343) 18 -0.000782893 (0.000626182,8.67049e-08,-0.000869037) 39145.1 14877.3 0.0208331
face centroid = (-3.09393,0.250013,4.2353)
subcontact = (-3.2377,1.34779e-05,4.44115) 1631.54 (-368.188,-0.0502224,498.68) 17 -0.00078314 (0.000626177,8.67107e-08,-0.000869027) 39157.4 14877.2 0.0416661
face centroid = (-3.09393,0.250013,4.2353)
contact = 15 7 15 14 (-3.71231,0.25,3.71231) (0.707107,0,0.707107)
contact = 16 1 16 15 (-4.06415,2.09942e-06,2.94115) (0.596206,6.50739e-06,0.802831)
subcontact = (-4.46712,2.80929e-06,3.23716) 0 (0,0,0) 16 0.00326511 (0.000321621,8.44449e-07,-0.000235125) 0 0 0.0208333
face centroid = (-4.26618,0.250002,3.08914)
subcontact = (-4.46712,0.500003,3.23716) 0 (0,0,0) 15 0.00326224 (0.000322127,8.4444e-07,-0.000235508) 0 0 0.0416667
face centroid = (-4.26618,0.250002,3.08914)
subcontact = (-4.06571,0.500002,2.93905) 5440.54 (-100.325,-0.0569711,72.3376) 14 -0.00522294 (0.000344891,1.96945e-07,-0.000252384) 261146 5936.83 0.0208333
face centroid = (-4.26618,0.250002,3.08914)
subcontact = (-4.0657,2.08244e-06,2.93906) 10875.1 (-200.358,-0.113947,144.451) 13 -0.00522006 (0.000344385,1.96954e-07,-0.000252001) 261002 5928.03 0.0416667
face centroid = (-4.26618,0.250002,3.08914)
subcontact = (-4.06297,1.88542e-06,2.94352) 5429.21 (-100.17,-0.0573446,72.219) 12 -0.00521211 (0.000344359,1.98244e-07,-0.000251982) 260640 5928.34 0.0208303
face centroid = (-4.26641,0.250002,3.08811)
subcontact = (-4.06297,0.500002,2.94352) 10864.4 (-200.631,-0.114684,144.662) 11 -0.00521498 (0.000344865,1.98234e-07,-0.000252364) 260783 5937.15 0.0416607
face centroid = (-4.26641,0.250002,3.08811)
subcontact = (-4.46939,0.500002,3.23477) 0 (0,0,0) 10 0.00326982 (0.000322103,8.4557e-07,-0.00023549) 0 0 0.0208303
face centroid = (-4.26641,0.250002,3.08811)
subcontact = (-4.46939,1.96664e-06,3.23477) 0 (0,0,0) 9 0.0032727 (0.000321597,8.4558e-07,-0.000235107) 0 0 0.0416607
face centroid = (-4.26641,0.250002,3.08811)
contact = 17 7 17 16 (-4.67778,0.25,2.38345) (0.45399,0,0.891007)
contact = 18 7 18 17 (-4.99305,0.25,1.62234) (0.309017,0,0.951057)
contact = 19 1 19 18 (-5.18752,0.25,0.819077) (0.156434,0,0.987688)
subcontact = (-5.43659,-1.22269e-08,0.855981) 5241.37 (1015.69,0.00346596,-163.541) 8 -0.00503172 (-0.00351093,-1.19802e-08,0.000560695) 251591 49381.9 0.0208329
face centroid = (-5.18536,0.25,0.821281)
subcontact = (-5.43659,0.5,0.855981) 10483.5 (2031.43,0.00693199,-327.09) 7 -0.0050321 (-0.00351103,-1.19803e-08,0.000560709) 251610 49383.3 0.0416658
face centroid = (-5.18536,0.25,0.821281)
subcontact = (-4.94224,0.5,0.780986) 1844.96 (1019.02,-0.0249485,-164.07) 6 -0.00177116 (-0.00352245,8.62244e-08,0.00056252) 88560.1 49543.9 0.0208329
face centroid = (-5.18536,0.25,0.821281)
subcontact = (-4.94224,8.64485e-08,0.780986) 3689.15 (2037.98,-0.0498971,-328.131) 5 -0.00177079 (-0.00352235,8.62245e-08,0.000562506) 88541.4 49542.6 0.0416658
face centroid = (-5.18536,0.25,0.821281)
subcontact = (-4.93844,0,0.782172) 1824.01 (1019.01,-0.0252572,-164.069) 4 -0.00175106 (-0.00352242,8.72851e-08,0.000562517) 87552.7 49542.6 0.0208333
face centroid = (-5.18942,0.25,0.818484)
subcontact = (-4.93844,0.5,0.782172) 3648.81 (2038.08,-0.0505144,-328.146) 3 -0.00175143 (-0.00352252,8.72849e-08,0.000562531) 87571.4 49543.9 0.0416667
face centroid = (-5.18942,0.25,0.818484)
subcontact = (-5.43229,0.5,0.86039) 5221.23 (1015.74,0.00315982,-163.549) 2 -0.00501238 (-0.0035111,-1.09242e-08,0.00056072) 250619 49383.3 0.0208333
face centroid = (-5.18942,0.25,0.818484)
subcontact = (-5.43229,0,0.86039) 10441.7 (2031.42,0.00631953,-327.089) 1 -0.00501201 (-0.003511,-1.0924e-08,0.000560706) 250600 49381.9 0.0416667
face centroid = (-5.18942,0.25,0.818484)
3dec>log off
**********************************************
* Logging ended at Wed Mar 13 14:26:16 2024
**********************************************
**********************************************
* Logging started at Wed Mar 13 14:26:54 2024
* By 3dec Version 7.00 Release 159
* 
* 
* Job Title: 
**********************************************
3dec>log-file 'Displacement_step_1_distance_0.001m.txt'
**********************************************
* Logging ended at Wed Mar 13 14:26:54 2024
**********************************************
**********************************************
* Logging started at Wed Mar 13 14:26:54 2024
* By 3dec Version 7.00 Release 159
* 
* 
* Job Title: 
**********************************************
3dec>@contacts_output
contact = 1 1 1 0 (5.31089,0.250006,0.839969) (0.149411,-4.6716e-07,-0.988775)
subcontact = (5.43229,0,0.86092) 5369.93 (1042.66,0.180052,169.219) 112 -0.00515515 (-0.00360661,-6.22271e-07,-0.000565143) 257763 50704 0.0208328
face centroid = (5.1895,0.25,0.819018)
subcontact = (5.43229,0.5,0.86092) 10740.3 (2084.58,0.360103,338.308) 111 -0.00515538 (-0.00360533,-6.22268e-07,-0.000564933) 257775 50685.9 0.0416656
face centroid = (5.1895,0.25,0.819018)
subcontact = (4.93844,0.5,0.782702) 1668.6 (1042.53,-0.198956,169.193) 110 -0.00160184 (-0.00360615,6.87562e-07,-0.000565062) 80094.7 50697.5 0.0208328
face centroid = (5.1895,0.25,0.819018)
subcontact = (4.93844,0,0.782702) 3336.71 (2085.8,-0.397911,338.516) 109 -0.00160161 (-0.00360744,6.8756e-07,-0.000565272) 80083.1 50715.6 0.0416656
face centroid = (5.1895,0.25,0.819018)
subcontact = (4.94231,-6.8593e-07,0.781666) 1689.95 (1042.9,-0.19848,169.258) 108 -0.00162236 (-0.00360744,6.85929e-07,-0.000565272) 81117.7 50714.4 0.0208333
face centroid = (5.18536,0.25,0.821811)
subcontact = (4.9423,0.499999,0.781665) 3380.36 (2085.06,-0.396961,338.386) 107 -0.00162258 (-0.00360615,6.85931e-07,-0.000565062) 81128.6 50696.3 0.0416667
face centroid = (5.18536,0.25,0.821811)
subcontact = (5.43669,0.500001,0.856371) 5391.81 (1042.29,0.180515,169.154) 106 -0.00517614 (-0.00360532,-6.23879e-07,-0.000564932) 258807 50684.7 0.0208333
face centroid = (5.18536,0.25,0.821811)
subcontact = (5.43669,6.23882e-07,0.856371) 10783.2 (2085.33,0.361031,338.439) 105 -0.00517592 (-0.00360661,-6.23881e-07,-0.000565143) 258796 50702.8 0.0416667
face centroid = (5.18536,0.25,0.821811)
contact = 2 7 2 1 (4.99305,0.25,1.62234) (0.309017,0,-0.951057)
contact = 3 7 3 2 (4.67778,0.25,2.38345) (0.45399,0,-0.891007)
contact = 4 1 4 3 (4.26757,0.250009,3.09013) (0.590624,-0.00170896,-0.806945)
subcontact = (4.47089,2.19985e-07,3.23572) 110.865 (-31.9119,2.21217,-22.1569) 104 -0.000106405 (0.00010929,-7.64527e-06,7.79263e-05) 5321.82 1867.91 0.0208321
face centroid = (4.26901,0.250015,3.08803)
subcontact = (4.47089,0.5,3.23572) 221.37 (-58.6012,4.42418,-40.4913) 103 -0.000106232 (0.000100265,-7.64499e-06,7.13209e-05) 5313.18 1712.9 0.0416643
face centroid = (4.26901,0.250015,3.08803)
subcontact = (4.0643,0.499999,2.94471) 5313.82 (-34.3943,7.03949,-23.9919) 102 -0.00510131 (0.000117876,-2.43288e-05,8.42597e-05) 255078 2041.18 0.0208321
face centroid = (4.26901,0.250015,3.08803)
subcontact = (4.0643,-1.05311e-06,2.94471) 10628 (-74.0112,14.0791,-51.8063) 101 -0.00510149 (0.000126901,-2.43291e-05,9.08651e-05) 255087 2194.49 0.0416643
face centroid = (4.26901,0.250015,3.08803)
subcontact = (4.06718,1.95905e-05,2.9405) 5318.18 (-37.0063,7.04385,-25.9037) 100 -0.00510546 (0.000126913,-2.43436e-05,9.08737e-05) 255273 2194.44 0.0208333
face centroid = (4.26759,0.25,3.09022)
subcontact = (4.06719,0.50002,2.94051) 10635.9 (-68.7898,14.0874,-47.9847) 99 -0.00510525 (0.000117888,-2.43431e-05,8.4268e-05) 255262 2041.14 0.0416666
face centroid = (4.26759,0.25,3.09022)
subcontact = (4.47085,0.50001,3.23556) 114.69 (-29.3009,2.21614,-20.2458) 98 -0.000110102 (0.000100276,-7.65898e-06,7.13289e-05) 5505.14 1712.83 0.0208333
face centroid = (4.26759,0.25,3.09022)
subcontact = (4.47084,9.67596e-06,3.23556) 229.833 (-63.8246,4.43254,-44.3144) 97 -0.000110319 (0.000109301,-7.65945e-06,7.79345e-05) 5516.01 1867.84 0.0416666
face centroid = (4.26759,0.25,3.09022)
contact = 5 1 5 4 (3.90637,1.28194e-05,3.89089) (0.71499,-1.07237e-06,-0.699135)
subcontact = (3.90844,1.00416e-05,3.89021) 243.533 (-117.041,0.527993,-116.392) 96 -0.000233778 (0.00066822,-2.77045e-06,0.000673255) 11690 7923.32 0.0208326
face centroid = (3.73316,0.250015,3.71061)
subcontact = (3.90845,0.50001,3.89021) 485.948 (-233.237,1.05167,-231.982) 95 -0.000233242 (0.000671472,-2.77051e-06,0.000676569) 11663.2 7895.37 0.0416652
face centroid = (3.73316,0.250015,3.71061)
subcontact = (3.55592,0.50002,3.53564) 4580.54 (-195.584,-0.545162,-194.189) 94 -0.00439735 (0.000670966,1.88406e-06,0.000676108) 219874 13229.9 0.0208326
face centroid = (3.73316,0.250015,3.71061)
subcontact = (3.55591,1.99228e-05,3.53564) 9162.2 (-389.282,-1.09036,-386.465) 93 -0.00439788 (0.000667713,1.88412e-06,0.000672795) 219900 13165.4 0.0416652
face centroid = (3.73316,0.250015,3.71061)
subcontact = (3.55837,1.80495e-05,3.53186) 4587.22 (-194.642,-0.54718,-193.234) 92 -0.00440374 (0.000667714,1.891e-06,0.000672796) 220187 13165.1 0.0208333
face centroid = (3.73218,0.250015,3.71292)
subcontact = (3.55837,0.500018,3.53187) 9173.35 (-391.17,-1.09433,-388.382) 91 -0.00440321 (0.000670967,1.89096e-06,0.000676109) 220160 13229.5 0.0416667
face centroid = (3.73218,0.250015,3.71292)
subcontact = (3.90794,0.500013,3.88936) 249.033 (-119.655,0.531199,-118.992) 90 -0.000239073 (0.000671473,-2.76372e-06,0.00067657) 11953.6 8100.01 0.0208333
face centroid = (3.73218,0.250015,3.71292)
subcontact = (3.90794,1.2817e-05,3.88936) 499.163 (-240.144,1.06674,-238.774) 89 -0.000239599 (0.000668221,-2.76368e-06,0.000673256) 11979.9 8127.58 0.0416667
face centroid = (3.73218,0.250015,3.71292)
contact = 6 1 6 5 (3.24414,1.49943e-05,4.44206) (0.818391,-1.68971e-06,-0.574662)
subcontact = (3.24543,1.44483e-05,4.44247) 856.811 (-181.073,0.1644,-246.463) 88 -0.00082254 (0.000616632,-5.68338e-07,0.000858446) 41127.4 14680 0.0208331
face centroid = (3.10181,0.250017,4.23652)
subcontact = (3.24543,0.500014,4.44247) 1712.53 (-362.533,0.328798,-493.444) 87 -0.000822016 (0.000617286,-5.68336e-07,0.000859351) 41101.2 14695.5 0.0416662
face centroid = (3.10181,0.250017,4.23652)
subcontact = (2.95609,0.50002,4.0347) 3416.52 (-179.971,-0.178609,-244.918) 86 -0.00327987 (0.000612843,6.17104e-07,0.000853093) 163995 14588.9 0.0208331
face centroid = (3.10181,0.250017,4.23652)
subcontact = (2.95609,1.95325e-05,4.03469) 6834.13 (-359.556,-0.357217,-489.318) 85 -0.00328039 (0.000612188,6.17102e-07,0.000852189) 164021 14573.4 0.0416662
face centroid = (3.10181,0.250017,4.23652)
subcontact = (2.95815,1.89594e-05,4.03192) 3421.76 (-179.775,-0.178923,-244.656) 84 -0.0032849 (0.00061218,6.18198e-07,0.000852177) 164245 14573 0.0208333
face centroid = (3.10076,0.250017,4.23858)
subcontact = (2.95815,0.500019,4.03192) 6842.44 (-359.937,-0.357846,-489.829) 83 -0.00328438 (0.000612834,6.182e-07,0.000853081) 164219 14588.5 0.0416667
face centroid = (3.10076,0.250017,4.23858)
subcontact = (3.24548,0.500015,4.44112) 860.969 (-181.264,0.164085,-246.718) 82 -0.00082653 (0.000617278,-5.6724e-07,0.000859339) 41326.5 14695.1 0.0208333
face centroid = (3.10076,0.250017,4.23858)
subcontact = (3.24548,1.49915e-05,4.44112) 1723.02 (-362.141,0.328171,-492.919) 81 -0.000827049 (0.000616623,-5.67242e-07,0.000858434) 41352.4 14679.6 0.0416667
face centroid = (3.10076,0.250017,4.23858)
contact = 7 1 7 6 (2.39302,0.250019,4.65475) (0.898631,1.77649e-06,-0.438705)
subcontact = (2.50243,1.69827e-05,4.88013) 1656.09 (-138.986,0.130244,-270.028) 80 -0.00158985 (0.000470428,-4.50125e-07,0.000938265) 79492.4 14577.5 0.0208333
face centroid = (2.39371,0.250019,4.65381)
subcontact = (2.50243,0.500017,4.88014) 3311.01 (-278.24,0.260489,-540.569) 79 -0.00158929 (0.000470878,-4.50127e-07,0.000939158) 79464.4 14591.4 0.0416666
face centroid = (2.39371,0.250019,4.65381)
subcontact = (2.28265,0.500021,4.43103) 2146.64 (-140.041,-0.15851,-272.062) 78 -0.00206078 (0.000473988,5.47814e-07,0.00094534) 103039 14687.5 0.0208333
face centroid = (2.39371,0.250019,4.65381)
subcontact = (2.28265,2.07696e-05,4.43103) 4294.45 (-279.815,-0.317021,-543.612) 77 -0.00206134 (0.000473538,5.47816e-07,0.000944447) 103067 14673.6 0.0416666
face centroid = (2.39371,0.250019,4.65381)
subcontact = (2.28403,2.02247e-05,4.42915) 2149.26 (-139.908,-0.158757,-271.808) 76 -0.0020633 (0.000473541,5.48664e-07,0.000944453) 103165 14673.7 0.0208333
face centroid = (2.39254,0.250019,4.65558)
subcontact = (2.28403,0.50002,4.42915) 4297.37 (-280.084,-0.317512,-544.129) 75 -0.00206274 (0.000473991,5.48661e-07,0.000945346) 103137 14687.6 0.0416667
face centroid = (2.39254,0.250019,4.65558)
subcontact = (2.50339,0.500017,4.87847) 1657.55 (-139.121,0.13,-270.286) 74 -0.00159125 (0.000470881,-4.49283e-07,0.000939163) 79562.3 14591.5 0.0208333
face centroid = (2.39254,0.250019,4.65558)
subcontact = (2.50338,1.74345e-05,4.87846) 3316.26 (-277.974,0.26,-540.059) 73 -0.00159181 (0.000470431,-4.4928e-07,0.000938271) 79590.2 14577.6 0.0416667
face centroid = (2.39254,0.250019,4.65558)
contact = 8 1 8 7 (1.62767,0.250021,4.95548) (0.955417,2.48082e-07,-0.295259)
subcontact = (1.70051,1.93548e-05,5.19508) 2406.52 (-73.7684,0.108024,-224.834) 72 -0.00231026 (0.000248204,-3.73335e-07,0.000779185) 115513 11358.1 0.0208333
face centroid = (1.62865,0.250021,4.95473)
subcontact = (1.70051,0.500019,5.19508) 4811.82 (-147.689,0.216049,-450.124) 71 -0.00230968 (0.000248458,-3.73338e-07,0.000779977) 115484 11369.6 0.0416665
face centroid = (1.62865,0.250021,4.95473)
subcontact = (1.55414,0.500022,4.71699) 1036.69 (-75.8628,-0.130477,-231.248) 70 -0.000995228 (0.000255267,4.50925e-07,0.000801411) 49761.5 11682 0.0208333
face centroid = (1.62865,0.250021,4.95473)
subcontact = (1.55414,2.19704e-05,4.71698) 2074.61 (-151.574,-0.260955,-462.04) 69 -0.000995814 (0.000255013,4.50928e-07,0.000800619) 49790.8 11670.5 0.0416665
face centroid = (1.62865,0.250021,4.95473)
subcontact = (1.55484,2.15196e-05,4.71588) 1037.29 (-75.7892,-0.130634,-231.027) 68 -0.000995798 (0.000255019,4.51461e-07,0.000800641) 49789.9 11670.8 0.0208333
face centroid = (1.62733,0.250021,4.95603)
subcontact = (1.55484,0.500022,4.71588) 2073.36 (-151.73,-0.261266,-462.511) 67 -0.000995212 (0.000255273,4.51459e-07,0.000801433) 49760.6 11682.3 0.0416667
face centroid = (1.62733,0.250021,4.95603)
subcontact = (1.70247,0.50002,5.19359) 2405.9 (-73.8465,0.10787,-225.069) 66 -0.00230966 (0.000248465,-3.72807e-07,0.000779998) 115483 11370 0.0208333
face centroid = (1.62733,0.250021,4.95603)
subcontact = (1.70246,1.9728e-05,5.19359) 4813.02 (-147.541,0.215739,-449.681) 65 -0.00231025 (0.000248211,-3.72805e-07,0.000779206) 115512 11358.4 0.0416667
face centroid = (1.62733,0.250021,4.95603)
contact = 9 1 9 8 (0.824996,0.250022,5.13518) (0.989024,3.17513e-07,-0.147753)
subcontact = (0.860439,2.12229e-05,5.38292) 2936.15 (-22.6916,0.156967,-140.283) 64 -0.00281872 (7.54937e-05,-5.42486e-07,0.000485277) 140938 6821.23 0.020833
face centroid = (0.826351,0.250022,5.13472)
subcontact = (0.86044,0.500021,5.38292) 5871.05 (-45.5102,0.313937,-281.342) 63 -0.00281811 (7.57038e-05,-5.42493e-07,0.000486619) 140907 6840.1 0.041666
face centroid = (0.826351,0.250022,5.13472)
subcontact = (0.789362,0.500023,4.888) 281.433 (-19.0556,-0.179574,-118.541) 62 -0.000270172 (8.02642e-05,8.06843e-07,0.000516088) 13509 5763.12 0.020833
face centroid = (0.826351,0.250022,5.13472)
subcontact = (0.789361,2.28785e-05,4.888) 564.119 (-38.1579,-0.360496,-237.358) 61 -0.000270774 (8.00541e-05,8.0685e-07,0.000514746) 13539.1 5769.82 0.041666
face centroid = (0.826351,0.250022,5.13472)
subcontact = (0.789552,2.20699e-05,4.88744) 281.584 (-18.9998,-0.179757,-118.2) 60 -0.00027032 (8.00569e-05,8.07469e-07,0.000514764) 13516.1 5746.45 0.0208333
face centroid = (0.824901,0.250022,5.13546)
subcontact = (0.789552,0.500022,4.88744) 561.915 (-37.9526,-0.358151,-236.123) 59 -0.000269718 (8.0267e-05,8.07464e-07,0.000516107) 13486 5739.7 0.0416667
face centroid = (0.824901,0.250022,5.13546)
subcontact = (0.863151,0.500022,5.382) 2935.07 (-22.7562,0.156796,-140.678) 58 -0.00281767 (7.57066e-05,-5.41885e-07,0.000486637) 140884 6840.32 0.0208333
face centroid = (0.824901,0.250022,5.13546)
subcontact = (0.863151,2.17638e-05,5.382) 5871.4 (-45.3853,0.313589,-280.58) 57 -0.00281827 (7.54965e-05,-5.4188e-07,0.000485295) 140914 6821.45 0.0416667
face centroid = (0.824901,0.250022,5.13546)
contact = 10 1 10 9 (0.00309456,0.250022,5.3167) (0.999989,9.17784e-08,-0.00462899)
subcontact = (0.00216583,2.24747e-05,5.44167) 3139.07 (-0.106568,-0.0221715,19.1949) 56 -0.00301352 (3.06497e-08,7.66272e-08,-6.63297e-05) 150690 921.458 0.0208313
face centroid = (0.00292045,0.250021,5.19174)
subcontact = (0.00216626,0.500022,5.44167) 6277.44 (-0.215627,-0.0443368,37.141) 55 -0.00301318 (3.77964e-08,7.66165e-08,-6.41718e-05) 150673 891.486 0.0416626
face centroid = (0.00292045,0.250021,5.19174)
subcontact = (0.00683888,0.500023,4.94169) 0 (0,0,0) 54 0.0061793 (1.88828e-07,2.22796e-06,-3.11358e-05) 0 0 0.0208313
face centroid = (0.00292045,0.250021,5.19174)
subcontact = (0.00683845,2.27161e-05,4.94169) 0 (0,0,0) 53 0.00617896 (1.81681e-07,2.22797e-06,-3.32937e-05) 0 0 0.0416626
face centroid = (0.00292045,0.250021,5.19174)
subcontact = (0.000660376,2.04884e-05,4.94175) 0 (0,0,0) 52 0.00617677 (1.8164e-07,2.22717e-06,-3.33029e-05) 0 0 0.0208331
face centroid = (0.00450235,0.250023,5.19168)
subcontact = (0.000660447,0.50002,4.94175) 0 (0,0,0) 51 0.00617714 (1.88787e-07,2.22717e-06,-3.11449e-05) 0 0 0.0416663
face centroid = (0.00450235,0.250023,5.19168)
subcontact = (0.00518052,0.500022,5.44173) 3141.31 (-0.10781,-0.0219331,18.5717) 50 -0.00301566 (3.77479e-08,7.58002e-08,-6.41827e-05) 150784 891.467 0.0208331
face centroid = (0.00450235,0.250023,5.19168)
subcontact = (0.00518045,2.23982e-05,5.44173) 6283.38 (-0.213129,-0.0438698,38.3923) 49 -0.00301603 (3.06005e-08,7.58066e-08,-6.63407e-05) 150803 921.439 0.0416663
face centroid = (0.00450235,0.250023,5.19168)
contact = 11 1 11 10 (-0.818808,0.250021,5.13481) (0.989816,1.39674e-07,0.142351)
subcontact = (-0.855786,2.22906e-05,5.3818) 2923.38 (-23.0404,0.0399993,139.062) 48 -0.00280645 (7.44913e-05,-1.38235e-07,-0.00048142) 140324 6766.05 0.0208331
face centroid = (-0.817457,0.250021,5.13526)
subcontact = (-0.855786,0.500022,5.3818) 5845.6 (-46.0486,0.0799986,277.924) 47 -0.00280589 (7.44386e-05,-1.38235e-07,-0.000481075) 140296 6761.19 0.0416661
face centroid = (-0.817457,0.250021,5.13526)
subcontact = (-0.782036,0.50002,4.88726) 295.595 (-24.0529,-0.0622738,145.464) 46 -0.000283769 (7.78356e-05,2.15224e-07,-0.000503572) 14188.7 7077.19 0.0208331
face centroid = (-0.817457,0.250021,5.13526)
subcontact = (-0.782036,2.03906e-05,4.88727) 592.353 (-48.1381,-0.124548,291.128) 45 -0.000284327 (7.78883e-05,2.15224e-07,-0.000503917) 14216.7 7082.04 0.0416661
face centroid = (-0.817457,0.250021,5.13526)
subcontact = (-0.78183,2.01782e-05,4.88782) 297.144 (-24.0683,-0.0622192,145.559) 44 -0.000285257 (7.78858e-05,2.15032e-07,-0.0005039) 14262.9 7081.7 0.0208333
face centroid = (-0.818911,0.250021,5.13453)
subcontact = (-0.78183,0.50002,4.88782) 593.124 (-48.1043,-0.124438,290.918) 43 -0.000284698 (7.78331e-05,2.15032e-07,-0.000503555) 14235 7076.85 0.0416667
face centroid = (-0.818911,0.250021,5.13453)
subcontact = (-0.853084,0.500022,5.38271) 2923.76 (-23.0235,0.0400561,138.957) 42 -0.00280682 (7.44361e-05,-1.38431e-07,-0.000481058) 140341 6760.86 0.0208333
face centroid = (-0.818911,0.250021,5.13453)
subcontact = (-0.853084,2.24314e-05,5.38271) 5848.69 (-46.0793,0.0801121,278.113) 41 -0.00280738 (7.44888e-05,-1.38431e-07,-0.000481403) 140369 6765.71 0.0416667
face centroid = (-0.818911,0.250021,5.13453)
contact = 12 1 12 11 (-1.62079,0.25002,4.95482) (0.956188,5.51323e-07,0.292752)
subcontact = (-1.69504,2.08165e-05,5.19308) 2383.05 (-77.478,0.0179498,233.873) 40 -0.00228773 (0.000258534,-6.20264e-08,-0.000811269) 114387 11825.9 0.0208332
face centroid = (-1.61982,0.25002,4.95558)
subcontact = (-1.69504,0.500021,5.19308) 4765.08 (-154.919,0.0358994,467.636) 39 -0.00228724 (0.000258473,-6.2026e-08,-0.000811078) 114362 11823.1 0.0416665
face centroid = (-1.61982,0.25002,4.95558)
subcontact = (-1.54725,0.500019,4.71542) 1063.87 (-78.9156,-0.0416664,238.294) 38 -0.00102132 (0.00026337,1.44011e-07,-0.000826593) 51066.2 12049.1 0.0208332
face centroid = (-1.61982,0.25002,4.95558)
subcontact = (-1.54725,1.87101e-05,4.71542) 2128.77 (-157.868,-0.0833326,476.699) 37 -0.00102181 (0.000263432,1.4401e-07,-0.000826784) 51090.6 12051.9 0.0416665
face centroid = (-1.61982,0.25002,4.95558)
subcontact = (-1.54653,1.85705e-05,4.71657) 1064.95 (-78.9322,-0.0416217,238.344) 36 -0.00102236 (0.000263426,1.43854e-07,-0.000826766) 51117.8 12051.6 0.0208333
face centroid = (-1.62114,0.25002,4.95425)
subcontact = (-1.54653,0.500019,4.71656) 2128.89 (-157.828,-0.0832435,476.578) 35 -0.00102187 (0.000263365,1.43854e-07,-0.000826575) 51093.3 12048.8 0.0416667
face centroid = (-1.62114,0.25002,4.95425)
subcontact = (-1.69312,0.500021,5.19459) 2383.11 (-77.4579,0.0179952,233.812) 34 -0.00228779 (0.000258467,-6.2184e-08,-0.00081106) 114389 11822.8 0.0208333
face centroid = (-1.62114,0.25002,4.95425)
subcontact = (-1.69312,2.0883e-05,5.1946) 4767.23 (-154.952,0.0359906,467.735) 33 -0.00228828 (0.000258528,-6.21843e-08,-0.000811252) 114414 11825.6 0.0416667
face centroid = (-1.62114,0.25002,4.95425)
contact = 13 1 13 12 (-2.3856,0.250017,4.65384) (0.897958,1.50823e-06,0.440081)
subcontact = (-2.49585,1.78381e-05,4.87761) 1623.16 (-139.563,-0.0034652,272.179) 32 -0.00155824 (0.000473793,1.19983e-08,-0.000944988) 77911.9 14682 0.0208333
face centroid = (-2.3849,0.250017,4.65478)
subcontact = (-2.49585,0.500018,4.87761) 3245.53 (-279.107,-0.00693081,544.322) 31 -0.00155786 (0.000473761,1.1999e-08,-0.000944925) 77892.9 14681 0.0416666
face centroid = (-2.3849,0.250017,4.65478)
subcontact = (-2.27629,0.500016,4.4284) 2185.97 (-139.53,-0.0240613,272.084) 30 -0.00209854 (0.00047366,8.31771e-08,-0.00094467) 104927 14677.2 0.0208333
face centroid = (-2.3849,0.250017,4.65478)
subcontact = (-2.27629,1.58024e-05,4.4284) 4372.74 (-279.079,-0.0481222,544.205) 29 -0.00209892 (0.000473692,8.31764e-08,-0.000944734) 104946 14678.2 0.0416666
face centroid = (-2.3849,0.250017,4.65478)
subcontact = (-2.27488,1.57239e-05,4.4303) 2184.93 (-139.54,-0.024059,272.104) 28 -0.00209754 (0.000473694,8.31697e-08,-0.000944738) 104877 14678.3 0.0208333
face centroid = (-2.38607,0.250017,4.65301)
subcontact = (-2.27488,0.500016,4.43029) 4369.07 (-279.061,-0.0481182,544.171) 27 -0.00209716 (0.000473662,8.317e-08,-0.000944675) 104858 14677.3 0.0416667
face centroid = (-2.38607,0.250017,4.65301)
subcontact = (-2.49493,0.500018,4.87927) 1621.32 (-139.554,-0.00346363,272.162) 26 -0.00155647 (0.000473763,1.19926e-08,-0.000944929) 77823.5 14681.1 0.0208333
face centroid = (-2.38607,0.250017,4.65301)
subcontact = (-2.49493,1.78308e-05,4.87927) 3243.44 (-279.127,-0.00692704,544.361) 25 -0.00155686 (0.000473795,1.19922e-08,-0.000944992) 77842.6 14682.1 0.0416667
face centroid = (-2.38607,0.250017,4.65301)
contact = 14 1 14 13 (-3.23698,0.500013,4.44166) (0.81805,5.72234e-06,0.575147)
subcontact = (-3.23771,1.3563e-05,4.43981) 819.869 (-184.088,-0.0250919,249.332) 24 -0.000787072 (0.000626157,8.66439e-08,-0.000868999) 39353.7 14876.5 0.0208333
face centroid = (-3.09287,0.250013,4.23737)
subcontact = (-3.23771,0.500014,4.43981) 1639.22 (-368.177,-0.0501808,498.67) 23 -0.000786825 (0.000626161,8.66386e-08,-0.000869009) 39341.3 14876.6 0.0416667
face centroid = (-3.09287,0.250013,4.23737)
subcontact = (-2.95014,0.500012,4.03079) 3468.82 (-180.864,-0.0211885,244.882) 22 -0.00333008 (0.000615125,7.31568e-08,-0.000853542) 166503 14612.7 0.0208333
face centroid = (-3.09287,0.250013,4.23737)
subcontact = (-2.95014,1.18441e-05,4.03079) 6938.15 (-361.726,-0.0423801,489.758) 21 -0.00333032 (0.000615121,7.31621e-08,-0.000853532) 166516 14612.6 0.0416667
face centroid = (-3.09287,0.250013,4.23737)
subcontact = (-2.94805,1.17812e-05,4.0336) 3465 (-180.869,-0.021213,244.887) 20 -0.0033264 (0.000615141,7.32351e-08,-0.00085356) 166322 14613.3 0.0208331
face centroid = (-3.09393,0.250013,4.2353)
subcontact = (-2.94805,0.500012,4.03359) 6929.48 (-361.74,-0.0424226,489.781) 19 -0.00332615 (0.000615145,7.32293e-08,-0.00085357) 166310 14613.4 0.0416661
face centroid = (-3.09393,0.250013,4.2353)
subcontact = (-3.2377,0.500013,4.44115) 815.512 (-184.094,-0.0251095,249.343) 18 -0.000782893 (0.000626182,8.67049e-08,-0.000869037) 39145.1 14877.3 0.0208331
face centroid = (-3.09393,0.250013,4.2353)
subcontact = (-3.2377,1.34779e-05,4.44115) 1631.54 (-368.188,-0.0502224,498.68) 17 -0.00078314 (0.000626177,8.67107e-08,-0.000869027) 39157.4 14877.2 0.0416661
face centroid = (-3.09393,0.250013,4.2353)
contact = 15 7 15 14 (-3.71231,0.25,3.71231) (0.707107,0,0.707107)
contact = 16 1 16 15 (-4.06415,2.09942e-06,2.94115) (0.596206,6.50739e-06,0.802831)
subcontact = (-4.46712,2.80929e-06,3.23716) 0 (0,0,0) 16 0.00326511 (0.000321621,8.44449e-07,-0.000235125) 0 0 0.0208333
face centroid = (-4.26618,0.250002,3.08914)
subcontact = (-4.46712,0.500003,3.23716) 0 (0,0,0) 15 0.00326224 (0.000322127,8.4444e-07,-0.000235508) 0 0 0.0416667
face centroid = (-4.26618,0.250002,3.08914)
subcontact = (-4.06571,0.500002,2.93905) 5440.54 (-100.325,-0.0569711,72.3376) 14 -0.00522294 (0.000344891,1.96945e-07,-0.000252384) 261146 5936.83 0.0208333
face centroid = (-4.26618,0.250002,3.08914)
subcontact = (-4.0657,2.08244e-06,2.93906) 10875.1 (-200.358,-0.113947,144.451) 13 -0.00522006 (0.000344385,1.96954e-07,-0.000252001) 261002 5928.03 0.0416667
face centroid = (-4.26618,0.250002,3.08914)
subcontact = (-4.06297,1.88542e-06,2.94352) 5429.21 (-100.17,-0.0573446,72.219) 12 -0.00521211 (0.000344359,1.98244e-07,-0.000251982) 260640 5928.34 0.0208303
face centroid = (-4.26641,0.250002,3.08811)
subcontact = (-4.06297,0.500002,2.94352) 10864.4 (-200.631,-0.114684,144.662) 11 -0.00521498 (0.000344865,1.98234e-07,-0.000252364) 260783 5937.15 0.0416607
face centroid = (-4.26641,0.250002,3.08811)
subcontact = (-4.46939,0.500002,3.23477) 0 (0,0,0) 10 0.00326982 (0.000322103,8.4557e-07,-0.00023549) 0 0 0.0208303
face centroid = (-4.26641,0.250002,3.08811)
subcontact = (-4.46939,1.96664e-06,3.23477) 0 (0,0,0) 9 0.0032727 (0.000321597,8.4558e-07,-0.000235107) 0 0 0.0416607
face centroid = (-4.26641,0.250002,3.08811)
contact = 17 7 17 16 (-4.67778,0.25,2.38345) (0.45399,0,0.891007)
contact = 18 7 18 17 (-4.99305,0.25,1.62234) (0.309017,0,0.951057)
contact = 19 1 19 18 (-5.18752,0.25,0.819077) (0.156434,0,0.987688)
subcontact = (-5.43659,-1.22269e-08,0.855981) 5241.37 (1015.69,0.00346596,-163.541) 8 -0.00503172 (-0.00351093,-1.19802e-08,0.000560695) 251591 49381.9 0.0208329
face centroid = (-5.18536,0.25,0.821281)
subcontact = (-5.43659,0.5,0.855981) 10483.5 (2031.43,0.00693199,-327.09) 7 -0.0050321 (-0.00351103,-1.19803e-08,0.000560709) 251610 49383.3 0.0416658
face centroid = (-5.18536,0.25,0.821281)
subcontact = (-4.94224,0.5,0.780986) 1844.96 (1019.02,-0.0249485,-164.07) 6 -0.00177116 (-0.00352245,8.62244e-08,0.00056252) 88560.1 49543.9 0.0208329
face centroid = (-5.18536,0.25,0.821281)
subcontact = (-4.94224,8.64485e-08,0.780986) 3689.15 (2037.98,-0.0498971,-328.131) 5 -0.00177079 (-0.00352235,8.62245e-08,0.000562506) 88541.4 49542.6 0.0416658
face centroid = (-5.18536,0.25,0.821281)
subcontact = (-4.93844,0,0.782172) 1824.01 (1019.01,-0.0252572,-164.069) 4 -0.00175106 (-0.00352242,8.72851e-08,0.000562517) 87552.7 49542.6 0.0208333
face centroid = (-5.18942,0.25,0.818484)
subcontact = (-4.93844,0.5,0.782172) 3648.81 (2038.08,-0.0505144,-328.146) 3 -0.00175143 (-0.00352252,8.72849e-08,0.000562531) 87571.4 49543.9 0.0416667
face centroid = (-5.18942,0.25,0.818484)
subcontact = (-5.43229,0.5,0.86039) 5221.23 (1015.74,0.00315982,-163.549) 2 -0.00501238 (-0.0035111,-1.09242e-08,0.00056072) 250619 49383.3 0.0208333
face centroid = (-5.18942,0.25,0.818484)
subcontact = (-5.43229,0,0.86039) 10441.7 (2031.42,0.00631953,-327.089) 1 -0.00501201 (-0.003511,-1.0924e-08,0.000560706) 250600 49381.9 0.0416667
face centroid = (-5.18942,0.25,0.818484)
3dec>log off
**********************************************
* Logging ended at Wed Mar 13 14:26:54 2024
**********************************************
**********************************************
* Logging started at Wed Mar 13 14:27:14 2024
* By 3dec Version 7.00 Release 159
* 
* 
* Job Title: 
**********************************************
3dec>log-file 'Displacement_step_1_distance_0.001m.txt'
**********************************************
* Logging ended at Wed Mar 13 14:27:14 2024
**********************************************
**********************************************
* Logging started at Wed Mar 13 14:27:15 2024
* By 3dec Version 7.00 Release 159
* 
* 
* Job Title: 
**********************************************
3dec>@contacts_output
contact = 1 1 1 0 (5.31089,0.250006,0.839969) (0.149411,-4.6716e-07,-0.988775)
subcontact = (5.43229,0,0.86092) 5369.93 (1042.66,0.180052,169.219) 112 -0.00515515 (-0.00360661,-6.22271e-07,-0.000565143) 257763 50704 0.0208328
face centroid = (5.1895,0.25,0.819018)
subcontact = (5.43229,0.5,0.86092) 10740.3 (2084.58,0.360103,338.308) 111 -0.00515538 (-0.00360533,-6.22268e-07,-0.000564933) 257775 50685.9 0.0416656
face centroid = (5.1895,0.25,0.819018)
subcontact = (4.93844,0.5,0.782702) 1668.6 (1042.53,-0.198956,169.193) 110 -0.00160184 (-0.00360615,6.87562e-07,-0.000565062) 80094.7 50697.5 0.0208328
face centroid = (5.1895,0.25,0.819018)
subcontact = (4.93844,0,0.782702) 3336.71 (2085.8,-0.397911,338.516) 109 -0.00160161 (-0.00360744,6.8756e-07,-0.000565272) 80083.1 50715.6 0.0416656
face centroid = (5.1895,0.25,0.819018)
subcontact = (4.94231,-6.8593e-07,0.781666) 1689.95 (1042.9,-0.19848,169.258) 108 -0.00162236 (-0.00360744,6.85929e-07,-0.000565272) 81117.7 50714.4 0.0208333
face centroid = (5.18536,0.25,0.821811)
subcontact = (4.9423,0.499999,0.781665) 3380.36 (2085.06,-0.396961,338.386) 107 -0.00162258 (-0.00360615,6.85931e-07,-0.000565062) 81128.6 50696.3 0.0416667
face centroid = (5.18536,0.25,0.821811)
subcontact = (5.43669,0.500001,0.856371) 5391.81 (1042.29,0.180515,169.154) 106 -0.00517614 (-0.00360532,-6.23879e-07,-0.000564932) 258807 50684.7 0.0208333
face centroid = (5.18536,0.25,0.821811)
subcontact = (5.43669,6.23882e-07,0.856371) 10783.2 (2085.33,0.361031,338.439) 105 -0.00517592 (-0.00360661,-6.23881e-07,-0.000565143) 258796 50702.8 0.0416667
face centroid = (5.18536,0.25,0.821811)
contact = 2 7 2 1 (4.99305,0.25,1.62234) (0.309017,0,-0.951057)
contact = 3 7 3 2 (4.67778,0.25,2.38345) (0.45399,0,-0.891007)
contact = 4 1 4 3 (4.26757,0.250009,3.09013) (0.590624,-0.00170896,-0.806945)
subcontact = (4.47089,2.19985e-07,3.23572) 110.865 (-31.9119,2.21217,-22.1569) 104 -0.000106405 (0.00010929,-7.64527e-06,7.79263e-05) 5321.82 1867.91 0.0208321
face centroid = (4.26901,0.250015,3.08803)
subcontact = (4.47089,0.5,3.23572) 221.37 (-58.6012,4.42418,-40.4913) 103 -0.000106232 (0.000100265,-7.64499e-06,7.13209e-05) 5313.18 1712.9 0.0416643
face centroid = (4.26901,0.250015,3.08803)
subcontact = (4.0643,0.499999,2.94471) 5313.82 (-34.3943,7.03949,-23.9919) 102 -0.00510131 (0.000117876,-2.43288e-05,8.42597e-05) 255078 2041.18 0.0208321
face centroid = (4.26901,0.250015,3.08803)
subcontact = (4.0643,-1.05311e-06,2.94471) 10628 (-74.0112,14.0791,-51.8063) 101 -0.00510149 (0.000126901,-2.43291e-05,9.08651e-05) 255087 2194.49 0.0416643
face centroid = (4.26901,0.250015,3.08803)
subcontact = (4.06718,1.95905e-05,2.9405) 5318.18 (-37.0063,7.04385,-25.9037) 100 -0.00510546 (0.000126913,-2.43436e-05,9.08737e-05) 255273 2194.44 0.0208333
face centroid = (4.26759,0.25,3.09022)
subcontact = (4.06719,0.50002,2.94051) 10635.9 (-68.7898,14.0874,-47.9847) 99 -0.00510525 (0.000117888,-2.43431e-05,8.4268e-05) 255262 2041.14 0.0416666
face centroid = (4.26759,0.25,3.09022)
subcontact = (4.47085,0.50001,3.23556) 114.69 (-29.3009,2.21614,-20.2458) 98 -0.000110102 (0.000100276,-7.65898e-06,7.13289e-05) 5505.14 1712.83 0.0208333
face centroid = (4.26759,0.25,3.09022)
subcontact = (4.47084,9.67596e-06,3.23556) 229.833 (-63.8246,4.43254,-44.3144) 97 -0.000110319 (0.000109301,-7.65945e-06,7.79345e-05) 5516.01 1867.84 0.0416666
face centroid = (4.26759,0.25,3.09022)
contact = 5 1 5 4 (3.90637,1.28194e-05,3.89089) (0.71499,-1.07237e-06,-0.699135)
subcontact = (3.90844,1.00416e-05,3.89021) 243.533 (-117.041,0.527993,-116.392) 96 -0.000233778 (0.00066822,-2.77045e-06,0.000673255) 11690 7923.32 0.0208326
face centroid = (3.73316,0.250015,3.71061)
subcontact = (3.90845,0.50001,3.89021) 485.948 (-233.237,1.05167,-231.982) 95 -0.000233242 (0.000671472,-2.77051e-06,0.000676569) 11663.2 7895.37 0.0416652
face centroid = (3.73316,0.250015,3.71061)
subcontact = (3.55592,0.50002,3.53564) 4580.54 (-195.584,-0.545162,-194.189) 94 -0.00439735 (0.000670966,1.88406e-06,0.000676108) 219874 13229.9 0.0208326
face centroid = (3.73316,0.250015,3.71061)
subcontact = (3.55591,1.99228e-05,3.53564) 9162.2 (-389.282,-1.09036,-386.465) 93 -0.00439788 (0.000667713,1.88412e-06,0.000672795) 219900 13165.4 0.0416652
face centroid = (3.73316,0.250015,3.71061)
subcontact = (3.55837,1.80495e-05,3.53186) 4587.22 (-194.642,-0.54718,-193.234) 92 -0.00440374 (0.000667714,1.891e-06,0.000672796) 220187 13165.1 0.0208333
face centroid = (3.73218,0.250015,3.71292)
subcontact = (3.55837,0.500018,3.53187) 9173.35 (-391.17,-1.09433,-388.382) 91 -0.00440321 (0.000670967,1.89096e-06,0.000676109) 220160 13229.5 0.0416667
face centroid = (3.73218,0.250015,3.71292)
subcontact = (3.90794,0.500013,3.88936) 249.033 (-119.655,0.531199,-118.992) 90 -0.000239073 (0.000671473,-2.76372e-06,0.00067657) 11953.6 8100.01 0.0208333
face centroid = (3.73218,0.250015,3.71292)
subcontact = (3.90794,1.2817e-05,3.88936) 499.163 (-240.144,1.06674,-238.774) 89 -0.000239599 (0.000668221,-2.76368e-06,0.000673256) 11979.9 8127.58 0.0416667
face centroid = (3.73218,0.250015,3.71292)
contact = 6 1 6 5 (3.24414,1.49943e-05,4.44206) (0.818391,-1.68971e-06,-0.574662)
subcontact = (3.24543,1.44483e-05,4.44247) 856.811 (-181.073,0.1644,-246.463) 88 -0.00082254 (0.000616632,-5.68338e-07,0.000858446) 41127.4 14680 0.0208331
face centroid = (3.10181,0.250017,4.23652)
subcontact = (3.24543,0.500014,4.44247) 1712.53 (-362.533,0.328798,-493.444) 87 -0.000822016 (0.000617286,-5.68336e-07,0.000859351) 41101.2 14695.5 0.0416662
face centroid = (3.10181,0.250017,4.23652)
subcontact = (2.95609,0.50002,4.0347) 3416.52 (-179.971,-0.178609,-244.918) 86 -0.00327987 (0.000612843,6.17104e-07,0.000853093) 163995 14588.9 0.0208331
face centroid = (3.10181,0.250017,4.23652)
subcontact = (2.95609,1.95325e-05,4.03469) 6834.13 (-359.556,-0.357217,-489.318) 85 -0.00328039 (0.000612188,6.17102e-07,0.000852189) 164021 14573.4 0.0416662
face centroid = (3.10181,0.250017,4.23652)
subcontact = (2.95815,1.89594e-05,4.03192) 3421.76 (-179.775,-0.178923,-244.656) 84 -0.0032849 (0.00061218,6.18198e-07,0.000852177) 164245 14573 0.0208333
face centroid = (3.10076,0.250017,4.23858)
subcontact = (2.95815,0.500019,4.03192) 6842.44 (-359.937,-0.357846,-489.829) 83 -0.00328438 (0.000612834,6.182e-07,0.000853081) 164219 14588.5 0.0416667
face centroid = (3.10076,0.250017,4.23858)
subcontact = (3.24548,0.500015,4.44112) 860.969 (-181.264,0.164085,-246.718) 82 -0.00082653 (0.000617278,-5.6724e-07,0.000859339) 41326.5 14695.1 0.0208333
face centroid = (3.10076,0.250017,4.23858)
subcontact = (3.24548,1.49915e-05,4.44112) 1723.02 (-362.141,0.328171,-492.919) 81 -0.000827049 (0.000616623,-5.67242e-07,0.000858434) 41352.4 14679.6 0.0416667
face centroid = (3.10076,0.250017,4.23858)
contact = 7 1 7 6 (2.39302,0.250019,4.65475) (0.898631,1.77649e-06,-0.438705)
subcontact = (2.50243,1.69827e-05,4.88013) 1656.09 (-138.986,0.130244,-270.028) 80 -0.00158985 (0.000470428,-4.50125e-07,0.000938265) 79492.4 14577.5 0.0208333
face centroid = (2.39371,0.250019,4.65381)
subcontact = (2.50243,0.500017,4.88014) 3311.01 (-278.24,0.260489,-540.569) 79 -0.00158929 (0.000470878,-4.50127e-07,0.000939158) 79464.4 14591.4 0.0416666
face centroid = (2.39371,0.250019,4.65381)
subcontact = (2.28265,0.500021,4.43103) 2146.64 (-140.041,-0.15851,-272.062) 78 -0.00206078 (0.000473988,5.47814e-07,0.00094534) 103039 14687.5 0.0208333
face centroid = (2.39371,0.250019,4.65381)
subcontact = (2.28265,2.07696e-05,4.43103) 4294.45 (-279.815,-0.317021,-543.612) 77 -0.00206134 (0.000473538,5.47816e-07,0.000944447) 103067 14673.6 0.0416666
face centroid = (2.39371,0.250019,4.65381)
subcontact = (2.28403,2.02247e-05,4.42915) 2149.26 (-139.908,-0.158757,-271.808) 76 -0.0020633 (0.000473541,5.48664e-07,0.000944453) 103165 14673.7 0.0208333
face centroid = (2.39254,0.250019,4.65558)
subcontact = (2.28403,0.50002,4.42915) 4297.37 (-280.084,-0.317512,-544.129) 75 -0.00206274 (0.000473991,5.48661e-07,0.000945346) 103137 14687.6 0.0416667
face centroid = (2.39254,0.250019,4.65558)
subcontact = (2.50339,0.500017,4.87847) 1657.55 (-139.121,0.13,-270.286) 74 -0.00159125 (0.000470881,-4.49283e-07,0.000939163) 79562.3 14591.5 0.0208333
face centroid = (2.39254,0.250019,4.65558)
subcontact = (2.50338,1.74345e-05,4.87846) 3316.26 (-277.974,0.26,-540.059) 73 -0.00159181 (0.000470431,-4.4928e-07,0.000938271) 79590.2 14577.6 0.0416667
face centroid = (2.39254,0.250019,4.65558)
contact = 8 1 8 7 (1.62767,0.250021,4.95548) (0.955417,2.48082e-07,-0.295259)
subcontact = (1.70051,1.93548e-05,5.19508) 2406.52 (-73.7684,0.108024,-224.834) 72 -0.00231026 (0.000248204,-3.73335e-07,0.000779185) 115513 11358.1 0.0208333
face centroid = (1.62865,0.250021,4.95473)
subcontact = (1.70051,0.500019,5.19508) 4811.82 (-147.689,0.216049,-450.124) 71 -0.00230968 (0.000248458,-3.73338e-07,0.000779977) 115484 11369.6 0.0416665
face centroid = (1.62865,0.250021,4.95473)
subcontact = (1.55414,0.500022,4.71699) 1036.69 (-75.8628,-0.130477,-231.248) 70 -0.000995228 (0.000255267,4.50925e-07,0.000801411) 49761.5 11682 0.0208333
face centroid = (1.62865,0.250021,4.95473)
subcontact = (1.55414,2.19704e-05,4.71698) 2074.61 (-151.574,-0.260955,-462.04) 69 -0.000995814 (0.000255013,4.50928e-07,0.000800619) 49790.8 11670.5 0.0416665
face centroid = (1.62865,0.250021,4.95473)
subcontact = (1.55484,2.15196e-05,4.71588) 1037.29 (-75.7892,-0.130634,-231.027) 68 -0.000995798 (0.000255019,4.51461e-07,0.000800641) 49789.9 11670.8 0.0208333
face centroid = (1.62733,0.250021,4.95603)
subcontact = (1.55484,0.500022,4.71588) 2073.36 (-151.73,-0.261266,-462.511) 67 -0.000995212 (0.000255273,4.51459e-07,0.000801433) 49760.6 11682.3 0.0416667
face centroid = (1.62733,0.250021,4.95603)
subcontact = (1.70247,0.50002,5.19359) 2405.9 (-73.8465,0.10787,-225.069) 66 -0.00230966 (0.000248465,-3.72807e-07,0.000779998) 115483 11370 0.0208333
face centroid = (1.62733,0.250021,4.95603)
subcontact = (1.70246,1.9728e-05,5.19359) 4813.02 (-147.541,0.215739,-449.681) 65 -0.00231025 (0.000248211,-3.72805e-07,0.000779206) 115512 11358.4 0.0416667
face centroid = (1.62733,0.250021,4.95603)
contact = 9 1 9 8 (0.824996,0.250022,5.13518) (0.989024,3.17513e-07,-0.147753)
subcontact = (0.860439,2.12229e-05,5.38292) 2936.15 (-22.6916,0.156967,-140.283) 64 -0.00281872 (7.54937e-05,-5.42486e-07,0.000485277) 140938 6821.23 0.020833
face centroid = (0.826351,0.250022,5.13472)
subcontact = (0.86044,0.500021,5.38292) 5871.05 (-45.5102,0.313937,-281.342) 63 -0.00281811 (7.57038e-05,-5.42493e-07,0.000486619) 140907 6840.1 0.041666
face centroid = (0.826351,0.250022,5.13472)
subcontact = (0.789362,0.500023,4.888) 281.433 (-19.0556,-0.179574,-118.541) 62 -0.000270172 (8.02642e-05,8.06843e-07,0.000516088) 13509 5763.12 0.020833
face centroid = (0.826351,0.250022,5.13472)
subcontact = (0.789361,2.28785e-05,4.888) 564.119 (-38.1579,-0.360496,-237.358) 61 -0.000270774 (8.00541e-05,8.0685e-07,0.000514746) 13539.1 5769.82 0.041666
face centroid = (0.826351,0.250022,5.13472)
subcontact = (0.789552,2.20699e-05,4.88744) 281.584 (-18.9998,-0.179757,-118.2) 60 -0.00027032 (8.00569e-05,8.07469e-07,0.000514764) 13516.1 5746.45 0.0208333
face centroid = (0.824901,0.250022,5.13546)
subcontact = (0.789552,0.500022,4.88744) 561.915 (-37.9526,-0.358151,-236.123) 59 -0.000269718 (8.0267e-05,8.07464e-07,0.000516107) 13486 5739.7 0.0416667
face centroid = (0.824901,0.250022,5.13546)
subcontact = (0.863151,0.500022,5.382) 2935.07 (-22.7562,0.156796,-140.678) 58 -0.00281767 (7.57066e-05,-5.41885e-07,0.000486637) 140884 6840.32 0.0208333
face centroid = (0.824901,0.250022,5.13546)
subcontact = (0.863151,2.17638e-05,5.382) 5871.4 (-45.3853,0.313589,-280.58) 57 -0.00281827 (7.54965e-05,-5.4188e-07,0.000485295) 140914 6821.45 0.0416667
face centroid = (0.824901,0.250022,5.13546)
contact = 10 1 10 9 (0.00309456,0.250022,5.3167) (0.999989,9.17784e-08,-0.00462899)
subcontact = (0.00216583,2.24747e-05,5.44167) 3139.07 (-0.106568,-0.0221715,19.1949) 56 -0.00301352 (3.06497e-08,7.66272e-08,-6.63297e-05) 150690 921.458 0.0208313
face centroid = (0.00292045,0.250021,5.19174)
subcontact = (0.00216626,0.500022,5.44167) 6277.44 (-0.215627,-0.0443368,37.141) 55 -0.00301318 (3.77964e-08,7.66165e-08,-6.41718e-05) 150673 891.486 0.0416626
face centroid = (0.00292045,0.250021,5.19174)
subcontact = (0.00683888,0.500023,4.94169) 0 (0,0,0) 54 0.0061793 (1.88828e-07,2.22796e-06,-3.11358e-05) 0 0 0.0208313
face centroid = (0.00292045,0.250021,5.19174)
subcontact = (0.00683845,2.27161e-05,4.94169) 0 (0,0,0) 53 0.00617896 (1.81681e-07,2.22797e-06,-3.32937e-05) 0 0 0.0416626
face centroid = (0.00292045,0.250021,5.19174)
subcontact = (0.000660376,2.04884e-05,4.94175) 0 (0,0,0) 52 0.00617677 (1.8164e-07,2.22717e-06,-3.33029e-05) 0 0 0.0208331
face centroid = (0.00450235,0.250023,5.19168)
subcontact = (0.000660447,0.50002,4.94175) 0 (0,0,0) 51 0.00617714 (1.88787e-07,2.22717e-06,-3.11449e-05) 0 0 0.0416663
face centroid = (0.00450235,0.250023,5.19168)
subcontact = (0.00518052,0.500022,5.44173) 3141.31 (-0.10781,-0.0219331,18.5717) 50 -0.00301566 (3.77479e-08,7.58002e-08,-6.41827e-05) 150784 891.467 0.0208331
face centroid = (0.00450235,0.250023,5.19168)
subcontact = (0.00518045,2.23982e-05,5.44173) 6283.38 (-0.213129,-0.0438698,38.3923) 49 -0.00301603 (3.06005e-08,7.58066e-08,-6.63407e-05) 150803 921.439 0.0416663
face centroid = (0.00450235,0.250023,5.19168)
contact = 11 1 11 10 (-0.818808,0.250021,5.13481) (0.989816,1.39674e-07,0.142351)
subcontact = (-0.855786,2.22906e-05,5.3818) 2923.38 (-23.0404,0.0399993,139.062) 48 -0.00280645 (7.44913e-05,-1.38235e-07,-0.00048142) 140324 6766.05 0.0208331
face centroid = (-0.817457,0.250021,5.13526)
subcontact = (-0.855786,0.500022,5.3818) 5845.6 (-46.0486,0.0799986,277.924) 47 -0.00280589 (7.44386e-05,-1.38235e-07,-0.000481075) 140296 6761.19 0.0416661
face centroid = (-0.817457,0.250021,5.13526)
subcontact = (-0.782036,0.50002,4.88726) 295.595 (-24.0529,-0.0622738,145.464) 46 -0.000283769 (7.78356e-05,2.15224e-07,-0.000503572) 14188.7 7077.19 0.0208331
face centroid = (-0.817457,0.250021,5.13526)
subcontact = (-0.782036,2.03906e-05,4.88727) 592.353 (-48.1381,-0.124548,291.128) 45 -0.000284327 (7.78883e-05,2.15224e-07,-0.000503917) 14216.7 7082.04 0.0416661
face centroid = (-0.817457,0.250021,5.13526)
subcontact = (-0.78183,2.01782e-05,4.88782) 297.144 (-24.0683,-0.0622192,145.559) 44 -0.000285257 (7.78858e-05,2.15032e-07,-0.0005039) 14262.9 7081.7 0.0208333
face centroid = (-0.818911,0.250021,5.13453)
subcontact = (-0.78183,0.50002,4.88782) 593.124 (-48.1043,-0.124438,290.918) 43 -0.000284698 (7.78331e-05,2.15032e-07,-0.000503555) 14235 7076.85 0.0416667
face centroid = (-0.818911,0.250021,5.13453)
subcontact = (-0.853084,0.500022,5.38271) 2923.76 (-23.0235,0.0400561,138.957) 42 -0.00280682 (7.44361e-05,-1.38431e-07,-0.000481058) 140341 6760.86 0.0208333
face centroid = (-0.818911,0.250021,5.13453)
subcontact = (-0.853084,2.24314e-05,5.38271) 5848.69 (-46.0793,0.0801121,278.113) 41 -0.00280738 (7.44888e-05,-1.38431e-07,-0.000481403) 140369 6765.71 0.0416667
face centroid = (-0.818911,0.250021,5.13453)
contact = 12 1 12 11 (-1.62079,0.25002,4.95482) (0.956188,5.51323e-07,0.292752)
subcontact = (-1.69504,2.08165e-05,5.19308) 2383.05 (-77.478,0.0179498,233.873) 40 -0.00228773 (0.000258534,-6.20264e-08,-0.000811269) 114387 11825.9 0.0208332
face centroid = (-1.61982,0.25002,4.95558)
subcontact = (-1.69504,0.500021,5.19308) 4765.08 (-154.919,0.0358994,467.636) 39 -0.00228724 (0.000258473,-6.2026e-08,-0.000811078) 114362 11823.1 0.0416665
face centroid = (-1.61982,0.25002,4.95558)
subcontact = (-1.54725,0.500019,4.71542) 1063.87 (-78.9156,-0.0416664,238.294) 38 -0.00102132 (0.00026337,1.44011e-07,-0.000826593) 51066.2 12049.1 0.0208332
face centroid = (-1.61982,0.25002,4.95558)
subcontact = (-1.54725,1.87101e-05,4.71542) 2128.77 (-157.868,-0.0833326,476.699) 37 -0.00102181 (0.000263432,1.4401e-07,-0.000826784) 51090.6 12051.9 0.0416665
face centroid = (-1.61982,0.25002,4.95558)
subcontact = (-1.54653,1.85705e-05,4.71657) 1064.95 (-78.9322,-0.0416217,238.344) 36 -0.00102236 (0.000263426,1.43854e-07,-0.000826766) 51117.8 12051.6 0.0208333
face centroid = (-1.62114,0.25002,4.95425)
subcontact = (-1.54653,0.500019,4.71656) 2128.89 (-157.828,-0.0832435,476.578) 35 -0.00102187 (0.000263365,1.43854e-07,-0.000826575) 51093.3 12048.8 0.0416667
face centroid = (-1.62114,0.25002,4.95425)
subcontact = (-1.69312,0.500021,5.19459) 2383.11 (-77.4579,0.0179952,233.812) 34 -0.00228779 (0.000258467,-6.2184e-08,-0.00081106) 114389 11822.8 0.0208333
face centroid = (-1.62114,0.25002,4.95425)
subcontact = (-1.69312,2.0883e-05,5.1946) 4767.23 (-154.952,0.0359906,467.735) 33 -0.00228828 (0.000258528,-6.21843e-08,-0.000811252) 114414 11825.6 0.0416667
face centroid = (-1.62114,0.25002,4.95425)
contact = 13 1 13 12 (-2.3856,0.250017,4.65384) (0.897958,1.50823e-06,0.440081)
subcontact = (-2.49585,1.78381e-05,4.87761) 1623.16 (-139.563,-0.0034652,272.179) 32 -0.00155824 (0.000473793,1.19983e-08,-0.000944988) 77911.9 14682 0.0208333
face centroid = (-2.3849,0.250017,4.65478)
subcontact = (-2.49585,0.500018,4.87761) 3245.53 (-279.107,-0.00693081,544.322) 31 -0.00155786 (0.000473761,1.1999e-08,-0.000944925) 77892.9 14681 0.0416666
face centroid = (-2.3849,0.250017,4.65478)
subcontact = (-2.27629,0.500016,4.4284) 2185.97 (-139.53,-0.0240613,272.084) 30 -0.00209854 (0.00047366,8.31771e-08,-0.00094467) 104927 14677.2 0.0208333
face centroid = (-2.3849,0.250017,4.65478)
subcontact = (-2.27629,1.58024e-05,4.4284) 4372.74 (-279.079,-0.0481222,544.205) 29 -0.00209892 (0.000473692,8.31764e-08,-0.000944734) 104946 14678.2 0.0416666
face centroid = (-2.3849,0.250017,4.65478)
subcontact = (-2.27488,1.57239e-05,4.4303) 2184.93 (-139.54,-0.024059,272.104) 28 -0.00209754 (0.000473694,8.31697e-08,-0.000944738) 104877 14678.3 0.0208333
face centroid = (-2.38607,0.250017,4.65301)
subcontact = (-2.27488,0.500016,4.43029) 4369.07 (-279.061,-0.0481182,544.171) 27 -0.00209716 (0.000473662,8.317e-08,-0.000944675) 104858 14677.3 0.0416667
face centroid = (-2.38607,0.250017,4.65301)
subcontact = (-2.49493,0.500018,4.87927) 1621.32 (-139.554,-0.00346363,272.162) 26 -0.00155647 (0.000473763,1.19926e-08,-0.000944929) 77823.5 14681.1 0.0208333
face centroid = (-2.38607,0.250017,4.65301)
subcontact = (-2.49493,1.78308e-05,4.87927) 3243.44 (-279.127,-0.00692704,544.361) 25 -0.00155686 (0.000473795,1.19922e-08,-0.000944992) 77842.6 14682.1 0.0416667
face centroid = (-2.38607,0.250017,4.65301)
contact = 14 1 14 13 (-3.23698,0.500013,4.44166) (0.81805,5.72234e-06,0.575147)
subcontact = (-3.23771,1.3563e-05,4.43981) 819.869 (-184.088,-0.0250919,249.332) 24 -0.000787072 (0.000626157,8.66439e-08,-0.000868999) 39353.7 14876.5 0.0208333
face centroid = (-3.09287,0.250013,4.23737)
subcontact = (-3.23771,0.500014,4.43981) 1639.22 (-368.177,-0.0501808,498.67) 23 -0.000786825 (0.000626161,8.66386e-08,-0.000869009) 39341.3 14876.6 0.0416667
face centroid = (-3.09287,0.250013,4.23737)
subcontact = (-2.95014,0.500012,4.03079) 3468.82 (-180.864,-0.0211885,244.882) 22 -0.00333008 (0.000615125,7.31568e-08,-0.000853542) 166503 14612.7 0.0208333
face centroid = (-3.09287,0.250013,4.23737)
subcontact = (-2.95014,1.18441e-05,4.03079) 6938.15 (-361.726,-0.0423801,489.758) 21 -0.00333032 (0.000615121,7.31621e-08,-0.000853532) 166516 14612.6 0.0416667
face centroid = (-3.09287,0.250013,4.23737)
subcontact = (-2.94805,1.17812e-05,4.0336) 3465 (-180.869,-0.021213,244.887) 20 -0.0033264 (0.000615141,7.32351e-08,-0.00085356) 166322 14613.3 0.0208331
face centroid = (-3.09393,0.250013,4.2353)
subcontact = (-2.94805,0.500012,4.03359) 6929.48 (-361.74,-0.0424226,489.781) 19 -0.00332615 (0.000615145,7.32293e-08,-0.00085357) 166310 14613.4 0.0416661
face centroid = (-3.09393,0.250013,4.2353)
subcontact = (-3.2377,0.500013,4.44115) 815.512 (-184.094,-0.0251095,249.343) 18 -0.000782893 (0.000626182,8.67049e-08,-0.000869037) 39145.1 14877.3 0.0208331
face centroid = (-3.09393,0.250013,4.2353)
subcontact = (-3.2377,1.34779e-05,4.44115) 1631.54 (-368.188,-0.0502224,498.68) 17 -0.00078314 (0.000626177,8.67107e-08,-0.000869027) 39157.4 14877.2 0.0416661
face centroid = (-3.09393,0.250013,4.2353)
contact = 15 7 15 14 (-3.71231,0.25,3.71231) (0.707107,0,0.707107)
contact = 16 1 16 15 (-4.06415,2.09942e-06,2.94115) (0.596206,6.50739e-06,0.802831)
subcontact = (-4.46712,2.80929e-06,3.23716) 0 (0,0,0) 16 0.00326511 (0.000321621,8.44449e-07,-0.000235125) 0 0 0.0208333
face centroid = (-4.26618,0.250002,3.08914)
subcontact = (-4.46712,0.500003,3.23716) 0 (0,0,0) 15 0.00326224 (0.000322127,8.4444e-07,-0.000235508) 0 0 0.0416667
face centroid = (-4.26618,0.250002,3.08914)
subcontact = (-4.06571,0.500002,2.93905) 5440.54 (-100.325,-0.0569711,72.3376) 14 -0.00522294 (0.000344891,1.96945e-07,-0.000252384) 261146 5936.83 0.0208333
face centroid = (-4.26618,0.250002,3.08914)
subcontact = (-4.0657,2.08244e-06,2.93906) 10875.1 (-200.358,-0.113947,144.451) 13 -0.00522006 (0.000344385,1.96954e-07,-0.000252001) 261002 5928.03 0.0416667
face centroid = (-4.26618,0.250002,3.08914)
subcontact = (-4.06297,1.88542e-06,2.94352) 5429.21 (-100.17,-0.0573446,72.219) 12 -0.00521211 (0.000344359,1.98244e-07,-0.000251982) 260640 5928.34 0.0208303
face centroid = (-4.26641,0.250002,3.08811)
subcontact = (-4.06297,0.500002,2.94352) 10864.4 (-200.631,-0.114684,144.662) 11 -0.00521498 (0.000344865,1.98234e-07,-0.000252364) 260783 5937.15 0.0416607
face centroid = (-4.26641,0.250002,3.08811)
subcontact = (-4.46939,0.500002,3.23477) 0 (0,0,0) 10 0.00326982 (0.000322103,8.4557e-07,-0.00023549) 0 0 0.0208303
face centroid = (-4.26641,0.250002,3.08811)
subcontact = (-4.46939,1.96664e-06,3.23477) 0 (0,0,0) 9 0.0032727 (0.000321597,8.4558e-07,-0.000235107) 0 0 0.0416607
face centroid = (-4.26641,0.250002,3.08811)
contact = 17 7 17 16 (-4.67778,0.25,2.38345) (0.45399,0,0.891007)
contact = 18 7 18 17 (-4.99305,0.25,1.62234) (0.309017,0,0.951057)
contact = 19 1 19 18 (-5.18752,0.25,0.819077) (0.156434,0,0.987688)
subcontact = (-5.43659,-1.22269e-08,0.855981) 5241.37 (1015.69,0.00346596,-163.541) 8 -0.00503172 (-0.00351093,-1.19802e-08,0.000560695) 251591 49381.9 0.0208329
face centroid = (-5.18536,0.25,0.821281)
subcontact = (-5.43659,0.5,0.855981) 10483.5 (2031.43,0.00693199,-327.09) 7 -0.0050321 (-0.00351103,-1.19803e-08,0.000560709) 251610 49383.3 0.0416658
face centroid = (-5.18536,0.25,0.821281)
subcontact = (-4.94224,0.5,0.780986) 1844.96 (1019.02,-0.0249485,-164.07) 6 -0.00177116 (-0.00352245,8.62244e-08,0.00056252) 88560.1 49543.9 0.0208329
face centroid = (-5.18536,0.25,0.821281)
subcontact = (-4.94224,8.64485e-08,0.780986) 3689.15 (2037.98,-0.0498971,-328.131) 5 -0.00177079 (-0.00352235,8.62245e-08,0.000562506) 88541.4 49542.6 0.0416658
face centroid = (-5.18536,0.25,0.821281)
subcontact = (-4.93844,0,0.782172) 1824.01 (1019.01,-0.0252572,-164.069) 4 -0.00175106 (-0.00352242,8.72851e-08,0.000562517) 87552.7 49542.6 0.0208333
face centroid = (-5.18942,0.25,0.818484)
subcontact = (-4.93844,0.5,0.782172) 3648.81 (2038.08,-0.0505144,-328.146) 3 -0.00175143 (-0.00352252,8.72849e-08,0.000562531) 87571.4 49543.9 0.0416667
face centroid = (-5.18942,0.25,0.818484)
subcontact = (-5.43229,0.5,0.86039) 5221.23 (1015.74,0.00315982,-163.549) 2 -0.00501238 (-0.0035111,-1.09242e-08,0.00056072) 250619 49383.3 0.0208333
face centroid = (-5.18942,0.25,0.818484)
subcontact = (-5.43229,0,0.86039) 10441.7 (2031.42,0.00631953,-327.089) 1 -0.00501201 (-0.003511,-1.0924e-08,0.000560706) 250600 49381.9 0.0416667
face centroid = (-5.18942,0.25,0.818484)
3dec>log off
**********************************************
* Logging ended at Wed Mar 13 14:27:15 2024
**********************************************
**********************************************
* Logging started at Wed Mar 13 14:28:14 2024
* By 3dec Version 7.00 Release 159
* 
* 
* Job Title: 
**********************************************
3dec>log-file 'Displacement_step_1_distance_0.001m.txt'
**********************************************
* Logging ended at Wed Mar 13 14:28:14 2024
**********************************************
**********************************************
* Logging started at Wed Mar 13 14:28:14 2024
* By 3dec Version 7.00 Release 159
* 
* 
* Job Title: 
**********************************************
3dec>@contacts_output
contact = 1 1 1 0 (5.31089,0.250006,0.839969) (0.149411,-4.6716e-07,-0.988775)
subcontact = (5.43229,0,0.86092) 5369.93 (1042.66,0.180052,169.219) 112 -0.00515515 (-0.00360661,-6.22271e-07,-0.000565143) 257763 50704 0.0208328
face centroid = (5.1895,0.25,0.819018)
subcontact = (5.43229,0.5,0.86092) 10740.3 (2084.58,0.360103,338.308) 111 -0.00515538 (-0.00360533,-6.22268e-07,-0.000564933) 257775 50685.9 0.0416656
face centroid = (5.1895,0.25,0.819018)
subcontact = (4.93844,0.5,0.782702) 1668.6 (1042.53,-0.198956,169.193) 110 -0.00160184 (-0.00360615,6.87562e-07,-0.000565062) 80094.7 50697.5 0.0208328
face centroid = (5.1895,0.25,0.819018)
subcontact = (4.93844,0,0.782702) 3336.71 (2085.8,-0.397911,338.516) 109 -0.00160161 (-0.00360744,6.8756e-07,-0.000565272) 80083.1 50715.6 0.0416656
face centroid = (5.1895,0.25,0.819018)
subcontact = (4.94231,-6.8593e-07,0.781666) 1689.95 (1042.9,-0.19848,169.258) 108 -0.00162236 (-0.00360744,6.85929e-07,-0.000565272) 81117.7 50714.4 0.0208333
face centroid = (5.18536,0.25,0.821811)
subcontact = (4.9423,0.499999,0.781665) 3380.36 (2085.06,-0.396961,338.386) 107 -0.00162258 (-0.00360615,6.85931e-07,-0.000565062) 81128.6 50696.3 0.0416667
face centroid = (5.18536,0.25,0.821811)
subcontact = (5.43669,0.500001,0.856371) 5391.81 (1042.29,0.180515,169.154) 106 -0.00517614 (-0.00360532,-6.23879e-07,-0.000564932) 258807 50684.7 0.0208333
face centroid = (5.18536,0.25,0.821811)
subcontact = (5.43669,6.23882e-07,0.856371) 10783.2 (2085.33,0.361031,338.439) 105 -0.00517592 (-0.00360661,-6.23881e-07,-0.000565143) 258796 50702.8 0.0416667
face centroid = (5.18536,0.25,0.821811)
contact = 2 7 2 1 (4.99305,0.25,1.62234) (0.309017,0,-0.951057)
contact = 3 7 3 2 (4.67778,0.25,2.38345) (0.45399,0,-0.891007)
contact = 4 1 4 3 (4.26757,0.250009,3.09013) (0.590624,-0.00170896,-0.806945)
subcontact = (4.47089,2.19985e-07,3.23572) 110.865 (-31.9119,2.21217,-22.1569) 104 -0.000106405 (0.00010929,-7.64527e-06,7.79263e-05) 5321.82 1867.91 0.0208321
face centroid = (4.26901,0.250015,3.08803)
subcontact = (4.47089,0.5,3.23572) 221.37 (-58.6012,4.42418,-40.4913) 103 -0.000106232 (0.000100265,-7.64499e-06,7.13209e-05) 5313.18 1712.9 0.0416643
face centroid = (4.26901,0.250015,3.08803)
subcontact = (4.0643,0.499999,2.94471) 5313.82 (-34.3943,7.03949,-23.9919) 102 -0.00510131 (0.000117876,-2.43288e-05,8.42597e-05) 255078 2041.18 0.0208321
face centroid = (4.26901,0.250015,3.08803)
subcontact = (4.0643,-1.05311e-06,2.94471) 10628 (-74.0112,14.0791,-51.8063) 101 -0.00510149 (0.000126901,-2.43291e-05,9.08651e-05) 255087 2194.49 0.0416643
face centroid = (4.26901,0.250015,3.08803)
subcontact = (4.06718,1.95905e-05,2.9405) 5318.18 (-37.0063,7.04385,-25.9037) 100 -0.00510546 (0.000126913,-2.43436e-05,9.08737e-05) 255273 2194.44 0.0208333
face centroid = (4.26759,0.25,3.09022)
subcontact = (4.06719,0.50002,2.94051) 10635.9 (-68.7898,14.0874,-47.9847) 99 -0.00510525 (0.000117888,-2.43431e-05,8.4268e-05) 255262 2041.14 0.0416666
face centroid = (4.26759,0.25,3.09022)
subcontact = (4.47085,0.50001,3.23556) 114.69 (-29.3009,2.21614,-20.2458) 98 -0.000110102 (0.000100276,-7.65898e-06,7.13289e-05) 5505.14 1712.83 0.0208333
face centroid = (4.26759,0.25,3.09022)
subcontact = (4.47084,9.67596e-06,3.23556) 229.833 (-63.8246,4.43254,-44.3144) 97 -0.000110319 (0.000109301,-7.65945e-06,7.79345e-05) 5516.01 1867.84 0.0416666
face centroid = (4.26759,0.25,3.09022)
contact = 5 1 5 4 (3.90637,1.28194e-05,3.89089) (0.71499,-1.07237e-06,-0.699135)
subcontact = (3.90844,1.00416e-05,3.89021) 243.533 (-117.041,0.527993,-116.392) 96 -0.000233778 (0.00066822,-2.77045e-06,0.000673255) 11690 7923.32 0.0208326
face centroid = (3.73316,0.250015,3.71061)
subcontact = (3.90845,0.50001,3.89021) 485.948 (-233.237,1.05167,-231.982) 95 -0.000233242 (0.000671472,-2.77051e-06,0.000676569) 11663.2 7895.37 0.0416652
face centroid = (3.73316,0.250015,3.71061)
subcontact = (3.55592,0.50002,3.53564) 4580.54 (-195.584,-0.545162,-194.189) 94 -0.00439735 (0.000670966,1.88406e-06,0.000676108) 219874 13229.9 0.0208326
face centroid = (3.73316,0.250015,3.71061)
subcontact = (3.55591,1.99228e-05,3.53564) 9162.2 (-389.282,-1.09036,-386.465) 93 -0.00439788 (0.000667713,1.88412e-06,0.000672795) 219900 13165.4 0.0416652
face centroid = (3.73316,0.250015,3.71061)
subcontact = (3.55837,1.80495e-05,3.53186) 4587.22 (-194.642,-0.54718,-193.234) 92 -0.00440374 (0.000667714,1.891e-06,0.000672796) 220187 13165.1 0.0208333
face centroid = (3.73218,0.250015,3.71292)
subcontact = (3.55837,0.500018,3.53187) 9173.35 (-391.17,-1.09433,-388.382) 91 -0.00440321 (0.000670967,1.89096e-06,0.000676109) 220160 13229.5 0.0416667
face centroid = (3.73218,0.250015,3.71292)
subcontact = (3.90794,0.500013,3.88936) 249.033 (-119.655,0.531199,-118.992) 90 -0.000239073 (0.000671473,-2.76372e-06,0.00067657) 11953.6 8100.01 0.0208333
face centroid = (3.73218,0.250015,3.71292)
subcontact = (3.90794,1.2817e-05,3.88936) 499.163 (-240.144,1.06674,-238.774) 89 -0.000239599 (0.000668221,-2.76368e-06,0.000673256) 11979.9 8127.58 0.0416667
face centroid = (3.73218,0.250015,3.71292)
contact = 6 1 6 5 (3.24414,1.49943e-05,4.44206) (0.818391,-1.68971e-06,-0.574662)
subcontact = (3.24543,1.44483e-05,4.44247) 856.811 (-181.073,0.1644,-246.463) 88 -0.00082254 (0.000616632,-5.68338e-07,0.000858446) 41127.4 14680 0.0208331
face centroid = (3.10181,0.250017,4.23652)
subcontact = (3.24543,0.500014,4.44247) 1712.53 (-362.533,0.328798,-493.444) 87 -0.000822016 (0.000617286,-5.68336e-07,0.000859351) 41101.2 14695.5 0.0416662
face centroid = (3.10181,0.250017,4.23652)
subcontact = (2.95609,0.50002,4.0347) 3416.52 (-179.971,-0.178609,-244.918) 86 -0.00327987 (0.000612843,6.17104e-07,0.000853093) 163995 14588.9 0.0208331
face centroid = (3.10181,0.250017,4.23652)
subcontact = (2.95609,1.95325e-05,4.03469) 6834.13 (-359.556,-0.357217,-489.318) 85 -0.00328039 (0.000612188,6.17102e-07,0.000852189) 164021 14573.4 0.0416662
face centroid = (3.10181,0.250017,4.23652)
subcontact = (2.95815,1.89594e-05,4.03192) 3421.76 (-179.775,-0.178923,-244.656) 84 -0.0032849 (0.00061218,6.18198e-07,0.000852177) 164245 14573 0.0208333
face centroid = (3.10076,0.250017,4.23858)
subcontact = (2.95815,0.500019,4.03192) 6842.44 (-359.937,-0.357846,-489.829) 83 -0.00328438 (0.000612834,6.182e-07,0.000853081) 164219 14588.5 0.0416667
face centroid = (3.10076,0.250017,4.23858)
subcontact = (3.24548,0.500015,4.44112) 860.969 (-181.264,0.164085,-246.718) 82 -0.00082653 (0.000617278,-5.6724e-07,0.000859339) 41326.5 14695.1 0.0208333
face centroid = (3.10076,0.250017,4.23858)
subcontact = (3.24548,1.49915e-05,4.44112) 1723.02 (-362.141,0.328171,-492.919) 81 -0.000827049 (0.000616623,-5.67242e-07,0.000858434) 41352.4 14679.6 0.0416667
face centroid = (3.10076,0.250017,4.23858)
contact = 7 1 7 6 (2.39302,0.250019,4.65475) (0.898631,1.77649e-06,-0.438705)
subcontact = (2.50243,1.69827e-05,4.88013) 1656.09 (-138.986,0.130244,-270.028) 80 -0.00158985 (0.000470428,-4.50125e-07,0.000938265) 79492.4 14577.5 0.0208333
face centroid = (2.39371,0.250019,4.65381)
subcontact = (2.50243,0.500017,4.88014) 3311.01 (-278.24,0.260489,-540.569) 79 -0.00158929 (0.000470878,-4.50127e-07,0.000939158) 79464.4 14591.4 0.0416666
face centroid = (2.39371,0.250019,4.65381)
subcontact = (2.28265,0.500021,4.43103) 2146.64 (-140.041,-0.15851,-272.062) 78 -0.00206078 (0.000473988,5.47814e-07,0.00094534) 103039 14687.5 0.0208333
face centroid = (2.39371,0.250019,4.65381)
subcontact = (2.28265,2.07696e-05,4.43103) 4294.45 (-279.815,-0.317021,-543.612) 77 -0.00206134 (0.000473538,5.47816e-07,0.000944447) 103067 14673.6 0.0416666
face centroid = (2.39371,0.250019,4.65381)
subcontact = (2.28403,2.02247e-05,4.42915) 2149.26 (-139.908,-0.158757,-271.808) 76 -0.0020633 (0.000473541,5.48664e-07,0.000944453) 103165 14673.7 0.0208333
face centroid = (2.39254,0.250019,4.65558)
subcontact = (2.28403,0.50002,4.42915) 4297.37 (-280.084,-0.317512,-544.129) 75 -0.00206274 (0.000473991,5.48661e-07,0.000945346) 103137 14687.6 0.0416667
face centroid = (2.39254,0.250019,4.65558)
subcontact = (2.50339,0.500017,4.87847) 1657.55 (-139.121,0.13,-270.286) 74 -0.00159125 (0.000470881,-4.49283e-07,0.000939163) 79562.3 14591.5 0.0208333
face centroid = (2.39254,0.250019,4.65558)
subcontact = (2.50338,1.74345e-05,4.87846) 3316.26 (-277.974,0.26,-540.059) 73 -0.00159181 (0.000470431,-4.4928e-07,0.000938271) 79590.2 14577.6 0.0416667
face centroid = (2.39254,0.250019,4.65558)
contact = 8 1 8 7 (1.62767,0.250021,4.95548) (0.955417,2.48082e-07,-0.295259)
subcontact = (1.70051,1.93548e-05,5.19508) 2406.52 (-73.7684,0.108024,-224.834) 72 -0.00231026 (0.000248204,-3.73335e-07,0.000779185) 115513 11358.1 0.0208333
face centroid = (1.62865,0.250021,4.95473)
subcontact = (1.70051,0.500019,5.19508) 4811.82 (-147.689,0.216049,-450.124) 71 -0.00230968 (0.000248458,-3.73338e-07,0.000779977) 115484 11369.6 0.0416665
face centroid = (1.62865,0.250021,4.95473)
subcontact = (1.55414,0.500022,4.71699) 1036.69 (-75.8628,-0.130477,-231.248) 70 -0.000995228 (0.000255267,4.50925e-07,0.000801411) 49761.5 11682 0.0208333
face centroid = (1.62865,0.250021,4.95473)
subcontact = (1.55414,2.19704e-05,4.71698) 2074.61 (-151.574,-0.260955,-462.04) 69 -0.000995814 (0.000255013,4.50928e-07,0.000800619) 49790.8 11670.5 0.0416665
face centroid = (1.62865,0.250021,4.95473)
subcontact = (1.55484,2.15196e-05,4.71588) 1037.29 (-75.7892,-0.130634,-231.027) 68 -0.000995798 (0.000255019,4.51461e-07,0.000800641) 49789.9 11670.8 0.0208333
face centroid = (1.62733,0.250021,4.95603)
subcontact = (1.55484,0.500022,4.71588) 2073.36 (-151.73,-0.261266,-462.511) 67 -0.000995212 (0.000255273,4.51459e-07,0.000801433) 49760.6 11682.3 0.0416667
face centroid = (1.62733,0.250021,4.95603)
subcontact = (1.70247,0.50002,5.19359) 2405.9 (-73.8465,0.10787,-225.069) 66 -0.00230966 (0.000248465,-3.72807e-07,0.000779998) 115483 11370 0.0208333
face centroid = (1.62733,0.250021,4.95603)
subcontact = (1.70246,1.9728e-05,5.19359) 4813.02 (-147.541,0.215739,-449.681) 65 -0.00231025 (0.000248211,-3.72805e-07,0.000779206) 115512 11358.4 0.0416667
face centroid = (1.62733,0.250021,4.95603)
contact = 9 1 9 8 (0.824996,0.250022,5.13518) (0.989024,3.17513e-07,-0.147753)
subcontact = (0.860439,2.12229e-05,5.38292) 2936.15 (-22.6916,0.156967,-140.283) 64 -0.00281872 (7.54937e-05,-5.42486e-07,0.000485277) 140938 6821.23 0.020833
face centroid = (0.826351,0.250022,5.13472)
subcontact = (0.86044,0.500021,5.38292) 5871.05 (-45.5102,0.313937,-281.342) 63 -0.00281811 (7.57038e-05,-5.42493e-07,0.000486619) 140907 6840.1 0.041666
face centroid = (0.826351,0.250022,5.13472)
subcontact = (0.789362,0.500023,4.888) 281.433 (-19.0556,-0.179574,-118.541) 62 -0.000270172 (8.02642e-05,8.06843e-07,0.000516088) 13509 5763.12 0.020833
face centroid = (0.826351,0.250022,5.13472)
subcontact = (0.789361,2.28785e-05,4.888) 564.119 (-38.1579,-0.360496,-237.358) 61 -0.000270774 (8.00541e-05,8.0685e-07,0.000514746) 13539.1 5769.82 0.041666
face centroid = (0.826351,0.250022,5.13472)
subcontact = (0.789552,2.20699e-05,4.88744) 281.584 (-18.9998,-0.179757,-118.2) 60 -0.00027032 (8.00569e-05,8.07469e-07,0.000514764) 13516.1 5746.45 0.0208333
face centroid = (0.824901,0.250022,5.13546)
subcontact = (0.789552,0.500022,4.88744) 561.915 (-37.9526,-0.358151,-236.123) 59 -0.000269718 (8.0267e-05,8.07464e-07,0.000516107) 13486 5739.7 0.0416667
face centroid = (0.824901,0.250022,5.13546)
subcontact = (0.863151,0.500022,5.382) 2935.07 (-22.7562,0.156796,-140.678) 58 -0.00281767 (7.57066e-05,-5.41885e-07,0.000486637) 140884 6840.32 0.0208333
face centroid = (0.824901,0.250022,5.13546)
subcontact = (0.863151,2.17638e-05,5.382) 5871.4 (-45.3853,0.313589,-280.58) 57 -0.00281827 (7.54965e-05,-5.4188e-07,0.000485295) 140914 6821.45 0.0416667
face centroid = (0.824901,0.250022,5.13546)
contact = 10 1 10 9 (0.00309456,0.250022,5.3167) (0.999989,9.17784e-08,-0.00462899)
subcontact = (0.00216583,2.24747e-05,5.44167) 3139.07 (-0.106568,-0.0221715,19.1949) 56 -0.00301352 (3.06497e-08,7.66272e-08,-6.63297e-05) 150690 921.458 0.0208313
face centroid = (0.00292045,0.250021,5.19174)
subcontact = (0.00216626,0.500022,5.44167) 6277.44 (-0.215627,-0.0443368,37.141) 55 -0.00301318 (3.77964e-08,7.66165e-08,-6.41718e-05) 150673 891.486 0.0416626
face centroid = (0.00292045,0.250021,5.19174)
subcontact = (0.00683888,0.500023,4.94169) 0 (0,0,0) 54 0.0061793 (1.88828e-07,2.22796e-06,-3.11358e-05) 0 0 0.0208313
face centroid = (0.00292045,0.250021,5.19174)
subcontact = (0.00683845,2.27161e-05,4.94169) 0 (0,0,0) 53 0.00617896 (1.81681e-07,2.22797e-06,-3.32937e-05) 0 0 0.0416626
face centroid = (0.00292045,0.250021,5.19174)
subcontact = (0.000660376,2.04884e-05,4.94175) 0 (0,0,0) 52 0.00617677 (1.8164e-07,2.22717e-06,-3.33029e-05) 0 0 0.0208331
face centroid = (0.00450235,0.250023,5.19168)
subcontact = (0.000660447,0.50002,4.94175) 0 (0,0,0) 51 0.00617714 (1.88787e-07,2.22717e-06,-3.11449e-05) 0 0 0.0416663
face centroid = (0.00450235,0.250023,5.19168)
subcontact = (0.00518052,0.500022,5.44173) 3141.31 (-0.10781,-0.0219331,18.5717) 50 -0.00301566 (3.77479e-08,7.58002e-08,-6.41827e-05) 150784 891.467 0.0208331
face centroid = (0.00450235,0.250023,5.19168)
subcontact = (0.00518045,2.23982e-05,5.44173) 6283.38 (-0.213129,-0.0438698,38.3923) 49 -0.00301603 (3.06005e-08,7.58066e-08,-6.63407e-05) 150803 921.439 0.0416663
face centroid = (0.00450235,0.250023,5.19168)
contact = 11 1 11 10 (-0.818808,0.250021,5.13481) (0.989816,1.39674e-07,0.142351)
subcontact = (-0.855786,2.22906e-05,5.3818) 2923.38 (-23.0404,0.0399993,139.062) 48 -0.00280645 (7.44913e-05,-1.38235e-07,-0.00048142) 140324 6766.05 0.0208331
face centroid = (-0.817457,0.250021,5.13526)
subcontact = (-0.855786,0.500022,5.3818) 5845.6 (-46.0486,0.0799986,277.924) 47 -0.00280589 (7.44386e-05,-1.38235e-07,-0.000481075) 140296 6761.19 0.0416661
face centroid = (-0.817457,0.250021,5.13526)
subcontact = (-0.782036,0.50002,4.88726) 295.595 (-24.0529,-0.0622738,145.464) 46 -0.000283769 (7.78356e-05,2.15224e-07,-0.000503572) 14188.7 7077.19 0.0208331
face centroid = (-0.817457,0.250021,5.13526)
subcontact = (-0.782036,2.03906e-05,4.88727) 592.353 (-48.1381,-0.124548,291.128) 45 -0.000284327 (7.78883e-05,2.15224e-07,-0.000503917) 14216.7 7082.04 0.0416661
face centroid = (-0.817457,0.250021,5.13526)
subcontact = (-0.78183,2.01782e-05,4.88782) 297.144 (-24.0683,-0.0622192,145.559) 44 -0.000285257 (7.78858e-05,2.15032e-07,-0.0005039) 14262.9 7081.7 0.0208333
face centroid = (-0.818911,0.250021,5.13453)
subcontact = (-0.78183,0.50002,4.88782) 593.124 (-48.1043,-0.124438,290.918) 43 -0.000284698 (7.78331e-05,2.15032e-07,-0.000503555) 14235 7076.85 0.0416667
face centroid = (-0.818911,0.250021,5.13453)
subcontact = (-0.853084,0.500022,5.38271) 2923.76 (-23.0235,0.0400561,138.957) 42 -0.00280682 (7.44361e-05,-1.38431e-07,-0.000481058) 140341 6760.86 0.0208333
face centroid = (-0.818911,0.250021,5.13453)
subcontact = (-0.853084,2.24314e-05,5.38271) 5848.69 (-46.0793,0.0801121,278.113) 41 -0.00280738 (7.44888e-05,-1.38431e-07,-0.000481403) 140369 6765.71 0.0416667
face centroid = (-0.818911,0.250021,5.13453)
contact = 12 1 12 11 (-1.62079,0.25002,4.95482) (0.956188,5.51323e-07,0.292752)
subcontact = (-1.69504,2.08165e-05,5.19308) 2383.05 (-77.478,0.0179498,233.873) 40 -0.00228773 (0.000258534,-6.20264e-08,-0.000811269) 114387 11825.9 0.0208332
face centroid = (-1.61982,0.25002,4.95558)
subcontact = (-1.69504,0.500021,5.19308) 4765.08 (-154.919,0.0358994,467.636) 39 -0.00228724 (0.000258473,-6.2026e-08,-0.000811078) 114362 11823.1 0.0416665
face centroid = (-1.61982,0.25002,4.95558)
subcontact = (-1.54725,0.500019,4.71542) 1063.87 (-78.9156,-0.0416664,238.294) 38 -0.00102132 (0.00026337,1.44011e-07,-0.000826593) 51066.2 12049.1 0.0208332
face centroid = (-1.61982,0.25002,4.95558)
subcontact = (-1.54725,1.87101e-05,4.71542) 2128.77 (-157.868,-0.0833326,476.699) 37 -0.00102181 (0.000263432,1.4401e-07,-0.000826784) 51090.6 12051.9 0.0416665
face centroid = (-1.61982,0.25002,4.95558)
subcontact = (-1.54653,1.85705e-05,4.71657) 1064.95 (-78.9322,-0.0416217,238.344) 36 -0.00102236 (0.000263426,1.43854e-07,-0.000826766) 51117.8 12051.6 0.0208333
face centroid = (-1.62114,0.25002,4.95425)
subcontact = (-1.54653,0.500019,4.71656) 2128.89 (-157.828,-0.0832435,476.578) 35 -0.00102187 (0.000263365,1.43854e-07,-0.000826575) 51093.3 12048.8 0.0416667
face centroid = (-1.62114,0.25002,4.95425)
subcontact = (-1.69312,0.500021,5.19459) 2383.11 (-77.4579,0.0179952,233.812) 34 -0.00228779 (0.000258467,-6.2184e-08,-0.00081106) 114389 11822.8 0.0208333
face centroid = (-1.62114,0.25002,4.95425)
subcontact = (-1.69312,2.0883e-05,5.1946) 4767.23 (-154.952,0.0359906,467.735) 33 -0.00228828 (0.000258528,-6.21843e-08,-0.000811252) 114414 11825.6 0.0416667
face centroid = (-1.62114,0.25002,4.95425)
contact = 13 1 13 12 (-2.3856,0.250017,4.65384) (0.897958,1.50823e-06,0.440081)
subcontact = (-2.49585,1.78381e-05,4.87761) 1623.16 (-139.563,-0.0034652,272.179) 32 -0.00155824 (0.000473793,1.19983e-08,-0.000944988) 77911.9 14682 0.0208333
face centroid = (-2.3849,0.250017,4.65478)
subcontact = (-2.49585,0.500018,4.87761) 3245.53 (-279.107,-0.00693081,544.322) 31 -0.00155786 (0.000473761,1.1999e-08,-0.000944925) 77892.9 14681 0.0416666
face centroid = (-2.3849,0.250017,4.65478)
subcontact = (-2.27629,0.500016,4.4284) 2185.97 (-139.53,-0.0240613,272.084) 30 -0.00209854 (0.00047366,8.31771e-08,-0.00094467) 104927 14677.2 0.0208333
face centroid = (-2.3849,0.250017,4.65478)
subcontact = (-2.27629,1.58024e-05,4.4284) 4372.74 (-279.079,-0.0481222,544.205) 29 -0.00209892 (0.000473692,8.31764e-08,-0.000944734) 104946 14678.2 0.0416666
face centroid = (-2.3849,0.250017,4.65478)
subcontact = (-2.27488,1.57239e-05,4.4303) 2184.93 (-139.54,-0.024059,272.104) 28 -0.00209754 (0.000473694,8.31697e-08,-0.000944738) 104877 14678.3 0.0208333
face centroid = (-2.38607,0.250017,4.65301)
subcontact = (-2.27488,0.500016,4.43029) 4369.07 (-279.061,-0.0481182,544.171) 27 -0.00209716 (0.000473662,8.317e-08,-0.000944675) 104858 14677.3 0.0416667
face centroid = (-2.38607,0.250017,4.65301)
subcontact = (-2.49493,0.500018,4.87927) 1621.32 (-139.554,-0.00346363,272.162) 26 -0.00155647 (0.000473763,1.19926e-08,-0.000944929) 77823.5 14681.1 0.0208333
face centroid = (-2.38607,0.250017,4.65301)
subcontact = (-2.49493,1.78308e-05,4.87927) 3243.44 (-279.127,-0.00692704,544.361) 25 -0.00155686 (0.000473795,1.19922e-08,-0.000944992) 77842.6 14682.1 0.0416667
face centroid = (-2.38607,0.250017,4.65301)
contact = 14 1 14 13 (-3.23698,0.500013,4.44166) (0.81805,5.72234e-06,0.575147)
subcontact = (-3.23771,1.3563e-05,4.43981) 819.869 (-184.088,-0.0250919,249.332) 24 -0.000787072 (0.000626157,8.66439e-08,-0.000868999) 39353.7 14876.5 0.0208333
face centroid = (-3.09287,0.250013,4.23737)
subcontact = (-3.23771,0.500014,4.43981) 1639.22 (-368.177,-0.0501808,498.67) 23 -0.000786825 (0.000626161,8.66386e-08,-0.000869009) 39341.3 14876.6 0.0416667
face centroid = (-3.09287,0.250013,4.23737)
subcontact = (-2.95014,0.500012,4.03079) 3468.82 (-180.864,-0.0211885,244.882) 22 -0.00333008 (0.000615125,7.31568e-08,-0.000853542) 166503 14612.7 0.0208333
face centroid = (-3.09287,0.250013,4.23737)
subcontact = (-2.95014,1.18441e-05,4.03079) 6938.15 (-361.726,-0.0423801,489.758) 21 -0.00333032 (0.000615121,7.31621e-08,-0.000853532) 166516 14612.6 0.0416667
face centroid = (-3.09287,0.250013,4.23737)
subcontact = (-2.94805,1.17812e-05,4.0336) 3465 (-180.869,-0.021213,244.887) 20 -0.0033264 (0.000615141,7.32351e-08,-0.00085356) 166322 14613.3 0.0208331
face centroid = (-3.09393,0.250013,4.2353)
subcontact = (-2.94805,0.500012,4.03359) 6929.48 (-361.74,-0.0424226,489.781) 19 -0.00332615 (0.000615145,7.32293e-08,-0.00085357) 166310 14613.4 0.0416661
face centroid = (-3.09393,0.250013,4.2353)
subcontact = (-3.2377,0.500013,4.44115) 815.512 (-184.094,-0.0251095,249.343) 18 -0.000782893 (0.000626182,8.67049e-08,-0.000869037) 39145.1 14877.3 0.0208331
face centroid = (-3.09393,0.250013,4.2353)
subcontact = (-3.2377,1.34779e-05,4.44115) 1631.54 (-368.188,-0.0502224,498.68) 17 -0.00078314 (0.000626177,8.67107e-08,-0.000869027) 39157.4 14877.2 0.0416661
face centroid = (-3.09393,0.250013,4.2353)
contact = 15 7 15 14 (-3.71231,0.25,3.71231) (0.707107,0,0.707107)
contact = 16 1 16 15 (-4.06415,2.09942e-06,2.94115) (0.596206,6.50739e-06,0.802831)
subcontact = (-4.46712,2.80929e-06,3.23716) 0 (0,0,0) 16 0.00326511 (0.000321621,8.44449e-07,-0.000235125) 0 0 0.0208333
face centroid = (-4.26618,0.250002,3.08914)
subcontact = (-4.46712,0.500003,3.23716) 0 (0,0,0) 15 0.00326224 (0.000322127,8.4444e-07,-0.000235508) 0 0 0.0416667
face centroid = (-4.26618,0.250002,3.08914)
subcontact = (-4.06571,0.500002,2.93905) 5440.54 (-100.325,-0.0569711,72.3376) 14 -0.00522294 (0.000344891,1.96945e-07,-0.000252384) 261146 5936.83 0.0208333
face centroid = (-4.26618,0.250002,3.08914)
subcontact = (-4.0657,2.08244e-06,2.93906) 10875.1 (-200.358,-0.113947,144.451) 13 -0.00522006 (0.000344385,1.96954e-07,-0.000252001) 261002 5928.03 0.0416667
face centroid = (-4.26618,0.250002,3.08914)
subcontact = (-4.06297,1.88542e-06,2.94352) 5429.21 (-100.17,-0.0573446,72.219) 12 -0.00521211 (0.000344359,1.98244e-07,-0.000251982) 260640 5928.34 0.0208303
face centroid = (-4.26641,0.250002,3.08811)
subcontact = (-4.06297,0.500002,2.94352) 10864.4 (-200.631,-0.114684,144.662) 11 -0.00521498 (0.000344865,1.98234e-07,-0.000252364) 260783 5937.15 0.0416607
face centroid = (-4.26641,0.250002,3.08811)
subcontact = (-4.46939,0.500002,3.23477) 0 (0,0,0) 10 0.00326982 (0.000322103,8.4557e-07,-0.00023549) 0 0 0.0208303
face centroid = (-4.26641,0.250002,3.08811)
subcontact = (-4.46939,1.96664e-06,3.23477) 0 (0,0,0) 9 0.0032727 (0.000321597,8.4558e-07,-0.000235107) 0 0 0.0416607
face centroid = (-4.26641,0.250002,3.08811)
contact = 17 7 17 16 (-4.67778,0.25,2.38345) (0.45399,0,0.891007)
contact = 18 7 18 17 (-4.99305,0.25,1.62234) (0.309017,0,0.951057)
contact = 19 1 19 18 (-5.18752,0.25,0.819077) (0.156434,0,0.987688)
subcontact = (-5.43659,-1.22269e-08,0.855981) 5241.37 (1015.69,0.00346596,-163.541) 8 -0.00503172 (-0.00351093,-1.19802e-08,0.000560695) 251591 49381.9 0.0208329
face centroid = (-5.18536,0.25,0.821281)
subcontact = (-5.43659,0.5,0.855981) 10483.5 (2031.43,0.00693199,-327.09) 7 -0.0050321 (-0.00351103,-1.19803e-08,0.000560709) 251610 49383.3 0.0416658
face centroid = (-5.18536,0.25,0.821281)
subcontact = (-4.94224,0.5,0.780986) 1844.96 (1019.02,-0.0249485,-164.07) 6 -0.00177116 (-0.00352245,8.62244e-08,0.00056252) 88560.1 49543.9 0.0208329
face centroid = (-5.18536,0.25,0.821281)
subcontact = (-4.94224,8.64485e-08,0.780986) 3689.15 (2037.98,-0.0498971,-328.131) 5 -0.00177079 (-0.00352235,8.62245e-08,0.000562506) 88541.4 49542.6 0.0416658
face centroid = (-5.18536,0.25,0.821281)
subcontact = (-4.93844,0,0.782172) 1824.01 (1019.01,-0.0252572,-164.069) 4 -0.00175106 (-0.00352242,8.72851e-08,0.000562517) 87552.7 49542.6 0.0208333
face centroid = (-5.18942,0.25,0.818484)
subcontact = (-4.93844,0.5,0.782172) 3648.81 (2038.08,-0.0505144,-328.146) 3 -0.00175143 (-0.00352252,8.72849e-08,0.000562531) 87571.4 49543.9 0.0416667
face centroid = (-5.18942,0.25,0.818484)
subcontact = (-5.43229,0.5,0.86039) 5221.23 (1015.74,0.00315982,-163.549) 2 -0.00501238 (-0.0035111,-1.09242e-08,0.00056072) 250619 49383.3 0.0208333
face centroid = (-5.18942,0.25,0.818484)
subcontact = (-5.43229,0,0.86039) 10441.7 (2031.42,0.00631953,-327.089) 1 -0.00501201 (-0.003511,-1.0924e-08,0.000560706) 250600 49381.9 0.0416667
face centroid = (-5.18942,0.25,0.818484)
3dec>log off
**********************************************
* Logging ended at Wed Mar 13 14:28:14 2024
**********************************************
**********************************************
* Logging started at Wed Mar 13 14:29:17 2024
* By 3dec Version 7.00 Release 159
* 
* 
* Job Title: 
**********************************************
3dec>log-file 'Displacement_step_1_distance_0.001m.txt'
**********************************************
* Logging ended at Wed Mar 13 14:29:17 2024
**********************************************
**********************************************
* Logging started at Wed Mar 13 14:29:17 2024
* By 3dec Version 7.00 Release 159
* 
* 
* Job Title: 
**********************************************
3dec>@contacts_output
contact = 1 1 1 0 (5.31089,0.250006,0.839969) (0.149411,-4.6716e-07,-0.988775)
subcontact = (5.43229,0,0.86092) 5369.93 (1042.66,0.180052,169.219) 112 -0.00515515 (-0.00360661,-6.22271e-07,-0.000565143) 257763 50704 0.0208328
face centroid = (5.1895,0.25,0.819018)
subcontact = (5.43229,0.5,0.86092) 10740.3 (2084.58,0.360103,338.308) 111 -0.00515538 (-0.00360533,-6.22268e-07,-0.000564933) 257775 50685.9 0.0416656
face centroid = (5.1895,0.25,0.819018)
subcontact = (4.93844,0.5,0.782702) 1668.6 (1042.53,-0.198956,169.193) 110 -0.00160184 (-0.00360615,6.87562e-07,-0.000565062) 80094.7 50697.5 0.0208328
face centroid = (5.1895,0.25,0.819018)
subcontact = (4.93844,0,0.782702) 3336.71 (2085.8,-0.397911,338.516) 109 -0.00160161 (-0.00360744,6.8756e-07,-0.000565272) 80083.1 50715.6 0.0416656
face centroid = (5.1895,0.25,0.819018)
subcontact = (4.94231,-6.8593e-07,0.781666) 1689.95 (1042.9,-0.19848,169.258) 108 -0.00162236 (-0.00360744,6.85929e-07,-0.000565272) 81117.7 50714.4 0.0208333
face centroid = (5.18536,0.25,0.821811)
subcontact = (4.9423,0.499999,0.781665) 3380.36 (2085.06,-0.396961,338.386) 107 -0.00162258 (-0.00360615,6.85931e-07,-0.000565062) 81128.6 50696.3 0.0416667
face centroid = (5.18536,0.25,0.821811)
subcontact = (5.43669,0.500001,0.856371) 5391.81 (1042.29,0.180515,169.154) 106 -0.00517614 (-0.00360532,-6.23879e-07,-0.000564932) 258807 50684.7 0.0208333
face centroid = (5.18536,0.25,0.821811)
subcontact = (5.43669,6.23882e-07,0.856371) 10783.2 (2085.33,0.361031,338.439) 105 -0.00517592 (-0.00360661,-6.23881e-07,-0.000565143) 258796 50702.8 0.0416667
face centroid = (5.18536,0.25,0.821811)
contact = 2 7 2 1 (4.99305,0.25,1.62234) (0.309017,0,-0.951057)
contact = 3 7 3 2 (4.67778,0.25,2.38345) (0.45399,0,-0.891007)
contact = 4 1 4 3 (4.26757,0.250009,3.09013) (0.590624,-0.00170896,-0.806945)
subcontact = (4.47089,2.19985e-07,3.23572) 110.865 (-31.9119,2.21217,-22.1569) 104 -0.000106405 (0.00010929,-7.64527e-06,7.79263e-05) 5321.82 1867.91 0.0208321
face centroid = (4.26901,0.250015,3.08803)
subcontact = (4.47089,0.5,3.23572) 221.37 (-58.6012,4.42418,-40.4913) 103 -0.000106232 (0.000100265,-7.64499e-06,7.13209e-05) 5313.18 1712.9 0.0416643
face centroid = (4.26901,0.250015,3.08803)
subcontact = (4.0643,0.499999,2.94471) 5313.82 (-34.3943,7.03949,-23.9919) 102 -0.00510131 (0.000117876,-2.43288e-05,8.42597e-05) 255078 2041.18 0.0208321
face centroid = (4.26901,0.250015,3.08803)
subcontact = (4.0643,-1.05311e-06,2.94471) 10628 (-74.0112,14.0791,-51.8063) 101 -0.00510149 (0.000126901,-2.43291e-05,9.08651e-05) 255087 2194.49 0.0416643
face centroid = (4.26901,0.250015,3.08803)
subcontact = (4.06718,1.95905e-05,2.9405) 5318.18 (-37.0063,7.04385,-25.9037) 100 -0.00510546 (0.000126913,-2.43436e-05,9.08737e-05) 255273 2194.44 0.0208333
face centroid = (4.26759,0.25,3.09022)
subcontact = (4.06719,0.50002,2.94051) 10635.9 (-68.7898,14.0874,-47.9847) 99 -0.00510525 (0.000117888,-2.43431e-05,8.4268e-05) 255262 2041.14 0.0416666
face centroid = (4.26759,0.25,3.09022)
subcontact = (4.47085,0.50001,3.23556) 114.69 (-29.3009,2.21614,-20.2458) 98 -0.000110102 (0.000100276,-7.65898e-06,7.13289e-05) 5505.14 1712.83 0.0208333
face centroid = (4.26759,0.25,3.09022)
subcontact = (4.47084,9.67596e-06,3.23556) 229.833 (-63.8246,4.43254,-44.3144) 97 -0.000110319 (0.000109301,-7.65945e-06,7.79345e-05) 5516.01 1867.84 0.0416666
face centroid = (4.26759,0.25,3.09022)
contact = 5 1 5 4 (3.90637,1.28194e-05,3.89089) (0.71499,-1.07237e-06,-0.699135)
subcontact = (3.90844,1.00416e-05,3.89021) 243.533 (-117.041,0.527993,-116.392) 96 -0.000233778 (0.00066822,-2.77045e-06,0.000673255) 11690 7923.32 0.0208326
face centroid = (3.73316,0.250015,3.71061)
subcontact = (3.90845,0.50001,3.89021) 485.948 (-233.237,1.05167,-231.982) 95 -0.000233242 (0.000671472,-2.77051e-06,0.000676569) 11663.2 7895.37 0.0416652
face centroid = (3.73316,0.250015,3.71061)
subcontact = (3.55592,0.50002,3.53564) 4580.54 (-195.584,-0.545162,-194.189) 94 -0.00439735 (0.000670966,1.88406e-06,0.000676108) 219874 13229.9 0.0208326
face centroid = (3.73316,0.250015,3.71061)
subcontact = (3.55591,1.99228e-05,3.53564) 9162.2 (-389.282,-1.09036,-386.465) 93 -0.00439788 (0.000667713,1.88412e-06,0.000672795) 219900 13165.4 0.0416652
face centroid = (3.73316,0.250015,3.71061)
subcontact = (3.55837,1.80495e-05,3.53186) 4587.22 (-194.642,-0.54718,-193.234) 92 -0.00440374 (0.000667714,1.891e-06,0.000672796) 220187 13165.1 0.0208333
face centroid = (3.73218,0.250015,3.71292)
subcontact = (3.55837,0.500018,3.53187) 9173.35 (-391.17,-1.09433,-388.382) 91 -0.00440321 (0.000670967,1.89096e-06,0.000676109) 220160 13229.5 0.0416667
face centroid = (3.73218,0.250015,3.71292)
subcontact = (3.90794,0.500013,3.88936) 249.033 (-119.655,0.531199,-118.992) 90 -0.000239073 (0.000671473,-2.76372e-06,0.00067657) 11953.6 8100.01 0.0208333
face centroid = (3.73218,0.250015,3.71292)
subcontact = (3.90794,1.2817e-05,3.88936) 499.163 (-240.144,1.06674,-238.774) 89 -0.000239599 (0.000668221,-2.76368e-06,0.000673256) 11979.9 8127.58 0.0416667
face centroid = (3.73218,0.250015,3.71292)
contact = 6 1 6 5 (3.24414,1.49943e-05,4.44206) (0.818391,-1.68971e-06,-0.574662)
subcontact = (3.24543,1.44483e-05,4.44247) 856.811 (-181.073,0.1644,-246.463) 88 -0.00082254 (0.000616632,-5.68338e-07,0.000858446) 41127.4 14680 0.0208331
face centroid = (3.10181,0.250017,4.23652)
subcontact = (3.24543,0.500014,4.44247) 1712.53 (-362.533,0.328798,-493.444) 87 -0.000822016 (0.000617286,-5.68336e-07,0.000859351) 41101.2 14695.5 0.0416662
face centroid = (3.10181,0.250017,4.23652)
subcontact = (2.95609,0.50002,4.0347) 3416.52 (-179.971,-0.178609,-244.918) 86 -0.00327987 (0.000612843,6.17104e-07,0.000853093) 163995 14588.9 0.0208331
face centroid = (3.10181,0.250017,4.23652)
subcontact = (2.95609,1.95325e-05,4.03469) 6834.13 (-359.556,-0.357217,-489.318) 85 -0.00328039 (0.000612188,6.17102e-07,0.000852189) 164021 14573.4 0.0416662
face centroid = (3.10181,0.250017,4.23652)
subcontact = (2.95815,1.89594e-05,4.03192) 3421.76 (-179.775,-0.178923,-244.656) 84 -0.0032849 (0.00061218,6.18198e-07,0.000852177) 164245 14573 0.0208333
face centroid = (3.10076,0.250017,4.23858)
subcontact = (2.95815,0.500019,4.03192) 6842.44 (-359.937,-0.357846,-489.829) 83 -0.00328438 (0.000612834,6.182e-07,0.000853081) 164219 14588.5 0.0416667
face centroid = (3.10076,0.250017,4.23858)
subcontact = (3.24548,0.500015,4.44112) 860.969 (-181.264,0.164085,-246.718) 82 -0.00082653 (0.000617278,-5.6724e-07,0.000859339) 41326.5 14695.1 0.0208333
face centroid = (3.10076,0.250017,4.23858)
subcontact = (3.24548,1.49915e-05,4.44112) 1723.02 (-362.141,0.328171,-492.919) 81 -0.000827049 (0.000616623,-5.67242e-07,0.000858434) 41352.4 14679.6 0.0416667
face centroid = (3.10076,0.250017,4.23858)
contact = 7 1 7 6 (2.39302,0.250019,4.65475) (0.898631,1.77649e-06,-0.438705)
subcontact = (2.50243,1.69827e-05,4.88013) 1656.09 (-138.986,0.130244,-270.028) 80 -0.00158985 (0.000470428,-4.50125e-07,0.000938265) 79492.4 14577.5 0.0208333
face centroid = (2.39371,0.250019,4.65381)
subcontact = (2.50243,0.500017,4.88014) 3311.01 (-278.24,0.260489,-540.569) 79 -0.00158929 (0.000470878,-4.50127e-07,0.000939158) 79464.4 14591.4 0.0416666
face centroid = (2.39371,0.250019,4.65381)
subcontact = (2.28265,0.500021,4.43103) 2146.64 (-140.041,-0.15851,-272.062) 78 -0.00206078 (0.000473988,5.47814e-07,0.00094534) 103039 14687.5 0.0208333
face centroid = (2.39371,0.250019,4.65381)
subcontact = (2.28265,2.07696e-05,4.43103) 4294.45 (-279.815,-0.317021,-543.612) 77 -0.00206134 (0.000473538,5.47816e-07,0.000944447) 103067 14673.6 0.0416666
face centroid = (2.39371,0.250019,4.65381)
subcontact = (2.28403,2.02247e-05,4.42915) 2149.26 (-139.908,-0.158757,-271.808) 76 -0.0020633 (0.000473541,5.48664e-07,0.000944453) 103165 14673.7 0.0208333
face centroid = (2.39254,0.250019,4.65558)
subcontact = (2.28403,0.50002,4.42915) 4297.37 (-280.084,-0.317512,-544.129) 75 -0.00206274 (0.000473991,5.48661e-07,0.000945346) 103137 14687.6 0.0416667
face centroid = (2.39254,0.250019,4.65558)
subcontact = (2.50339,0.500017,4.87847) 1657.55 (-139.121,0.13,-270.286) 74 -0.00159125 (0.000470881,-4.49283e-07,0.000939163) 79562.3 14591.5 0.0208333
face centroid = (2.39254,0.250019,4.65558)
subcontact = (2.50338,1.74345e-05,4.87846) 3316.26 (-277.974,0.26,-540.059) 73 -0.00159181 (0.000470431,-4.4928e-07,0.000938271) 79590.2 14577.6 0.0416667
face centroid = (2.39254,0.250019,4.65558)
contact = 8 1 8 7 (1.62767,0.250021,4.95548) (0.955417,2.48082e-07,-0.295259)
subcontact = (1.70051,1.93548e-05,5.19508) 2406.52 (-73.7684,0.108024,-224.834) 72 -0.00231026 (0.000248204,-3.73335e-07,0.000779185) 115513 11358.1 0.0208333
face centroid = (1.62865,0.250021,4.95473)
subcontact = (1.70051,0.500019,5.19508) 4811.82 (-147.689,0.216049,-450.124) 71 -0.00230968 (0.000248458,-3.73338e-07,0.000779977) 115484 11369.6 0.0416665
face centroid = (1.62865,0.250021,4.95473)
subcontact = (1.55414,0.500022,4.71699) 1036.69 (-75.8628,-0.130477,-231.248) 70 -0.000995228 (0.000255267,4.50925e-07,0.000801411) 49761.5 11682 0.0208333
face centroid = (1.62865,0.250021,4.95473)
subcontact = (1.55414,2.19704e-05,4.71698) 2074.61 (-151.574,-0.260955,-462.04) 69 -0.000995814 (0.000255013,4.50928e-07,0.000800619) 49790.8 11670.5 0.0416665
face centroid = (1.62865,0.250021,4.95473)
subcontact = (1.55484,2.15196e-05,4.71588) 1037.29 (-75.7892,-0.130634,-231.027) 68 -0.000995798 (0.000255019,4.51461e-07,0.000800641) 49789.9 11670.8 0.0208333
face centroid = (1.62733,0.250021,4.95603)
subcontact = (1.55484,0.500022,4.71588) 2073.36 (-151.73,-0.261266,-462.511) 67 -0.000995212 (0.000255273,4.51459e-07,0.000801433) 49760.6 11682.3 0.0416667
face centroid = (1.62733,0.250021,4.95603)
subcontact = (1.70247,0.50002,5.19359) 2405.9 (-73.8465,0.10787,-225.069) 66 -0.00230966 (0.000248465,-3.72807e-07,0.000779998) 115483 11370 0.0208333
face centroid = (1.62733,0.250021,4.95603)
subcontact = (1.70246,1.9728e-05,5.19359) 4813.02 (-147.541,0.215739,-449.681) 65 -0.00231025 (0.000248211,-3.72805e-07,0.000779206) 115512 11358.4 0.0416667
face centroid = (1.62733,0.250021,4.95603)
contact = 9 1 9 8 (0.824996,0.250022,5.13518) (0.989024,3.17513e-07,-0.147753)
subcontact = (0.860439,2.12229e-05,5.38292) 2936.15 (-22.6916,0.156967,-140.283) 64 -0.00281872 (7.54937e-05,-5.42486e-07,0.000485277) 140938 6821.23 0.020833
face centroid = (0.826351,0.250022,5.13472)
subcontact = (0.86044,0.500021,5.38292) 5871.05 (-45.5102,0.313937,-281.342) 63 -0.00281811 (7.57038e-05,-5.42493e-07,0.000486619) 140907 6840.1 0.041666
face centroid = (0.826351,0.250022,5.13472)
subcontact = (0.789362,0.500023,4.888) 281.433 (-19.0556,-0.179574,-118.541) 62 -0.000270172 (8.02642e-05,8.06843e-07,0.000516088) 13509 5763.12 0.020833
face centroid = (0.826351,0.250022,5.13472)
subcontact = (0.789361,2.28785e-05,4.888) 564.119 (-38.1579,-0.360496,-237.358) 61 -0.000270774 (8.00541e-05,8.0685e-07,0.000514746) 13539.1 5769.82 0.041666
face centroid = (0.826351,0.250022,5.13472)
subcontact = (0.789552,2.20699e-05,4.88744) 281.584 (-18.9998,-0.179757,-118.2) 60 -0.00027032 (8.00569e-05,8.07469e-07,0.000514764) 13516.1 5746.45 0.0208333
face centroid = (0.824901,0.250022,5.13546)
subcontact = (0.789552,0.500022,4.88744) 561.915 (-37.9526,-0.358151,-236.123) 59 -0.000269718 (8.0267e-05,8.07464e-07,0.000516107) 13486 5739.7 0.0416667
face centroid = (0.824901,0.250022,5.13546)
subcontact = (0.863151,0.500022,5.382) 2935.07 (-22.7562,0.156796,-140.678) 58 -0.00281767 (7.57066e-05,-5.41885e-07,0.000486637) 140884 6840.32 0.0208333
face centroid = (0.824901,0.250022,5.13546)
subcontact = (0.863151,2.17638e-05,5.382) 5871.4 (-45.3853,0.313589,-280.58) 57 -0.00281827 (7.54965e-05,-5.4188e-07,0.000485295) 140914 6821.45 0.0416667
face centroid = (0.824901,0.250022,5.13546)
contact = 10 1 10 9 (0.00309456,0.250022,5.3167) (0.999989,9.17784e-08,-0.00462899)
subcontact = (0.00216583,2.24747e-05,5.44167) 3139.07 (-0.106568,-0.0221715,19.1949) 56 -0.00301352 (3.06497e-08,7.66272e-08,-6.63297e-05) 150690 921.458 0.0208313
face centroid = (0.00292045,0.250021,5.19174)
subcontact = (0.00216626,0.500022,5.44167) 6277.44 (-0.215627,-0.0443368,37.141) 55 -0.00301318 (3.77964e-08,7.66165e-08,-6.41718e-05) 150673 891.486 0.0416626
face centroid = (0.00292045,0.250021,5.19174)
subcontact = (0.00683888,0.500023,4.94169) 0 (0,0,0) 54 0.0061793 (1.88828e-07,2.22796e-06,-3.11358e-05) 0 0 0.0208313
face centroid = (0.00292045,0.250021,5.19174)
subcontact = (0.00683845,2.27161e-05,4.94169) 0 (0,0,0) 53 0.00617896 (1.81681e-07,2.22797e-06,-3.32937e-05) 0 0 0.0416626
face centroid = (0.00292045,0.250021,5.19174)
subcontact = (0.000660376,2.04884e-05,4.94175) 0 (0,0,0) 52 0.00617677 (1.8164e-07,2.22717e-06,-3.33029e-05) 0 0 0.0208331
face centroid = (0.00450235,0.250023,5.19168)
subcontact = (0.000660447,0.50002,4.94175) 0 (0,0,0) 51 0.00617714 (1.88787e-07,2.22717e-06,-3.11449e-05) 0 0 0.0416663
face centroid = (0.00450235,0.250023,5.19168)
subcontact = (0.00518052,0.500022,5.44173) 3141.31 (-0.10781,-0.0219331,18.5717) 50 -0.00301566 (3.77479e-08,7.58002e-08,-6.41827e-05) 150784 891.467 0.0208331
face centroid = (0.00450235,0.250023,5.19168)
subcontact = (0.00518045,2.23982e-05,5.44173) 6283.38 (-0.213129,-0.0438698,38.3923) 49 -0.00301603 (3.06005e-08,7.58066e-08,-6.63407e-05) 150803 921.439 0.0416663
face centroid = (0.00450235,0.250023,5.19168)
contact = 11 1 11 10 (-0.818808,0.250021,5.13481) (0.989816,1.39674e-07,0.142351)
subcontact = (-0.855786,2.22906e-05,5.3818) 2923.38 (-23.0404,0.0399993,139.062) 48 -0.00280645 (7.44913e-05,-1.38235e-07,-0.00048142) 140324 6766.05 0.0208331
face centroid = (-0.817457,0.250021,5.13526)
subcontact = (-0.855786,0.500022,5.3818) 5845.6 (-46.0486,0.0799986,277.924) 47 -0.00280589 (7.44386e-05,-1.38235e-07,-0.000481075) 140296 6761.19 0.0416661
face centroid = (-0.817457,0.250021,5.13526)
subcontact = (-0.782036,0.50002,4.88726) 295.595 (-24.0529,-0.0622738,145.464) 46 -0.000283769 (7.78356e-05,2.15224e-07,-0.000503572) 14188.7 7077.19 0.0208331
face centroid = (-0.817457,0.250021,5.13526)
subcontact = (-0.782036,2.03906e-05,4.88727) 592.353 (-48.1381,-0.124548,291.128) 45 -0.000284327 (7.78883e-05,2.15224e-07,-0.000503917) 14216.7 7082.04 0.0416661
face centroid = (-0.817457,0.250021,5.13526)
subcontact = (-0.78183,2.01782e-05,4.88782) 297.144 (-24.0683,-0.0622192,145.559) 44 -0.000285257 (7.78858e-05,2.15032e-07,-0.0005039) 14262.9 7081.7 0.0208333
face centroid = (-0.818911,0.250021,5.13453)
subcontact = (-0.78183,0.50002,4.88782) 593.124 (-48.1043,-0.124438,290.918) 43 -0.000284698 (7.78331e-05,2.15032e-07,-0.000503555) 14235 7076.85 0.0416667
face centroid = (-0.818911,0.250021,5.13453)
subcontact = (-0.853084,0.500022,5.38271) 2923.76 (-23.0235,0.0400561,138.957) 42 -0.00280682 (7.44361e-05,-1.38431e-07,-0.000481058) 140341 6760.86 0.0208333
face centroid = (-0.818911,0.250021,5.13453)
subcontact = (-0.853084,2.24314e-05,5.38271) 5848.69 (-46.0793,0.0801121,278.113) 41 -0.00280738 (7.44888e-05,-1.38431e-07,-0.000481403) 140369 6765.71 0.0416667
face centroid = (-0.818911,0.250021,5.13453)
contact = 12 1 12 11 (-1.62079,0.25002,4.95482) (0.956188,5.51323e-07,0.292752)
subcontact = (-1.69504,2.08165e-05,5.19308) 2383.05 (-77.478,0.0179498,233.873) 40 -0.00228773 (0.000258534,-6.20264e-08,-0.000811269) 114387 11825.9 0.0208332
face centroid = (-1.61982,0.25002,4.95558)
subcontact = (-1.69504,0.500021,5.19308) 4765.08 (-154.919,0.0358994,467.636) 39 -0.00228724 (0.000258473,-6.2026e-08,-0.000811078) 114362 11823.1 0.0416665
face centroid = (-1.61982,0.25002,4.95558)
subcontact = (-1.54725,0.500019,4.71542) 1063.87 (-78.9156,-0.0416664,238.294) 38 -0.00102132 (0.00026337,1.44011e-07,-0.000826593) 51066.2 12049.1 0.0208332
face centroid = (-1.61982,0.25002,4.95558)
subcontact = (-1.54725,1.87101e-05,4.71542) 2128.77 (-157.868,-0.0833326,476.699) 37 -0.00102181 (0.000263432,1.4401e-07,-0.000826784) 51090.6 12051.9 0.0416665
face centroid = (-1.61982,0.25002,4.95558)
subcontact = (-1.54653,1.85705e-05,4.71657) 1064.95 (-78.9322,-0.0416217,238.344) 36 -0.00102236 (0.000263426,1.43854e-07,-0.000826766) 51117.8 12051.6 0.0208333
face centroid = (-1.62114,0.25002,4.95425)
subcontact = (-1.54653,0.500019,4.71656) 2128.89 (-157.828,-0.0832435,476.578) 35 -0.00102187 (0.000263365,1.43854e-07,-0.000826575) 51093.3 12048.8 0.0416667
face centroid = (-1.62114,0.25002,4.95425)
subcontact = (-1.69312,0.500021,5.19459) 2383.11 (-77.4579,0.0179952,233.812) 34 -0.00228779 (0.000258467,-6.2184e-08,-0.00081106) 114389 11822.8 0.0208333
face centroid = (-1.62114,0.25002,4.95425)
subcontact = (-1.69312,2.0883e-05,5.1946) 4767.23 (-154.952,0.0359906,467.735) 33 -0.00228828 (0.000258528,-6.21843e-08,-0.000811252) 114414 11825.6 0.0416667
face centroid = (-1.62114,0.25002,4.95425)
contact = 13 1 13 12 (-2.3856,0.250017,4.65384) (0.897958,1.50823e-06,0.440081)
subcontact = (-2.49585,1.78381e-05,4.87761) 1623.16 (-139.563,-0.0034652,272.179) 32 -0.00155824 (0.000473793,1.19983e-08,-0.000944988) 77911.9 14682 0.0208333
face centroid = (-2.3849,0.250017,4.65478)
subcontact = (-2.49585,0.500018,4.87761) 3245.53 (-279.107,-0.00693081,544.322) 31 -0.00155786 (0.000473761,1.1999e-08,-0.000944925) 77892.9 14681 0.0416666
face centroid = (-2.3849,0.250017,4.65478)
subcontact = (-2.27629,0.500016,4.4284) 2185.97 (-139.53,-0.0240613,272.084) 30 -0.00209854 (0.00047366,8.31771e-08,-0.00094467) 104927 14677.2 0.0208333
face centroid = (-2.3849,0.250017,4.65478)
subcontact = (-2.27629,1.58024e-05,4.4284) 4372.74 (-279.079,-0.0481222,544.205) 29 -0.00209892 (0.000473692,8.31764e-08,-0.000944734) 104946 14678.2 0.0416666
face centroid = (-2.3849,0.250017,4.65478)
subcontact = (-2.27488,1.57239e-05,4.4303) 2184.93 (-139.54,-0.024059,272.104) 28 -0.00209754 (0.000473694,8.31697e-08,-0.000944738) 104877 14678.3 0.0208333
face centroid = (-2.38607,0.250017,4.65301)
subcontact = (-2.27488,0.500016,4.43029) 4369.07 (-279.061,-0.0481182,544.171) 27 -0.00209716 (0.000473662,8.317e-08,-0.000944675) 104858 14677.3 0.0416667
face centroid = (-2.38607,0.250017,4.65301)
subcontact = (-2.49493,0.500018,4.87927) 1621.32 (-139.554,-0.00346363,272.162) 26 -0.00155647 (0.000473763,1.19926e-08,-0.000944929) 77823.5 14681.1 0.0208333
face centroid = (-2.38607,0.250017,4.65301)
subcontact = (-2.49493,1.78308e-05,4.87927) 3243.44 (-279.127,-0.00692704,544.361) 25 -0.00155686 (0.000473795,1.19922e-08,-0.000944992) 77842.6 14682.1 0.0416667
face centroid = (-2.38607,0.250017,4.65301)
contact = 14 1 14 13 (-3.23698,0.500013,4.44166) (0.81805,5.72234e-06,0.575147)
subcontact = (-3.23771,1.3563e-05,4.43981) 819.869 (-184.088,-0.0250919,249.332) 24 -0.000787072 (0.000626157,8.66439e-08,-0.000868999) 39353.7 14876.5 0.0208333
face centroid = (-3.09287,0.250013,4.23737)
subcontact = (-3.23771,0.500014,4.43981) 1639.22 (-368.177,-0.0501808,498.67) 23 -0.000786825 (0.000626161,8.66386e-08,-0.000869009) 39341.3 14876.6 0.0416667
face centroid = (-3.09287,0.250013,4.23737)
subcontact = (-2.95014,0.500012,4.03079) 3468.82 (-180.864,-0.0211885,244.882) 22 -0.00333008 (0.000615125,7.31568e-08,-0.000853542) 166503 14612.7 0.0208333
face centroid = (-3.09287,0.250013,4.23737)
subcontact = (-2.95014,1.18441e-05,4.03079) 6938.15 (-361.726,-0.0423801,489.758) 21 -0.00333032 (0.000615121,7.31621e-08,-0.000853532) 166516 14612.6 0.0416667
face centroid = (-3.09287,0.250013,4.23737)
subcontact = (-2.94805,1.17812e-05,4.0336) 3465 (-180.869,-0.021213,244.887) 20 -0.0033264 (0.000615141,7.32351e-08,-0.00085356) 166322 14613.3 0.0208331
face centroid = (-3.09393,0.250013,4.2353)
subcontact = (-2.94805,0.500012,4.03359) 6929.48 (-361.74,-0.0424226,489.781) 19 -0.00332615 (0.000615145,7.32293e-08,-0.00085357) 166310 14613.4 0.0416661
face centroid = (-3.09393,0.250013,4.2353)
subcontact = (-3.2377,0.500013,4.44115) 815.512 (-184.094,-0.0251095,249.343) 18 -0.000782893 (0.000626182,8.67049e-08,-0.000869037) 39145.1 14877.3 0.0208331
face centroid = (-3.09393,0.250013,4.2353)
subcontact = (-3.2377,1.34779e-05,4.44115) 1631.54 (-368.188,-0.0502224,498.68) 17 -0.00078314 (0.000626177,8.67107e-08,-0.000869027) 39157.4 14877.2 0.0416661
face centroid = (-3.09393,0.250013,4.2353)
contact = 15 7 15 14 (-3.71231,0.25,3.71231) (0.707107,0,0.707107)
contact = 16 1 16 15 (-4.06415,2.09942e-06,2.94115) (0.596206,6.50739e-06,0.802831)
subcontact = (-4.46712,2.80929e-06,3.23716) 0 (0,0,0) 16 0.00326511 (0.000321621,8.44449e-07,-0.000235125) 0 0 0.0208333
face centroid = (-4.26618,0.250002,3.08914)
subcontact = (-4.46712,0.500003,3.23716) 0 (0,0,0) 15 0.00326224 (0.000322127,8.4444e-07,-0.000235508) 0 0 0.0416667
face centroid = (-4.26618,0.250002,3.08914)
subcontact = (-4.06571,0.500002,2.93905) 5440.54 (-100.325,-0.0569711,72.3376) 14 -0.00522294 (0.000344891,1.96945e-07,-0.000252384) 261146 5936.83 0.0208333
face centroid = (-4.26618,0.250002,3.08914)
subcontact = (-4.0657,2.08244e-06,2.93906) 10875.1 (-200.358,-0.113947,144.451) 13 -0.00522006 (0.000344385,1.96954e-07,-0.000252001) 261002 5928.03 0.0416667
face centroid = (-4.26618,0.250002,3.08914)
subcontact = (-4.06297,1.88542e-06,2.94352) 5429.21 (-100.17,-0.0573446,72.219) 12 -0.00521211 (0.000344359,1.98244e-07,-0.000251982) 260640 5928.34 0.0208303
face centroid = (-4.26641,0.250002,3.08811)
subcontact = (-4.06297,0.500002,2.94352) 10864.4 (-200.631,-0.114684,144.662) 11 -0.00521498 (0.000344865,1.98234e-07,-0.000252364) 260783 5937.15 0.0416607
face centroid = (-4.26641,0.250002,3.08811)
subcontact = (-4.46939,0.500002,3.23477) 0 (0,0,0) 10 0.00326982 (0.000322103,8.4557e-07,-0.00023549) 0 0 0.0208303
face centroid = (-4.26641,0.250002,3.08811)
subcontact = (-4.46939,1.96664e-06,3.23477) 0 (0,0,0) 9 0.0032727 (0.000321597,8.4558e-07,-0.000235107) 0 0 0.0416607
face centroid = (-4.26641,0.250002,3.08811)
contact = 17 7 17 16 (-4.67778,0.25,2.38345) (0.45399,0,0.891007)
contact = 18 7 18 17 (-4.99305,0.25,1.62234) (0.309017,0,0.951057)
contact = 19 1 19 18 (-5.18752,0.25,0.819077) (0.156434,0,0.987688)
subcontact = (-5.43659,-1.22269e-08,0.855981) 5241.37 (1015.69,0.00346596,-163.541) 8 -0.00503172 (-0.00351093,-1.19802e-08,0.000560695) 251591 49381.9 0.0208329
face centroid = (-5.18536,0.25,0.821281)
subcontact = (-5.43659,0.5,0.855981) 10483.5 (2031.43,0.00693199,-327.09) 7 -0.0050321 (-0.00351103,-1.19803e-08,0.000560709) 251610 49383.3 0.0416658
face centroid = (-5.18536,0.25,0.821281)
subcontact = (-4.94224,0.5,0.780986) 1844.96 (1019.02,-0.0249485,-164.07) 6 -0.00177116 (-0.00352245,8.62244e-08,0.00056252) 88560.1 49543.9 0.0208329
face centroid = (-5.18536,0.25,0.821281)
subcontact = (-4.94224,8.64485e-08,0.780986) 3689.15 (2037.98,-0.0498971,-328.131) 5 -0.00177079 (-0.00352235,8.62245e-08,0.000562506) 88541.4 49542.6 0.0416658
face centroid = (-5.18536,0.25,0.821281)
subcontact = (-4.93844,0,0.782172) 1824.01 (1019.01,-0.0252572,-164.069) 4 -0.00175106 (-0.00352242,8.72851e-08,0.000562517) 87552.7 49542.6 0.0208333
face centroid = (-5.18942,0.25,0.818484)
subcontact = (-4.93844,0.5,0.782172) 3648.81 (2038.08,-0.0505144,-328.146) 3 -0.00175143 (-0.00352252,8.72849e-08,0.000562531) 87571.4 49543.9 0.0416667
face centroid = (-5.18942,0.25,0.818484)
subcontact = (-5.43229,0.5,0.86039) 5221.23 (1015.74,0.00315982,-163.549) 2 -0.00501238 (-0.0035111,-1.09242e-08,0.00056072) 250619 49383.3 0.0208333
face centroid = (-5.18942,0.25,0.818484)
subcontact = (-5.43229,0,0.86039) 10441.7 (2031.42,0.00631953,-327.089) 1 -0.00501201 (-0.003511,-1.0924e-08,0.000560706) 250600 49381.9 0.0416667
face centroid = (-5.18942,0.25,0.818484)
3dec>log off
**********************************************
* Logging ended at Wed Mar 13 14:29:18 2024
**********************************************
**********************************************
* Logging started at Wed Mar 13 14:29:46 2024
* By 3dec Version 7.00 Release 159
* 
* 
* Job Title: 
**********************************************
3dec>log-file 'Displacement_step_1_distance_0.001m.txt'
**********************************************
* Logging ended at Wed Mar 13 14:29:46 2024
**********************************************
**********************************************
* Logging started at Wed Mar 13 14:29:46 2024
* By 3dec Version 7.00 Release 159
* 
* 
* Job Title: 
**********************************************
3dec>@contacts_output
contact = 1 1 1 0 (5.31089,0.250006,0.839969) (0.149411,-4.6716e-07,-0.988775)
subcontact = (5.43229,0,0.86092) 5369.93 (1042.66,0.180052,169.219) 112 -0.00515515 (-0.00360661,-6.22271e-07,-0.000565143) 257763 50704 0.0208328
face centroid = (5.1895,0.25,0.819018)
subcontact = (5.43229,0.5,0.86092) 10740.3 (2084.58,0.360103,338.308) 111 -0.00515538 (-0.00360533,-6.22268e-07,-0.000564933) 257775 50685.9 0.0416656
face centroid = (5.1895,0.25,0.819018)
subcontact = (4.93844,0.5,0.782702) 1668.6 (1042.53,-0.198956,169.193) 110 -0.00160184 (-0.00360615,6.87562e-07,-0.000565062) 80094.7 50697.5 0.0208328
face centroid = (5.1895,0.25,0.819018)
subcontact = (4.93844,0,0.782702) 3336.71 (2085.8,-0.397911,338.516) 109 -0.00160161 (-0.00360744,6.8756e-07,-0.000565272) 80083.1 50715.6 0.0416656
face centroid = (5.1895,0.25,0.819018)
subcontact = (4.94231,-6.8593e-07,0.781666) 1689.95 (1042.9,-0.19848,169.258) 108 -0.00162236 (-0.00360744,6.85929e-07,-0.000565272) 81117.7 50714.4 0.0208333
face centroid = (5.18536,0.25,0.821811)
subcontact = (4.9423,0.499999,0.781665) 3380.36 (2085.06,-0.396961,338.386) 107 -0.00162258 (-0.00360615,6.85931e-07,-0.000565062) 81128.6 50696.3 0.0416667
face centroid = (5.18536,0.25,0.821811)
subcontact = (5.43669,0.500001,0.856371) 5391.81 (1042.29,0.180515,169.154) 106 -0.00517614 (-0.00360532,-6.23879e-07,-0.000564932) 258807 50684.7 0.0208333
face centroid = (5.18536,0.25,0.821811)
subcontact = (5.43669,6.23882e-07,0.856371) 10783.2 (2085.33,0.361031,338.439) 105 -0.00517592 (-0.00360661,-6.23881e-07,-0.000565143) 258796 50702.8 0.0416667
face centroid = (5.18536,0.25,0.821811)
contact = 2 7 2 1 (4.99305,0.25,1.62234) (0.309017,0,-0.951057)
contact = 3 7 3 2 (4.67778,0.25,2.38345) (0.45399,0,-0.891007)
contact = 4 1 4 3 (4.26757,0.250009,3.09013) (0.590624,-0.00170896,-0.806945)
subcontact = (4.47089,2.19985e-07,3.23572) 110.865 (-31.9119,2.21217,-22.1569) 104 -0.000106405 (0.00010929,-7.64527e-06,7.79263e-05) 5321.82 1867.91 0.0208321
face centroid = (4.26901,0.250015,3.08803)
subcontact = (4.47089,0.5,3.23572) 221.37 (-58.6012,4.42418,-40.4913) 103 -0.000106232 (0.000100265,-7.64499e-06,7.13209e-05) 5313.18 1712.9 0.0416643
face centroid = (4.26901,0.250015,3.08803)
subcontact = (4.0643,0.499999,2.94471) 5313.82 (-34.3943,7.03949,-23.9919) 102 -0.00510131 (0.000117876,-2.43288e-05,8.42597e-05) 255078 2041.18 0.0208321
face centroid = (4.26901,0.250015,3.08803)
subcontact = (4.0643,-1.05311e-06,2.94471) 10628 (-74.0112,14.0791,-51.8063) 101 -0.00510149 (0.000126901,-2.43291e-05,9.08651e-05) 255087 2194.49 0.0416643
face centroid = (4.26901,0.250015,3.08803)
subcontact = (4.06718,1.95905e-05,2.9405) 5318.18 (-37.0063,7.04385,-25.9037) 100 -0.00510546 (0.000126913,-2.43436e-05,9.08737e-05) 255273 2194.44 0.0208333
face centroid = (4.26759,0.25,3.09022)
subcontact = (4.06719,0.50002,2.94051) 10635.9 (-68.7898,14.0874,-47.9847) 99 -0.00510525 (0.000117888,-2.43431e-05,8.4268e-05) 255262 2041.14 0.0416666
face centroid = (4.26759,0.25,3.09022)
subcontact = (4.47085,0.50001,3.23556) 114.69 (-29.3009,2.21614,-20.2458) 98 -0.000110102 (0.000100276,-7.65898e-06,7.13289e-05) 5505.14 1712.83 0.0208333
face centroid = (4.26759,0.25,3.09022)
subcontact = (4.47084,9.67596e-06,3.23556) 229.833 (-63.8246,4.43254,-44.3144) 97 -0.000110319 (0.000109301,-7.65945e-06,7.79345e-05) 5516.01 1867.84 0.0416666
face centroid = (4.26759,0.25,3.09022)
contact = 5 1 5 4 (3.90637,1.28194e-05,3.89089) (0.71499,-1.07237e-06,-0.699135)
subcontact = (3.90844,1.00416e-05,3.89021) 243.533 (-117.041,0.527993,-116.392) 96 -0.000233778 (0.00066822,-2.77045e-06,0.000673255) 11690 7923.32 0.0208326
face centroid = (3.73316,0.250015,3.71061)
subcontact = (3.90845,0.50001,3.89021) 485.948 (-233.237,1.05167,-231.982) 95 -0.000233242 (0.000671472,-2.77051e-06,0.000676569) 11663.2 7895.37 0.0416652
face centroid = (3.73316,0.250015,3.71061)
subcontact = (3.55592,0.50002,3.53564) 4580.54 (-195.584,-0.545162,-194.189) 94 -0.00439735 (0.000670966,1.88406e-06,0.000676108) 219874 13229.9 0.0208326
face centroid = (3.73316,0.250015,3.71061)
subcontact = (3.55591,1.99228e-05,3.53564) 9162.2 (-389.282,-1.09036,-386.465) 93 -0.00439788 (0.000667713,1.88412e-06,0.000672795) 219900 13165.4 0.0416652
face centroid = (3.73316,0.250015,3.71061)
subcontact = (3.55837,1.80495e-05,3.53186) 4587.22 (-194.642,-0.54718,-193.234) 92 -0.00440374 (0.000667714,1.891e-06,0.000672796) 220187 13165.1 0.0208333
face centroid = (3.73218,0.250015,3.71292)
subcontact = (3.55837,0.500018,3.53187) 9173.35 (-391.17,-1.09433,-388.382) 91 -0.00440321 (0.000670967,1.89096e-06,0.000676109) 220160 13229.5 0.0416667
face centroid = (3.73218,0.250015,3.71292)
subcontact = (3.90794,0.500013,3.88936) 249.033 (-119.655,0.531199,-118.992) 90 -0.000239073 (0.000671473,-2.76372e-06,0.00067657) 11953.6 8100.01 0.0208333
face centroid = (3.73218,0.250015,3.71292)
subcontact = (3.90794,1.2817e-05,3.88936) 499.163 (-240.144,1.06674,-238.774) 89 -0.000239599 (0.000668221,-2.76368e-06,0.000673256) 11979.9 8127.58 0.0416667
face centroid = (3.73218,0.250015,3.71292)
contact = 6 1 6 5 (3.24414,1.49943e-05,4.44206) (0.818391,-1.68971e-06,-0.574662)
subcontact = (3.24543,1.44483e-05,4.44247) 856.811 (-181.073,0.1644,-246.463) 88 -0.00082254 (0.000616632,-5.68338e-07,0.000858446) 41127.4 14680 0.0208331
face centroid = (3.10181,0.250017,4.23652)
subcontact = (3.24543,0.500014,4.44247) 1712.53 (-362.533,0.328798,-493.444) 87 -0.000822016 (0.000617286,-5.68336e-07,0.000859351) 41101.2 14695.5 0.0416662
face centroid = (3.10181,0.250017,4.23652)
subcontact = (2.95609,0.50002,4.0347) 3416.52 (-179.971,-0.178609,-244.918) 86 -0.00327987 (0.000612843,6.17104e-07,0.000853093) 163995 14588.9 0.0208331
face centroid = (3.10181,0.250017,4.23652)
subcontact = (2.95609,1.95325e-05,4.03469) 6834.13 (-359.556,-0.357217,-489.318) 85 -0.00328039 (0.000612188,6.17102e-07,0.000852189) 164021 14573.4 0.0416662
face centroid = (3.10181,0.250017,4.23652)
subcontact = (2.95815,1.89594e-05,4.03192) 3421.76 (-179.775,-0.178923,-244.656) 84 -0.0032849 (0.00061218,6.18198e-07,0.000852177) 164245 14573 0.0208333
face centroid = (3.10076,0.250017,4.23858)
subcontact = (2.95815,0.500019,4.03192) 6842.44 (-359.937,-0.357846,-489.829) 83 -0.00328438 (0.000612834,6.182e-07,0.000853081) 164219 14588.5 0.0416667
face centroid = (3.10076,0.250017,4.23858)
subcontact = (3.24548,0.500015,4.44112) 860.969 (-181.264,0.164085,-246.718) 82 -0.00082653 (0.000617278,-5.6724e-07,0.000859339) 41326.5 14695.1 0.0208333
face centroid = (3.10076,0.250017,4.23858)
subcontact = (3.24548,1.49915e-05,4.44112) 1723.02 (-362.141,0.328171,-492.919) 81 -0.000827049 (0.000616623,-5.67242e-07,0.000858434) 41352.4 14679.6 0.0416667
face centroid = (3.10076,0.250017,4.23858)
contact = 7 1 7 6 (2.39302,0.250019,4.65475) (0.898631,1.77649e-06,-0.438705)
subcontact = (2.50243,1.69827e-05,4.88013) 1656.09 (-138.986,0.130244,-270.028) 80 -0.00158985 (0.000470428,-4.50125e-07,0.000938265) 79492.4 14577.5 0.0208333
face centroid = (2.39371,0.250019,4.65381)
subcontact = (2.50243,0.500017,4.88014) 3311.01 (-278.24,0.260489,-540.569) 79 -0.00158929 (0.000470878,-4.50127e-07,0.000939158) 79464.4 14591.4 0.0416666
face centroid = (2.39371,0.250019,4.65381)
subcontact = (2.28265,0.500021,4.43103) 2146.64 (-140.041,-0.15851,-272.062) 78 -0.00206078 (0.000473988,5.47814e-07,0.00094534) 103039 14687.5 0.0208333
face centroid = (2.39371,0.250019,4.65381)
subcontact = (2.28265,2.07696e-05,4.43103) 4294.45 (-279.815,-0.317021,-543.612) 77 -0.00206134 (0.000473538,5.47816e-07,0.000944447) 103067 14673.6 0.0416666
face centroid = (2.39371,0.250019,4.65381)
subcontact = (2.28403,2.02247e-05,4.42915) 2149.26 (-139.908,-0.158757,-271.808) 76 -0.0020633 (0.000473541,5.48664e-07,0.000944453) 103165 14673.7 0.0208333
face centroid = (2.39254,0.250019,4.65558)
subcontact = (2.28403,0.50002,4.42915) 4297.37 (-280.084,-0.317512,-544.129) 75 -0.00206274 (0.000473991,5.48661e-07,0.000945346) 103137 14687.6 0.0416667
face centroid = (2.39254,0.250019,4.65558)
subcontact = (2.50339,0.500017,4.87847) 1657.55 (-139.121,0.13,-270.286) 74 -0.00159125 (0.000470881,-4.49283e-07,0.000939163) 79562.3 14591.5 0.0208333
face centroid = (2.39254,0.250019,4.65558)
subcontact = (2.50338,1.74345e-05,4.87846) 3316.26 (-277.974,0.26,-540.059) 73 -0.00159181 (0.000470431,-4.4928e-07,0.000938271) 79590.2 14577.6 0.0416667
face centroid = (2.39254,0.250019,4.65558)
contact = 8 1 8 7 (1.62767,0.250021,4.95548) (0.955417,2.48082e-07,-0.295259)
subcontact = (1.70051,1.93548e-05,5.19508) 2406.52 (-73.7684,0.108024,-224.834) 72 -0.00231026 (0.000248204,-3.73335e-07,0.000779185) 115513 11358.1 0.0208333
face centroid = (1.62865,0.250021,4.95473)
subcontact = (1.70051,0.500019,5.19508) 4811.82 (-147.689,0.216049,-450.124) 71 -0.00230968 (0.000248458,-3.73338e-07,0.000779977) 115484 11369.6 0.0416665
face centroid = (1.62865,0.250021,4.95473)
subcontact = (1.55414,0.500022,4.71699) 1036.69 (-75.8628,-0.130477,-231.248) 70 -0.000995228 (0.000255267,4.50925e-07,0.000801411) 49761.5 11682 0.0208333
face centroid = (1.62865,0.250021,4.95473)
subcontact = (1.55414,2.19704e-05,4.71698) 2074.61 (-151.574,-0.260955,-462.04) 69 -0.000995814 (0.000255013,4.50928e-07,0.000800619) 49790.8 11670.5 0.0416665
face centroid = (1.62865,0.250021,4.95473)
subcontact = (1.55484,2.15196e-05,4.71588) 1037.29 (-75.7892,-0.130634,-231.027) 68 -0.000995798 (0.000255019,4.51461e-07,0.000800641) 49789.9 11670.8 0.0208333
face centroid = (1.62733,0.250021,4.95603)
subcontact = (1.55484,0.500022,4.71588) 2073.36 (-151.73,-0.261266,-462.511) 67 -0.000995212 (0.000255273,4.51459e-07,0.000801433) 49760.6 11682.3 0.0416667
face centroid = (1.62733,0.250021,4.95603)
subcontact = (1.70247,0.50002,5.19359) 2405.9 (-73.8465,0.10787,-225.069) 66 -0.00230966 (0.000248465,-3.72807e-07,0.000779998) 115483 11370 0.0208333
face centroid = (1.62733,0.250021,4.95603)
subcontact = (1.70246,1.9728e-05,5.19359) 4813.02 (-147.541,0.215739,-449.681) 65 -0.00231025 (0.000248211,-3.72805e-07,0.000779206) 115512 11358.4 0.0416667
face centroid = (1.62733,0.250021,4.95603)
contact = 9 1 9 8 (0.824996,0.250022,5.13518) (0.989024,3.17513e-07,-0.147753)
subcontact = (0.860439,2.12229e-05,5.38292) 2936.15 (-22.6916,0.156967,-140.283) 64 -0.00281872 (7.54937e-05,-5.42486e-07,0.000485277) 140938 6821.23 0.020833
face centroid = (0.826351,0.250022,5.13472)
subcontact = (0.86044,0.500021,5.38292) 5871.05 (-45.5102,0.313937,-281.342) 63 -0.00281811 (7.57038e-05,-5.42493e-07,0.000486619) 140907 6840.1 0.041666
face centroid = (0.826351,0.250022,5.13472)
subcontact = (0.789362,0.500023,4.888) 281.433 (-19.0556,-0.179574,-118.541) 62 -0.000270172 (8.02642e-05,8.06843e-07,0.000516088) 13509 5763.12 0.020833
face centroid = (0.826351,0.250022,5.13472)
subcontact = (0.789361,2.28785e-05,4.888) 564.119 (-38.1579,-0.360496,-237.358) 61 -0.000270774 (8.00541e-05,8.0685e-07,0.000514746) 13539.1 5769.82 0.041666
face centroid = (0.826351,0.250022,5.13472)
subcontact = (0.789552,2.20699e-05,4.88744) 281.584 (-18.9998,-0.179757,-118.2) 60 -0.00027032 (8.00569e-05,8.07469e-07,0.000514764) 13516.1 5746.45 0.0208333
face centroid = (0.824901,0.250022,5.13546)
subcontact = (0.789552,0.500022,4.88744) 561.915 (-37.9526,-0.358151,-236.123) 59 -0.000269718 (8.0267e-05,8.07464e-07,0.000516107) 13486 5739.7 0.0416667
face centroid = (0.824901,0.250022,5.13546)
subcontact = (0.863151,0.500022,5.382) 2935.07 (-22.7562,0.156796,-140.678) 58 -0.00281767 (7.57066e-05,-5.41885e-07,0.000486637) 140884 6840.32 0.0208333
face centroid = (0.824901,0.250022,5.13546)
subcontact = (0.863151,2.17638e-05,5.382) 5871.4 (-45.3853,0.313589,-280.58) 57 -0.00281827 (7.54965e-05,-5.4188e-07,0.000485295) 140914 6821.45 0.0416667
face centroid = (0.824901,0.250022,5.13546)
contact = 10 1 10 9 (0.00309456,0.250022,5.3167) (0.999989,9.17784e-08,-0.00462899)
subcontact = (0.00216583,2.24747e-05,5.44167) 3139.07 (-0.106568,-0.0221715,19.1949) 56 -0.00301352 (3.06497e-08,7.66272e-08,-6.63297e-05) 150690 921.458 0.0208313
face centroid = (0.00292045,0.250021,5.19174)
subcontact = (0.00216626,0.500022,5.44167) 6277.44 (-0.215627,-0.0443368,37.141) 55 -0.00301318 (3.77964e-08,7.66165e-08,-6.41718e-05) 150673 891.486 0.0416626
face centroid = (0.00292045,0.250021,5.19174)
subcontact = (0.00683888,0.500023,4.94169) 0 (0,0,0) 54 0.0061793 (1.88828e-07,2.22796e-06,-3.11358e-05) 0 0 0.0208313
face centroid = (0.00292045,0.250021,5.19174)
subcontact = (0.00683845,2.27161e-05,4.94169) 0 (0,0,0) 53 0.00617896 (1.81681e-07,2.22797e-06,-3.32937e-05) 0 0 0.0416626
face centroid = (0.00292045,0.250021,5.19174)
subcontact = (0.000660376,2.04884e-05,4.94175) 0 (0,0,0) 52 0.00617677 (1.8164e-07,2.22717e-06,-3.33029e-05) 0 0 0.0208331
face centroid = (0.00450235,0.250023,5.19168)
subcontact = (0.000660447,0.50002,4.94175) 0 (0,0,0) 51 0.00617714 (1.88787e-07,2.22717e-06,-3.11449e-05) 0 0 0.0416663
face centroid = (0.00450235,0.250023,5.19168)
subcontact = (0.00518052,0.500022,5.44173) 3141.31 (-0.10781,-0.0219331,18.5717) 50 -0.00301566 (3.77479e-08,7.58002e-08,-6.41827e-05) 150784 891.467 0.0208331
face centroid = (0.00450235,0.250023,5.19168)
subcontact = (0.00518045,2.23982e-05,5.44173) 6283.38 (-0.213129,-0.0438698,38.3923) 49 -0.00301603 (3.06005e-08,7.58066e-08,-6.63407e-05) 150803 921.439 0.0416663
face centroid = (0.00450235,0.250023,5.19168)
contact = 11 1 11 10 (-0.818808,0.250021,5.13481) (0.989816,1.39674e-07,0.142351)
subcontact = (-0.855786,2.22906e-05,5.3818) 2923.38 (-23.0404,0.0399993,139.062) 48 -0.00280645 (7.44913e-05,-1.38235e-07,-0.00048142) 140324 6766.05 0.0208331
face centroid = (-0.817457,0.250021,5.13526)
subcontact = (-0.855786,0.500022,5.3818) 5845.6 (-46.0486,0.0799986,277.924) 47 -0.00280589 (7.44386e-05,-1.38235e-07,-0.000481075) 140296 6761.19 0.0416661
face centroid = (-0.817457,0.250021,5.13526)
subcontact = (-0.782036,0.50002,4.88726) 295.595 (-24.0529,-0.0622738,145.464) 46 -0.000283769 (7.78356e-05,2.15224e-07,-0.000503572) 14188.7 7077.19 0.0208331
face centroid = (-0.817457,0.250021,5.13526)
subcontact = (-0.782036,2.03906e-05,4.88727) 592.353 (-48.1381,-0.124548,291.128) 45 -0.000284327 (7.78883e-05,2.15224e-07,-0.000503917) 14216.7 7082.04 0.0416661
face centroid = (-0.817457,0.250021,5.13526)
subcontact = (-0.78183,2.01782e-05,4.88782) 297.144 (-24.0683,-0.0622192,145.559) 44 -0.000285257 (7.78858e-05,2.15032e-07,-0.0005039) 14262.9 7081.7 0.0208333
face centroid = (-0.818911,0.250021,5.13453)
subcontact = (-0.78183,0.50002,4.88782) 593.124 (-48.1043,-0.124438,290.918) 43 -0.000284698 (7.78331e-05,2.15032e-07,-0.000503555) 14235 7076.85 0.0416667
face centroid = (-0.818911,0.250021,5.13453)
subcontact = (-0.853084,0.500022,5.38271) 2923.76 (-23.0235,0.0400561,138.957) 42 -0.00280682 (7.44361e-05,-1.38431e-07,-0.000481058) 140341 6760.86 0.0208333
face centroid = (-0.818911,0.250021,5.13453)
subcontact = (-0.853084,2.24314e-05,5.38271) 5848.69 (-46.0793,0.0801121,278.113) 41 -0.00280738 (7.44888e-05,-1.38431e-07,-0.000481403) 140369 6765.71 0.0416667
face centroid = (-0.818911,0.250021,5.13453)
contact = 12 1 12 11 (-1.62079,0.25002,4.95482) (0.956188,5.51323e-07,0.292752)
subcontact = (-1.69504,2.08165e-05,5.19308) 2383.05 (-77.478,0.0179498,233.873) 40 -0.00228773 (0.000258534,-6.20264e-08,-0.000811269) 114387 11825.9 0.0208332
face centroid = (-1.61982,0.25002,4.95558)
subcontact = (-1.69504,0.500021,5.19308) 4765.08 (-154.919,0.0358994,467.636) 39 -0.00228724 (0.000258473,-6.2026e-08,-0.000811078) 114362 11823.1 0.0416665
face centroid = (-1.61982,0.25002,4.95558)
subcontact = (-1.54725,0.500019,4.71542) 1063.87 (-78.9156,-0.0416664,238.294) 38 -0.00102132 (0.00026337,1.44011e-07,-0.000826593) 51066.2 12049.1 0.0208332
face centroid = (-1.61982,0.25002,4.95558)
subcontact = (-1.54725,1.87101e-05,4.71542) 2128.77 (-157.868,-0.0833326,476.699) 37 -0.00102181 (0.000263432,1.4401e-07,-0.000826784) 51090.6 12051.9 0.0416665
face centroid = (-1.61982,0.25002,4.95558)
subcontact = (-1.54653,1.85705e-05,4.71657) 1064.95 (-78.9322,-0.0416217,238.344) 36 -0.00102236 (0.000263426,1.43854e-07,-0.000826766) 51117.8 12051.6 0.0208333
face centroid = (-1.62114,0.25002,4.95425)
subcontact = (-1.54653,0.500019,4.71656) 2128.89 (-157.828,-0.0832435,476.578) 35 -0.00102187 (0.000263365,1.43854e-07,-0.000826575) 51093.3 12048.8 0.0416667
face centroid = (-1.62114,0.25002,4.95425)
subcontact = (-1.69312,0.500021,5.19459) 2383.11 (-77.4579,0.0179952,233.812) 34 -0.00228779 (0.000258467,-6.2184e-08,-0.00081106) 114389 11822.8 0.0208333
face centroid = (-1.62114,0.25002,4.95425)
subcontact = (-1.69312,2.0883e-05,5.1946) 4767.23 (-154.952,0.0359906,467.735) 33 -0.00228828 (0.000258528,-6.21843e-08,-0.000811252) 114414 11825.6 0.0416667
face centroid = (-1.62114,0.25002,4.95425)
contact = 13 1 13 12 (-2.3856,0.250017,4.65384) (0.897958,1.50823e-06,0.440081)
subcontact = (-2.49585,1.78381e-05,4.87761) 1623.16 (-139.563,-0.0034652,272.179) 32 -0.00155824 (0.000473793,1.19983e-08,-0.000944988) 77911.9 14682 0.0208333
face centroid = (-2.3849,0.250017,4.65478)
subcontact = (-2.49585,0.500018,4.87761) 3245.53 (-279.107,-0.00693081,544.322) 31 -0.00155786 (0.000473761,1.1999e-08,-0.000944925) 77892.9 14681 0.0416666
face centroid = (-2.3849,0.250017,4.65478)
subcontact = (-2.27629,0.500016,4.4284) 2185.97 (-139.53,-0.0240613,272.084) 30 -0.00209854 (0.00047366,8.31771e-08,-0.00094467) 104927 14677.2 0.0208333
face centroid = (-2.3849,0.250017,4.65478)
subcontact = (-2.27629,1.58024e-05,4.4284) 4372.74 (-279.079,-0.0481222,544.205) 29 -0.00209892 (0.000473692,8.31764e-08,-0.000944734) 104946 14678.2 0.0416666
face centroid = (-2.3849,0.250017,4.65478)
subcontact = (-2.27488,1.57239e-05,4.4303) 2184.93 (-139.54,-0.024059,272.104) 28 -0.00209754 (0.000473694,8.31697e-08,-0.000944738) 104877 14678.3 0.0208333
face centroid = (-2.38607,0.250017,4.65301)
subcontact = (-2.27488,0.500016,4.43029) 4369.07 (-279.061,-0.0481182,544.171) 27 -0.00209716 (0.000473662,8.317e-08,-0.000944675) 104858 14677.3 0.0416667
face centroid = (-2.38607,0.250017,4.65301)
subcontact = (-2.49493,0.500018,4.87927) 1621.32 (-139.554,-0.00346363,272.162) 26 -0.00155647 (0.000473763,1.19926e-08,-0.000944929) 77823.5 14681.1 0.0208333
face centroid = (-2.38607,0.250017,4.65301)
subcontact = (-2.49493,1.78308e-05,4.87927) 3243.44 (-279.127,-0.00692704,544.361) 25 -0.00155686 (0.000473795,1.19922e-08,-0.000944992) 77842.6 14682.1 0.0416667
face centroid = (-2.38607,0.250017,4.65301)
contact = 14 1 14 13 (-3.23698,0.500013,4.44166) (0.81805,5.72234e-06,0.575147)
subcontact = (-3.23771,1.3563e-05,4.43981) 819.869 (-184.088,-0.0250919,249.332) 24 -0.000787072 (0.000626157,8.66439e-08,-0.000868999) 39353.7 14876.5 0.0208333
face centroid = (-3.09287,0.250013,4.23737)
subcontact = (-3.23771,0.500014,4.43981) 1639.22 (-368.177,-0.0501808,498.67) 23 -0.000786825 (0.000626161,8.66386e-08,-0.000869009) 39341.3 14876.6 0.0416667
face centroid = (-3.09287,0.250013,4.23737)
subcontact = (-2.95014,0.500012,4.03079) 3468.82 (-180.864,-0.0211885,244.882) 22 -0.00333008 (0.000615125,7.31568e-08,-0.000853542) 166503 14612.7 0.0208333
face centroid = (-3.09287,0.250013,4.23737)
subcontact = (-2.95014,1.18441e-05,4.03079) 6938.15 (-361.726,-0.0423801,489.758) 21 -0.00333032 (0.000615121,7.31621e-08,-0.000853532) 166516 14612.6 0.0416667
face centroid = (-3.09287,0.250013,4.23737)
subcontact = (-2.94805,1.17812e-05,4.0336) 3465 (-180.869,-0.021213,244.887) 20 -0.0033264 (0.000615141,7.32351e-08,-0.00085356) 166322 14613.3 0.0208331
face centroid = (-3.09393,0.250013,4.2353)
subcontact = (-2.94805,0.500012,4.03359) 6929.48 (-361.74,-0.0424226,489.781) 19 -0.00332615 (0.000615145,7.32293e-08,-0.00085357) 166310 14613.4 0.0416661
face centroid = (-3.09393,0.250013,4.2353)
subcontact = (-3.2377,0.500013,4.44115) 815.512 (-184.094,-0.0251095,249.343) 18 -0.000782893 (0.000626182,8.67049e-08,-0.000869037) 39145.1 14877.3 0.0208331
face centroid = (-3.09393,0.250013,4.2353)
subcontact = (-3.2377,1.34779e-05,4.44115) 1631.54 (-368.188,-0.0502224,498.68) 17 -0.00078314 (0.000626177,8.67107e-08,-0.000869027) 39157.4 14877.2 0.0416661
face centroid = (-3.09393,0.250013,4.2353)
contact = 15 7 15 14 (-3.71231,0.25,3.71231) (0.707107,0,0.707107)
contact = 16 1 16 15 (-4.06415,2.09942e-06,2.94115) (0.596206,6.50739e-06,0.802831)
subcontact = (-4.46712,2.80929e-06,3.23716) 0 (0,0,0) 16 0.00326511 (0.000321621,8.44449e-07,-0.000235125) 0 0 0.0208333
face centroid = (-4.26618,0.250002,3.08914)
subcontact = (-4.46712,0.500003,3.23716) 0 (0,0,0) 15 0.00326224 (0.000322127,8.4444e-07,-0.000235508) 0 0 0.0416667
face centroid = (-4.26618,0.250002,3.08914)
subcontact = (-4.06571,0.500002,2.93905) 5440.54 (-100.325,-0.0569711,72.3376) 14 -0.00522294 (0.000344891,1.96945e-07,-0.000252384) 261146 5936.83 0.0208333
face centroid = (-4.26618,0.250002,3.08914)
subcontact = (-4.0657,2.08244e-06,2.93906) 10875.1 (-200.358,-0.113947,144.451) 13 -0.00522006 (0.000344385,1.96954e-07,-0.000252001) 261002 5928.03 0.0416667
face centroid = (-4.26618,0.250002,3.08914)
subcontact = (-4.06297,1.88542e-06,2.94352) 5429.21 (-100.17,-0.0573446,72.219) 12 -0.00521211 (0.000344359,1.98244e-07,-0.000251982) 260640 5928.34 0.0208303
face centroid = (-4.26641,0.250002,3.08811)
subcontact = (-4.06297,0.500002,2.94352) 10864.4 (-200.631,-0.114684,144.662) 11 -0.00521498 (0.000344865,1.98234e-07,-0.000252364) 260783 5937.15 0.0416607
face centroid = (-4.26641,0.250002,3.08811)
subcontact = (-4.46939,0.500002,3.23477) 0 (0,0,0) 10 0.00326982 (0.000322103,8.4557e-07,-0.00023549) 0 0 0.0208303
face centroid = (-4.26641,0.250002,3.08811)
subcontact = (-4.46939,1.96664e-06,3.23477) 0 (0,0,0) 9 0.0032727 (0.000321597,8.4558e-07,-0.000235107) 0 0 0.0416607
face centroid = (-4.26641,0.250002,3.08811)
contact = 17 7 17 16 (-4.67778,0.25,2.38345) (0.45399,0,0.891007)
contact = 18 7 18 17 (-4.99305,0.25,1.62234) (0.309017,0,0.951057)
contact = 19 1 19 18 (-5.18752,0.25,0.819077) (0.156434,0,0.987688)
subcontact = (-5.43659,-1.22269e-08,0.855981) 5241.37 (1015.69,0.00346596,-163.541) 8 -0.00503172 (-0.00351093,-1.19802e-08,0.000560695) 251591 49381.9 0.0208329
face centroid = (-5.18536,0.25,0.821281)
subcontact = (-5.43659,0.5,0.855981) 10483.5 (2031.43,0.00693199,-327.09) 7 -0.0050321 (-0.00351103,-1.19803e-08,0.000560709) 251610 49383.3 0.0416658
face centroid = (-5.18536,0.25,0.821281)
subcontact = (-4.94224,0.5,0.780986) 1844.96 (1019.02,-0.0249485,-164.07) 6 -0.00177116 (-0.00352245,8.62244e-08,0.00056252) 88560.1 49543.9 0.0208329
face centroid = (-5.18536,0.25,0.821281)
subcontact = (-4.94224,8.64485e-08,0.780986) 3689.15 (2037.98,-0.0498971,-328.131) 5 -0.00177079 (-0.00352235,8.62245e-08,0.000562506) 88541.4 49542.6 0.0416658
face centroid = (-5.18536,0.25,0.821281)
subcontact = (-4.93844,0,0.782172) 1824.01 (1019.01,-0.0252572,-164.069) 4 -0.00175106 (-0.00352242,8.72851e-08,0.000562517) 87552.7 49542.6 0.0208333
face centroid = (-5.18942,0.25,0.818484)
subcontact = (-4.93844,0.5,0.782172) 3648.81 (2038.08,-0.0505144,-328.146) 3 -0.00175143 (-0.00352252,8.72849e-08,0.000562531) 87571.4 49543.9 0.0416667
face centroid = (-5.18942,0.25,0.818484)
subcontact = (-5.43229,0.5,0.86039) 5221.23 (1015.74,0.00315982,-163.549) 2 -0.00501238 (-0.0035111,-1.09242e-08,0.00056072) 250619 49383.3 0.0208333
face centroid = (-5.18942,0.25,0.818484)
subcontact = (-5.43229,0,0.86039) 10441.7 (2031.42,0.00631953,-327.089) 1 -0.00501201 (-0.003511,-1.0924e-08,0.000560706) 250600 49381.9 0.0416667
face centroid = (-5.18942,0.25,0.818484)
3dec>log off
**********************************************
* Logging ended at Wed Mar 13 14:29:47 2024
**********************************************
**********************************************
* Logging started at Wed Mar 13 14:30:12 2024
* By 3dec Version 7.00 Release 159
* 
* 
* Job Title: 
**********************************************
3dec>log-file 'Displacement_step_1_distance_0.001m.txt'
**********************************************
* Logging ended at Wed Mar 13 14:30:12 2024
**********************************************
**********************************************
* Logging started at Wed Mar 13 14:30:12 2024
* By 3dec Version 7.00 Release 159
* 
* 
* Job Title: 
**********************************************
3dec>@contacts_output
contact = 1 1 1 0 (5.31089,0.250006,0.839969) (0.149411,-4.6716e-07,-0.988775)
subcontact = (5.43229,0,0.86092) 5369.93 (1042.66,0.180052,169.219) 112 -0.00515515 (-0.00360661,-6.22271e-07,-0.000565143) 257763 50704 0.0208328
face centroid = (5.1895,0.25,0.819018)
subcontact = (5.43229,0.5,0.86092) 10740.3 (2084.58,0.360103,338.308) 111 -0.00515538 (-0.00360533,-6.22268e-07,-0.000564933) 257775 50685.9 0.0416656
face centroid = (5.1895,0.25,0.819018)
subcontact = (4.93844,0.5,0.782702) 1668.6 (1042.53,-0.198956,169.193) 110 -0.00160184 (-0.00360615,6.87562e-07,-0.000565062) 80094.7 50697.5 0.0208328
face centroid = (5.1895,0.25,0.819018)
subcontact = (4.93844,0,0.782702) 3336.71 (2085.8,-0.397911,338.516) 109 -0.00160161 (-0.00360744,6.8756e-07,-0.000565272) 80083.1 50715.6 0.0416656
face centroid = (5.1895,0.25,0.819018)
subcontact = (4.94231,-6.8593e-07,0.781666) 1689.95 (1042.9,-0.19848,169.258) 108 -0.00162236 (-0.00360744,6.85929e-07,-0.000565272) 81117.7 50714.4 0.0208333
face centroid = (5.18536,0.25,0.821811)
subcontact = (4.9423,0.499999,0.781665) 3380.36 (2085.06,-0.396961,338.386) 107 -0.00162258 (-0.00360615,6.85931e-07,-0.000565062) 81128.6 50696.3 0.0416667
face centroid = (5.18536,0.25,0.821811)
subcontact = (5.43669,0.500001,0.856371) 5391.81 (1042.29,0.180515,169.154) 106 -0.00517614 (-0.00360532,-6.23879e-07,-0.000564932) 258807 50684.7 0.0208333
face centroid = (5.18536,0.25,0.821811)
subcontact = (5.43669,6.23882e-07,0.856371) 10783.2 (2085.33,0.361031,338.439) 105 -0.00517592 (-0.00360661,-6.23881e-07,-0.000565143) 258796 50702.8 0.0416667
face centroid = (5.18536,0.25,0.821811)
contact = 2 7 2 1 (4.99305,0.25,1.62234) (0.309017,0,-0.951057)
contact = 3 7 3 2 (4.67778,0.25,2.38345) (0.45399,0,-0.891007)
contact = 4 1 4 3 (4.26757,0.250009,3.09013) (0.590624,-0.00170896,-0.806945)
subcontact = (4.47089,2.19985e-07,3.23572) 110.865 (-31.9119,2.21217,-22.1569) 104 -0.000106405 (0.00010929,-7.64527e-06,7.79263e-05) 5321.82 1867.91 0.0208321
face centroid = (4.26901,0.250015,3.08803)
subcontact = (4.47089,0.5,3.23572) 221.37 (-58.6012,4.42418,-40.4913) 103 -0.000106232 (0.000100265,-7.64499e-06,7.13209e-05) 5313.18 1712.9 0.0416643
face centroid = (4.26901,0.250015,3.08803)
subcontact = (4.0643,0.499999,2.94471) 5313.82 (-34.3943,7.03949,-23.9919) 102 -0.00510131 (0.000117876,-2.43288e-05,8.42597e-05) 255078 2041.18 0.0208321
face centroid = (4.26901,0.250015,3.08803)
subcontact = (4.0643,-1.05311e-06,2.94471) 10628 (-74.0112,14.0791,-51.8063) 101 -0.00510149 (0.000126901,-2.43291e-05,9.08651e-05) 255087 2194.49 0.0416643
face centroid = (4.26901,0.250015,3.08803)
subcontact = (4.06718,1.95905e-05,2.9405) 5318.18 (-37.0063,7.04385,-25.9037) 100 -0.00510546 (0.000126913,-2.43436e-05,9.08737e-05) 255273 2194.44 0.0208333
face centroid = (4.26759,0.25,3.09022)
subcontact = (4.06719,0.50002,2.94051) 10635.9 (-68.7898,14.0874,-47.9847) 99 -0.00510525 (0.000117888,-2.43431e-05,8.4268e-05) 255262 2041.14 0.0416666
face centroid = (4.26759,0.25,3.09022)
subcontact = (4.47085,0.50001,3.23556) 114.69 (-29.3009,2.21614,-20.2458) 98 -0.000110102 (0.000100276,-7.65898e-06,7.13289e-05) 5505.14 1712.83 0.0208333
face centroid = (4.26759,0.25,3.09022)
subcontact = (4.47084,9.67596e-06,3.23556) 229.833 (-63.8246,4.43254,-44.3144) 97 -0.000110319 (0.000109301,-7.65945e-06,7.79345e-05) 5516.01 1867.84 0.0416666
face centroid = (4.26759,0.25,3.09022)
contact = 5 1 5 4 (3.90637,1.28194e-05,3.89089) (0.71499,-1.07237e-06,-0.699135)
subcontact = (3.90844,1.00416e-05,3.89021) 243.533 (-117.041,0.527993,-116.392) 96 -0.000233778 (0.00066822,-2.77045e-06,0.000673255) 11690 7923.32 0.0208326
face centroid = (3.73316,0.250015,3.71061)
subcontact = (3.90845,0.50001,3.89021) 485.948 (-233.237,1.05167,-231.982) 95 -0.000233242 (0.000671472,-2.77051e-06,0.000676569) 11663.2 7895.37 0.0416652
face centroid = (3.73316,0.250015,3.71061)
subcontact = (3.55592,0.50002,3.53564) 4580.54 (-195.584,-0.545162,-194.189) 94 -0.00439735 (0.000670966,1.88406e-06,0.000676108) 219874 13229.9 0.0208326
face centroid = (3.73316,0.250015,3.71061)
subcontact = (3.55591,1.99228e-05,3.53564) 9162.2 (-389.282,-1.09036,-386.465) 93 -0.00439788 (0.000667713,1.88412e-06,0.000672795) 219900 13165.4 0.0416652
face centroid = (3.73316,0.250015,3.71061)
subcontact = (3.55837,1.80495e-05,3.53186) 4587.22 (-194.642,-0.54718,-193.234) 92 -0.00440374 (0.000667714,1.891e-06,0.000672796) 220187 13165.1 0.0208333
face centroid = (3.73218,0.250015,3.71292)
subcontact = (3.55837,0.500018,3.53187) 9173.35 (-391.17,-1.09433,-388.382) 91 -0.00440321 (0.000670967,1.89096e-06,0.000676109) 220160 13229.5 0.0416667
face centroid = (3.73218,0.250015,3.71292)
subcontact = (3.90794,0.500013,3.88936) 249.033 (-119.655,0.531199,-118.992) 90 -0.000239073 (0.000671473,-2.76372e-06,0.00067657) 11953.6 8100.01 0.0208333
face centroid = (3.73218,0.250015,3.71292)
subcontact = (3.90794,1.2817e-05,3.88936) 499.163 (-240.144,1.06674,-238.774) 89 -0.000239599 (0.000668221,-2.76368e-06,0.000673256) 11979.9 8127.58 0.0416667
face centroid = (3.73218,0.250015,3.71292)
contact = 6 1 6 5 (3.24414,1.49943e-05,4.44206) (0.818391,-1.68971e-06,-0.574662)
subcontact = (3.24543,1.44483e-05,4.44247) 856.811 (-181.073,0.1644,-246.463) 88 -0.00082254 (0.000616632,-5.68338e-07,0.000858446) 41127.4 14680 0.0208331
face centroid = (3.10181,0.250017,4.23652)
subcontact = (3.24543,0.500014,4.44247) 1712.53 (-362.533,0.328798,-493.444) 87 -0.000822016 (0.000617286,-5.68336e-07,0.000859351) 41101.2 14695.5 0.0416662
face centroid = (3.10181,0.250017,4.23652)
subcontact = (2.95609,0.50002,4.0347) 3416.52 (-179.971,-0.178609,-244.918) 86 -0.00327987 (0.000612843,6.17104e-07,0.000853093) 163995 14588.9 0.0208331
face centroid = (3.10181,0.250017,4.23652)
subcontact = (2.95609,1.95325e-05,4.03469) 6834.13 (-359.556,-0.357217,-489.318) 85 -0.00328039 (0.000612188,6.17102e-07,0.000852189) 164021 14573.4 0.0416662
face centroid = (3.10181,0.250017,4.23652)
subcontact = (2.95815,1.89594e-05,4.03192) 3421.76 (-179.775,-0.178923,-244.656) 84 -0.0032849 (0.00061218,6.18198e-07,0.000852177) 164245 14573 0.0208333
face centroid = (3.10076,0.250017,4.23858)
subcontact = (2.95815,0.500019,4.03192) 6842.44 (-359.937,-0.357846,-489.829) 83 -0.00328438 (0.000612834,6.182e-07,0.000853081) 164219 14588.5 0.0416667
face centroid = (3.10076,0.250017,4.23858)
subcontact = (3.24548,0.500015,4.44112) 860.969 (-181.264,0.164085,-246.718) 82 -0.00082653 (0.000617278,-5.6724e-07,0.000859339) 41326.5 14695.1 0.0208333
face centroid = (3.10076,0.250017,4.23858)
subcontact = (3.24548,1.49915e-05,4.44112) 1723.02 (-362.141,0.328171,-492.919) 81 -0.000827049 (0.000616623,-5.67242e-07,0.000858434) 41352.4 14679.6 0.0416667
face centroid = (3.10076,0.250017,4.23858)
contact = 7 1 7 6 (2.39302,0.250019,4.65475) (0.898631,1.77649e-06,-0.438705)
subcontact = (2.50243,1.69827e-05,4.88013) 1656.09 (-138.986,0.130244,-270.028) 80 -0.00158985 (0.000470428,-4.50125e-07,0.000938265) 79492.4 14577.5 0.0208333
face centroid = (2.39371,0.250019,4.65381)
subcontact = (2.50243,0.500017,4.88014) 3311.01 (-278.24,0.260489,-540.569) 79 -0.00158929 (0.000470878,-4.50127e-07,0.000939158) 79464.4 14591.4 0.0416666
face centroid = (2.39371,0.250019,4.65381)
subcontact = (2.28265,0.500021,4.43103) 2146.64 (-140.041,-0.15851,-272.062) 78 -0.00206078 (0.000473988,5.47814e-07,0.00094534) 103039 14687.5 0.0208333
face centroid = (2.39371,0.250019,4.65381)
subcontact = (2.28265,2.07696e-05,4.43103) 4294.45 (-279.815,-0.317021,-543.612) 77 -0.00206134 (0.000473538,5.47816e-07,0.000944447) 103067 14673.6 0.0416666
face centroid = (2.39371,0.250019,4.65381)
subcontact = (2.28403,2.02247e-05,4.42915) 2149.26 (-139.908,-0.158757,-271.808) 76 -0.0020633 (0.000473541,5.48664e-07,0.000944453) 103165 14673.7 0.0208333
face centroid = (2.39254,0.250019,4.65558)
subcontact = (2.28403,0.50002,4.42915) 4297.37 (-280.084,-0.317512,-544.129) 75 -0.00206274 (0.000473991,5.48661e-07,0.000945346) 103137 14687.6 0.0416667
face centroid = (2.39254,0.250019,4.65558)
subcontact = (2.50339,0.500017,4.87847) 1657.55 (-139.121,0.13,-270.286) 74 -0.00159125 (0.000470881,-4.49283e-07,0.000939163) 79562.3 14591.5 0.0208333
face centroid = (2.39254,0.250019,4.65558)
subcontact = (2.50338,1.74345e-05,4.87846) 3316.26 (-277.974,0.26,-540.059) 73 -0.00159181 (0.000470431,-4.4928e-07,0.000938271) 79590.2 14577.6 0.0416667
face centroid = (2.39254,0.250019,4.65558)
contact = 8 1 8 7 (1.62767,0.250021,4.95548) (0.955417,2.48082e-07,-0.295259)
subcontact = (1.70051,1.93548e-05,5.19508) 2406.52 (-73.7684,0.108024,-224.834) 72 -0.00231026 (0.000248204,-3.73335e-07,0.000779185) 115513 11358.1 0.0208333
face centroid = (1.62865,0.250021,4.95473)
subcontact = (1.70051,0.500019,5.19508) 4811.82 (-147.689,0.216049,-450.124) 71 -0.00230968 (0.000248458,-3.73338e-07,0.000779977) 115484 11369.6 0.0416665
face centroid = (1.62865,0.250021,4.95473)
subcontact = (1.55414,0.500022,4.71699) 1036.69 (-75.8628,-0.130477,-231.248) 70 -0.000995228 (0.000255267,4.50925e-07,0.000801411) 49761.5 11682 0.0208333
face centroid = (1.62865,0.250021,4.95473)
subcontact = (1.55414,2.19704e-05,4.71698) 2074.61 (-151.574,-0.260955,-462.04) 69 -0.000995814 (0.000255013,4.50928e-07,0.000800619) 49790.8 11670.5 0.0416665
face centroid = (1.62865,0.250021,4.95473)
subcontact = (1.55484,2.15196e-05,4.71588) 1037.29 (-75.7892,-0.130634,-231.027) 68 -0.000995798 (0.000255019,4.51461e-07,0.000800641) 49789.9 11670.8 0.0208333
face centroid = (1.62733,0.250021,4.95603)
subcontact = (1.55484,0.500022,4.71588) 2073.36 (-151.73,-0.261266,-462.511) 67 -0.000995212 (0.000255273,4.51459e-07,0.000801433) 49760.6 11682.3 0.0416667
face centroid = (1.62733,0.250021,4.95603)
subcontact = (1.70247,0.50002,5.19359) 2405.9 (-73.8465,0.10787,-225.069) 66 -0.00230966 (0.000248465,-3.72807e-07,0.000779998) 115483 11370 0.0208333
face centroid = (1.62733,0.250021,4.95603)
subcontact = (1.70246,1.9728e-05,5.19359) 4813.02 (-147.541,0.215739,-449.681) 65 -0.00231025 (0.000248211,-3.72805e-07,0.000779206) 115512 11358.4 0.0416667
face centroid = (1.62733,0.250021,4.95603)
contact = 9 1 9 8 (0.824996,0.250022,5.13518) (0.989024,3.17513e-07,-0.147753)
subcontact = (0.860439,2.12229e-05,5.38292) 2936.15 (-22.6916,0.156967,-140.283) 64 -0.00281872 (7.54937e-05,-5.42486e-07,0.000485277) 140938 6821.23 0.020833
face centroid = (0.826351,0.250022,5.13472)
subcontact = (0.86044,0.500021,5.38292) 5871.05 (-45.5102,0.313937,-281.342) 63 -0.00281811 (7.57038e-05,-5.42493e-07,0.000486619) 140907 6840.1 0.041666
face centroid = (0.826351,0.250022,5.13472)
subcontact = (0.789362,0.500023,4.888) 281.433 (-19.0556,-0.179574,-118.541) 62 -0.000270172 (8.02642e-05,8.06843e-07,0.000516088) 13509 5763.12 0.020833
face centroid = (0.826351,0.250022,5.13472)
subcontact = (0.789361,2.28785e-05,4.888) 564.119 (-38.1579,-0.360496,-237.358) 61 -0.000270774 (8.00541e-05,8.0685e-07,0.000514746) 13539.1 5769.82 0.041666
face centroid = (0.826351,0.250022,5.13472)
subcontact = (0.789552,2.20699e-05,4.88744) 281.584 (-18.9998,-0.179757,-118.2) 60 -0.00027032 (8.00569e-05,8.07469e-07,0.000514764) 13516.1 5746.45 0.0208333
face centroid = (0.824901,0.250022,5.13546)
subcontact = (0.789552,0.500022,4.88744) 561.915 (-37.9526,-0.358151,-236.123) 59 -0.000269718 (8.0267e-05,8.07464e-07,0.000516107) 13486 5739.7 0.0416667
face centroid = (0.824901,0.250022,5.13546)
subcontact = (0.863151,0.500022,5.382) 2935.07 (-22.7562,0.156796,-140.678) 58 -0.00281767 (7.57066e-05,-5.41885e-07,0.000486637) 140884 6840.32 0.0208333
face centroid = (0.824901,0.250022,5.13546)
subcontact = (0.863151,2.17638e-05,5.382) 5871.4 (-45.3853,0.313589,-280.58) 57 -0.00281827 (7.54965e-05,-5.4188e-07,0.000485295) 140914 6821.45 0.0416667
face centroid = (0.824901,0.250022,5.13546)
contact = 10 1 10 9 (0.00309456,0.250022,5.3167) (0.999989,9.17784e-08,-0.00462899)
subcontact = (0.00216583,2.24747e-05,5.44167) 3139.07 (-0.106568,-0.0221715,19.1949) 56 -0.00301352 (3.06497e-08,7.66272e-08,-6.63297e-05) 150690 921.458 0.0208313
face centroid = (0.00292045,0.250021,5.19174)
subcontact = (0.00216626,0.500022,5.44167) 6277.44 (-0.215627,-0.0443368,37.141) 55 -0.00301318 (3.77964e-08,7.66165e-08,-6.41718e-05) 150673 891.486 0.0416626
face centroid = (0.00292045,0.250021,5.19174)
subcontact = (0.00683888,0.500023,4.94169) 0 (0,0,0) 54 0.0061793 (1.88828e-07,2.22796e-06,-3.11358e-05) 0 0 0.0208313
face centroid = (0.00292045,0.250021,5.19174)
subcontact = (0.00683845,2.27161e-05,4.94169) 0 (0,0,0) 53 0.00617896 (1.81681e-07,2.22797e-06,-3.32937e-05) 0 0 0.0416626
face centroid = (0.00292045,0.250021,5.19174)
subcontact = (0.000660376,2.04884e-05,4.94175) 0 (0,0,0) 52 0.00617677 (1.8164e-07,2.22717e-06,-3.33029e-05) 0 0 0.0208331
face centroid = (0.00450235,0.250023,5.19168)
subcontact = (0.000660447,0.50002,4.94175) 0 (0,0,0) 51 0.00617714 (1.88787e-07,2.22717e-06,-3.11449e-05) 0 0 0.0416663
face centroid = (0.00450235,0.250023,5.19168)
subcontact = (0.00518052,0.500022,5.44173) 3141.31 (-0.10781,-0.0219331,18.5717) 50 -0.00301566 (3.77479e-08,7.58002e-08,-6.41827e-05) 150784 891.467 0.0208331
face centroid = (0.00450235,0.250023,5.19168)
subcontact = (0.00518045,2.23982e-05,5.44173) 6283.38 (-0.213129,-0.0438698,38.3923) 49 -0.00301603 (3.06005e-08,7.58066e-08,-6.63407e-05) 150803 921.439 0.0416663
face centroid = (0.00450235,0.250023,5.19168)
contact = 11 1 11 10 (-0.818808,0.250021,5.13481) (0.989816,1.39674e-07,0.142351)
subcontact = (-0.855786,2.22906e-05,5.3818) 2923.38 (-23.0404,0.0399993,139.062) 48 -0.00280645 (7.44913e-05,-1.38235e-07,-0.00048142) 140324 6766.05 0.0208331
face centroid = (-0.817457,0.250021,5.13526)
subcontact = (-0.855786,0.500022,5.3818) 5845.6 (-46.0486,0.0799986,277.924) 47 -0.00280589 (7.44386e-05,-1.38235e-07,-0.000481075) 140296 6761.19 0.0416661
face centroid = (-0.817457,0.250021,5.13526)
subcontact = (-0.782036,0.50002,4.88726) 295.595 (-24.0529,-0.0622738,145.464) 46 -0.000283769 (7.78356e-05,2.15224e-07,-0.000503572) 14188.7 7077.19 0.0208331
face centroid = (-0.817457,0.250021,5.13526)
subcontact = (-0.782036,2.03906e-05,4.88727) 592.353 (-48.1381,-0.124548,291.128) 45 -0.000284327 (7.78883e-05,2.15224e-07,-0.000503917) 14216.7 7082.04 0.0416661
face centroid = (-0.817457,0.250021,5.13526)
subcontact = (-0.78183,2.01782e-05,4.88782) 297.144 (-24.0683,-0.0622192,145.559) 44 -0.000285257 (7.78858e-05,2.15032e-07,-0.0005039) 14262.9 7081.7 0.0208333
face centroid = (-0.818911,0.250021,5.13453)
subcontact = (-0.78183,0.50002,4.88782) 593.124 (-48.1043,-0.124438,290.918) 43 -0.000284698 (7.78331e-05,2.15032e-07,-0.000503555) 14235 7076.85 0.0416667
face centroid = (-0.818911,0.250021,5.13453)
subcontact = (-0.853084,0.500022,5.38271) 2923.76 (-23.0235,0.0400561,138.957) 42 -0.00280682 (7.44361e-05,-1.38431e-07,-0.000481058) 140341 6760.86 0.0208333
face centroid = (-0.818911,0.250021,5.13453)
subcontact = (-0.853084,2.24314e-05,5.38271) 5848.69 (-46.0793,0.0801121,278.113) 41 -0.00280738 (7.44888e-05,-1.38431e-07,-0.000481403) 140369 6765.71 0.0416667
face centroid = (-0.818911,0.250021,5.13453)
contact = 12 1 12 11 (-1.62079,0.25002,4.95482) (0.956188,5.51323e-07,0.292752)
subcontact = (-1.69504,2.08165e-05,5.19308) 2383.05 (-77.478,0.0179498,233.873) 40 -0.00228773 (0.000258534,-6.20264e-08,-0.000811269) 114387 11825.9 0.0208332
face centroid = (-1.61982,0.25002,4.95558)
subcontact = (-1.69504,0.500021,5.19308) 4765.08 (-154.919,0.0358994,467.636) 39 -0.00228724 (0.000258473,-6.2026e-08,-0.000811078) 114362 11823.1 0.0416665
face centroid = (-1.61982,0.25002,4.95558)
subcontact = (-1.54725,0.500019,4.71542) 1063.87 (-78.9156,-0.0416664,238.294) 38 -0.00102132 (0.00026337,1.44011e-07,-0.000826593) 51066.2 12049.1 0.0208332
face centroid = (-1.61982,0.25002,4.95558)
subcontact = (-1.54725,1.87101e-05,4.71542) 2128.77 (-157.868,-0.0833326,476.699) 37 -0.00102181 (0.000263432,1.4401e-07,-0.000826784) 51090.6 12051.9 0.0416665
face centroid = (-1.61982,0.25002,4.95558)
subcontact = (-1.54653,1.85705e-05,4.71657) 1064.95 (-78.9322,-0.0416217,238.344) 36 -0.00102236 (0.000263426,1.43854e-07,-0.000826766) 51117.8 12051.6 0.0208333
face centroid = (-1.62114,0.25002,4.95425)
subcontact = (-1.54653,0.500019,4.71656) 2128.89 (-157.828,-0.0832435,476.578) 35 -0.00102187 (0.000263365,1.43854e-07,-0.000826575) 51093.3 12048.8 0.0416667
face centroid = (-1.62114,0.25002,4.95425)
subcontact = (-1.69312,0.500021,5.19459) 2383.11 (-77.4579,0.0179952,233.812) 34 -0.00228779 (0.000258467,-6.2184e-08,-0.00081106) 114389 11822.8 0.0208333
face centroid = (-1.62114,0.25002,4.95425)
subcontact = (-1.69312,2.0883e-05,5.1946) 4767.23 (-154.952,0.0359906,467.735) 33 -0.00228828 (0.000258528,-6.21843e-08,-0.000811252) 114414 11825.6 0.0416667
face centroid = (-1.62114,0.25002,4.95425)
contact = 13 1 13 12 (-2.3856,0.250017,4.65384) (0.897958,1.50823e-06,0.440081)
subcontact = (-2.49585,1.78381e-05,4.87761) 1623.16 (-139.563,-0.0034652,272.179) 32 -0.00155824 (0.000473793,1.19983e-08,-0.000944988) 77911.9 14682 0.0208333
face centroid = (-2.3849,0.250017,4.65478)
subcontact = (-2.49585,0.500018,4.87761) 3245.53 (-279.107,-0.00693081,544.322) 31 -0.00155786 (0.000473761,1.1999e-08,-0.000944925) 77892.9 14681 0.0416666
face centroid = (-2.3849,0.250017,4.65478)
subcontact = (-2.27629,0.500016,4.4284) 2185.97 (-139.53,-0.0240613,272.084) 30 -0.00209854 (0.00047366,8.31771e-08,-0.00094467) 104927 14677.2 0.0208333
face centroid = (-2.3849,0.250017,4.65478)
subcontact = (-2.27629,1.58024e-05,4.4284) 4372.74 (-279.079,-0.0481222,544.205) 29 -0.00209892 (0.000473692,8.31764e-08,-0.000944734) 104946 14678.2 0.0416666
face centroid = (-2.3849,0.250017,4.65478)
subcontact = (-2.27488,1.57239e-05,4.4303) 2184.93 (-139.54,-0.024059,272.104) 28 -0.00209754 (0.000473694,8.31697e-08,-0.000944738) 104877 14678.3 0.0208333
face centroid = (-2.38607,0.250017,4.65301)
subcontact = (-2.27488,0.500016,4.43029) 4369.07 (-279.061,-0.0481182,544.171) 27 -0.00209716 (0.000473662,8.317e-08,-0.000944675) 104858 14677.3 0.0416667
face centroid = (-2.38607,0.250017,4.65301)
subcontact = (-2.49493,0.500018,4.87927) 1621.32 (-139.554,-0.00346363,272.162) 26 -0.00155647 (0.000473763,1.19926e-08,-0.000944929) 77823.5 14681.1 0.0208333
face centroid = (-2.38607,0.250017,4.65301)
subcontact = (-2.49493,1.78308e-05,4.87927) 3243.44 (-279.127,-0.00692704,544.361) 25 -0.00155686 (0.000473795,1.19922e-08,-0.000944992) 77842.6 14682.1 0.0416667
face centroid = (-2.38607,0.250017,4.65301)
contact = 14 1 14 13 (-3.23698,0.500013,4.44166) (0.81805,5.72234e-06,0.575147)
subcontact = (-3.23771,1.3563e-05,4.43981) 819.869 (-184.088,-0.0250919,249.332) 24 -0.000787072 (0.000626157,8.66439e-08,-0.000868999) 39353.7 14876.5 0.0208333
face centroid = (-3.09287,0.250013,4.23737)
subcontact = (-3.23771,0.500014,4.43981) 1639.22 (-368.177,-0.0501808,498.67) 23 -0.000786825 (0.000626161,8.66386e-08,-0.000869009) 39341.3 14876.6 0.0416667
face centroid = (-3.09287,0.250013,4.23737)
subcontact = (-2.95014,0.500012,4.03079) 3468.82 (-180.864,-0.0211885,244.882) 22 -0.00333008 (0.000615125,7.31568e-08,-0.000853542) 166503 14612.7 0.0208333
face centroid = (-3.09287,0.250013,4.23737)
subcontact = (-2.95014,1.18441e-05,4.03079) 6938.15 (-361.726,-0.0423801,489.758) 21 -0.00333032 (0.000615121,7.31621e-08,-0.000853532) 166516 14612.6 0.0416667
face centroid = (-3.09287,0.250013,4.23737)
subcontact = (-2.94805,1.17812e-05,4.0336) 3465 (-180.869,-0.021213,244.887) 20 -0.0033264 (0.000615141,7.32351e-08,-0.00085356) 166322 14613.3 0.0208331
face centroid = (-3.09393,0.250013,4.2353)
subcontact = (-2.94805,0.500012,4.03359) 6929.48 (-361.74,-0.0424226,489.781) 19 -0.00332615 (0.000615145,7.32293e-08,-0.00085357) 166310 14613.4 0.0416661
face centroid = (-3.09393,0.250013,4.2353)
subcontact = (-3.2377,0.500013,4.44115) 815.512 (-184.094,-0.0251095,249.343) 18 -0.000782893 (0.000626182,8.67049e-08,-0.000869037) 39145.1 14877.3 0.0208331
face centroid = (-3.09393,0.250013,4.2353)
subcontact = (-3.2377,1.34779e-05,4.44115) 1631.54 (-368.188,-0.0502224,498.68) 17 -0.00078314 (0.000626177,8.67107e-08,-0.000869027) 39157.4 14877.2 0.0416661
face centroid = (-3.09393,0.250013,4.2353)
contact = 15 7 15 14 (-3.71231,0.25,3.71231) (0.707107,0,0.707107)
contact = 16 1 16 15 (-4.06415,2.09942e-06,2.94115) (0.596206,6.50739e-06,0.802831)
subcontact = (-4.46712,2.80929e-06,3.23716) 0 (0,0,0) 16 0.00326511 (0.000321621,8.44449e-07,-0.000235125) 0 0 0.0208333
face centroid = (-4.26618,0.250002,3.08914)
subcontact = (-4.46712,0.500003,3.23716) 0 (0,0,0) 15 0.00326224 (0.000322127,8.4444e-07,-0.000235508) 0 0 0.0416667
face centroid = (-4.26618,0.250002,3.08914)
subcontact = (-4.06571,0.500002,2.93905) 5440.54 (-100.325,-0.0569711,72.3376) 14 -0.00522294 (0.000344891,1.96945e-07,-0.000252384) 261146 5936.83 0.0208333
face centroid = (-4.26618,0.250002,3.08914)
subcontact = (-4.0657,2.08244e-06,2.93906) 10875.1 (-200.358,-0.113947,144.451) 13 -0.00522006 (0.000344385,1.96954e-07,-0.000252001) 261002 5928.03 0.0416667
face centroid = (-4.26618,0.250002,3.08914)
subcontact = (-4.06297,1.88542e-06,2.94352) 5429.21 (-100.17,-0.0573446,72.219) 12 -0.00521211 (0.000344359,1.98244e-07,-0.000251982) 260640 5928.34 0.0208303
face centroid = (-4.26641,0.250002,3.08811)
subcontact = (-4.06297,0.500002,2.94352) 10864.4 (-200.631,-0.114684,144.662) 11 -0.00521498 (0.000344865,1.98234e-07,-0.000252364) 260783 5937.15 0.0416607
face centroid = (-4.26641,0.250002,3.08811)
subcontact = (-4.46939,0.500002,3.23477) 0 (0,0,0) 10 0.00326982 (0.000322103,8.4557e-07,-0.00023549) 0 0 0.0208303
face centroid = (-4.26641,0.250002,3.08811)
subcontact = (-4.46939,1.96664e-06,3.23477) 0 (0,0,0) 9 0.0032727 (0.000321597,8.4558e-07,-0.000235107) 0 0 0.0416607
face centroid = (-4.26641,0.250002,3.08811)
contact = 17 7 17 16 (-4.67778,0.25,2.38345) (0.45399,0,0.891007)
contact = 18 7 18 17 (-4.99305,0.25,1.62234) (0.309017,0,0.951057)
contact = 19 1 19 18 (-5.18752,0.25,0.819077) (0.156434,0,0.987688)
subcontact = (-5.43659,-1.22269e-08,0.855981) 5241.37 (1015.69,0.00346596,-163.541) 8 -0.00503172 (-0.00351093,-1.19802e-08,0.000560695) 251591 49381.9 0.0208329
face centroid = (-5.18536,0.25,0.821281)
subcontact = (-5.43659,0.5,0.855981) 10483.5 (2031.43,0.00693199,-327.09) 7 -0.0050321 (-0.00351103,-1.19803e-08,0.000560709) 251610 49383.3 0.0416658
face centroid = (-5.18536,0.25,0.821281)
subcontact = (-4.94224,0.5,0.780986) 1844.96 (1019.02,-0.0249485,-164.07) 6 -0.00177116 (-0.00352245,8.62244e-08,0.00056252) 88560.1 49543.9 0.0208329
face centroid = (-5.18536,0.25,0.821281)
subcontact = (-4.94224,8.64485e-08,0.780986) 3689.15 (2037.98,-0.0498971,-328.131) 5 -0.00177079 (-0.00352235,8.62245e-08,0.000562506) 88541.4 49542.6 0.0416658
face centroid = (-5.18536,0.25,0.821281)
subcontact = (-4.93844,0,0.782172) 1824.01 (1019.01,-0.0252572,-164.069) 4 -0.00175106 (-0.00352242,8.72851e-08,0.000562517) 87552.7 49542.6 0.0208333
face centroid = (-5.18942,0.25,0.818484)
subcontact = (-4.93844,0.5,0.782172) 3648.81 (2038.08,-0.0505144,-328.146) 3 -0.00175143 (-0.00352252,8.72849e-08,0.000562531) 87571.4 49543.9 0.0416667
face centroid = (-5.18942,0.25,0.818484)
subcontact = (-5.43229,0.5,0.86039) 5221.23 (1015.74,0.00315982,-163.549) 2 -0.00501238 (-0.0035111,-1.09242e-08,0.00056072) 250619 49383.3 0.0208333
face centroid = (-5.18942,0.25,0.818484)
subcontact = (-5.43229,0,0.86039) 10441.7 (2031.42,0.00631953,-327.089) 1 -0.00501201 (-0.003511,-1.0924e-08,0.000560706) 250600 49381.9 0.0416667
face centroid = (-5.18942,0.25,0.818484)
3dec>log off
**********************************************
* Logging ended at Wed Mar 13 14:30:12 2024
**********************************************
**********************************************
* Logging started at Wed Mar 13 14:32:54 2024
* By 3dec Version 7.00 Release 159
* 
* 
* Job Title: 
**********************************************
3dec>log-file 'Displacement_step_1_distance_0.001m.txt'
**********************************************
* Logging ended at Wed Mar 13 14:32:54 2024
**********************************************
**********************************************
* Logging started at Wed Mar 13 14:32:54 2024
* By 3dec Version 7.00 Release 159
* 
* 
* Job Title: 
**********************************************
3dec>@contacts_output
contact = 1 1 1 0 (5.31089,0.250006,0.839969) (0.149411,-4.6716e-07,-0.988775)
subcontact = (5.43229,0,0.86092) 5369.93 (1042.66,0.180052,169.219) 112 -0.00515515 (-0.00360661,-6.22271e-07,-0.000565143) 257763 50704 0.0208328
face centroid = (5.1895,0.25,0.819018)
subcontact = (5.43229,0.5,0.86092) 10740.3 (2084.58,0.360103,338.308) 111 -0.00515538 (-0.00360533,-6.22268e-07,-0.000564933) 257775 50685.9 0.0416656
face centroid = (5.1895,0.25,0.819018)
subcontact = (4.93844,0.5,0.782702) 1668.6 (1042.53,-0.198956,169.193) 110 -0.00160184 (-0.00360615,6.87562e-07,-0.000565062) 80094.7 50697.5 0.0208328
face centroid = (5.1895,0.25,0.819018)
subcontact = (4.93844,0,0.782702) 3336.71 (2085.8,-0.397911,338.516) 109 -0.00160161 (-0.00360744,6.8756e-07,-0.000565272) 80083.1 50715.6 0.0416656
face centroid = (5.1895,0.25,0.819018)
subcontact = (4.94231,-6.8593e-07,0.781666) 1689.95 (1042.9,-0.19848,169.258) 108 -0.00162236 (-0.00360744,6.85929e-07,-0.000565272) 81117.7 50714.4 0.0208333
face centroid = (5.18536,0.25,0.821811)
subcontact = (4.9423,0.499999,0.781665) 3380.36 (2085.06,-0.396961,338.386) 107 -0.00162258 (-0.00360615,6.85931e-07,-0.000565062) 81128.6 50696.3 0.0416667
face centroid = (5.18536,0.25,0.821811)
subcontact = (5.43669,0.500001,0.856371) 5391.81 (1042.29,0.180515,169.154) 106 -0.00517614 (-0.00360532,-6.23879e-07,-0.000564932) 258807 50684.7 0.0208333
face centroid = (5.18536,0.25,0.821811)
subcontact = (5.43669,6.23882e-07,0.856371) 10783.2 (2085.33,0.361031,338.439) 105 -0.00517592 (-0.00360661,-6.23881e-07,-0.000565143) 258796 50702.8 0.0416667
face centroid = (5.18536,0.25,0.821811)
contact = 2 7 2 1 (4.99305,0.25,1.62234) (0.309017,0,-0.951057)
contact = 3 7 3 2 (4.67778,0.25,2.38345) (0.45399,0,-0.891007)
contact = 4 1 4 3 (4.26757,0.250009,3.09013) (0.590624,-0.00170896,-0.806945)
subcontact = (4.47089,2.19985e-07,3.23572) 110.865 (-31.9119,2.21217,-22.1569) 104 -0.000106405 (0.00010929,-7.64527e-06,7.79263e-05) 5321.82 1867.91 0.0208321
face centroid = (4.26901,0.250015,3.08803)
subcontact = (4.47089,0.5,3.23572) 221.37 (-58.6012,4.42418,-40.4913) 103 -0.000106232 (0.000100265,-7.64499e-06,7.13209e-05) 5313.18 1712.9 0.0416643
face centroid = (4.26901,0.250015,3.08803)
subcontact = (4.0643,0.499999,2.94471) 5313.82 (-34.3943,7.03949,-23.9919) 102 -0.00510131 (0.000117876,-2.43288e-05,8.42597e-05) 255078 2041.18 0.0208321
face centroid = (4.26901,0.250015,3.08803)
subcontact = (4.0643,-1.05311e-06,2.94471) 10628 (-74.0112,14.0791,-51.8063) 101 -0.00510149 (0.000126901,-2.43291e-05,9.08651e-05) 255087 2194.49 0.0416643
face centroid = (4.26901,0.250015,3.08803)
subcontact = (4.06718,1.95905e-05,2.9405) 5318.18 (-37.0063,7.04385,-25.9037) 100 -0.00510546 (0.000126913,-2.43436e-05,9.08737e-05) 255273 2194.44 0.0208333
face centroid = (4.26759,0.25,3.09022)
subcontact = (4.06719,0.50002,2.94051) 10635.9 (-68.7898,14.0874,-47.9847) 99 -0.00510525 (0.000117888,-2.43431e-05,8.4268e-05) 255262 2041.14 0.0416666
face centroid = (4.26759,0.25,3.09022)
subcontact = (4.47085,0.50001,3.23556) 114.69 (-29.3009,2.21614,-20.2458) 98 -0.000110102 (0.000100276,-7.65898e-06,7.13289e-05) 5505.14 1712.83 0.0208333
face centroid = (4.26759,0.25,3.09022)
subcontact = (4.47084,9.67596e-06,3.23556) 229.833 (-63.8246,4.43254,-44.3144) 97 -0.000110319 (0.000109301,-7.65945e-06,7.79345e-05) 5516.01 1867.84 0.0416666
face centroid = (4.26759,0.25,3.09022)
contact = 5 1 5 4 (3.90637,1.28194e-05,3.89089) (0.71499,-1.07237e-06,-0.699135)
subcontact = (3.90844,1.00416e-05,3.89021) 243.533 (-117.041,0.527993,-116.392) 96 -0.000233778 (0.00066822,-2.77045e-06,0.000673255) 11690 7923.32 0.0208326
face centroid = (3.73316,0.250015,3.71061)
subcontact = (3.90845,0.50001,3.89021) 485.948 (-233.237,1.05167,-231.982) 95 -0.000233242 (0.000671472,-2.77051e-06,0.000676569) 11663.2 7895.37 0.0416652
face centroid = (3.73316,0.250015,3.71061)
subcontact = (3.55592,0.50002,3.53564) 4580.54 (-195.584,-0.545162,-194.189) 94 -0.00439735 (0.000670966,1.88406e-06,0.000676108) 219874 13229.9 0.0208326
face centroid = (3.73316,0.250015,3.71061)
subcontact = (3.55591,1.99228e-05,3.53564) 9162.2 (-389.282,-1.09036,-386.465) 93 -0.00439788 (0.000667713,1.88412e-06,0.000672795) 219900 13165.4 0.0416652
face centroid = (3.73316,0.250015,3.71061)
subcontact = (3.55837,1.80495e-05,3.53186) 4587.22 (-194.642,-0.54718,-193.234) 92 -0.00440374 (0.000667714,1.891e-06,0.000672796) 220187 13165.1 0.0208333
face centroid = (3.73218,0.250015,3.71292)
subcontact = (3.55837,0.500018,3.53187) 9173.35 (-391.17,-1.09433,-388.382) 91 -0.00440321 (0.000670967,1.89096e-06,0.000676109) 220160 13229.5 0.0416667
face centroid = (3.73218,0.250015,3.71292)
subcontact = (3.90794,0.500013,3.88936) 249.033 (-119.655,0.531199,-118.992) 90 -0.000239073 (0.000671473,-2.76372e-06,0.00067657) 11953.6 8100.01 0.0208333
face centroid = (3.73218,0.250015,3.71292)
subcontact = (3.90794,1.2817e-05,3.88936) 499.163 (-240.144,1.06674,-238.774) 89 -0.000239599 (0.000668221,-2.76368e-06,0.000673256) 11979.9 8127.58 0.0416667
face centroid = (3.73218,0.250015,3.71292)
contact = 6 1 6 5 (3.24414,1.49943e-05,4.44206) (0.818391,-1.68971e-06,-0.574662)
subcontact = (3.24543,1.44483e-05,4.44247) 856.811 (-181.073,0.1644,-246.463) 88 -0.00082254 (0.000616632,-5.68338e-07,0.000858446) 41127.4 14680 0.0208331
face centroid = (3.10181,0.250017,4.23652)
subcontact = (3.24543,0.500014,4.44247) 1712.53 (-362.533,0.328798,-493.444) 87 -0.000822016 (0.000617286,-5.68336e-07,0.000859351) 41101.2 14695.5 0.0416662
face centroid = (3.10181,0.250017,4.23652)
subcontact = (2.95609,0.50002,4.0347) 3416.52 (-179.971,-0.178609,-244.918) 86 -0.00327987 (0.000612843,6.17104e-07,0.000853093) 163995 14588.9 0.0208331
face centroid = (3.10181,0.250017,4.23652)
subcontact = (2.95609,1.95325e-05,4.03469) 6834.13 (-359.556,-0.357217,-489.318) 85 -0.00328039 (0.000612188,6.17102e-07,0.000852189) 164021 14573.4 0.0416662
face centroid = (3.10181,0.250017,4.23652)
subcontact = (2.95815,1.89594e-05,4.03192) 3421.76 (-179.775,-0.178923,-244.656) 84 -0.0032849 (0.00061218,6.18198e-07,0.000852177) 164245 14573 0.0208333
face centroid = (3.10076,0.250017,4.23858)
subcontact = (2.95815,0.500019,4.03192) 6842.44 (-359.937,-0.357846,-489.829) 83 -0.00328438 (0.000612834,6.182e-07,0.000853081) 164219 14588.5 0.0416667
face centroid = (3.10076,0.250017,4.23858)
subcontact = (3.24548,0.500015,4.44112) 860.969 (-181.264,0.164085,-246.718) 82 -0.00082653 (0.000617278,-5.6724e-07,0.000859339) 41326.5 14695.1 0.0208333
face centroid = (3.10076,0.250017,4.23858)
subcontact = (3.24548,1.49915e-05,4.44112) 1723.02 (-362.141,0.328171,-492.919) 81 -0.000827049 (0.000616623,-5.67242e-07,0.000858434) 41352.4 14679.6 0.0416667
face centroid = (3.10076,0.250017,4.23858)
contact = 7 1 7 6 (2.39302,0.250019,4.65475) (0.898631,1.77649e-06,-0.438705)
subcontact = (2.50243,1.69827e-05,4.88013) 1656.09 (-138.986,0.130244,-270.028) 80 -0.00158985 (0.000470428,-4.50125e-07,0.000938265) 79492.4 14577.5 0.0208333
face centroid = (2.39371,0.250019,4.65381)
subcontact = (2.50243,0.500017,4.88014) 3311.01 (-278.24,0.260489,-540.569) 79 -0.00158929 (0.000470878,-4.50127e-07,0.000939158) 79464.4 14591.4 0.0416666
face centroid = (2.39371,0.250019,4.65381)
subcontact = (2.28265,0.500021,4.43103) 2146.64 (-140.041,-0.15851,-272.062) 78 -0.00206078 (0.000473988,5.47814e-07,0.00094534) 103039 14687.5 0.0208333
face centroid = (2.39371,0.250019,4.65381)
subcontact = (2.28265,2.07696e-05,4.43103) 4294.45 (-279.815,-0.317021,-543.612) 77 -0.00206134 (0.000473538,5.47816e-07,0.000944447) 103067 14673.6 0.0416666
face centroid = (2.39371,0.250019,4.65381)
subcontact = (2.28403,2.02247e-05,4.42915) 2149.26 (-139.908,-0.158757,-271.808) 76 -0.0020633 (0.000473541,5.48664e-07,0.000944453) 103165 14673.7 0.0208333
face centroid = (2.39254,0.250019,4.65558)
subcontact = (2.28403,0.50002,4.42915) 4297.37 (-280.084,-0.317512,-544.129) 75 -0.00206274 (0.000473991,5.48661e-07,0.000945346) 103137 14687.6 0.0416667
face centroid = (2.39254,0.250019,4.65558)
subcontact = (2.50339,0.500017,4.87847) 1657.55 (-139.121,0.13,-270.286) 74 -0.00159125 (0.000470881,-4.49283e-07,0.000939163) 79562.3 14591.5 0.0208333
face centroid = (2.39254,0.250019,4.65558)
subcontact = (2.50338,1.74345e-05,4.87846) 3316.26 (-277.974,0.26,-540.059) 73 -0.00159181 (0.000470431,-4.4928e-07,0.000938271) 79590.2 14577.6 0.0416667
face centroid = (2.39254,0.250019,4.65558)
contact = 8 1 8 7 (1.62767,0.250021,4.95548) (0.955417,2.48082e-07,-0.295259)
subcontact = (1.70051,1.93548e-05,5.19508) 2406.52 (-73.7684,0.108024,-224.834) 72 -0.00231026 (0.000248204,-3.73335e-07,0.000779185) 115513 11358.1 0.0208333
face centroid = (1.62865,0.250021,4.95473)
subcontact = (1.70051,0.500019,5.19508) 4811.82 (-147.689,0.216049,-450.124) 71 -0.00230968 (0.000248458,-3.73338e-07,0.000779977) 115484 11369.6 0.0416665
face centroid = (1.62865,0.250021,4.95473)
subcontact = (1.55414,0.500022,4.71699) 1036.69 (-75.8628,-0.130477,-231.248) 70 -0.000995228 (0.000255267,4.50925e-07,0.000801411) 49761.5 11682 0.0208333
face centroid = (1.62865,0.250021,4.95473)
subcontact = (1.55414,2.19704e-05,4.71698) 2074.61 (-151.574,-0.260955,-462.04) 69 -0.000995814 (0.000255013,4.50928e-07,0.000800619) 49790.8 11670.5 0.0416665
face centroid = (1.62865,0.250021,4.95473)
subcontact = (1.55484,2.15196e-05,4.71588) 1037.29 (-75.7892,-0.130634,-231.027) 68 -0.000995798 (0.000255019,4.51461e-07,0.000800641) 49789.9 11670.8 0.0208333
face centroid = (1.62733,0.250021,4.95603)
subcontact = (1.55484,0.500022,4.71588) 2073.36 (-151.73,-0.261266,-462.511) 67 -0.000995212 (0.000255273,4.51459e-07,0.000801433) 49760.6 11682.3 0.0416667
face centroid = (1.62733,0.250021,4.95603)
subcontact = (1.70247,0.50002,5.19359) 2405.9 (-73.8465,0.10787,-225.069) 66 -0.00230966 (0.000248465,-3.72807e-07,0.000779998) 115483 11370 0.0208333
face centroid = (1.62733,0.250021,4.95603)
subcontact = (1.70246,1.9728e-05,5.19359) 4813.02 (-147.541,0.215739,-449.681) 65 -0.00231025 (0.000248211,-3.72805e-07,0.000779206) 115512 11358.4 0.0416667
face centroid = (1.62733,0.250021,4.95603)
contact = 9 1 9 8 (0.824996,0.250022,5.13518) (0.989024,3.17513e-07,-0.147753)
subcontact = (0.860439,2.12229e-05,5.38292) 2936.15 (-22.6916,0.156967,-140.283) 64 -0.00281872 (7.54937e-05,-5.42486e-07,0.000485277) 140938 6821.23 0.020833
face centroid = (0.826351,0.250022,5.13472)
subcontact = (0.86044,0.500021,5.38292) 5871.05 (-45.5102,0.313937,-281.342) 63 -0.00281811 (7.57038e-05,-5.42493e-07,0.000486619) 140907 6840.1 0.041666
face centroid = (0.826351,0.250022,5.13472)
subcontact = (0.789362,0.500023,4.888) 281.433 (-19.0556,-0.179574,-118.541) 62 -0.000270172 (8.02642e-05,8.06843e-07,0.000516088) 13509 5763.12 0.020833
face centroid = (0.826351,0.250022,5.13472)
subcontact = (0.789361,2.28785e-05,4.888) 564.119 (-38.1579,-0.360496,-237.358) 61 -0.000270774 (8.00541e-05,8.0685e-07,0.000514746) 13539.1 5769.82 0.041666
face centroid = (0.826351,0.250022,5.13472)
subcontact = (0.789552,2.20699e-05,4.88744) 281.584 (-18.9998,-0.179757,-118.2) 60 -0.00027032 (8.00569e-05,8.07469e-07,0.000514764) 13516.1 5746.45 0.0208333
face centroid = (0.824901,0.250022,5.13546)
subcontact = (0.789552,0.500022,4.88744) 561.915 (-37.9526,-0.358151,-236.123) 59 -0.000269718 (8.0267e-05,8.07464e-07,0.000516107) 13486 5739.7 0.0416667
face centroid = (0.824901,0.250022,5.13546)
subcontact = (0.863151,0.500022,5.382) 2935.07 (-22.7562,0.156796,-140.678) 58 -0.00281767 (7.57066e-05,-5.41885e-07,0.000486637) 140884 6840.32 0.0208333
face centroid = (0.824901,0.250022,5.13546)
subcontact = (0.863151,2.17638e-05,5.382) 5871.4 (-45.3853,0.313589,-280.58) 57 -0.00281827 (7.54965e-05,-5.4188e-07,0.000485295) 140914 6821.45 0.0416667
face centroid = (0.824901,0.250022,5.13546)
contact = 10 1 10 9 (0.00309456,0.250022,5.3167) (0.999989,9.17784e-08,-0.00462899)
subcontact = (0.00216583,2.24747e-05,5.44167) 3139.07 (-0.106568,-0.0221715,19.1949) 56 -0.00301352 (3.06497e-08,7.66272e-08,-6.63297e-05) 150690 921.458 0.0208313
face centroid = (0.00292045,0.250021,5.19174)
subcontact = (0.00216626,0.500022,5.44167) 6277.44 (-0.215627,-0.0443368,37.141) 55 -0.00301318 (3.77964e-08,7.66165e-08,-6.41718e-05) 150673 891.486 0.0416626
face centroid = (0.00292045,0.250021,5.19174)
subcontact = (0.00683888,0.500023,4.94169) 0 (0,0,0) 54 0.0061793 (1.88828e-07,2.22796e-06,-3.11358e-05) 0 0 0.0208313
face centroid = (0.00292045,0.250021,5.19174)
subcontact = (0.00683845,2.27161e-05,4.94169) 0 (0,0,0) 53 0.00617896 (1.81681e-07,2.22797e-06,-3.32937e-05) 0 0 0.0416626
face centroid = (0.00292045,0.250021,5.19174)
subcontact = (0.000660376,2.04884e-05,4.94175) 0 (0,0,0) 52 0.00617677 (1.8164e-07,2.22717e-06,-3.33029e-05) 0 0 0.0208331
face centroid = (0.00450235,0.250023,5.19168)
subcontact = (0.000660447,0.50002,4.94175) 0 (0,0,0) 51 0.00617714 (1.88787e-07,2.22717e-06,-3.11449e-05) 0 0 0.0416663
face centroid = (0.00450235,0.250023,5.19168)
subcontact = (0.00518052,0.500022,5.44173) 3141.31 (-0.10781,-0.0219331,18.5717) 50 -0.00301566 (3.77479e-08,7.58002e-08,-6.41827e-05) 150784 891.467 0.0208331
face centroid = (0.00450235,0.250023,5.19168)
subcontact = (0.00518045,2.23982e-05,5.44173) 6283.38 (-0.213129,-0.0438698,38.3923) 49 -0.00301603 (3.06005e-08,7.58066e-08,-6.63407e-05) 150803 921.439 0.0416663
face centroid = (0.00450235,0.250023,5.19168)
contact = 11 1 11 10 (-0.818808,0.250021,5.13481) (0.989816,1.39674e-07,0.142351)
subcontact = (-0.855786,2.22906e-05,5.3818) 2923.38 (-23.0404,0.0399993,139.062) 48 -0.00280645 (7.44913e-05,-1.38235e-07,-0.00048142) 140324 6766.05 0.0208331
face centroid = (-0.817457,0.250021,5.13526)
subcontact = (-0.855786,0.500022,5.3818) 5845.6 (-46.0486,0.0799986,277.924) 47 -0.00280589 (7.44386e-05,-1.38235e-07,-0.000481075) 140296 6761.19 0.0416661
face centroid = (-0.817457,0.250021,5.13526)
subcontact = (-0.782036,0.50002,4.88726) 295.595 (-24.0529,-0.0622738,145.464) 46 -0.000283769 (7.78356e-05,2.15224e-07,-0.000503572) 14188.7 7077.19 0.0208331
face centroid = (-0.817457,0.250021,5.13526)
subcontact = (-0.782036,2.03906e-05,4.88727) 592.353 (-48.1381,-0.124548,291.128) 45 -0.000284327 (7.78883e-05,2.15224e-07,-0.000503917) 14216.7 7082.04 0.0416661
face centroid = (-0.817457,0.250021,5.13526)
subcontact = (-0.78183,2.01782e-05,4.88782) 297.144 (-24.0683,-0.0622192,145.559) 44 -0.000285257 (7.78858e-05,2.15032e-07,-0.0005039) 14262.9 7081.7 0.0208333
face centroid = (-0.818911,0.250021,5.13453)
subcontact = (-0.78183,0.50002,4.88782) 593.124 (-48.1043,-0.124438,290.918) 43 -0.000284698 (7.78331e-05,2.15032e-07,-0.000503555) 14235 7076.85 0.0416667
face centroid = (-0.818911,0.250021,5.13453)
subcontact = (-0.853084,0.500022,5.38271) 2923.76 (-23.0235,0.0400561,138.957) 42 -0.00280682 (7.44361e-05,-1.38431e-07,-0.000481058) 140341 6760.86 0.0208333
face centroid = (-0.818911,0.250021,5.13453)
subcontact = (-0.853084,2.24314e-05,5.38271) 5848.69 (-46.0793,0.0801121,278.113) 41 -0.00280738 (7.44888e-05,-1.38431e-07,-0.000481403) 140369 6765.71 0.0416667
face centroid = (-0.818911,0.250021,5.13453)
contact = 12 1 12 11 (-1.62079,0.25002,4.95482) (0.956188,5.51323e-07,0.292752)
subcontact = (-1.69504,2.08165e-05,5.19308) 2383.05 (-77.478,0.0179498,233.873) 40 -0.00228773 (0.000258534,-6.20264e-08,-0.000811269) 114387 11825.9 0.0208332
face centroid = (-1.61982,0.25002,4.95558)
subcontact = (-1.69504,0.500021,5.19308) 4765.08 (-154.919,0.0358994,467.636) 39 -0.00228724 (0.000258473,-6.2026e-08,-0.000811078) 114362 11823.1 0.0416665
face centroid = (-1.61982,0.25002,4.95558)
subcontact = (-1.54725,0.500019,4.71542) 1063.87 (-78.9156,-0.0416664,238.294) 38 -0.00102132 (0.00026337,1.44011e-07,-0.000826593) 51066.2 12049.1 0.0208332
face centroid = (-1.61982,0.25002,4.95558)
subcontact = (-1.54725,1.87101e-05,4.71542) 2128.77 (-157.868,-0.0833326,476.699) 37 -0.00102181 (0.000263432,1.4401e-07,-0.000826784) 51090.6 12051.9 0.0416665
face centroid = (-1.61982,0.25002,4.95558)
subcontact = (-1.54653,1.85705e-05,4.71657) 1064.95 (-78.9322,-0.0416217,238.344) 36 -0.00102236 (0.000263426,1.43854e-07,-0.000826766) 51117.8 12051.6 0.0208333
face centroid = (-1.62114,0.25002,4.95425)
subcontact = (-1.54653,0.500019,4.71656) 2128.89 (-157.828,-0.0832435,476.578) 35 -0.00102187 (0.000263365,1.43854e-07,-0.000826575) 51093.3 12048.8 0.0416667
face centroid = (-1.62114,0.25002,4.95425)
subcontact = (-1.69312,0.500021,5.19459) 2383.11 (-77.4579,0.0179952,233.812) 34 -0.00228779 (0.000258467,-6.2184e-08,-0.00081106) 114389 11822.8 0.0208333
face centroid = (-1.62114,0.25002,4.95425)
subcontact = (-1.69312,2.0883e-05,5.1946) 4767.23 (-154.952,0.0359906,467.735) 33 -0.00228828 (0.000258528,-6.21843e-08,-0.000811252) 114414 11825.6 0.0416667
face centroid = (-1.62114,0.25002,4.95425)
contact = 13 1 13 12 (-2.3856,0.250017,4.65384) (0.897958,1.50823e-06,0.440081)
subcontact = (-2.49585,1.78381e-05,4.87761) 1623.16 (-139.563,-0.0034652,272.179) 32 -0.00155824 (0.000473793,1.19983e-08,-0.000944988) 77911.9 14682 0.0208333
face centroid = (-2.3849,0.250017,4.65478)
subcontact = (-2.49585,0.500018,4.87761) 3245.53 (-279.107,-0.00693081,544.322) 31 -0.00155786 (0.000473761,1.1999e-08,-0.000944925) 77892.9 14681 0.0416666
face centroid = (-2.3849,0.250017,4.65478)
subcontact = (-2.27629,0.500016,4.4284) 2185.97 (-139.53,-0.0240613,272.084) 30 -0.00209854 (0.00047366,8.31771e-08,-0.00094467) 104927 14677.2 0.0208333
face centroid = (-2.3849,0.250017,4.65478)
subcontact = (-2.27629,1.58024e-05,4.4284) 4372.74 (-279.079,-0.0481222,544.205) 29 -0.00209892 (0.000473692,8.31764e-08,-0.000944734) 104946 14678.2 0.0416666
face centroid = (-2.3849,0.250017,4.65478)
subcontact = (-2.27488,1.57239e-05,4.4303) 2184.93 (-139.54,-0.024059,272.104) 28 -0.00209754 (0.000473694,8.31697e-08,-0.000944738) 104877 14678.3 0.0208333
face centroid = (-2.38607,0.250017,4.65301)
subcontact = (-2.27488,0.500016,4.43029) 4369.07 (-279.061,-0.0481182,544.171) 27 -0.00209716 (0.000473662,8.317e-08,-0.000944675) 104858 14677.3 0.0416667
face centroid = (-2.38607,0.250017,4.65301)
subcontact = (-2.49493,0.500018,4.87927) 1621.32 (-139.554,-0.00346363,272.162) 26 -0.00155647 (0.000473763,1.19926e-08,-0.000944929) 77823.5 14681.1 0.0208333
face centroid = (-2.38607,0.250017,4.65301)
subcontact = (-2.49493,1.78308e-05,4.87927) 3243.44 (-279.127,-0.00692704,544.361) 25 -0.00155686 (0.000473795,1.19922e-08,-0.000944992) 77842.6 14682.1 0.0416667
face centroid = (-2.38607,0.250017,4.65301)
contact = 14 1 14 13 (-3.23698,0.500013,4.44166) (0.81805,5.72234e-06,0.575147)
subcontact = (-3.23771,1.3563e-05,4.43981) 819.869 (-184.088,-0.0250919,249.332) 24 -0.000787072 (0.000626157,8.66439e-08,-0.000868999) 39353.7 14876.5 0.0208333
face centroid = (-3.09287,0.250013,4.23737)
subcontact = (-3.23771,0.500014,4.43981) 1639.22 (-368.177,-0.0501808,498.67) 23 -0.000786825 (0.000626161,8.66386e-08,-0.000869009) 39341.3 14876.6 0.0416667
face centroid = (-3.09287,0.250013,4.23737)
subcontact = (-2.95014,0.500012,4.03079) 3468.82 (-180.864,-0.0211885,244.882) 22 -0.00333008 (0.000615125,7.31568e-08,-0.000853542) 166503 14612.7 0.0208333
face centroid = (-3.09287,0.250013,4.23737)
subcontact = (-2.95014,1.18441e-05,4.03079) 6938.15 (-361.726,-0.0423801,489.758) 21 -0.00333032 (0.000615121,7.31621e-08,-0.000853532) 166516 14612.6 0.0416667
face centroid = (-3.09287,0.250013,4.23737)
subcontact = (-2.94805,1.17812e-05,4.0336) 3465 (-180.869,-0.021213,244.887) 20 -0.0033264 (0.000615141,7.32351e-08,-0.00085356) 166322 14613.3 0.0208331
face centroid = (-3.09393,0.250013,4.2353)
subcontact = (-2.94805,0.500012,4.03359) 6929.48 (-361.74,-0.0424226,489.781) 19 -0.00332615 (0.000615145,7.32293e-08,-0.00085357) 166310 14613.4 0.0416661
face centroid = (-3.09393,0.250013,4.2353)
subcontact = (-3.2377,0.500013,4.44115) 815.512 (-184.094,-0.0251095,249.343) 18 -0.000782893 (0.000626182,8.67049e-08,-0.000869037) 39145.1 14877.3 0.0208331
face centroid = (-3.09393,0.250013,4.2353)
subcontact = (-3.2377,1.34779e-05,4.44115) 1631.54 (-368.188,-0.0502224,498.68) 17 -0.00078314 (0.000626177,8.67107e-08,-0.000869027) 39157.4 14877.2 0.0416661
face centroid = (-3.09393,0.250013,4.2353)
contact = 15 7 15 14 (-3.71231,0.25,3.71231) (0.707107,0,0.707107)
contact = 16 1 16 15 (-4.06415,2.09942e-06,2.94115) (0.596206,6.50739e-06,0.802831)
subcontact = (-4.46712,2.80929e-06,3.23716) 0 (0,0,0) 16 0.00326511 (0.000321621,8.44449e-07,-0.000235125) 0 0 0.0208333
face centroid = (-4.26618,0.250002,3.08914)
subcontact = (-4.46712,0.500003,3.23716) 0 (0,0,0) 15 0.00326224 (0.000322127,8.4444e-07,-0.000235508) 0 0 0.0416667
face centroid = (-4.26618,0.250002,3.08914)
subcontact = (-4.06571,0.500002,2.93905) 5440.54 (-100.325,-0.0569711,72.3376) 14 -0.00522294 (0.000344891,1.96945e-07,-0.000252384) 261146 5936.83 0.0208333
face centroid = (-4.26618,0.250002,3.08914)
subcontact = (-4.0657,2.08244e-06,2.93906) 10875.1 (-200.358,-0.113947,144.451) 13 -0.00522006 (0.000344385,1.96954e-07,-0.000252001) 261002 5928.03 0.0416667
face centroid = (-4.26618,0.250002,3.08914)
subcontact = (-4.06297,1.88542e-06,2.94352) 5429.21 (-100.17,-0.0573446,72.219) 12 -0.00521211 (0.000344359,1.98244e-07,-0.000251982) 260640 5928.34 0.0208303
face centroid = (-4.26641,0.250002,3.08811)
subcontact = (-4.06297,0.500002,2.94352) 10864.4 (-200.631,-0.114684,144.662) 11 -0.00521498 (0.000344865,1.98234e-07,-0.000252364) 260783 5937.15 0.0416607
face centroid = (-4.26641,0.250002,3.08811)
subcontact = (-4.46939,0.500002,3.23477) 0 (0,0,0) 10 0.00326982 (0.000322103,8.4557e-07,-0.00023549) 0 0 0.0208303
face centroid = (-4.26641,0.250002,3.08811)
subcontact = (-4.46939,1.96664e-06,3.23477) 0 (0,0,0) 9 0.0032727 (0.000321597,8.4558e-07,-0.000235107) 0 0 0.0416607
face centroid = (-4.26641,0.250002,3.08811)
contact = 17 7 17 16 (-4.67778,0.25,2.38345) (0.45399,0,0.891007)
contact = 18 7 18 17 (-4.99305,0.25,1.62234) (0.309017,0,0.951057)
contact = 19 1 19 18 (-5.18752,0.25,0.819077) (0.156434,0,0.987688)
subcontact = (-5.43659,-1.22269e-08,0.855981) 5241.37 (1015.69,0.00346596,-163.541) 8 -0.00503172 (-0.00351093,-1.19802e-08,0.000560695) 251591 49381.9 0.0208329
face centroid = (-5.18536,0.25,0.821281)
subcontact = (-5.43659,0.5,0.855981) 10483.5 (2031.43,0.00693199,-327.09) 7 -0.0050321 (-0.00351103,-1.19803e-08,0.000560709) 251610 49383.3 0.0416658
face centroid = (-5.18536,0.25,0.821281)
subcontact = (-4.94224,0.5,0.780986) 1844.96 (1019.02,-0.0249485,-164.07) 6 -0.00177116 (-0.00352245,8.62244e-08,0.00056252) 88560.1 49543.9 0.0208329
face centroid = (-5.18536,0.25,0.821281)
subcontact = (-4.94224,8.64485e-08,0.780986) 3689.15 (2037.98,-0.0498971,-328.131) 5 -0.00177079 (-0.00352235,8.62245e-08,0.000562506) 88541.4 49542.6 0.0416658
face centroid = (-5.18536,0.25,0.821281)
subcontact = (-4.93844,0,0.782172) 1824.01 (1019.01,-0.0252572,-164.069) 4 -0.00175106 (-0.00352242,8.72851e-08,0.000562517) 87552.7 49542.6 0.0208333
face centroid = (-5.18942,0.25,0.818484)
subcontact = (-4.93844,0.5,0.782172) 3648.81 (2038.08,-0.0505144,-328.146) 3 -0.00175143 (-0.00352252,8.72849e-08,0.000562531) 87571.4 49543.9 0.0416667
face centroid = (-5.18942,0.25,0.818484)
subcontact = (-5.43229,0.5,0.86039) 5221.23 (1015.74,0.00315982,-163.549) 2 -0.00501238 (-0.0035111,-1.09242e-08,0.00056072) 250619 49383.3 0.0208333
face centroid = (-5.18942,0.25,0.818484)
subcontact = (-5.43229,0,0.86039) 10441.7 (2031.42,0.00631953,-327.089) 1 -0.00501201 (-0.003511,-1.0924e-08,0.000560706) 250600 49381.9 0.0416667
face centroid = (-5.18942,0.25,0.818484)
3dec>log off
**********************************************
* Logging ended at Wed Mar 13 14:32:54 2024
**********************************************
**********************************************
* Logging started at Wed Mar 13 14:35:52 2024
* By 3dec Version 7.00 Release 159
* 
* 
* Job Title: 
**********************************************
3dec>log-file 'Displacement_step_1_distance_0.001m.txt'
**********************************************
* Logging ended at Wed Mar 13 14:35:52 2024
**********************************************
**********************************************
* Logging started at Wed Mar 13 14:35:52 2024
* By 3dec Version 7.00 Release 159
* 
* 
* Job Title: 
**********************************************
3dec>@contacts_output
contact = 1 1 1 0 (5.31089,0.250006,0.839969) (0.149411,-4.6716e-07,-0.988775)
subcontact = (5.43229,0,0.86092) 5369.93 (1042.66,0.180052,169.219) 112 -0.00515515 (-0.00360661,-6.22271e-07,-0.000565143) 257763 50704 0.0208328
face centroid = (5.1895,0.25,0.819018)
subcontact = (5.43229,0.5,0.86092) 10740.3 (2084.58,0.360103,338.308) 111 -0.00515538 (-0.00360533,-6.22268e-07,-0.000564933) 257775 50685.9 0.0416656
face centroid = (5.1895,0.25,0.819018)
subcontact = (4.93844,0.5,0.782702) 1668.6 (1042.53,-0.198956,169.193) 110 -0.00160184 (-0.00360615,6.87562e-07,-0.000565062) 80094.7 50697.5 0.0208328
face centroid = (5.1895,0.25,0.819018)
subcontact = (4.93844,0,0.782702) 3336.71 (2085.8,-0.397911,338.516) 109 -0.00160161 (-0.00360744,6.8756e-07,-0.000565272) 80083.1 50715.6 0.0416656
face centroid = (5.1895,0.25,0.819018)
subcontact = (4.94231,-6.8593e-07,0.781666) 1689.95 (1042.9,-0.19848,169.258) 108 -0.00162236 (-0.00360744,6.85929e-07,-0.000565272) 81117.7 50714.4 0.0208333
face centroid = (5.18536,0.25,0.821811)
subcontact = (4.9423,0.499999,0.781665) 3380.36 (2085.06,-0.396961,338.386) 107 -0.00162258 (-0.00360615,6.85931e-07,-0.000565062) 81128.6 50696.3 0.0416667
face centroid = (5.18536,0.25,0.821811)
subcontact = (5.43669,0.500001,0.856371) 5391.81 (1042.29,0.180515,169.154) 106 -0.00517614 (-0.00360532,-6.23879e-07,-0.000564932) 258807 50684.7 0.0208333
face centroid = (5.18536,0.25,0.821811)
subcontact = (5.43669,6.23882e-07,0.856371) 10783.2 (2085.33,0.361031,338.439) 105 -0.00517592 (-0.00360661,-6.23881e-07,-0.000565143) 258796 50702.8 0.0416667
face centroid = (5.18536,0.25,0.821811)
contact = 2 7 2 1 (4.99305,0.25,1.62234) (0.309017,0,-0.951057)
contact = 3 7 3 2 (4.67778,0.25,2.38345) (0.45399,0,-0.891007)
contact = 4 1 4 3 (4.26757,0.250009,3.09013) (0.590624,-0.00170896,-0.806945)
subcontact = (4.47089,2.19985e-07,3.23572) 110.865 (-31.9119,2.21217,-22.1569) 104 -0.000106405 (0.00010929,-7.64527e-06,7.79263e-05) 5321.82 1867.91 0.0208321
face centroid = (4.26901,0.250015,3.08803)
subcontact = (4.47089,0.5,3.23572) 221.37 (-58.6012,4.42418,-40.4913) 103 -0.000106232 (0.000100265,-7.64499e-06,7.13209e-05) 5313.18 1712.9 0.0416643
face centroid = (4.26901,0.250015,3.08803)
subcontact = (4.0643,0.499999,2.94471) 5313.82 (-34.3943,7.03949,-23.9919) 102 -0.00510131 (0.000117876,-2.43288e-05,8.42597e-05) 255078 2041.18 0.0208321
face centroid = (4.26901,0.250015,3.08803)
subcontact = (4.0643,-1.05311e-06,2.94471) 10628 (-74.0112,14.0791,-51.8063) 101 -0.00510149 (0.000126901,-2.43291e-05,9.08651e-05) 255087 2194.49 0.0416643
face centroid = (4.26901,0.250015,3.08803)
subcontact = (4.06718,1.95905e-05,2.9405) 5318.18 (-37.0063,7.04385,-25.9037) 100 -0.00510546 (0.000126913,-2.43436e-05,9.08737e-05) 255273 2194.44 0.0208333
face centroid = (4.26759,0.25,3.09022)
subcontact = (4.06719,0.50002,2.94051) 10635.9 (-68.7898,14.0874,-47.9847) 99 -0.00510525 (0.000117888,-2.43431e-05,8.4268e-05) 255262 2041.14 0.0416666
face centroid = (4.26759,0.25,3.09022)
subcontact = (4.47085,0.50001,3.23556) 114.69 (-29.3009,2.21614,-20.2458) 98 -0.000110102 (0.000100276,-7.65898e-06,7.13289e-05) 5505.14 1712.83 0.0208333
face centroid = (4.26759,0.25,3.09022)
subcontact = (4.47084,9.67596e-06,3.23556) 229.833 (-63.8246,4.43254,-44.3144) 97 -0.000110319 (0.000109301,-7.65945e-06,7.79345e-05) 5516.01 1867.84 0.0416666
face centroid = (4.26759,0.25,3.09022)
contact = 5 1 5 4 (3.90637,1.28194e-05,3.89089) (0.71499,-1.07237e-06,-0.699135)
subcontact = (3.90844,1.00416e-05,3.89021) 243.533 (-117.041,0.527993,-116.392) 96 -0.000233778 (0.00066822,-2.77045e-06,0.000673255) 11690 7923.32 0.0208326
face centroid = (3.73316,0.250015,3.71061)
subcontact = (3.90845,0.50001,3.89021) 485.948 (-233.237,1.05167,-231.982) 95 -0.000233242 (0.000671472,-2.77051e-06,0.000676569) 11663.2 7895.37 0.0416652
face centroid = (3.73316,0.250015,3.71061)
subcontact = (3.55592,0.50002,3.53564) 4580.54 (-195.584,-0.545162,-194.189) 94 -0.00439735 (0.000670966,1.88406e-06,0.000676108) 219874 13229.9 0.0208326
face centroid = (3.73316,0.250015,3.71061)
subcontact = (3.55591,1.99228e-05,3.53564) 9162.2 (-389.282,-1.09036,-386.465) 93 -0.00439788 (0.000667713,1.88412e-06,0.000672795) 219900 13165.4 0.0416652
face centroid = (3.73316,0.250015,3.71061)
subcontact = (3.55837,1.80495e-05,3.53186) 4587.22 (-194.642,-0.54718,-193.234) 92 -0.00440374 (0.000667714,1.891e-06,0.000672796) 220187 13165.1 0.0208333
face centroid = (3.73218,0.250015,3.71292)
subcontact = (3.55837,0.500018,3.53187) 9173.35 (-391.17,-1.09433,-388.382) 91 -0.00440321 (0.000670967,1.89096e-06,0.000676109) 220160 13229.5 0.0416667
face centroid = (3.73218,0.250015,3.71292)
subcontact = (3.90794,0.500013,3.88936) 249.033 (-119.655,0.531199,-118.992) 90 -0.000239073 (0.000671473,-2.76372e-06,0.00067657) 11953.6 8100.01 0.0208333
face centroid = (3.73218,0.250015,3.71292)
subcontact = (3.90794,1.2817e-05,3.88936) 499.163 (-240.144,1.06674,-238.774) 89 -0.000239599 (0.000668221,-2.76368e-06,0.000673256) 11979.9 8127.58 0.0416667
face centroid = (3.73218,0.250015,3.71292)
contact = 6 1 6 5 (3.24414,1.49943e-05,4.44206) (0.818391,-1.68971e-06,-0.574662)
subcontact = (3.24543,1.44483e-05,4.44247) 856.811 (-181.073,0.1644,-246.463) 88 -0.00082254 (0.000616632,-5.68338e-07,0.000858446) 41127.4 14680 0.0208331
face centroid = (3.10181,0.250017,4.23652)
subcontact = (3.24543,0.500014,4.44247) 1712.53 (-362.533,0.328798,-493.444) 87 -0.000822016 (0.000617286,-5.68336e-07,0.000859351) 41101.2 14695.5 0.0416662
face centroid = (3.10181,0.250017,4.23652)
subcontact = (2.95609,0.50002,4.0347) 3416.52 (-179.971,-0.178609,-244.918) 86 -0.00327987 (0.000612843,6.17104e-07,0.000853093) 163995 14588.9 0.0208331
face centroid = (3.10181,0.250017,4.23652)
subcontact = (2.95609,1.95325e-05,4.03469) 6834.13 (-359.556,-0.357217,-489.318) 85 -0.00328039 (0.000612188,6.17102e-07,0.000852189) 164021 14573.4 0.0416662
face centroid = (3.10181,0.250017,4.23652)
subcontact = (2.95815,1.89594e-05,4.03192) 3421.76 (-179.775,-0.178923,-244.656) 84 -0.0032849 (0.00061218,6.18198e-07,0.000852177) 164245 14573 0.0208333
face centroid = (3.10076,0.250017,4.23858)
subcontact = (2.95815,0.500019,4.03192) 6842.44 (-359.937,-0.357846,-489.829) 83 -0.00328438 (0.000612834,6.182e-07,0.000853081) 164219 14588.5 0.0416667
face centroid = (3.10076,0.250017,4.23858)
subcontact = (3.24548,0.500015,4.44112) 860.969 (-181.264,0.164085,-246.718) 82 -0.00082653 (0.000617278,-5.6724e-07,0.000859339) 41326.5 14695.1 0.0208333
face centroid = (3.10076,0.250017,4.23858)
subcontact = (3.24548,1.49915e-05,4.44112) 1723.02 (-362.141,0.328171,-492.919) 81 -0.000827049 (0.000616623,-5.67242e-07,0.000858434) 41352.4 14679.6 0.0416667
face centroid = (3.10076,0.250017,4.23858)
contact = 7 1 7 6 (2.39302,0.250019,4.65475) (0.898631,1.77649e-06,-0.438705)
subcontact = (2.50243,1.69827e-05,4.88013) 1656.09 (-138.986,0.130244,-270.028) 80 -0.00158985 (0.000470428,-4.50125e-07,0.000938265) 79492.4 14577.5 0.0208333
face centroid = (2.39371,0.250019,4.65381)
subcontact = (2.50243,0.500017,4.88014) 3311.01 (-278.24,0.260489,-540.569) 79 -0.00158929 (0.000470878,-4.50127e-07,0.000939158) 79464.4 14591.4 0.0416666
face centroid = (2.39371,0.250019,4.65381)
subcontact = (2.28265,0.500021,4.43103) 2146.64 (-140.041,-0.15851,-272.062) 78 -0.00206078 (0.000473988,5.47814e-07,0.00094534) 103039 14687.5 0.0208333
face centroid = (2.39371,0.250019,4.65381)
subcontact = (2.28265,2.07696e-05,4.43103) 4294.45 (-279.815,-0.317021,-543.612) 77 -0.00206134 (0.000473538,5.47816e-07,0.000944447) 103067 14673.6 0.0416666
face centroid = (2.39371,0.250019,4.65381)
subcontact = (2.28403,2.02247e-05,4.42915) 2149.26 (-139.908,-0.158757,-271.808) 76 -0.0020633 (0.000473541,5.48664e-07,0.000944453) 103165 14673.7 0.0208333
face centroid = (2.39254,0.250019,4.65558)
subcontact = (2.28403,0.50002,4.42915) 4297.37 (-280.084,-0.317512,-544.129) 75 -0.00206274 (0.000473991,5.48661e-07,0.000945346) 103137 14687.6 0.0416667
face centroid = (2.39254,0.250019,4.65558)
subcontact = (2.50339,0.500017,4.87847) 1657.55 (-139.121,0.13,-270.286) 74 -0.00159125 (0.000470881,-4.49283e-07,0.000939163) 79562.3 14591.5 0.0208333
face centroid = (2.39254,0.250019,4.65558)
subcontact = (2.50338,1.74345e-05,4.87846) 3316.26 (-277.974,0.26,-540.059) 73 -0.00159181 (0.000470431,-4.4928e-07,0.000938271) 79590.2 14577.6 0.0416667
face centroid = (2.39254,0.250019,4.65558)
contact = 8 1 8 7 (1.62767,0.250021,4.95548) (0.955417,2.48082e-07,-0.295259)
subcontact = (1.70051,1.93548e-05,5.19508) 2406.52 (-73.7684,0.108024,-224.834) 72 -0.00231026 (0.000248204,-3.73335e-07,0.000779185) 115513 11358.1 0.0208333
face centroid = (1.62865,0.250021,4.95473)
subcontact = (1.70051,0.500019,5.19508) 4811.82 (-147.689,0.216049,-450.124) 71 -0.00230968 (0.000248458,-3.73338e-07,0.000779977) 115484 11369.6 0.0416665
face centroid = (1.62865,0.250021,4.95473)
subcontact = (1.55414,0.500022,4.71699) 1036.69 (-75.8628,-0.130477,-231.248) 70 -0.000995228 (0.000255267,4.50925e-07,0.000801411) 49761.5 11682 0.0208333
face centroid = (1.62865,0.250021,4.95473)
subcontact = (1.55414,2.19704e-05,4.71698) 2074.61 (-151.574,-0.260955,-462.04) 69 -0.000995814 (0.000255013,4.50928e-07,0.000800619) 49790.8 11670.5 0.0416665
face centroid = (1.62865,0.250021,4.95473)
subcontact = (1.55484,2.15196e-05,4.71588) 1037.29 (-75.7892,-0.130634,-231.027) 68 -0.000995798 (0.000255019,4.51461e-07,0.000800641) 49789.9 11670.8 0.0208333
face centroid = (1.62733,0.250021,4.95603)
subcontact = (1.55484,0.500022,4.71588) 2073.36 (-151.73,-0.261266,-462.511) 67 -0.000995212 (0.000255273,4.51459e-07,0.000801433) 49760.6 11682.3 0.0416667
face centroid = (1.62733,0.250021,4.95603)
subcontact = (1.70247,0.50002,5.19359) 2405.9 (-73.8465,0.10787,-225.069) 66 -0.00230966 (0.000248465,-3.72807e-07,0.000779998) 115483 11370 0.0208333
face centroid = (1.62733,0.250021,4.95603)
subcontact = (1.70246,1.9728e-05,5.19359) 4813.02 (-147.541,0.215739,-449.681) 65 -0.00231025 (0.000248211,-3.72805e-07,0.000779206) 115512 11358.4 0.0416667
face centroid = (1.62733,0.250021,4.95603)
contact = 9 1 9 8 (0.824996,0.250022,5.13518) (0.989024,3.17513e-07,-0.147753)
subcontact = (0.860439,2.12229e-05,5.38292) 2936.15 (-22.6916,0.156967,-140.283) 64 -0.00281872 (7.54937e-05,-5.42486e-07,0.000485277) 140938 6821.23 0.020833
face centroid = (0.826351,0.250022,5.13472)
subcontact = (0.86044,0.500021,5.38292) 5871.05 (-45.5102,0.313937,-281.342) 63 -0.00281811 (7.57038e-05,-5.42493e-07,0.000486619) 140907 6840.1 0.041666
face centroid = (0.826351,0.250022,5.13472)
subcontact = (0.789362,0.500023,4.888) 281.433 (-19.0556,-0.179574,-118.541) 62 -0.000270172 (8.02642e-05,8.06843e-07,0.000516088) 13509 5763.12 0.020833
face centroid = (0.826351,0.250022,5.13472)
subcontact = (0.789361,2.28785e-05,4.888) 564.119 (-38.1579,-0.360496,-237.358) 61 -0.000270774 (8.00541e-05,8.0685e-07,0.000514746) 13539.1 5769.82 0.041666
face centroid = (0.826351,0.250022,5.13472)
subcontact = (0.789552,2.20699e-05,4.88744) 281.584 (-18.9998,-0.179757,-118.2) 60 -0.00027032 (8.00569e-05,8.07469e-07,0.000514764) 13516.1 5746.45 0.0208333
face centroid = (0.824901,0.250022,5.13546)
subcontact = (0.789552,0.500022,4.88744) 561.915 (-37.9526,-0.358151,-236.123) 59 -0.000269718 (8.0267e-05,8.07464e-07,0.000516107) 13486 5739.7 0.0416667
face centroid = (0.824901,0.250022,5.13546)
subcontact = (0.863151,0.500022,5.382) 2935.07 (-22.7562,0.156796,-140.678) 58 -0.00281767 (7.57066e-05,-5.41885e-07,0.000486637) 140884 6840.32 0.0208333
face centroid = (0.824901,0.250022,5.13546)
subcontact = (0.863151,2.17638e-05,5.382) 5871.4 (-45.3853,0.313589,-280.58) 57 -0.00281827 (7.54965e-05,-5.4188e-07,0.000485295) 140914 6821.45 0.0416667
face centroid = (0.824901,0.250022,5.13546)
contact = 10 1 10 9 (0.00309456,0.250022,5.3167) (0.999989,9.17784e-08,-0.00462899)
subcontact = (0.00216583,2.24747e-05,5.44167) 3139.07 (-0.106568,-0.0221715,19.1949) 56 -0.00301352 (3.06497e-08,7.66272e-08,-6.63297e-05) 150690 921.458 0.0208313
face centroid = (0.00292045,0.250021,5.19174)
subcontact = (0.00216626,0.500022,5.44167) 6277.44 (-0.215627,-0.0443368,37.141) 55 -0.00301318 (3.77964e-08,7.66165e-08,-6.41718e-05) 150673 891.486 0.0416626
face centroid = (0.00292045,0.250021,5.19174)
subcontact = (0.00683888,0.500023,4.94169) 0 (0,0,0) 54 0.0061793 (1.88828e-07,2.22796e-06,-3.11358e-05) 0 0 0.0208313
face centroid = (0.00292045,0.250021,5.19174)
subcontact = (0.00683845,2.27161e-05,4.94169) 0 (0,0,0) 53 0.00617896 (1.81681e-07,2.22797e-06,-3.32937e-05) 0 0 0.0416626
face centroid = (0.00292045,0.250021,5.19174)
subcontact = (0.000660376,2.04884e-05,4.94175) 0 (0,0,0) 52 0.00617677 (1.8164e-07,2.22717e-06,-3.33029e-05) 0 0 0.0208331
face centroid = (0.00450235,0.250023,5.19168)
subcontact = (0.000660447,0.50002,4.94175) 0 (0,0,0) 51 0.00617714 (1.88787e-07,2.22717e-06,-3.11449e-05) 0 0 0.0416663
face centroid = (0.00450235,0.250023,5.19168)
subcontact = (0.00518052,0.500022,5.44173) 3141.31 (-0.10781,-0.0219331,18.5717) 50 -0.00301566 (3.77479e-08,7.58002e-08,-6.41827e-05) 150784 891.467 0.0208331
face centroid = (0.00450235,0.250023,5.19168)
subcontact = (0.00518045,2.23982e-05,5.44173) 6283.38 (-0.213129,-0.0438698,38.3923) 49 -0.00301603 (3.06005e-08,7.58066e-08,-6.63407e-05) 150803 921.439 0.0416663
face centroid = (0.00450235,0.250023,5.19168)
contact = 11 1 11 10 (-0.818808,0.250021,5.13481) (0.989816,1.39674e-07,0.142351)
subcontact = (-0.855786,2.22906e-05,5.3818) 2923.38 (-23.0404,0.0399993,139.062) 48 -0.00280645 (7.44913e-05,-1.38235e-07,-0.00048142) 140324 6766.05 0.0208331
face centroid = (-0.817457,0.250021,5.13526)
subcontact = (-0.855786,0.500022,5.3818) 5845.6 (-46.0486,0.0799986,277.924) 47 -0.00280589 (7.44386e-05,-1.38235e-07,-0.000481075) 140296 6761.19 0.0416661
face centroid = (-0.817457,0.250021,5.13526)
subcontact = (-0.782036,0.50002,4.88726) 295.595 (-24.0529,-0.0622738,145.464) 46 -0.000283769 (7.78356e-05,2.15224e-07,-0.000503572) 14188.7 7077.19 0.0208331
face centroid = (-0.817457,0.250021,5.13526)
subcontact = (-0.782036,2.03906e-05,4.88727) 592.353 (-48.1381,-0.124548,291.128) 45 -0.000284327 (7.78883e-05,2.15224e-07,-0.000503917) 14216.7 7082.04 0.0416661
face centroid = (-0.817457,0.250021,5.13526)
subcontact = (-0.78183,2.01782e-05,4.88782) 297.144 (-24.0683,-0.0622192,145.559) 44 -0.000285257 (7.78858e-05,2.15032e-07,-0.0005039) 14262.9 7081.7 0.0208333
face centroid = (-0.818911,0.250021,5.13453)
subcontact = (-0.78183,0.50002,4.88782) 593.124 (-48.1043,-0.124438,290.918) 43 -0.000284698 (7.78331e-05,2.15032e-07,-0.000503555) 14235 7076.85 0.0416667
face centroid = (-0.818911,0.250021,5.13453)
subcontact = (-0.853084,0.500022,5.38271) 2923.76 (-23.0235,0.0400561,138.957) 42 -0.00280682 (7.44361e-05,-1.38431e-07,-0.000481058) 140341 6760.86 0.0208333
face centroid = (-0.818911,0.250021,5.13453)
subcontact = (-0.853084,2.24314e-05,5.38271) 5848.69 (-46.0793,0.0801121,278.113) 41 -0.00280738 (7.44888e-05,-1.38431e-07,-0.000481403) 140369 6765.71 0.0416667
face centroid = (-0.818911,0.250021,5.13453)
contact = 12 1 12 11 (-1.62079,0.25002,4.95482) (0.956188,5.51323e-07,0.292752)
subcontact = (-1.69504,2.08165e-05,5.19308) 2383.05 (-77.478,0.0179498,233.873) 40 -0.00228773 (0.000258534,-6.20264e-08,-0.000811269) 114387 11825.9 0.0208332
face centroid = (-1.61982,0.25002,4.95558)
subcontact = (-1.69504,0.500021,5.19308) 4765.08 (-154.919,0.0358994,467.636) 39 -0.00228724 (0.000258473,-6.2026e-08,-0.000811078) 114362 11823.1 0.0416665
face centroid = (-1.61982,0.25002,4.95558)
subcontact = (-1.54725,0.500019,4.71542) 1063.87 (-78.9156,-0.0416664,238.294) 38 -0.00102132 (0.00026337,1.44011e-07,-0.000826593) 51066.2 12049.1 0.0208332
face centroid = (-1.61982,0.25002,4.95558)
subcontact = (-1.54725,1.87101e-05,4.71542) 2128.77 (-157.868,-0.0833326,476.699) 37 -0.00102181 (0.000263432,1.4401e-07,-0.000826784) 51090.6 12051.9 0.0416665
face centroid = (-1.61982,0.25002,4.95558)
subcontact = (-1.54653,1.85705e-05,4.71657) 1064.95 (-78.9322,-0.0416217,238.344) 36 -0.00102236 (0.000263426,1.43854e-07,-0.000826766) 51117.8 12051.6 0.0208333
face centroid = (-1.62114,0.25002,4.95425)
subcontact = (-1.54653,0.500019,4.71656) 2128.89 (-157.828,-0.0832435,476.578) 35 -0.00102187 (0.000263365,1.43854e-07,-0.000826575) 51093.3 12048.8 0.0416667
face centroid = (-1.62114,0.25002,4.95425)
subcontact = (-1.69312,0.500021,5.19459) 2383.11 (-77.4579,0.0179952,233.812) 34 -0.00228779 (0.000258467,-6.2184e-08,-0.00081106) 114389 11822.8 0.0208333
face centroid = (-1.62114,0.25002,4.95425)
subcontact = (-1.69312,2.0883e-05,5.1946) 4767.23 (-154.952,0.0359906,467.735) 33 -0.00228828 (0.000258528,-6.21843e-08,-0.000811252) 114414 11825.6 0.0416667
face centroid = (-1.62114,0.25002,4.95425)
contact = 13 1 13 12 (-2.3856,0.250017,4.65384) (0.897958,1.50823e-06,0.440081)
subcontact = (-2.49585,1.78381e-05,4.87761) 1623.16 (-139.563,-0.0034652,272.179) 32 -0.00155824 (0.000473793,1.19983e-08,-0.000944988) 77911.9 14682 0.0208333
face centroid = (-2.3849,0.250017,4.65478)
subcontact = (-2.49585,0.500018,4.87761) 3245.53 (-279.107,-0.00693081,544.322) 31 -0.00155786 (0.000473761,1.1999e-08,-0.000944925) 77892.9 14681 0.0416666
face centroid = (-2.3849,0.250017,4.65478)
subcontact = (-2.27629,0.500016,4.4284) 2185.97 (-139.53,-0.0240613,272.084) 30 -0.00209854 (0.00047366,8.31771e-08,-0.00094467) 104927 14677.2 0.0208333
face centroid = (-2.3849,0.250017,4.65478)
subcontact = (-2.27629,1.58024e-05,4.4284) 4372.74 (-279.079,-0.0481222,544.205) 29 -0.00209892 (0.000473692,8.31764e-08,-0.000944734) 104946 14678.2 0.0416666
face centroid = (-2.3849,0.250017,4.65478)
subcontact = (-2.27488,1.57239e-05,4.4303) 2184.93 (-139.54,-0.024059,272.104) 28 -0.00209754 (0.000473694,8.31697e-08,-0.000944738) 104877 14678.3 0.0208333
face centroid = (-2.38607,0.250017,4.65301)
subcontact = (-2.27488,0.500016,4.43029) 4369.07 (-279.061,-0.0481182,544.171) 27 -0.00209716 (0.000473662,8.317e-08,-0.000944675) 104858 14677.3 0.0416667
face centroid = (-2.38607,0.250017,4.65301)
subcontact = (-2.49493,0.500018,4.87927) 1621.32 (-139.554,-0.00346363,272.162) 26 -0.00155647 (0.000473763,1.19926e-08,-0.000944929) 77823.5 14681.1 0.0208333
face centroid = (-2.38607,0.250017,4.65301)
subcontact = (-2.49493,1.78308e-05,4.87927) 3243.44 (-279.127,-0.00692704,544.361) 25 -0.00155686 (0.000473795,1.19922e-08,-0.000944992) 77842.6 14682.1 0.0416667
face centroid = (-2.38607,0.250017,4.65301)
contact = 14 1 14 13 (-3.23698,0.500013,4.44166) (0.81805,5.72234e-06,0.575147)
subcontact = (-3.23771,1.3563e-05,4.43981) 819.869 (-184.088,-0.0250919,249.332) 24 -0.000787072 (0.000626157,8.66439e-08,-0.000868999) 39353.7 14876.5 0.0208333
face centroid = (-3.09287,0.250013,4.23737)
subcontact = (-3.23771,0.500014,4.43981) 1639.22 (-368.177,-0.0501808,498.67) 23 -0.000786825 (0.000626161,8.66386e-08,-0.000869009) 39341.3 14876.6 0.0416667
face centroid = (-3.09287,0.250013,4.23737)
subcontact = (-2.95014,0.500012,4.03079) 3468.82 (-180.864,-0.0211885,244.882) 22 -0.00333008 (0.000615125,7.31568e-08,-0.000853542) 166503 14612.7 0.0208333
face centroid = (-3.09287,0.250013,4.23737)
subcontact = (-2.95014,1.18441e-05,4.03079) 6938.15 (-361.726,-0.0423801,489.758) 21 -0.00333032 (0.000615121,7.31621e-08,-0.000853532) 166516 14612.6 0.0416667
face centroid = (-3.09287,0.250013,4.23737)
subcontact = (-2.94805,1.17812e-05,4.0336) 3465 (-180.869,-0.021213,244.887) 20 -0.0033264 (0.000615141,7.32351e-08,-0.00085356) 166322 14613.3 0.0208331
face centroid = (-3.09393,0.250013,4.2353)
subcontact = (-2.94805,0.500012,4.03359) 6929.48 (-361.74,-0.0424226,489.781) 19 -0.00332615 (0.000615145,7.32293e-08,-0.00085357) 166310 14613.4 0.0416661
face centroid = (-3.09393,0.250013,4.2353)
subcontact = (-3.2377,0.500013,4.44115) 815.512 (-184.094,-0.0251095,249.343) 18 -0.000782893 (0.000626182,8.67049e-08,-0.000869037) 39145.1 14877.3 0.0208331
face centroid = (-3.09393,0.250013,4.2353)
subcontact = (-3.2377,1.34779e-05,4.44115) 1631.54 (-368.188,-0.0502224,498.68) 17 -0.00078314 (0.000626177,8.67107e-08,-0.000869027) 39157.4 14877.2 0.0416661
face centroid = (-3.09393,0.250013,4.2353)
contact = 15 7 15 14 (-3.71231,0.25,3.71231) (0.707107,0,0.707107)
contact = 16 1 16 15 (-4.06415,2.09942e-06,2.94115) (0.596206,6.50739e-06,0.802831)
subcontact = (-4.46712,2.80929e-06,3.23716) 0 (0,0,0) 16 0.00326511 (0.000321621,8.44449e-07,-0.000235125) 0 0 0.0208333
face centroid = (-4.26618,0.250002,3.08914)
subcontact = (-4.46712,0.500003,3.23716) 0 (0,0,0) 15 0.00326224 (0.000322127,8.4444e-07,-0.000235508) 0 0 0.0416667
face centroid = (-4.26618,0.250002,3.08914)
subcontact = (-4.06571,0.500002,2.93905) 5440.54 (-100.325,-0.0569711,72.3376) 14 -0.00522294 (0.000344891,1.96945e-07,-0.000252384) 261146 5936.83 0.0208333
face centroid = (-4.26618,0.250002,3.08914)
subcontact = (-4.0657,2.08244e-06,2.93906) 10875.1 (-200.358,-0.113947,144.451) 13 -0.00522006 (0.000344385,1.96954e-07,-0.000252001) 261002 5928.03 0.0416667
face centroid = (-4.26618,0.250002,3.08914)
subcontact = (-4.06297,1.88542e-06,2.94352) 5429.21 (-100.17,-0.0573446,72.219) 12 -0.00521211 (0.000344359,1.98244e-07,-0.000251982) 260640 5928.34 0.0208303
face centroid = (-4.26641,0.250002,3.08811)
subcontact = (-4.06297,0.500002,2.94352) 10864.4 (-200.631,-0.114684,144.662) 11 -0.00521498 (0.000344865,1.98234e-07,-0.000252364) 260783 5937.15 0.0416607
face centroid = (-4.26641,0.250002,3.08811)
subcontact = (-4.46939,0.500002,3.23477) 0 (0,0,0) 10 0.00326982 (0.000322103,8.4557e-07,-0.00023549) 0 0 0.0208303
face centroid = (-4.26641,0.250002,3.08811)
subcontact = (-4.46939,1.96664e-06,3.23477) 0 (0,0,0) 9 0.0032727 (0.000321597,8.4558e-07,-0.000235107) 0 0 0.0416607
face centroid = (-4.26641,0.250002,3.08811)
contact = 17 7 17 16 (-4.67778,0.25,2.38345) (0.45399,0,0.891007)
contact = 18 7 18 17 (-4.99305,0.25,1.62234) (0.309017,0,0.951057)
contact = 19 1 19 18 (-5.18752,0.25,0.819077) (0.156434,0,0.987688)
subcontact = (-5.43659,-1.22269e-08,0.855981) 5241.37 (1015.69,0.00346596,-163.541) 8 -0.00503172 (-0.00351093,-1.19802e-08,0.000560695) 251591 49381.9 0.0208329
face centroid = (-5.18536,0.25,0.821281)
subcontact = (-5.43659,0.5,0.855981) 10483.5 (2031.43,0.00693199,-327.09) 7 -0.0050321 (-0.00351103,-1.19803e-08,0.000560709) 251610 49383.3 0.0416658
face centroid = (-5.18536,0.25,0.821281)
subcontact = (-4.94224,0.5,0.780986) 1844.96 (1019.02,-0.0249485,-164.07) 6 -0.00177116 (-0.00352245,8.62244e-08,0.00056252) 88560.1 49543.9 0.0208329
face centroid = (-5.18536,0.25,0.821281)
subcontact = (-4.94224,8.64485e-08,0.780986) 3689.15 (2037.98,-0.0498971,-328.131) 5 -0.00177079 (-0.00352235,8.62245e-08,0.000562506) 88541.4 49542.6 0.0416658
face centroid = (-5.18536,0.25,0.821281)
subcontact = (-4.93844,0,0.782172) 1824.01 (1019.01,-0.0252572,-164.069) 4 -0.00175106 (-0.00352242,8.72851e-08,0.000562517) 87552.7 49542.6 0.0208333
face centroid = (-5.18942,0.25,0.818484)
subcontact = (-4.93844,0.5,0.782172) 3648.81 (2038.08,-0.0505144,-328.146) 3 -0.00175143 (-0.00352252,8.72849e-08,0.000562531) 87571.4 49543.9 0.0416667
face centroid = (-5.18942,0.25,0.818484)
subcontact = (-5.43229,0.5,0.86039) 5221.23 (1015.74,0.00315982,-163.549) 2 -0.00501238 (-0.0035111,-1.09242e-08,0.00056072) 250619 49383.3 0.0208333
face centroid = (-5.18942,0.25,0.818484)
subcontact = (-5.43229,0,0.86039) 10441.7 (2031.42,0.00631953,-327.089) 1 -0.00501201 (-0.003511,-1.0924e-08,0.000560706) 250600 49381.9 0.0416667
face centroid = (-5.18942,0.25,0.818484)
3dec>log off
**********************************************
* Logging ended at Wed Mar 13 14:35:52 2024
**********************************************
**********************************************
* Logging started at Wed Mar 13 14:41:09 2024
* By 3dec Version 7.00 Release 159
* 
* 
* Job Title: 
**********************************************
3dec>log-file 'Displacement_step_1_distance_0.001m.txt'
**********************************************
* Logging ended at Wed Mar 13 14:41:09 2024
**********************************************
**********************************************
* Logging started at Wed Mar 13 14:41:10 2024
* By 3dec Version 7.00 Release 159
* 
* 
* Job Title: 
**********************************************
3dec>@contacts_output
contact = 1 1 1 0 (5.31089,0.250006,0.839969) (0.149411,-4.6716e-07,-0.988775)
subcontact = (5.43229,0,0.86092) 5369.93 (1042.66,0.180052,169.219) 112 -0.00515515 (-0.00360661,-6.22271e-07,-0.000565143) 257763 50704 0.0208328
face centroid = (5.1895,0.25,0.819018)
subcontact = (5.43229,0.5,0.86092) 10740.3 (2084.58,0.360103,338.308) 111 -0.00515538 (-0.00360533,-6.22268e-07,-0.000564933) 257775 50685.9 0.0416656
face centroid = (5.1895,0.25,0.819018)
subcontact = (4.93844,0.5,0.782702) 1668.6 (1042.53,-0.198956,169.193) 110 -0.00160184 (-0.00360615,6.87562e-07,-0.000565062) 80094.7 50697.5 0.0208328
face centroid = (5.1895,0.25,0.819018)
subcontact = (4.93844,0,0.782702) 3336.71 (2085.8,-0.397911,338.516) 109 -0.00160161 (-0.00360744,6.8756e-07,-0.000565272) 80083.1 50715.6 0.0416656
face centroid = (5.1895,0.25,0.819018)
subcontact = (4.94231,-6.8593e-07,0.781666) 1689.95 (1042.9,-0.19848,169.258) 108 -0.00162236 (-0.00360744,6.85929e-07,-0.000565272) 81117.7 50714.4 0.0208333
face centroid = (5.18536,0.25,0.821811)
subcontact = (4.9423,0.499999,0.781665) 3380.36 (2085.06,-0.396961,338.386) 107 -0.00162258 (-0.00360615,6.85931e-07,-0.000565062) 81128.6 50696.3 0.0416667
face centroid = (5.18536,0.25,0.821811)
subcontact = (5.43669,0.500001,0.856371) 5391.81 (1042.29,0.180515,169.154) 106 -0.00517614 (-0.00360532,-6.23879e-07,-0.000564932) 258807 50684.7 0.0208333
face centroid = (5.18536,0.25,0.821811)
subcontact = (5.43669,6.23882e-07,0.856371) 10783.2 (2085.33,0.361031,338.439) 105 -0.00517592 (-0.00360661,-6.23881e-07,-0.000565143) 258796 50702.8 0.0416667
face centroid = (5.18536,0.25,0.821811)
contact = 2 7 2 1 (4.99305,0.25,1.62234) (0.309017,0,-0.951057)
contact = 3 7 3 2 (4.67778,0.25,2.38345) (0.45399,0,-0.891007)
contact = 4 1 4 3 (4.26757,0.250009,3.09013) (0.590624,-0.00170896,-0.806945)
subcontact = (4.47089,2.19985e-07,3.23572) 110.865 (-31.9119,2.21217,-22.1569) 104 -0.000106405 (0.00010929,-7.64527e-06,7.79263e-05) 5321.82 1867.91 0.0208321
face centroid = (4.26901,0.250015,3.08803)
subcontact = (4.47089,0.5,3.23572) 221.37 (-58.6012,4.42418,-40.4913) 103 -0.000106232 (0.000100265,-7.64499e-06,7.13209e-05) 5313.18 1712.9 0.0416643
face centroid = (4.26901,0.250015,3.08803)
subcontact = (4.0643,0.499999,2.94471) 5313.82 (-34.3943,7.03949,-23.9919) 102 -0.00510131 (0.000117876,-2.43288e-05,8.42597e-05) 255078 2041.18 0.0208321
face centroid = (4.26901,0.250015,3.08803)
subcontact = (4.0643,-1.05311e-06,2.94471) 10628 (-74.0112,14.0791,-51.8063) 101 -0.00510149 (0.000126901,-2.43291e-05,9.08651e-05) 255087 2194.49 0.0416643
face centroid = (4.26901,0.250015,3.08803)
subcontact = (4.06718,1.95905e-05,2.9405) 5318.18 (-37.0063,7.04385,-25.9037) 100 -0.00510546 (0.000126913,-2.43436e-05,9.08737e-05) 255273 2194.44 0.0208333
face centroid = (4.26759,0.25,3.09022)
subcontact = (4.06719,0.50002,2.94051) 10635.9 (-68.7898,14.0874,-47.9847) 99 -0.00510525 (0.000117888,-2.43431e-05,8.4268e-05) 255262 2041.14 0.0416666
face centroid = (4.26759,0.25,3.09022)
subcontact = (4.47085,0.50001,3.23556) 114.69 (-29.3009,2.21614,-20.2458) 98 -0.000110102 (0.000100276,-7.65898e-06,7.13289e-05) 5505.14 1712.83 0.0208333
face centroid = (4.26759,0.25,3.09022)
subcontact = (4.47084,9.67596e-06,3.23556) 229.833 (-63.8246,4.43254,-44.3144) 97 -0.000110319 (0.000109301,-7.65945e-06,7.79345e-05) 5516.01 1867.84 0.0416666
face centroid = (4.26759,0.25,3.09022)
contact = 5 1 5 4 (3.90637,1.28194e-05,3.89089) (0.71499,-1.07237e-06,-0.699135)
subcontact = (3.90844,1.00416e-05,3.89021) 243.533 (-117.041,0.527993,-116.392) 96 -0.000233778 (0.00066822,-2.77045e-06,0.000673255) 11690 7923.32 0.0208326
face centroid = (3.73316,0.250015,3.71061)
subcontact = (3.90845,0.50001,3.89021) 485.948 (-233.237,1.05167,-231.982) 95 -0.000233242 (0.000671472,-2.77051e-06,0.000676569) 11663.2 7895.37 0.0416652
face centroid = (3.73316,0.250015,3.71061)
subcontact = (3.55592,0.50002,3.53564) 4580.54 (-195.584,-0.545162,-194.189) 94 -0.00439735 (0.000670966,1.88406e-06,0.000676108) 219874 13229.9 0.0208326
face centroid = (3.73316,0.250015,3.71061)
subcontact = (3.55591,1.99228e-05,3.53564) 9162.2 (-389.282,-1.09036,-386.465) 93 -0.00439788 (0.000667713,1.88412e-06,0.000672795) 219900 13165.4 0.0416652
face centroid = (3.73316,0.250015,3.71061)
subcontact = (3.55837,1.80495e-05,3.53186) 4587.22 (-194.642,-0.54718,-193.234) 92 -0.00440374 (0.000667714,1.891e-06,0.000672796) 220187 13165.1 0.0208333
face centroid = (3.73218,0.250015,3.71292)
subcontact = (3.55837,0.500018,3.53187) 9173.35 (-391.17,-1.09433,-388.382) 91 -0.00440321 (0.000670967,1.89096e-06,0.000676109) 220160 13229.5 0.0416667
face centroid = (3.73218,0.250015,3.71292)
subcontact = (3.90794,0.500013,3.88936) 249.033 (-119.655,0.531199,-118.992) 90 -0.000239073 (0.000671473,-2.76372e-06,0.00067657) 11953.6 8100.01 0.0208333
face centroid = (3.73218,0.250015,3.71292)
subcontact = (3.90794,1.2817e-05,3.88936) 499.163 (-240.144,1.06674,-238.774) 89 -0.000239599 (0.000668221,-2.76368e-06,0.000673256) 11979.9 8127.58 0.0416667
face centroid = (3.73218,0.250015,3.71292)
contact = 6 1 6 5 (3.24414,1.49943e-05,4.44206) (0.818391,-1.68971e-06,-0.574662)
subcontact = (3.24543,1.44483e-05,4.44247) 856.811 (-181.073,0.1644,-246.463) 88 -0.00082254 (0.000616632,-5.68338e-07,0.000858446) 41127.4 14680 0.0208331
face centroid = (3.10181,0.250017,4.23652)
subcontact = (3.24543,0.500014,4.44247) 1712.53 (-362.533,0.328798,-493.444) 87 -0.000822016 (0.000617286,-5.68336e-07,0.000859351) 41101.2 14695.5 0.0416662
face centroid = (3.10181,0.250017,4.23652)
subcontact = (2.95609,0.50002,4.0347) 3416.52 (-179.971,-0.178609,-244.918) 86 -0.00327987 (0.000612843,6.17104e-07,0.000853093) 163995 14588.9 0.0208331
face centroid = (3.10181,0.250017,4.23652)
subcontact = (2.95609,1.95325e-05,4.03469) 6834.13 (-359.556,-0.357217,-489.318) 85 -0.00328039 (0.000612188,6.17102e-07,0.000852189) 164021 14573.4 0.0416662
face centroid = (3.10181,0.250017,4.23652)
subcontact = (2.95815,1.89594e-05,4.03192) 3421.76 (-179.775,-0.178923,-244.656) 84 -0.0032849 (0.00061218,6.18198e-07,0.000852177) 164245 14573 0.0208333
face centroid = (3.10076,0.250017,4.23858)
subcontact = (2.95815,0.500019,4.03192) 6842.44 (-359.937,-0.357846,-489.829) 83 -0.00328438 (0.000612834,6.182e-07,0.000853081) 164219 14588.5 0.0416667
face centroid = (3.10076,0.250017,4.23858)
subcontact = (3.24548,0.500015,4.44112) 860.969 (-181.264,0.164085,-246.718) 82 -0.00082653 (0.000617278,-5.6724e-07,0.000859339) 41326.5 14695.1 0.0208333
face centroid = (3.10076,0.250017,4.23858)
subcontact = (3.24548,1.49915e-05,4.44112) 1723.02 (-362.141,0.328171,-492.919) 81 -0.000827049 (0.000616623,-5.67242e-07,0.000858434) 41352.4 14679.6 0.0416667
face centroid = (3.10076,0.250017,4.23858)
contact = 7 1 7 6 (2.39302,0.250019,4.65475) (0.898631,1.77649e-06,-0.438705)
subcontact = (2.50243,1.69827e-05,4.88013) 1656.09 (-138.986,0.130244,-270.028) 80 -0.00158985 (0.000470428,-4.50125e-07,0.000938265) 79492.4 14577.5 0.0208333
face centroid = (2.39371,0.250019,4.65381)
subcontact = (2.50243,0.500017,4.88014) 3311.01 (-278.24,0.260489,-540.569) 79 -0.00158929 (0.000470878,-4.50127e-07,0.000939158) 79464.4 14591.4 0.0416666
face centroid = (2.39371,0.250019,4.65381)
subcontact = (2.28265,0.500021,4.43103) 2146.64 (-140.041,-0.15851,-272.062) 78 -0.00206078 (0.000473988,5.47814e-07,0.00094534) 103039 14687.5 0.0208333
face centroid = (2.39371,0.250019,4.65381)
subcontact = (2.28265,2.07696e-05,4.43103) 4294.45 (-279.815,-0.317021,-543.612) 77 -0.00206134 (0.000473538,5.47816e-07,0.000944447) 103067 14673.6 0.0416666
face centroid = (2.39371,0.250019,4.65381)
subcontact = (2.28403,2.02247e-05,4.42915) 2149.26 (-139.908,-0.158757,-271.808) 76 -0.0020633 (0.000473541,5.48664e-07,0.000944453) 103165 14673.7 0.0208333
face centroid = (2.39254,0.250019,4.65558)
subcontact = (2.28403,0.50002,4.42915) 4297.37 (-280.084,-0.317512,-544.129) 75 -0.00206274 (0.000473991,5.48661e-07,0.000945346) 103137 14687.6 0.0416667
face centroid = (2.39254,0.250019,4.65558)
subcontact = (2.50339,0.500017,4.87847) 1657.55 (-139.121,0.13,-270.286) 74 -0.00159125 (0.000470881,-4.49283e-07,0.000939163) 79562.3 14591.5 0.0208333
face centroid = (2.39254,0.250019,4.65558)
subcontact = (2.50338,1.74345e-05,4.87846) 3316.26 (-277.974,0.26,-540.059) 73 -0.00159181 (0.000470431,-4.4928e-07,0.000938271) 79590.2 14577.6 0.0416667
face centroid = (2.39254,0.250019,4.65558)
contact = 8 1 8 7 (1.62767,0.250021,4.95548) (0.955417,2.48082e-07,-0.295259)
subcontact = (1.70051,1.93548e-05,5.19508) 2406.52 (-73.7684,0.108024,-224.834) 72 -0.00231026 (0.000248204,-3.73335e-07,0.000779185) 115513 11358.1 0.0208333
face centroid = (1.62865,0.250021,4.95473)
subcontact = (1.70051,0.500019,5.19508) 4811.82 (-147.689,0.216049,-450.124) 71 -0.00230968 (0.000248458,-3.73338e-07,0.000779977) 115484 11369.6 0.0416665
face centroid = (1.62865,0.250021,4.95473)
subcontact = (1.55414,0.500022,4.71699) 1036.69 (-75.8628,-0.130477,-231.248) 70 -0.000995228 (0.000255267,4.50925e-07,0.000801411) 49761.5 11682 0.0208333
face centroid = (1.62865,0.250021,4.95473)
subcontact = (1.55414,2.19704e-05,4.71698) 2074.61 (-151.574,-0.260955,-462.04) 69 -0.000995814 (0.000255013,4.50928e-07,0.000800619) 49790.8 11670.5 0.0416665
face centroid = (1.62865,0.250021,4.95473)
subcontact = (1.55484,2.15196e-05,4.71588) 1037.29 (-75.7892,-0.130634,-231.027) 68 -0.000995798 (0.000255019,4.51461e-07,0.000800641) 49789.9 11670.8 0.0208333
face centroid = (1.62733,0.250021,4.95603)
subcontact = (1.55484,0.500022,4.71588) 2073.36 (-151.73,-0.261266,-462.511) 67 -0.000995212 (0.000255273,4.51459e-07,0.000801433) 49760.6 11682.3 0.0416667
face centroid = (1.62733,0.250021,4.95603)
subcontact = (1.70247,0.50002,5.19359) 2405.9 (-73.8465,0.10787,-225.069) 66 -0.00230966 (0.000248465,-3.72807e-07,0.000779998) 115483 11370 0.0208333
face centroid = (1.62733,0.250021,4.95603)
subcontact = (1.70246,1.9728e-05,5.19359) 4813.02 (-147.541,0.215739,-449.681) 65 -0.00231025 (0.000248211,-3.72805e-07,0.000779206) 115512 11358.4 0.0416667
face centroid = (1.62733,0.250021,4.95603)
contact = 9 1 9 8 (0.824996,0.250022,5.13518) (0.989024,3.17513e-07,-0.147753)
subcontact = (0.860439,2.12229e-05,5.38292) 2936.15 (-22.6916,0.156967,-140.283) 64 -0.00281872 (7.54937e-05,-5.42486e-07,0.000485277) 140938 6821.23 0.020833
face centroid = (0.826351,0.250022,5.13472)
subcontact = (0.86044,0.500021,5.38292) 5871.05 (-45.5102,0.313937,-281.342) 63 -0.00281811 (7.57038e-05,-5.42493e-07,0.000486619) 140907 6840.1 0.041666
face centroid = (0.826351,0.250022,5.13472)
subcontact = (0.789362,0.500023,4.888) 281.433 (-19.0556,-0.179574,-118.541) 62 -0.000270172 (8.02642e-05,8.06843e-07,0.000516088) 13509 5763.12 0.020833
face centroid = (0.826351,0.250022,5.13472)
subcontact = (0.789361,2.28785e-05,4.888) 564.119 (-38.1579,-0.360496,-237.358) 61 -0.000270774 (8.00541e-05,8.0685e-07,0.000514746) 13539.1 5769.82 0.041666
face centroid = (0.826351,0.250022,5.13472)
subcontact = (0.789552,2.20699e-05,4.88744) 281.584 (-18.9998,-0.179757,-118.2) 60 -0.00027032 (8.00569e-05,8.07469e-07,0.000514764) 13516.1 5746.45 0.0208333
face centroid = (0.824901,0.250022,5.13546)
subcontact = (0.789552,0.500022,4.88744) 561.915 (-37.9526,-0.358151,-236.123) 59 -0.000269718 (8.0267e-05,8.07464e-07,0.000516107) 13486 5739.7 0.0416667
face centroid = (0.824901,0.250022,5.13546)
subcontact = (0.863151,0.500022,5.382) 2935.07 (-22.7562,0.156796,-140.678) 58 -0.00281767 (7.57066e-05,-5.41885e-07,0.000486637) 140884 6840.32 0.0208333
face centroid = (0.824901,0.250022,5.13546)
subcontact = (0.863151,2.17638e-05,5.382) 5871.4 (-45.3853,0.313589,-280.58) 57 -0.00281827 (7.54965e-05,-5.4188e-07,0.000485295) 140914 6821.45 0.0416667
face centroid = (0.824901,0.250022,5.13546)
contact = 10 1 10 9 (0.00309456,0.250022,5.3167) (0.999989,9.17784e-08,-0.00462899)
subcontact = (0.00216583,2.24747e-05,5.44167) 3139.07 (-0.106568,-0.0221715,19.1949) 56 -0.00301352 (3.06497e-08,7.66272e-08,-6.63297e-05) 150690 921.458 0.0208313
face centroid = (0.00292045,0.250021,5.19174)
subcontact = (0.00216626,0.500022,5.44167) 6277.44 (-0.215627,-0.0443368,37.141) 55 -0.00301318 (3.77964e-08,7.66165e-08,-6.41718e-05) 150673 891.486 0.0416626
face centroid = (0.00292045,0.250021,5.19174)
subcontact = (0.00683888,0.500023,4.94169) 0 (0,0,0) 54 0.0061793 (1.88828e-07,2.22796e-06,-3.11358e-05) 0 0 0.0208313
face centroid = (0.00292045,0.250021,5.19174)
subcontact = (0.00683845,2.27161e-05,4.94169) 0 (0,0,0) 53 0.00617896 (1.81681e-07,2.22797e-06,-3.32937e-05) 0 0 0.0416626
face centroid = (0.00292045,0.250021,5.19174)
subcontact = (0.000660376,2.04884e-05,4.94175) 0 (0,0,0) 52 0.00617677 (1.8164e-07,2.22717e-06,-3.33029e-05) 0 0 0.0208331
face centroid = (0.00450235,0.250023,5.19168)
subcontact = (0.000660447,0.50002,4.94175) 0 (0,0,0) 51 0.00617714 (1.88787e-07,2.22717e-06,-3.11449e-05) 0 0 0.0416663
face centroid = (0.00450235,0.250023,5.19168)
subcontact = (0.00518052,0.500022,5.44173) 3141.31 (-0.10781,-0.0219331,18.5717) 50 -0.00301566 (3.77479e-08,7.58002e-08,-6.41827e-05) 150784 891.467 0.0208331
face centroid = (0.00450235,0.250023,5.19168)
subcontact = (0.00518045,2.23982e-05,5.44173) 6283.38 (-0.213129,-0.0438698,38.3923) 49 -0.00301603 (3.06005e-08,7.58066e-08,-6.63407e-05) 150803 921.439 0.0416663
face centroid = (0.00450235,0.250023,5.19168)
contact = 11 1 11 10 (-0.818808,0.250021,5.13481) (0.989816,1.39674e-07,0.142351)
subcontact = (-0.855786,2.22906e-05,5.3818) 2923.38 (-23.0404,0.0399993,139.062) 48 -0.00280645 (7.44913e-05,-1.38235e-07,-0.00048142) 140324 6766.05 0.0208331
face centroid = (-0.817457,0.250021,5.13526)
subcontact = (-0.855786,0.500022,5.3818) 5845.6 (-46.0486,0.0799986,277.924) 47 -0.00280589 (7.44386e-05,-1.38235e-07,-0.000481075) 140296 6761.19 0.0416661
face centroid = (-0.817457,0.250021,5.13526)
subcontact = (-0.782036,0.50002,4.88726) 295.595 (-24.0529,-0.0622738,145.464) 46 -0.000283769 (7.78356e-05,2.15224e-07,-0.000503572) 14188.7 7077.19 0.0208331
face centroid = (-0.817457,0.250021,5.13526)
subcontact = (-0.782036,2.03906e-05,4.88727) 592.353 (-48.1381,-0.124548,291.128) 45 -0.000284327 (7.78883e-05,2.15224e-07,-0.000503917) 14216.7 7082.04 0.0416661
face centroid = (-0.817457,0.250021,5.13526)
subcontact = (-0.78183,2.01782e-05,4.88782) 297.144 (-24.0683,-0.0622192,145.559) 44 -0.000285257 (7.78858e-05,2.15032e-07,-0.0005039) 14262.9 7081.7 0.0208333
face centroid = (-0.818911,0.250021,5.13453)
subcontact = (-0.78183,0.50002,4.88782) 593.124 (-48.1043,-0.124438,290.918) 43 -0.000284698 (7.78331e-05,2.15032e-07,-0.000503555) 14235 7076.85 0.0416667
face centroid = (-0.818911,0.250021,5.13453)
subcontact = (-0.853084,0.500022,5.38271) 2923.76 (-23.0235,0.0400561,138.957) 42 -0.00280682 (7.44361e-05,-1.38431e-07,-0.000481058) 140341 6760.86 0.0208333
face centroid = (-0.818911,0.250021,5.13453)
subcontact = (-0.853084,2.24314e-05,5.38271) 5848.69 (-46.0793,0.0801121,278.113) 41 -0.00280738 (7.44888e-05,-1.38431e-07,-0.000481403) 140369 6765.71 0.0416667
face centroid = (-0.818911,0.250021,5.13453)
contact = 12 1 12 11 (-1.62079,0.25002,4.95482) (0.956188,5.51323e-07,0.292752)
subcontact = (-1.69504,2.08165e-05,5.19308) 2383.05 (-77.478,0.0179498,233.873) 40 -0.00228773 (0.000258534,-6.20264e-08,-0.000811269) 114387 11825.9 0.0208332
face centroid = (-1.61982,0.25002,4.95558)
subcontact = (-1.69504,0.500021,5.19308) 4765.08 (-154.919,0.0358994,467.636) 39 -0.00228724 (0.000258473,-6.2026e-08,-0.000811078) 114362 11823.1 0.0416665
face centroid = (-1.61982,0.25002,4.95558)
subcontact = (-1.54725,0.500019,4.71542) 1063.87 (-78.9156,-0.0416664,238.294) 38 -0.00102132 (0.00026337,1.44011e-07,-0.000826593) 51066.2 12049.1 0.0208332
face centroid = (-1.61982,0.25002,4.95558)
subcontact = (-1.54725,1.87101e-05,4.71542) 2128.77 (-157.868,-0.0833326,476.699) 37 -0.00102181 (0.000263432,1.4401e-07,-0.000826784) 51090.6 12051.9 0.0416665
face centroid = (-1.61982,0.25002,4.95558)
subcontact = (-1.54653,1.85705e-05,4.71657) 1064.95 (-78.9322,-0.0416217,238.344) 36 -0.00102236 (0.000263426,1.43854e-07,-0.000826766) 51117.8 12051.6 0.0208333
face centroid = (-1.62114,0.25002,4.95425)
subcontact = (-1.54653,0.500019,4.71656) 2128.89 (-157.828,-0.0832435,476.578) 35 -0.00102187 (0.000263365,1.43854e-07,-0.000826575) 51093.3 12048.8 0.0416667
face centroid = (-1.62114,0.25002,4.95425)
subcontact = (-1.69312,0.500021,5.19459) 2383.11 (-77.4579,0.0179952,233.812) 34 -0.00228779 (0.000258467,-6.2184e-08,-0.00081106) 114389 11822.8 0.0208333
face centroid = (-1.62114,0.25002,4.95425)
subcontact = (-1.69312,2.0883e-05,5.1946) 4767.23 (-154.952,0.0359906,467.735) 33 -0.00228828 (0.000258528,-6.21843e-08,-0.000811252) 114414 11825.6 0.0416667
face centroid = (-1.62114,0.25002,4.95425)
contact = 13 1 13 12 (-2.3856,0.250017,4.65384) (0.897958,1.50823e-06,0.440081)
subcontact = (-2.49585,1.78381e-05,4.87761) 1623.16 (-139.563,-0.0034652,272.179) 32 -0.00155824 (0.000473793,1.19983e-08,-0.000944988) 77911.9 14682 0.0208333
face centroid = (-2.3849,0.250017,4.65478)
subcontact = (-2.49585,0.500018,4.87761) 3245.53 (-279.107,-0.00693081,544.322) 31 -0.00155786 (0.000473761,1.1999e-08,-0.000944925) 77892.9 14681 0.0416666
face centroid = (-2.3849,0.250017,4.65478)
subcontact = (-2.27629,0.500016,4.4284) 2185.97 (-139.53,-0.0240613,272.084) 30 -0.00209854 (0.00047366,8.31771e-08,-0.00094467) 104927 14677.2 0.0208333
face centroid = (-2.3849,0.250017,4.65478)
subcontact = (-2.27629,1.58024e-05,4.4284) 4372.74 (-279.079,-0.0481222,544.205) 29 -0.00209892 (0.000473692,8.31764e-08,-0.000944734) 104946 14678.2 0.0416666
face centroid = (-2.3849,0.250017,4.65478)
subcontact = (-2.27488,1.57239e-05,4.4303) 2184.93 (-139.54,-0.024059,272.104) 28 -0.00209754 (0.000473694,8.31697e-08,-0.000944738) 104877 14678.3 0.0208333
face centroid = (-2.38607,0.250017,4.65301)
subcontact = (-2.27488,0.500016,4.43029) 4369.07 (-279.061,-0.0481182,544.171) 27 -0.00209716 (0.000473662,8.317e-08,-0.000944675) 104858 14677.3 0.0416667
face centroid = (-2.38607,0.250017,4.65301)
subcontact = (-2.49493,0.500018,4.87927) 1621.32 (-139.554,-0.00346363,272.162) 26 -0.00155647 (0.000473763,1.19926e-08,-0.000944929) 77823.5 14681.1 0.0208333
face centroid = (-2.38607,0.250017,4.65301)
subcontact = (-2.49493,1.78308e-05,4.87927) 3243.44 (-279.127,-0.00692704,544.361) 25 -0.00155686 (0.000473795,1.19922e-08,-0.000944992) 77842.6 14682.1 0.0416667
face centroid = (-2.38607,0.250017,4.65301)
contact = 14 1 14 13 (-3.23698,0.500013,4.44166) (0.81805,5.72234e-06,0.575147)
subcontact = (-3.23771,1.3563e-05,4.43981) 819.869 (-184.088,-0.0250919,249.332) 24 -0.000787072 (0.000626157,8.66439e-08,-0.000868999) 39353.7 14876.5 0.0208333
face centroid = (-3.09287,0.250013,4.23737)
subcontact = (-3.23771,0.500014,4.43981) 1639.22 (-368.177,-0.0501808,498.67) 23 -0.000786825 (0.000626161,8.66386e-08,-0.000869009) 39341.3 14876.6 0.0416667
face centroid = (-3.09287,0.250013,4.23737)
subcontact = (-2.95014,0.500012,4.03079) 3468.82 (-180.864,-0.0211885,244.882) 22 -0.00333008 (0.000615125,7.31568e-08,-0.000853542) 166503 14612.7 0.0208333
face centroid = (-3.09287,0.250013,4.23737)
subcontact = (-2.95014,1.18441e-05,4.03079) 6938.15 (-361.726,-0.0423801,489.758) 21 -0.00333032 (0.000615121,7.31621e-08,-0.000853532) 166516 14612.6 0.0416667
face centroid = (-3.09287,0.250013,4.23737)
subcontact = (-2.94805,1.17812e-05,4.0336) 3465 (-180.869,-0.021213,244.887) 20 -0.0033264 (0.000615141,7.32351e-08,-0.00085356) 166322 14613.3 0.0208331
face centroid = (-3.09393,0.250013,4.2353)
subcontact = (-2.94805,0.500012,4.03359) 6929.48 (-361.74,-0.0424226,489.781) 19 -0.00332615 (0.000615145,7.32293e-08,-0.00085357) 166310 14613.4 0.0416661
face centroid = (-3.09393,0.250013,4.2353)
subcontact = (-3.2377,0.500013,4.44115) 815.512 (-184.094,-0.0251095,249.343) 18 -0.000782893 (0.000626182,8.67049e-08,-0.000869037) 39145.1 14877.3 0.0208331
face centroid = (-3.09393,0.250013,4.2353)
subcontact = (-3.2377,1.34779e-05,4.44115) 1631.54 (-368.188,-0.0502224,498.68) 17 -0.00078314 (0.000626177,8.67107e-08,-0.000869027) 39157.4 14877.2 0.0416661
face centroid = (-3.09393,0.250013,4.2353)
contact = 15 7 15 14 (-3.71231,0.25,3.71231) (0.707107,0,0.707107)
contact = 16 1 16 15 (-4.06415,2.09942e-06,2.94115) (0.596206,6.50739e-06,0.802831)
subcontact = (-4.46712,2.80929e-06,3.23716) 0 (0,0,0) 16 0.00326511 (0.000321621,8.44449e-07,-0.000235125) 0 0 0.0208333
face centroid = (-4.26618,0.250002,3.08914)
subcontact = (-4.46712,0.500003,3.23716) 0 (0,0,0) 15 0.00326224 (0.000322127,8.4444e-07,-0.000235508) 0 0 0.0416667
face centroid = (-4.26618,0.250002,3.08914)
subcontact = (-4.06571,0.500002,2.93905) 5440.54 (-100.325,-0.0569711,72.3376) 14 -0.00522294 (0.000344891,1.96945e-07,-0.000252384) 261146 5936.83 0.0208333
face centroid = (-4.26618,0.250002,3.08914)
subcontact = (-4.0657,2.08244e-06,2.93906) 10875.1 (-200.358,-0.113947,144.451) 13 -0.00522006 (0.000344385,1.96954e-07,-0.000252001) 261002 5928.03 0.0416667
face centroid = (-4.26618,0.250002,3.08914)
subcontact = (-4.06297,1.88542e-06,2.94352) 5429.21 (-100.17,-0.0573446,72.219) 12 -0.00521211 (0.000344359,1.98244e-07,-0.000251982) 260640 5928.34 0.0208303
face centroid = (-4.26641,0.250002,3.08811)
subcontact = (-4.06297,0.500002,2.94352) 10864.4 (-200.631,-0.114684,144.662) 11 -0.00521498 (0.000344865,1.98234e-07,-0.000252364) 260783 5937.15 0.0416607
face centroid = (-4.26641,0.250002,3.08811)
subcontact = (-4.46939,0.500002,3.23477) 0 (0,0,0) 10 0.00326982 (0.000322103,8.4557e-07,-0.00023549) 0 0 0.0208303
face centroid = (-4.26641,0.250002,3.08811)
subcontact = (-4.46939,1.96664e-06,3.23477) 0 (0,0,0) 9 0.0032727 (0.000321597,8.4558e-07,-0.000235107) 0 0 0.0416607
face centroid = (-4.26641,0.250002,3.08811)
contact = 17 7 17 16 (-4.67778,0.25,2.38345) (0.45399,0,0.891007)
contact = 18 7 18 17 (-4.99305,0.25,1.62234) (0.309017,0,0.951057)
contact = 19 1 19 18 (-5.18752,0.25,0.819077) (0.156434,0,0.987688)
subcontact = (-5.43659,-1.22269e-08,0.855981) 5241.37 (1015.69,0.00346596,-163.541) 8 -0.00503172 (-0.00351093,-1.19802e-08,0.000560695) 251591 49381.9 0.0208329
face centroid = (-5.18536,0.25,0.821281)
subcontact = (-5.43659,0.5,0.855981) 10483.5 (2031.43,0.00693199,-327.09) 7 -0.0050321 (-0.00351103,-1.19803e-08,0.000560709) 251610 49383.3 0.0416658
face centroid = (-5.18536,0.25,0.821281)
subcontact = (-4.94224,0.5,0.780986) 1844.96 (1019.02,-0.0249485,-164.07) 6 -0.00177116 (-0.00352245,8.62244e-08,0.00056252) 88560.1 49543.9 0.0208329
face centroid = (-5.18536,0.25,0.821281)
subcontact = (-4.94224,8.64485e-08,0.780986) 3689.15 (2037.98,-0.0498971,-328.131) 5 -0.00177079 (-0.00352235,8.62245e-08,0.000562506) 88541.4 49542.6 0.0416658
face centroid = (-5.18536,0.25,0.821281)
subcontact = (-4.93844,0,0.782172) 1824.01 (1019.01,-0.0252572,-164.069) 4 -0.00175106 (-0.00352242,8.72851e-08,0.000562517) 87552.7 49542.6 0.0208333
face centroid = (-5.18942,0.25,0.818484)
subcontact = (-4.93844,0.5,0.782172) 3648.81 (2038.08,-0.0505144,-328.146) 3 -0.00175143 (-0.00352252,8.72849e-08,0.000562531) 87571.4 49543.9 0.0416667
face centroid = (-5.18942,0.25,0.818484)
subcontact = (-5.43229,0.5,0.86039) 5221.23 (1015.74,0.00315982,-163.549) 2 -0.00501238 (-0.0035111,-1.09242e-08,0.00056072) 250619 49383.3 0.0208333
face centroid = (-5.18942,0.25,0.818484)
subcontact = (-5.43229,0,0.86039) 10441.7 (2031.42,0.00631953,-327.089) 1 -0.00501201 (-0.003511,-1.0924e-08,0.000560706) 250600 49381.9 0.0416667
face centroid = (-5.18942,0.25,0.818484)
3dec>log off
**********************************************
* Logging ended at Wed Mar 13 14:41:10 2024
**********************************************
**********************************************
* Logging started at Wed Mar 13 14:42:07 2024
* By 3dec Version 7.00 Release 159
* 
* 
* Job Title: 
**********************************************
3dec>log-file 'Displacement_step_1_distance_0.001m.txt'
**********************************************
* Logging ended at Wed Mar 13 14:42:07 2024
**********************************************
**********************************************
* Logging started at Wed Mar 13 14:42:07 2024
* By 3dec Version 7.00 Release 159
* 
* 
* Job Title: 
**********************************************
3dec>@contacts_output
contact = 1 1 1 0 (5.31089,0.250006,0.839969) (0.149411,-4.6716e-07,-0.988775)
subcontact = (5.43229,0,0.86092) 5369.93 (1042.66,0.180052,169.219) 112 -0.00515515 (-0.00360661,-6.22271e-07,-0.000565143) 257763 50704 0.0208328
face centroid = (5.1895,0.25,0.819018)
subcontact = (5.43229,0.5,0.86092) 10740.3 (2084.58,0.360103,338.308) 111 -0.00515538 (-0.00360533,-6.22268e-07,-0.000564933) 257775 50685.9 0.0416656
face centroid = (5.1895,0.25,0.819018)
subcontact = (4.93844,0.5,0.782702) 1668.6 (1042.53,-0.198956,169.193) 110 -0.00160184 (-0.00360615,6.87562e-07,-0.000565062) 80094.7 50697.5 0.0208328
face centroid = (5.1895,0.25,0.819018)
subcontact = (4.93844,0,0.782702) 3336.71 (2085.8,-0.397911,338.516) 109 -0.00160161 (-0.00360744,6.8756e-07,-0.000565272) 80083.1 50715.6 0.0416656
face centroid = (5.1895,0.25,0.819018)
subcontact = (4.94231,-6.8593e-07,0.781666) 1689.95 (1042.9,-0.19848,169.258) 108 -0.00162236 (-0.00360744,6.85929e-07,-0.000565272) 81117.7 50714.4 0.0208333
face centroid = (5.18536,0.25,0.821811)
subcontact = (4.9423,0.499999,0.781665) 3380.36 (2085.06,-0.396961,338.386) 107 -0.00162258 (-0.00360615,6.85931e-07,-0.000565062) 81128.6 50696.3 0.0416667
face centroid = (5.18536,0.25,0.821811)
subcontact = (5.43669,0.500001,0.856371) 5391.81 (1042.29,0.180515,169.154) 106 -0.00517614 (-0.00360532,-6.23879e-07,-0.000564932) 258807 50684.7 0.0208333
face centroid = (5.18536,0.25,0.821811)
subcontact = (5.43669,6.23882e-07,0.856371) 10783.2 (2085.33,0.361031,338.439) 105 -0.00517592 (-0.00360661,-6.23881e-07,-0.000565143) 258796 50702.8 0.0416667
face centroid = (5.18536,0.25,0.821811)
contact = 2 7 2 1 (4.99305,0.25,1.62234) (0.309017,0,-0.951057)
contact = 3 7 3 2 (4.67778,0.25,2.38345) (0.45399,0,-0.891007)
contact = 4 1 4 3 (4.26757,0.250009,3.09013) (0.590624,-0.00170896,-0.806945)
subcontact = (4.47089,2.19985e-07,3.23572) 110.865 (-31.9119,2.21217,-22.1569) 104 -0.000106405 (0.00010929,-7.64527e-06,7.79263e-05) 5321.82 1867.91 0.0208321
face centroid = (4.26901,0.250015,3.08803)
subcontact = (4.47089,0.5,3.23572) 221.37 (-58.6012,4.42418,-40.4913) 103 -0.000106232 (0.000100265,-7.64499e-06,7.13209e-05) 5313.18 1712.9 0.0416643
face centroid = (4.26901,0.250015,3.08803)
subcontact = (4.0643,0.499999,2.94471) 5313.82 (-34.3943,7.03949,-23.9919) 102 -0.00510131 (0.000117876,-2.43288e-05,8.42597e-05) 255078 2041.18 0.0208321
face centroid = (4.26901,0.250015,3.08803)
subcontact = (4.0643,-1.05311e-06,2.94471) 10628 (-74.0112,14.0791,-51.8063) 101 -0.00510149 (0.000126901,-2.43291e-05,9.08651e-05) 255087 2194.49 0.0416643
face centroid = (4.26901,0.250015,3.08803)
subcontact = (4.06718,1.95905e-05,2.9405) 5318.18 (-37.0063,7.04385,-25.9037) 100 -0.00510546 (0.000126913,-2.43436e-05,9.08737e-05) 255273 2194.44 0.0208333
face centroid = (4.26759,0.25,3.09022)
subcontact = (4.06719,0.50002,2.94051) 10635.9 (-68.7898,14.0874,-47.9847) 99 -0.00510525 (0.000117888,-2.43431e-05,8.4268e-05) 255262 2041.14 0.0416666
face centroid = (4.26759,0.25,3.09022)
subcontact = (4.47085,0.50001,3.23556) 114.69 (-29.3009,2.21614,-20.2458) 98 -0.000110102 (0.000100276,-7.65898e-06,7.13289e-05) 5505.14 1712.83 0.0208333
face centroid = (4.26759,0.25,3.09022)
subcontact = (4.47084,9.67596e-06,3.23556) 229.833 (-63.8246,4.43254,-44.3144) 97 -0.000110319 (0.000109301,-7.65945e-06,7.79345e-05) 5516.01 1867.84 0.0416666
face centroid = (4.26759,0.25,3.09022)
contact = 5 1 5 4 (3.90637,1.28194e-05,3.89089) (0.71499,-1.07237e-06,-0.699135)
subcontact = (3.90844,1.00416e-05,3.89021) 243.533 (-117.041,0.527993,-116.392) 96 -0.000233778 (0.00066822,-2.77045e-06,0.000673255) 11690 7923.32 0.0208326
face centroid = (3.73316,0.250015,3.71061)
subcontact = (3.90845,0.50001,3.89021) 485.948 (-233.237,1.05167,-231.982) 95 -0.000233242 (0.000671472,-2.77051e-06,0.000676569) 11663.2 7895.37 0.0416652
face centroid = (3.73316,0.250015,3.71061)
subcontact = (3.55592,0.50002,3.53564) 4580.54 (-195.584,-0.545162,-194.189) 94 -0.00439735 (0.000670966,1.88406e-06,0.000676108) 219874 13229.9 0.0208326
face centroid = (3.73316,0.250015,3.71061)
subcontact = (3.55591,1.99228e-05,3.53564) 9162.2 (-389.282,-1.09036,-386.465) 93 -0.00439788 (0.000667713,1.88412e-06,0.000672795) 219900 13165.4 0.0416652
face centroid = (3.73316,0.250015,3.71061)
subcontact = (3.55837,1.80495e-05,3.53186) 4587.22 (-194.642,-0.54718,-193.234) 92 -0.00440374 (0.000667714,1.891e-06,0.000672796) 220187 13165.1 0.0208333
face centroid = (3.73218,0.250015,3.71292)
subcontact = (3.55837,0.500018,3.53187) 9173.35 (-391.17,-1.09433,-388.382) 91 -0.00440321 (0.000670967,1.89096e-06,0.000676109) 220160 13229.5 0.0416667
face centroid = (3.73218,0.250015,3.71292)
subcontact = (3.90794,0.500013,3.88936) 249.033 (-119.655,0.531199,-118.992) 90 -0.000239073 (0.000671473,-2.76372e-06,0.00067657) 11953.6 8100.01 0.0208333
face centroid = (3.73218,0.250015,3.71292)
subcontact = (3.90794,1.2817e-05,3.88936) 499.163 (-240.144,1.06674,-238.774) 89 -0.000239599 (0.000668221,-2.76368e-06,0.000673256) 11979.9 8127.58 0.0416667
face centroid = (3.73218,0.250015,3.71292)
contact = 6 1 6 5 (3.24414,1.49943e-05,4.44206) (0.818391,-1.68971e-06,-0.574662)
subcontact = (3.24543,1.44483e-05,4.44247) 856.811 (-181.073,0.1644,-246.463) 88 -0.00082254 (0.000616632,-5.68338e-07,0.000858446) 41127.4 14680 0.0208331
face centroid = (3.10181,0.250017,4.23652)
subcontact = (3.24543,0.500014,4.44247) 1712.53 (-362.533,0.328798,-493.444) 87 -0.000822016 (0.000617286,-5.68336e-07,0.000859351) 41101.2 14695.5 0.0416662
face centroid = (3.10181,0.250017,4.23652)
subcontact = (2.95609,0.50002,4.0347) 3416.52 (-179.971,-0.178609,-244.918) 86 -0.00327987 (0.000612843,6.17104e-07,0.000853093) 163995 14588.9 0.0208331
face centroid = (3.10181,0.250017,4.23652)
subcontact = (2.95609,1.95325e-05,4.03469) 6834.13 (-359.556,-0.357217,-489.318) 85 -0.00328039 (0.000612188,6.17102e-07,0.000852189) 164021 14573.4 0.0416662
face centroid = (3.10181,0.250017,4.23652)
subcontact = (2.95815,1.89594e-05,4.03192) 3421.76 (-179.775,-0.178923,-244.656) 84 -0.0032849 (0.00061218,6.18198e-07,0.000852177) 164245 14573 0.0208333
face centroid = (3.10076,0.250017,4.23858)
subcontact = (2.95815,0.500019,4.03192) 6842.44 (-359.937,-0.357846,-489.829) 83 -0.00328438 (0.000612834,6.182e-07,0.000853081) 164219 14588.5 0.0416667
face centroid = (3.10076,0.250017,4.23858)
subcontact = (3.24548,0.500015,4.44112) 860.969 (-181.264,0.164085,-246.718) 82 -0.00082653 (0.000617278,-5.6724e-07,0.000859339) 41326.5 14695.1 0.0208333
face centroid = (3.10076,0.250017,4.23858)
subcontact = (3.24548,1.49915e-05,4.44112) 1723.02 (-362.141,0.328171,-492.919) 81 -0.000827049 (0.000616623,-5.67242e-07,0.000858434) 41352.4 14679.6 0.0416667
face centroid = (3.10076,0.250017,4.23858)
contact = 7 1 7 6 (2.39302,0.250019,4.65475) (0.898631,1.77649e-06,-0.438705)
subcontact = (2.50243,1.69827e-05,4.88013) 1656.09 (-138.986,0.130244,-270.028) 80 -0.00158985 (0.000470428,-4.50125e-07,0.000938265) 79492.4 14577.5 0.0208333
face centroid = (2.39371,0.250019,4.65381)
subcontact = (2.50243,0.500017,4.88014) 3311.01 (-278.24,0.260489,-540.569) 79 -0.00158929 (0.000470878,-4.50127e-07,0.000939158) 79464.4 14591.4 0.0416666
face centroid = (2.39371,0.250019,4.65381)
subcontact = (2.28265,0.500021,4.43103) 2146.64 (-140.041,-0.15851,-272.062) 78 -0.00206078 (0.000473988,5.47814e-07,0.00094534) 103039 14687.5 0.0208333
face centroid = (2.39371,0.250019,4.65381)
subcontact = (2.28265,2.07696e-05,4.43103) 4294.45 (-279.815,-0.317021,-543.612) 77 -0.00206134 (0.000473538,5.47816e-07,0.000944447) 103067 14673.6 0.0416666
face centroid = (2.39371,0.250019,4.65381)
subcontact = (2.28403,2.02247e-05,4.42915) 2149.26 (-139.908,-0.158757,-271.808) 76 -0.0020633 (0.000473541,5.48664e-07,0.000944453) 103165 14673.7 0.0208333
face centroid = (2.39254,0.250019,4.65558)
subcontact = (2.28403,0.50002,4.42915) 4297.37 (-280.084,-0.317512,-544.129) 75 -0.00206274 (0.000473991,5.48661e-07,0.000945346) 103137 14687.6 0.0416667
face centroid = (2.39254,0.250019,4.65558)
subcontact = (2.50339,0.500017,4.87847) 1657.55 (-139.121,0.13,-270.286) 74 -0.00159125 (0.000470881,-4.49283e-07,0.000939163) 79562.3 14591.5 0.0208333
face centroid = (2.39254,0.250019,4.65558)
subcontact = (2.50338,1.74345e-05,4.87846) 3316.26 (-277.974,0.26,-540.059) 73 -0.00159181 (0.000470431,-4.4928e-07,0.000938271) 79590.2 14577.6 0.0416667
face centroid = (2.39254,0.250019,4.65558)
contact = 8 1 8 7 (1.62767,0.250021,4.95548) (0.955417,2.48082e-07,-0.295259)
subcontact = (1.70051,1.93548e-05,5.19508) 2406.52 (-73.7684,0.108024,-224.834) 72 -0.00231026 (0.000248204,-3.73335e-07,0.000779185) 115513 11358.1 0.0208333
face centroid = (1.62865,0.250021,4.95473)
subcontact = (1.70051,0.500019,5.19508) 4811.82 (-147.689,0.216049,-450.124) 71 -0.00230968 (0.000248458,-3.73338e-07,0.000779977) 115484 11369.6 0.0416665
face centroid = (1.62865,0.250021,4.95473)
subcontact = (1.55414,0.500022,4.71699) 1036.69 (-75.8628,-0.130477,-231.248) 70 -0.000995228 (0.000255267,4.50925e-07,0.000801411) 49761.5 11682 0.0208333
face centroid = (1.62865,0.250021,4.95473)
subcontact = (1.55414,2.19704e-05,4.71698) 2074.61 (-151.574,-0.260955,-462.04) 69 -0.000995814 (0.000255013,4.50928e-07,0.000800619) 49790.8 11670.5 0.0416665
face centroid = (1.62865,0.250021,4.95473)
subcontact = (1.55484,2.15196e-05,4.71588) 1037.29 (-75.7892,-0.130634,-231.027) 68 -0.000995798 (0.000255019,4.51461e-07,0.000800641) 49789.9 11670.8 0.0208333
face centroid = (1.62733,0.250021,4.95603)
subcontact = (1.55484,0.500022,4.71588) 2073.36 (-151.73,-0.261266,-462.511) 67 -0.000995212 (0.000255273,4.51459e-07,0.000801433) 49760.6 11682.3 0.0416667
face centroid = (1.62733,0.250021,4.95603)
subcontact = (1.70247,0.50002,5.19359) 2405.9 (-73.8465,0.10787,-225.069) 66 -0.00230966 (0.000248465,-3.72807e-07,0.000779998) 115483 11370 0.0208333
face centroid = (1.62733,0.250021,4.95603)
subcontact = (1.70246,1.9728e-05,5.19359) 4813.02 (-147.541,0.215739,-449.681) 65 -0.00231025 (0.000248211,-3.72805e-07,0.000779206) 115512 11358.4 0.0416667
face centroid = (1.62733,0.250021,4.95603)
contact = 9 1 9 8 (0.824996,0.250022,5.13518) (0.989024,3.17513e-07,-0.147753)
subcontact = (0.860439,2.12229e-05,5.38292) 2936.15 (-22.6916,0.156967,-140.283) 64 -0.00281872 (7.54937e-05,-5.42486e-07,0.000485277) 140938 6821.23 0.020833
face centroid = (0.826351,0.250022,5.13472)
subcontact = (0.86044,0.500021,5.38292) 5871.05 (-45.5102,0.313937,-281.342) 63 -0.00281811 (7.57038e-05,-5.42493e-07,0.000486619) 140907 6840.1 0.041666
face centroid = (0.826351,0.250022,5.13472)
subcontact = (0.789362,0.500023,4.888) 281.433 (-19.0556,-0.179574,-118.541) 62 -0.000270172 (8.02642e-05,8.06843e-07,0.000516088) 13509 5763.12 0.020833
face centroid = (0.826351,0.250022,5.13472)
subcontact = (0.789361,2.28785e-05,4.888) 564.119 (-38.1579,-0.360496,-237.358) 61 -0.000270774 (8.00541e-05,8.0685e-07,0.000514746) 13539.1 5769.82 0.041666
face centroid = (0.826351,0.250022,5.13472)
subcontact = (0.789552,2.20699e-05,4.88744) 281.584 (-18.9998,-0.179757,-118.2) 60 -0.00027032 (8.00569e-05,8.07469e-07,0.000514764) 13516.1 5746.45 0.0208333
face centroid = (0.824901,0.250022,5.13546)
subcontact = (0.789552,0.500022,4.88744) 561.915 (-37.9526,-0.358151,-236.123) 59 -0.000269718 (8.0267e-05,8.07464e-07,0.000516107) 13486 5739.7 0.0416667
face centroid = (0.824901,0.250022,5.13546)
subcontact = (0.863151,0.500022,5.382) 2935.07 (-22.7562,0.156796,-140.678) 58 -0.00281767 (7.57066e-05,-5.41885e-07,0.000486637) 140884 6840.32 0.0208333
face centroid = (0.824901,0.250022,5.13546)
subcontact = (0.863151,2.17638e-05,5.382) 5871.4 (-45.3853,0.313589,-280.58) 57 -0.00281827 (7.54965e-05,-5.4188e-07,0.000485295) 140914 6821.45 0.0416667
face centroid = (0.824901,0.250022,5.13546)
contact = 10 1 10 9 (0.00309456,0.250022,5.3167) (0.999989,9.17784e-08,-0.00462899)
subcontact = (0.00216583,2.24747e-05,5.44167) 3139.07 (-0.106568,-0.0221715,19.1949) 56 -0.00301352 (3.06497e-08,7.66272e-08,-6.63297e-05) 150690 921.458 0.0208313
face centroid = (0.00292045,0.250021,5.19174)
subcontact = (0.00216626,0.500022,5.44167) 6277.44 (-0.215627,-0.0443368,37.141) 55 -0.00301318 (3.77964e-08,7.66165e-08,-6.41718e-05) 150673 891.486 0.0416626
face centroid = (0.00292045,0.250021,5.19174)
subcontact = (0.00683888,0.500023,4.94169) 0 (0,0,0) 54 0.0061793 (1.88828e-07,2.22796e-06,-3.11358e-05) 0 0 0.0208313
face centroid = (0.00292045,0.250021,5.19174)
subcontact = (0.00683845,2.27161e-05,4.94169) 0 (0,0,0) 53 0.00617896 (1.81681e-07,2.22797e-06,-3.32937e-05) 0 0 0.0416626
face centroid = (0.00292045,0.250021,5.19174)
subcontact = (0.000660376,2.04884e-05,4.94175) 0 (0,0,0) 52 0.00617677 (1.8164e-07,2.22717e-06,-3.33029e-05) 0 0 0.0208331
face centroid = (0.00450235,0.250023,5.19168)
subcontact = (0.000660447,0.50002,4.94175) 0 (0,0,0) 51 0.00617714 (1.88787e-07,2.22717e-06,-3.11449e-05) 0 0 0.0416663
face centroid = (0.00450235,0.250023,5.19168)
subcontact = (0.00518052,0.500022,5.44173) 3141.31 (-0.10781,-0.0219331,18.5717) 50 -0.00301566 (3.77479e-08,7.58002e-08,-6.41827e-05) 150784 891.467 0.0208331
face centroid = (0.00450235,0.250023,5.19168)
subcontact = (0.00518045,2.23982e-05,5.44173) 6283.38 (-0.213129,-0.0438698,38.3923) 49 -0.00301603 (3.06005e-08,7.58066e-08,-6.63407e-05) 150803 921.439 0.0416663
face centroid = (0.00450235,0.250023,5.19168)
contact = 11 1 11 10 (-0.818808,0.250021,5.13481) (0.989816,1.39674e-07,0.142351)
subcontact = (-0.855786,2.22906e-05,5.3818) 2923.38 (-23.0404,0.0399993,139.062) 48 -0.00280645 (7.44913e-05,-1.38235e-07,-0.00048142) 140324 6766.05 0.0208331
face centroid = (-0.817457,0.250021,5.13526)
subcontact = (-0.855786,0.500022,5.3818) 5845.6 (-46.0486,0.0799986,277.924) 47 -0.00280589 (7.44386e-05,-1.38235e-07,-0.000481075) 140296 6761.19 0.0416661
face centroid = (-0.817457,0.250021,5.13526)
subcontact = (-0.782036,0.50002,4.88726) 295.595 (-24.0529,-0.0622738,145.464) 46 -0.000283769 (7.78356e-05,2.15224e-07,-0.000503572) 14188.7 7077.19 0.0208331
face centroid = (-0.817457,0.250021,5.13526)
subcontact = (-0.782036,2.03906e-05,4.88727) 592.353 (-48.1381,-0.124548,291.128) 45 -0.000284327 (7.78883e-05,2.15224e-07,-0.000503917) 14216.7 7082.04 0.0416661
face centroid = (-0.817457,0.250021,5.13526)
subcontact = (-0.78183,2.01782e-05,4.88782) 297.144 (-24.0683,-0.0622192,145.559) 44 -0.000285257 (7.78858e-05,2.15032e-07,-0.0005039) 14262.9 7081.7 0.0208333
face centroid = (-0.818911,0.250021,5.13453)
subcontact = (-0.78183,0.50002,4.88782) 593.124 (-48.1043,-0.124438,290.918) 43 -0.000284698 (7.78331e-05,2.15032e-07,-0.000503555) 14235 7076.85 0.0416667
face centroid = (-0.818911,0.250021,5.13453)
subcontact = (-0.853084,0.500022,5.38271) 2923.76 (-23.0235,0.0400561,138.957) 42 -0.00280682 (7.44361e-05,-1.38431e-07,-0.000481058) 140341 6760.86 0.0208333
face centroid = (-0.818911,0.250021,5.13453)
subcontact = (-0.853084,2.24314e-05,5.38271) 5848.69 (-46.0793,0.0801121,278.113) 41 -0.00280738 (7.44888e-05,-1.38431e-07,-0.000481403) 140369 6765.71 0.0416667
face centroid = (-0.818911,0.250021,5.13453)
contact = 12 1 12 11 (-1.62079,0.25002,4.95482) (0.956188,5.51323e-07,0.292752)
subcontact = (-1.69504,2.08165e-05,5.19308) 2383.05 (-77.478,0.0179498,233.873) 40 -0.00228773 (0.000258534,-6.20264e-08,-0.000811269) 114387 11825.9 0.0208332
face centroid = (-1.61982,0.25002,4.95558)
subcontact = (-1.69504,0.500021,5.19308) 4765.08 (-154.919,0.0358994,467.636) 39 -0.00228724 (0.000258473,-6.2026e-08,-0.000811078) 114362 11823.1 0.0416665
face centroid = (-1.61982,0.25002,4.95558)
subcontact = (-1.54725,0.500019,4.71542) 1063.87 (-78.9156,-0.0416664,238.294) 38 -0.00102132 (0.00026337,1.44011e-07,-0.000826593) 51066.2 12049.1 0.0208332
face centroid = (-1.61982,0.25002,4.95558)
subcontact = (-1.54725,1.87101e-05,4.71542) 2128.77 (-157.868,-0.0833326,476.699) 37 -0.00102181 (0.000263432,1.4401e-07,-0.000826784) 51090.6 12051.9 0.0416665
face centroid = (-1.61982,0.25002,4.95558)
subcontact = (-1.54653,1.85705e-05,4.71657) 1064.95 (-78.9322,-0.0416217,238.344) 36 -0.00102236 (0.000263426,1.43854e-07,-0.000826766) 51117.8 12051.6 0.0208333
face centroid = (-1.62114,0.25002,4.95425)
subcontact = (-1.54653,0.500019,4.71656) 2128.89 (-157.828,-0.0832435,476.578) 35 -0.00102187 (0.000263365,1.43854e-07,-0.000826575) 51093.3 12048.8 0.0416667
face centroid = (-1.62114,0.25002,4.95425)
subcontact = (-1.69312,0.500021,5.19459) 2383.11 (-77.4579,0.0179952,233.812) 34 -0.00228779 (0.000258467,-6.2184e-08,-0.00081106) 114389 11822.8 0.0208333
face centroid = (-1.62114,0.25002,4.95425)
subcontact = (-1.69312,2.0883e-05,5.1946) 4767.23 (-154.952,0.0359906,467.735) 33 -0.00228828 (0.000258528,-6.21843e-08,-0.000811252) 114414 11825.6 0.0416667
face centroid = (-1.62114,0.25002,4.95425)
contact = 13 1 13 12 (-2.3856,0.250017,4.65384) (0.897958,1.50823e-06,0.440081)
subcontact = (-2.49585,1.78381e-05,4.87761) 1623.16 (-139.563,-0.0034652,272.179) 32 -0.00155824 (0.000473793,1.19983e-08,-0.000944988) 77911.9 14682 0.0208333
face centroid = (-2.3849,0.250017,4.65478)
subcontact = (-2.49585,0.500018,4.87761) 3245.53 (-279.107,-0.00693081,544.322) 31 -0.00155786 (0.000473761,1.1999e-08,-0.000944925) 77892.9 14681 0.0416666
face centroid = (-2.3849,0.250017,4.65478)
subcontact = (-2.27629,0.500016,4.4284) 2185.97 (-139.53,-0.0240613,272.084) 30 -0.00209854 (0.00047366,8.31771e-08,-0.00094467) 104927 14677.2 0.0208333
face centroid = (-2.3849,0.250017,4.65478)
subcontact = (-2.27629,1.58024e-05,4.4284) 4372.74 (-279.079,-0.0481222,544.205) 29 -0.00209892 (0.000473692,8.31764e-08,-0.000944734) 104946 14678.2 0.0416666
face centroid = (-2.3849,0.250017,4.65478)
subcontact = (-2.27488,1.57239e-05,4.4303) 2184.93 (-139.54,-0.024059,272.104) 28 -0.00209754 (0.000473694,8.31697e-08,-0.000944738) 104877 14678.3 0.0208333
face centroid = (-2.38607,0.250017,4.65301)
subcontact = (-2.27488,0.500016,4.43029) 4369.07 (-279.061,-0.0481182,544.171) 27 -0.00209716 (0.000473662,8.317e-08,-0.000944675) 104858 14677.3 0.0416667
face centroid = (-2.38607,0.250017,4.65301)
subcontact = (-2.49493,0.500018,4.87927) 1621.32 (-139.554,-0.00346363,272.162) 26 -0.00155647 (0.000473763,1.19926e-08,-0.000944929) 77823.5 14681.1 0.0208333
face centroid = (-2.38607,0.250017,4.65301)
subcontact = (-2.49493,1.78308e-05,4.87927) 3243.44 (-279.127,-0.00692704,544.361) 25 -0.00155686 (0.000473795,1.19922e-08,-0.000944992) 77842.6 14682.1 0.0416667
face centroid = (-2.38607,0.250017,4.65301)
contact = 14 1 14 13 (-3.23698,0.500013,4.44166) (0.81805,5.72234e-06,0.575147)
subcontact = (-3.23771,1.3563e-05,4.43981) 819.869 (-184.088,-0.0250919,249.332) 24 -0.000787072 (0.000626157,8.66439e-08,-0.000868999) 39353.7 14876.5 0.0208333
face centroid = (-3.09287,0.250013,4.23737)
subcontact = (-3.23771,0.500014,4.43981) 1639.22 (-368.177,-0.0501808,498.67) 23 -0.000786825 (0.000626161,8.66386e-08,-0.000869009) 39341.3 14876.6 0.0416667
face centroid = (-3.09287,0.250013,4.23737)
subcontact = (-2.95014,0.500012,4.03079) 3468.82 (-180.864,-0.0211885,244.882) 22 -0.00333008 (0.000615125,7.31568e-08,-0.000853542) 166503 14612.7 0.0208333
face centroid = (-3.09287,0.250013,4.23737)
subcontact = (-2.95014,1.18441e-05,4.03079) 6938.15 (-361.726,-0.0423801,489.758) 21 -0.00333032 (0.000615121,7.31621e-08,-0.000853532) 166516 14612.6 0.0416667
face centroid = (-3.09287,0.250013,4.23737)
subcontact = (-2.94805,1.17812e-05,4.0336) 3465 (-180.869,-0.021213,244.887) 20 -0.0033264 (0.000615141,7.32351e-08,-0.00085356) 166322 14613.3 0.0208331
face centroid = (-3.09393,0.250013,4.2353)
subcontact = (-2.94805,0.500012,4.03359) 6929.48 (-361.74,-0.0424226,489.781) 19 -0.00332615 (0.000615145,7.32293e-08,-0.00085357) 166310 14613.4 0.0416661
face centroid = (-3.09393,0.250013,4.2353)
subcontact = (-3.2377,0.500013,4.44115) 815.512 (-184.094,-0.0251095,249.343) 18 -0.000782893 (0.000626182,8.67049e-08,-0.000869037) 39145.1 14877.3 0.0208331
face centroid = (-3.09393,0.250013,4.2353)
subcontact = (-3.2377,1.34779e-05,4.44115) 1631.54 (-368.188,-0.0502224,498.68) 17 -0.00078314 (0.000626177,8.67107e-08,-0.000869027) 39157.4 14877.2 0.0416661
face centroid = (-3.09393,0.250013,4.2353)
contact = 15 7 15 14 (-3.71231,0.25,3.71231) (0.707107,0,0.707107)
contact = 16 1 16 15 (-4.06415,2.09942e-06,2.94115) (0.596206,6.50739e-06,0.802831)
subcontact = (-4.46712,2.80929e-06,3.23716) 0 (0,0,0) 16 0.00326511 (0.000321621,8.44449e-07,-0.000235125) 0 0 0.0208333
face centroid = (-4.26618,0.250002,3.08914)
subcontact = (-4.46712,0.500003,3.23716) 0 (0,0,0) 15 0.00326224 (0.000322127,8.4444e-07,-0.000235508) 0 0 0.0416667
face centroid = (-4.26618,0.250002,3.08914)
subcontact = (-4.06571,0.500002,2.93905) 5440.54 (-100.325,-0.0569711,72.3376) 14 -0.00522294 (0.000344891,1.96945e-07,-0.000252384) 261146 5936.83 0.0208333
face centroid = (-4.26618,0.250002,3.08914)
subcontact = (-4.0657,2.08244e-06,2.93906) 10875.1 (-200.358,-0.113947,144.451) 13 -0.00522006 (0.000344385,1.96954e-07,-0.000252001) 261002 5928.03 0.0416667
face centroid = (-4.26618,0.250002,3.08914)
subcontact = (-4.06297,1.88542e-06,2.94352) 5429.21 (-100.17,-0.0573446,72.219) 12 -0.00521211 (0.000344359,1.98244e-07,-0.000251982) 260640 5928.34 0.0208303
face centroid = (-4.26641,0.250002,3.08811)
subcontact = (-4.06297,0.500002,2.94352) 10864.4 (-200.631,-0.114684,144.662) 11 -0.00521498 (0.000344865,1.98234e-07,-0.000252364) 260783 5937.15 0.0416607
face centroid = (-4.26641,0.250002,3.08811)
subcontact = (-4.46939,0.500002,3.23477) 0 (0,0,0) 10 0.00326982 (0.000322103,8.4557e-07,-0.00023549) 0 0 0.0208303
face centroid = (-4.26641,0.250002,3.08811)
subcontact = (-4.46939,1.96664e-06,3.23477) 0 (0,0,0) 9 0.0032727 (0.000321597,8.4558e-07,-0.000235107) 0 0 0.0416607
face centroid = (-4.26641,0.250002,3.08811)
contact = 17 7 17 16 (-4.67778,0.25,2.38345) (0.45399,0,0.891007)
contact = 18 7 18 17 (-4.99305,0.25,1.62234) (0.309017,0,0.951057)
contact = 19 1 19 18 (-5.18752,0.25,0.819077) (0.156434,0,0.987688)
subcontact = (-5.43659,-1.22269e-08,0.855981) 5241.37 (1015.69,0.00346596,-163.541) 8 -0.00503172 (-0.00351093,-1.19802e-08,0.000560695) 251591 49381.9 0.0208329
face centroid = (-5.18536,0.25,0.821281)
subcontact = (-5.43659,0.5,0.855981) 10483.5 (2031.43,0.00693199,-327.09) 7 -0.0050321 (-0.00351103,-1.19803e-08,0.000560709) 251610 49383.3 0.0416658
face centroid = (-5.18536,0.25,0.821281)
subcontact = (-4.94224,0.5,0.780986) 1844.96 (1019.02,-0.0249485,-164.07) 6 -0.00177116 (-0.00352245,8.62244e-08,0.00056252) 88560.1 49543.9 0.0208329
face centroid = (-5.18536,0.25,0.821281)
subcontact = (-4.94224,8.64485e-08,0.780986) 3689.15 (2037.98,-0.0498971,-328.131) 5 -0.00177079 (-0.00352235,8.62245e-08,0.000562506) 88541.4 49542.6 0.0416658
face centroid = (-5.18536,0.25,0.821281)
subcontact = (-4.93844,0,0.782172) 1824.01 (1019.01,-0.0252572,-164.069) 4 -0.00175106 (-0.00352242,8.72851e-08,0.000562517) 87552.7 49542.6 0.0208333
face centroid = (-5.18942,0.25,0.818484)
subcontact = (-4.93844,0.5,0.782172) 3648.81 (2038.08,-0.0505144,-328.146) 3 -0.00175143 (-0.00352252,8.72849e-08,0.000562531) 87571.4 49543.9 0.0416667
face centroid = (-5.18942,0.25,0.818484)
subcontact = (-5.43229,0.5,0.86039) 5221.23 (1015.74,0.00315982,-163.549) 2 -0.00501238 (-0.0035111,-1.09242e-08,0.00056072) 250619 49383.3 0.0208333
face centroid = (-5.18942,0.25,0.818484)
subcontact = (-5.43229,0,0.86039) 10441.7 (2031.42,0.00631953,-327.089) 1 -0.00501201 (-0.003511,-1.0924e-08,0.000560706) 250600 49381.9 0.0416667
face centroid = (-5.18942,0.25,0.818484)
3dec>log off
**********************************************
* Logging ended at Wed Mar 13 14:42:07 2024
**********************************************
**********************************************
* Logging started at Wed Mar 13 14:42:41 2024
* By 3dec Version 7.00 Release 159
* 
* 
* Job Title: 
**********************************************
3dec>log-file 'Displacement_step_1_distance_0.001m.txt'
**********************************************
* Logging ended at Wed Mar 13 14:42:41 2024
**********************************************
**********************************************
* Logging started at Wed Mar 13 14:42:42 2024
* By 3dec Version 7.00 Release 159
* 
* 
* Job Title: 
**********************************************
3dec>@contacts_output
contact = 1 1 1 0 (5.31089,0.250006,0.839969) (0.149411,-4.6716e-07,-0.988775)
subcontact = (5.43229,0,0.86092) 5369.93 (1042.66,0.180052,169.219) 112 -0.00515515 (-0.00360661,-6.22271e-07,-0.000565143) 257763 50704 0.0208328
face centroid = (5.1895,0.25,0.819018)
subcontact = (5.43229,0.5,0.86092) 10740.3 (2084.58,0.360103,338.308) 111 -0.00515538 (-0.00360533,-6.22268e-07,-0.000564933) 257775 50685.9 0.0416656
face centroid = (5.1895,0.25,0.819018)
subcontact = (4.93844,0.5,0.782702) 1668.6 (1042.53,-0.198956,169.193) 110 -0.00160184 (-0.00360615,6.87562e-07,-0.000565062) 80094.7 50697.5 0.0208328
face centroid = (5.1895,0.25,0.819018)
subcontact = (4.93844,0,0.782702) 3336.71 (2085.8,-0.397911,338.516) 109 -0.00160161 (-0.00360744,6.8756e-07,-0.000565272) 80083.1 50715.6 0.0416656
face centroid = (5.1895,0.25,0.819018)
subcontact = (4.94231,-6.8593e-07,0.781666) 1689.95 (1042.9,-0.19848,169.258) 108 -0.00162236 (-0.00360744,6.85929e-07,-0.000565272) 81117.7 50714.4 0.0208333
face centroid = (5.18536,0.25,0.821811)
subcontact = (4.9423,0.499999,0.781665) 3380.36 (2085.06,-0.396961,338.386) 107 -0.00162258 (-0.00360615,6.85931e-07,-0.000565062) 81128.6 50696.3 0.0416667
face centroid = (5.18536,0.25,0.821811)
subcontact = (5.43669,0.500001,0.856371) 5391.81 (1042.29,0.180515,169.154) 106 -0.00517614 (-0.00360532,-6.23879e-07,-0.000564932) 258807 50684.7 0.0208333
face centroid = (5.18536,0.25,0.821811)
subcontact = (5.43669,6.23882e-07,0.856371) 10783.2 (2085.33,0.361031,338.439) 105 -0.00517592 (-0.00360661,-6.23881e-07,-0.000565143) 258796 50702.8 0.0416667
face centroid = (5.18536,0.25,0.821811)
contact = 2 7 2 1 (4.99305,0.25,1.62234) (0.309017,0,-0.951057)
contact = 3 7 3 2 (4.67778,0.25,2.38345) (0.45399,0,-0.891007)
contact = 4 1 4 3 (4.26757,0.250009,3.09013) (0.590624,-0.00170896,-0.806945)
subcontact = (4.47089,2.19985e-07,3.23572) 110.865 (-31.9119,2.21217,-22.1569) 104 -0.000106405 (0.00010929,-7.64527e-06,7.79263e-05) 5321.82 1867.91 0.0208321
face centroid = (4.26901,0.250015,3.08803)
subcontact = (4.47089,0.5,3.23572) 221.37 (-58.6012,4.42418,-40.4913) 103 -0.000106232 (0.000100265,-7.64499e-06,7.13209e-05) 5313.18 1712.9 0.0416643
face centroid = (4.26901,0.250015,3.08803)
subcontact = (4.0643,0.499999,2.94471) 5313.82 (-34.3943,7.03949,-23.9919) 102 -0.00510131 (0.000117876,-2.43288e-05,8.42597e-05) 255078 2041.18 0.0208321
face centroid = (4.26901,0.250015,3.08803)
subcontact = (4.0643,-1.05311e-06,2.94471) 10628 (-74.0112,14.0791,-51.8063) 101 -0.00510149 (0.000126901,-2.43291e-05,9.08651e-05) 255087 2194.49 0.0416643
face centroid = (4.26901,0.250015,3.08803)
subcontact = (4.06718,1.95905e-05,2.9405) 5318.18 (-37.0063,7.04385,-25.9037) 100 -0.00510546 (0.000126913,-2.43436e-05,9.08737e-05) 255273 2194.44 0.0208333
face centroid = (4.26759,0.25,3.09022)
subcontact = (4.06719,0.50002,2.94051) 10635.9 (-68.7898,14.0874,-47.9847) 99 -0.00510525 (0.000117888,-2.43431e-05,8.4268e-05) 255262 2041.14 0.0416666
face centroid = (4.26759,0.25,3.09022)
subcontact = (4.47085,0.50001,3.23556) 114.69 (-29.3009,2.21614,-20.2458) 98 -0.000110102 (0.000100276,-7.65898e-06,7.13289e-05) 5505.14 1712.83 0.0208333
face centroid = (4.26759,0.25,3.09022)
subcontact = (4.47084,9.67596e-06,3.23556) 229.833 (-63.8246,4.43254,-44.3144) 97 -0.000110319 (0.000109301,-7.65945e-06,7.79345e-05) 5516.01 1867.84 0.0416666
face centroid = (4.26759,0.25,3.09022)
contact = 5 1 5 4 (3.90637,1.28194e-05,3.89089) (0.71499,-1.07237e-06,-0.699135)
subcontact = (3.90844,1.00416e-05,3.89021) 243.533 (-117.041,0.527993,-116.392) 96 -0.000233778 (0.00066822,-2.77045e-06,0.000673255) 11690 7923.32 0.0208326
face centroid = (3.73316,0.250015,3.71061)
subcontact = (3.90845,0.50001,3.89021) 485.948 (-233.237,1.05167,-231.982) 95 -0.000233242 (0.000671472,-2.77051e-06,0.000676569) 11663.2 7895.37 0.0416652
face centroid = (3.73316,0.250015,3.71061)
subcontact = (3.55592,0.50002,3.53564) 4580.54 (-195.584,-0.545162,-194.189) 94 -0.00439735 (0.000670966,1.88406e-06,0.000676108) 219874 13229.9 0.0208326
face centroid = (3.73316,0.250015,3.71061)
subcontact = (3.55591,1.99228e-05,3.53564) 9162.2 (-389.282,-1.09036,-386.465) 93 -0.00439788 (0.000667713,1.88412e-06,0.000672795) 219900 13165.4 0.0416652
face centroid = (3.73316,0.250015,3.71061)
subcontact = (3.55837,1.80495e-05,3.53186) 4587.22 (-194.642,-0.54718,-193.234) 92 -0.00440374 (0.000667714,1.891e-06,0.000672796) 220187 13165.1 0.0208333
face centroid = (3.73218,0.250015,3.71292)
subcontact = (3.55837,0.500018,3.53187) 9173.35 (-391.17,-1.09433,-388.382) 91 -0.00440321 (0.000670967,1.89096e-06,0.000676109) 220160 13229.5 0.0416667
face centroid = (3.73218,0.250015,3.71292)
subcontact = (3.90794,0.500013,3.88936) 249.033 (-119.655,0.531199,-118.992) 90 -0.000239073 (0.000671473,-2.76372e-06,0.00067657) 11953.6 8100.01 0.0208333
face centroid = (3.73218,0.250015,3.71292)
subcontact = (3.90794,1.2817e-05,3.88936) 499.163 (-240.144,1.06674,-238.774) 89 -0.000239599 (0.000668221,-2.76368e-06,0.000673256) 11979.9 8127.58 0.0416667
face centroid = (3.73218,0.250015,3.71292)
contact = 6 1 6 5 (3.24414,1.49943e-05,4.44206) (0.818391,-1.68971e-06,-0.574662)
subcontact = (3.24543,1.44483e-05,4.44247) 856.811 (-181.073,0.1644,-246.463) 88 -0.00082254 (0.000616632,-5.68338e-07,0.000858446) 41127.4 14680 0.0208331
face centroid = (3.10181,0.250017,4.23652)
subcontact = (3.24543,0.500014,4.44247) 1712.53 (-362.533,0.328798,-493.444) 87 -0.000822016 (0.000617286,-5.68336e-07,0.000859351) 41101.2 14695.5 0.0416662
face centroid = (3.10181,0.250017,4.23652)
subcontact = (2.95609,0.50002,4.0347) 3416.52 (-179.971,-0.178609,-244.918) 86 -0.00327987 (0.000612843,6.17104e-07,0.000853093) 163995 14588.9 0.0208331
face centroid = (3.10181,0.250017,4.23652)
subcontact = (2.95609,1.95325e-05,4.03469) 6834.13 (-359.556,-0.357217,-489.318) 85 -0.00328039 (0.000612188,6.17102e-07,0.000852189) 164021 14573.4 0.0416662
face centroid = (3.10181,0.250017,4.23652)
subcontact = (2.95815,1.89594e-05,4.03192) 3421.76 (-179.775,-0.178923,-244.656) 84 -0.0032849 (0.00061218,6.18198e-07,0.000852177) 164245 14573 0.0208333
face centroid = (3.10076,0.250017,4.23858)
subcontact = (2.95815,0.500019,4.03192) 6842.44 (-359.937,-0.357846,-489.829) 83 -0.00328438 (0.000612834,6.182e-07,0.000853081) 164219 14588.5 0.0416667
face centroid = (3.10076,0.250017,4.23858)
subcontact = (3.24548,0.500015,4.44112) 860.969 (-181.264,0.164085,-246.718) 82 -0.00082653 (0.000617278,-5.6724e-07,0.000859339) 41326.5 14695.1 0.0208333
face centroid = (3.10076,0.250017,4.23858)
subcontact = (3.24548,1.49915e-05,4.44112) 1723.02 (-362.141,0.328171,-492.919) 81 -0.000827049 (0.000616623,-5.67242e-07,0.000858434) 41352.4 14679.6 0.0416667
face centroid = (3.10076,0.250017,4.23858)
contact = 7 1 7 6 (2.39302,0.250019,4.65475) (0.898631,1.77649e-06,-0.438705)
subcontact = (2.50243,1.69827e-05,4.88013) 1656.09 (-138.986,0.130244,-270.028) 80 -0.00158985 (0.000470428,-4.50125e-07,0.000938265) 79492.4 14577.5 0.0208333
face centroid = (2.39371,0.250019,4.65381)
subcontact = (2.50243,0.500017,4.88014) 3311.01 (-278.24,0.260489,-540.569) 79 -0.00158929 (0.000470878,-4.50127e-07,0.000939158) 79464.4 14591.4 0.0416666
face centroid = (2.39371,0.250019,4.65381)
subcontact = (2.28265,0.500021,4.43103) 2146.64 (-140.041,-0.15851,-272.062) 78 -0.00206078 (0.000473988,5.47814e-07,0.00094534) 103039 14687.5 0.0208333
face centroid = (2.39371,0.250019,4.65381)
subcontact = (2.28265,2.07696e-05,4.43103) 4294.45 (-279.815,-0.317021,-543.612) 77 -0.00206134 (0.000473538,5.47816e-07,0.000944447) 103067 14673.6 0.0416666
face centroid = (2.39371,0.250019,4.65381)
subcontact = (2.28403,2.02247e-05,4.42915) 2149.26 (-139.908,-0.158757,-271.808) 76 -0.0020633 (0.000473541,5.48664e-07,0.000944453) 103165 14673.7 0.0208333
face centroid = (2.39254,0.250019,4.65558)
subcontact = (2.28403,0.50002,4.42915) 4297.37 (-280.084,-0.317512,-544.129) 75 -0.00206274 (0.000473991,5.48661e-07,0.000945346) 103137 14687.6 0.0416667
face centroid = (2.39254,0.250019,4.65558)
subcontact = (2.50339,0.500017,4.87847) 1657.55 (-139.121,0.13,-270.286) 74 -0.00159125 (0.000470881,-4.49283e-07,0.000939163) 79562.3 14591.5 0.0208333
face centroid = (2.39254,0.250019,4.65558)
subcontact = (2.50338,1.74345e-05,4.87846) 3316.26 (-277.974,0.26,-540.059) 73 -0.00159181 (0.000470431,-4.4928e-07,0.000938271) 79590.2 14577.6 0.0416667
face centroid = (2.39254,0.250019,4.65558)
contact = 8 1 8 7 (1.62767,0.250021,4.95548) (0.955417,2.48082e-07,-0.295259)
subcontact = (1.70051,1.93548e-05,5.19508) 2406.52 (-73.7684,0.108024,-224.834) 72 -0.00231026 (0.000248204,-3.73335e-07,0.000779185) 115513 11358.1 0.0208333
face centroid = (1.62865,0.250021,4.95473)
subcontact = (1.70051,0.500019,5.19508) 4811.82 (-147.689,0.216049,-450.124) 71 -0.00230968 (0.000248458,-3.73338e-07,0.000779977) 115484 11369.6 0.0416665
face centroid = (1.62865,0.250021,4.95473)
subcontact = (1.55414,0.500022,4.71699) 1036.69 (-75.8628,-0.130477,-231.248) 70 -0.000995228 (0.000255267,4.50925e-07,0.000801411) 49761.5 11682 0.0208333
face centroid = (1.62865,0.250021,4.95473)
subcontact = (1.55414,2.19704e-05,4.71698) 2074.61 (-151.574,-0.260955,-462.04) 69 -0.000995814 (0.000255013,4.50928e-07,0.000800619) 49790.8 11670.5 0.0416665
face centroid = (1.62865,0.250021,4.95473)
subcontact = (1.55484,2.15196e-05,4.71588) 1037.29 (-75.7892,-0.130634,-231.027) 68 -0.000995798 (0.000255019,4.51461e-07,0.000800641) 49789.9 11670.8 0.0208333
face centroid = (1.62733,0.250021,4.95603)
subcontact = (1.55484,0.500022,4.71588) 2073.36 (-151.73,-0.261266,-462.511) 67 -0.000995212 (0.000255273,4.51459e-07,0.000801433) 49760.6 11682.3 0.0416667
face centroid = (1.62733,0.250021,4.95603)
subcontact = (1.70247,0.50002,5.19359) 2405.9 (-73.8465,0.10787,-225.069) 66 -0.00230966 (0.000248465,-3.72807e-07,0.000779998) 115483 11370 0.0208333
face centroid = (1.62733,0.250021,4.95603)
subcontact = (1.70246,1.9728e-05,5.19359) 4813.02 (-147.541,0.215739,-449.681) 65 -0.00231025 (0.000248211,-3.72805e-07,0.000779206) 115512 11358.4 0.0416667
face centroid = (1.62733,0.250021,4.95603)
contact = 9 1 9 8 (0.824996,0.250022,5.13518) (0.989024,3.17513e-07,-0.147753)
subcontact = (0.860439,2.12229e-05,5.38292) 2936.15 (-22.6916,0.156967,-140.283) 64 -0.00281872 (7.54937e-05,-5.42486e-07,0.000485277) 140938 6821.23 0.020833
face centroid = (0.826351,0.250022,5.13472)
subcontact = (0.86044,0.500021,5.38292) 5871.05 (-45.5102,0.313937,-281.342) 63 -0.00281811 (7.57038e-05,-5.42493e-07,0.000486619) 140907 6840.1 0.041666
face centroid = (0.826351,0.250022,5.13472)
subcontact = (0.789362,0.500023,4.888) 281.433 (-19.0556,-0.179574,-118.541) 62 -0.000270172 (8.02642e-05,8.06843e-07,0.000516088) 13509 5763.12 0.020833
face centroid = (0.826351,0.250022,5.13472)
subcontact = (0.789361,2.28785e-05,4.888) 564.119 (-38.1579,-0.360496,-237.358) 61 -0.000270774 (8.00541e-05,8.0685e-07,0.000514746) 13539.1 5769.82 0.041666
face centroid = (0.826351,0.250022,5.13472)
subcontact = (0.789552,2.20699e-05,4.88744) 281.584 (-18.9998,-0.179757,-118.2) 60 -0.00027032 (8.00569e-05,8.07469e-07,0.000514764) 13516.1 5746.45 0.0208333
face centroid = (0.824901,0.250022,5.13546)
subcontact = (0.789552,0.500022,4.88744) 561.915 (-37.9526,-0.358151,-236.123) 59 -0.000269718 (8.0267e-05,8.07464e-07,0.000516107) 13486 5739.7 0.0416667
face centroid = (0.824901,0.250022,5.13546)
subcontact = (0.863151,0.500022,5.382) 2935.07 (-22.7562,0.156796,-140.678) 58 -0.00281767 (7.57066e-05,-5.41885e-07,0.000486637) 140884 6840.32 0.0208333
face centroid = (0.824901,0.250022,5.13546)
subcontact = (0.863151,2.17638e-05,5.382) 5871.4 (-45.3853,0.313589,-280.58) 57 -0.00281827 (7.54965e-05,-5.4188e-07,0.000485295) 140914 6821.45 0.0416667
face centroid = (0.824901,0.250022,5.13546)
contact = 10 1 10 9 (0.00309456,0.250022,5.3167) (0.999989,9.17784e-08,-0.00462899)
subcontact = (0.00216583,2.24747e-05,5.44167) 3139.07 (-0.106568,-0.0221715,19.1949) 56 -0.00301352 (3.06497e-08,7.66272e-08,-6.63297e-05) 150690 921.458 0.0208313
face centroid = (0.00292045,0.250021,5.19174)
subcontact = (0.00216626,0.500022,5.44167) 6277.44 (-0.215627,-0.0443368,37.141) 55 -0.00301318 (3.77964e-08,7.66165e-08,-6.41718e-05) 150673 891.486 0.0416626
face centroid = (0.00292045,0.250021,5.19174)
subcontact = (0.00683888,0.500023,4.94169) 0 (0,0,0) 54 0.0061793 (1.88828e-07,2.22796e-06,-3.11358e-05) 0 0 0.0208313
face centroid = (0.00292045,0.250021,5.19174)
subcontact = (0.00683845,2.27161e-05,4.94169) 0 (0,0,0) 53 0.00617896 (1.81681e-07,2.22797e-06,-3.32937e-05) 0 0 0.0416626
face centroid = (0.00292045,0.250021,5.19174)
subcontact = (0.000660376,2.04884e-05,4.94175) 0 (0,0,0) 52 0.00617677 (1.8164e-07,2.22717e-06,-3.33029e-05) 0 0 0.0208331
face centroid = (0.00450235,0.250023,5.19168)
subcontact = (0.000660447,0.50002,4.94175) 0 (0,0,0) 51 0.00617714 (1.88787e-07,2.22717e-06,-3.11449e-05) 0 0 0.0416663
face centroid = (0.00450235,0.250023,5.19168)
subcontact = (0.00518052,0.500022,5.44173) 3141.31 (-0.10781,-0.0219331,18.5717) 50 -0.00301566 (3.77479e-08,7.58002e-08,-6.41827e-05) 150784 891.467 0.0208331
face centroid = (0.00450235,0.250023,5.19168)
subcontact = (0.00518045,2.23982e-05,5.44173) 6283.38 (-0.213129,-0.0438698,38.3923) 49 -0.00301603 (3.06005e-08,7.58066e-08,-6.63407e-05) 150803 921.439 0.0416663
face centroid = (0.00450235,0.250023,5.19168)
contact = 11 1 11 10 (-0.818808,0.250021,5.13481) (0.989816,1.39674e-07,0.142351)
subcontact = (-0.855786,2.22906e-05,5.3818) 2923.38 (-23.0404,0.0399993,139.062) 48 -0.00280645 (7.44913e-05,-1.38235e-07,-0.00048142) 140324 6766.05 0.0208331
face centroid = (-0.817457,0.250021,5.13526)
subcontact = (-0.855786,0.500022,5.3818) 5845.6 (-46.0486,0.0799986,277.924) 47 -0.00280589 (7.44386e-05,-1.38235e-07,-0.000481075) 140296 6761.19 0.0416661
face centroid = (-0.817457,0.250021,5.13526)
subcontact = (-0.782036,0.50002,4.88726) 295.595 (-24.0529,-0.0622738,145.464) 46 -0.000283769 (7.78356e-05,2.15224e-07,-0.000503572) 14188.7 7077.19 0.0208331
face centroid = (-0.817457,0.250021,5.13526)
subcontact = (-0.782036,2.03906e-05,4.88727) 592.353 (-48.1381,-0.124548,291.128) 45 -0.000284327 (7.78883e-05,2.15224e-07,-0.000503917) 14216.7 7082.04 0.0416661
face centroid = (-0.817457,0.250021,5.13526)
subcontact = (-0.78183,2.01782e-05,4.88782) 297.144 (-24.0683,-0.0622192,145.559) 44 -0.000285257 (7.78858e-05,2.15032e-07,-0.0005039) 14262.9 7081.7 0.0208333
face centroid = (-0.818911,0.250021,5.13453)
subcontact = (-0.78183,0.50002,4.88782) 593.124 (-48.1043,-0.124438,290.918) 43 -0.000284698 (7.78331e-05,2.15032e-07,-0.000503555) 14235 7076.85 0.0416667
face centroid = (-0.818911,0.250021,5.13453)
subcontact = (-0.853084,0.500022,5.38271) 2923.76 (-23.0235,0.0400561,138.957) 42 -0.00280682 (7.44361e-05,-1.38431e-07,-0.000481058) 140341 6760.86 0.0208333
face centroid = (-0.818911,0.250021,5.13453)
subcontact = (-0.853084,2.24314e-05,5.38271) 5848.69 (-46.0793,0.0801121,278.113) 41 -0.00280738 (7.44888e-05,-1.38431e-07,-0.000481403) 140369 6765.71 0.0416667
face centroid = (-0.818911,0.250021,5.13453)
contact = 12 1 12 11 (-1.62079,0.25002,4.95482) (0.956188,5.51323e-07,0.292752)
subcontact = (-1.69504,2.08165e-05,5.19308) 2383.05 (-77.478,0.0179498,233.873) 40 -0.00228773 (0.000258534,-6.20264e-08,-0.000811269) 114387 11825.9 0.0208332
face centroid = (-1.61982,0.25002,4.95558)
subcontact = (-1.69504,0.500021,5.19308) 4765.08 (-154.919,0.0358994,467.636) 39 -0.00228724 (0.000258473,-6.2026e-08,-0.000811078) 114362 11823.1 0.0416665
face centroid = (-1.61982,0.25002,4.95558)
subcontact = (-1.54725,0.500019,4.71542) 1063.87 (-78.9156,-0.0416664,238.294) 38 -0.00102132 (0.00026337,1.44011e-07,-0.000826593) 51066.2 12049.1 0.0208332
face centroid = (-1.61982,0.25002,4.95558)
subcontact = (-1.54725,1.87101e-05,4.71542) 2128.77 (-157.868,-0.0833326,476.699) 37 -0.00102181 (0.000263432,1.4401e-07,-0.000826784) 51090.6 12051.9 0.0416665
face centroid = (-1.61982,0.25002,4.95558)
subcontact = (-1.54653,1.85705e-05,4.71657) 1064.95 (-78.9322,-0.0416217,238.344) 36 -0.00102236 (0.000263426,1.43854e-07,-0.000826766) 51117.8 12051.6 0.0208333
face centroid = (-1.62114,0.25002,4.95425)
subcontact = (-1.54653,0.500019,4.71656) 2128.89 (-157.828,-0.0832435,476.578) 35 -0.00102187 (0.000263365,1.43854e-07,-0.000826575) 51093.3 12048.8 0.0416667
face centroid = (-1.62114,0.25002,4.95425)
subcontact = (-1.69312,0.500021,5.19459) 2383.11 (-77.4579,0.0179952,233.812) 34 -0.00228779 (0.000258467,-6.2184e-08,-0.00081106) 114389 11822.8 0.0208333
face centroid = (-1.62114,0.25002,4.95425)
subcontact = (-1.69312,2.0883e-05,5.1946) 4767.23 (-154.952,0.0359906,467.735) 33 -0.00228828 (0.000258528,-6.21843e-08,-0.000811252) 114414 11825.6 0.0416667
face centroid = (-1.62114,0.25002,4.95425)
contact = 13 1 13 12 (-2.3856,0.250017,4.65384) (0.897958,1.50823e-06,0.440081)
subcontact = (-2.49585,1.78381e-05,4.87761) 1623.16 (-139.563,-0.0034652,272.179) 32 -0.00155824 (0.000473793,1.19983e-08,-0.000944988) 77911.9 14682 0.0208333
face centroid = (-2.3849,0.250017,4.65478)
subcontact = (-2.49585,0.500018,4.87761) 3245.53 (-279.107,-0.00693081,544.322) 31 -0.00155786 (0.000473761,1.1999e-08,-0.000944925) 77892.9 14681 0.0416666
face centroid = (-2.3849,0.250017,4.65478)
subcontact = (-2.27629,0.500016,4.4284) 2185.97 (-139.53,-0.0240613,272.084) 30 -0.00209854 (0.00047366,8.31771e-08,-0.00094467) 104927 14677.2 0.0208333
face centroid = (-2.3849,0.250017,4.65478)
subcontact = (-2.27629,1.58024e-05,4.4284) 4372.74 (-279.079,-0.0481222,544.205) 29 -0.00209892 (0.000473692,8.31764e-08,-0.000944734) 104946 14678.2 0.0416666
face centroid = (-2.3849,0.250017,4.65478)
subcontact = (-2.27488,1.57239e-05,4.4303) 2184.93 (-139.54,-0.024059,272.104) 28 -0.00209754 (0.000473694,8.31697e-08,-0.000944738) 104877 14678.3 0.0208333
face centroid = (-2.38607,0.250017,4.65301)
subcontact = (-2.27488,0.500016,4.43029) 4369.07 (-279.061,-0.0481182,544.171) 27 -0.00209716 (0.000473662,8.317e-08,-0.000944675) 104858 14677.3 0.0416667
face centroid = (-2.38607,0.250017,4.65301)
subcontact = (-2.49493,0.500018,4.87927) 1621.32 (-139.554,-0.00346363,272.162) 26 -0.00155647 (0.000473763,1.19926e-08,-0.000944929) 77823.5 14681.1 0.0208333
face centroid = (-2.38607,0.250017,4.65301)
subcontact = (-2.49493,1.78308e-05,4.87927) 3243.44 (-279.127,-0.00692704,544.361) 25 -0.00155686 (0.000473795,1.19922e-08,-0.000944992) 77842.6 14682.1 0.0416667
face centroid = (-2.38607,0.250017,4.65301)
contact = 14 1 14 13 (-3.23698,0.500013,4.44166) (0.81805,5.72234e-06,0.575147)
subcontact = (-3.23771,1.3563e-05,4.43981) 819.869 (-184.088,-0.0250919,249.332) 24 -0.000787072 (0.000626157,8.66439e-08,-0.000868999) 39353.7 14876.5 0.0208333
face centroid = (-3.09287,0.250013,4.23737)
subcontact = (-3.23771,0.500014,4.43981) 1639.22 (-368.177,-0.0501808,498.67) 23 -0.000786825 (0.000626161,8.66386e-08,-0.000869009) 39341.3 14876.6 0.0416667
face centroid = (-3.09287,0.250013,4.23737)
subcontact = (-2.95014,0.500012,4.03079) 3468.82 (-180.864,-0.0211885,244.882) 22 -0.00333008 (0.000615125,7.31568e-08,-0.000853542) 166503 14612.7 0.0208333
face centroid = (-3.09287,0.250013,4.23737)
subcontact = (-2.95014,1.18441e-05,4.03079) 6938.15 (-361.726,-0.0423801,489.758) 21 -0.00333032 (0.000615121,7.31621e-08,-0.000853532) 166516 14612.6 0.0416667
face centroid = (-3.09287,0.250013,4.23737)
subcontact = (-2.94805,1.17812e-05,4.0336) 3465 (-180.869,-0.021213,244.887) 20 -0.0033264 (0.000615141,7.32351e-08,-0.00085356) 166322 14613.3 0.0208331
face centroid = (-3.09393,0.250013,4.2353)
subcontact = (-2.94805,0.500012,4.03359) 6929.48 (-361.74,-0.0424226,489.781) 19 -0.00332615 (0.000615145,7.32293e-08,-0.00085357) 166310 14613.4 0.0416661
face centroid = (-3.09393,0.250013,4.2353)
subcontact = (-3.2377,0.500013,4.44115) 815.512 (-184.094,-0.0251095,249.343) 18 -0.000782893 (0.000626182,8.67049e-08,-0.000869037) 39145.1 14877.3 0.0208331
face centroid = (-3.09393,0.250013,4.2353)
subcontact = (-3.2377,1.34779e-05,4.44115) 1631.54 (-368.188,-0.0502224,498.68) 17 -0.00078314 (0.000626177,8.67107e-08,-0.000869027) 39157.4 14877.2 0.0416661
face centroid = (-3.09393,0.250013,4.2353)
contact = 15 7 15 14 (-3.71231,0.25,3.71231) (0.707107,0,0.707107)
contact = 16 1 16 15 (-4.06415,2.09942e-06,2.94115) (0.596206,6.50739e-06,0.802831)
subcontact = (-4.46712,2.80929e-06,3.23716) 0 (0,0,0) 16 0.00326511 (0.000321621,8.44449e-07,-0.000235125) 0 0 0.0208333
face centroid = (-4.26618,0.250002,3.08914)
subcontact = (-4.46712,0.500003,3.23716) 0 (0,0,0) 15 0.00326224 (0.000322127,8.4444e-07,-0.000235508) 0 0 0.0416667
face centroid = (-4.26618,0.250002,3.08914)
subcontact = (-4.06571,0.500002,2.93905) 5440.54 (-100.325,-0.0569711,72.3376) 14 -0.00522294 (0.000344891,1.96945e-07,-0.000252384) 261146 5936.83 0.0208333
face centroid = (-4.26618,0.250002,3.08914)
subcontact = (-4.0657,2.08244e-06,2.93906) 10875.1 (-200.358,-0.113947,144.451) 13 -0.00522006 (0.000344385,1.96954e-07,-0.000252001) 261002 5928.03 0.0416667
face centroid = (-4.26618,0.250002,3.08914)
subcontact = (-4.06297,1.88542e-06,2.94352) 5429.21 (-100.17,-0.0573446,72.219) 12 -0.00521211 (0.000344359,1.98244e-07,-0.000251982) 260640 5928.34 0.0208303
face centroid = (-4.26641,0.250002,3.08811)
subcontact = (-4.06297,0.500002,2.94352) 10864.4 (-200.631,-0.114684,144.662) 11 -0.00521498 (0.000344865,1.98234e-07,-0.000252364) 260783 5937.15 0.0416607
face centroid = (-4.26641,0.250002,3.08811)
subcontact = (-4.46939,0.500002,3.23477) 0 (0,0,0) 10 0.00326982 (0.000322103,8.4557e-07,-0.00023549) 0 0 0.0208303
face centroid = (-4.26641,0.250002,3.08811)
subcontact = (-4.46939,1.96664e-06,3.23477) 0 (0,0,0) 9 0.0032727 (0.000321597,8.4558e-07,-0.000235107) 0 0 0.0416607
face centroid = (-4.26641,0.250002,3.08811)
contact = 17 7 17 16 (-4.67778,0.25,2.38345) (0.45399,0,0.891007)
contact = 18 7 18 17 (-4.99305,0.25,1.62234) (0.309017,0,0.951057)
contact = 19 1 19 18 (-5.18752,0.25,0.819077) (0.156434,0,0.987688)
subcontact = (-5.43659,-1.22269e-08,0.855981) 5241.37 (1015.69,0.00346596,-163.541) 8 -0.00503172 (-0.00351093,-1.19802e-08,0.000560695) 251591 49381.9 0.0208329
face centroid = (-5.18536,0.25,0.821281)
subcontact = (-5.43659,0.5,0.855981) 10483.5 (2031.43,0.00693199,-327.09) 7 -0.0050321 (-0.00351103,-1.19803e-08,0.000560709) 251610 49383.3 0.0416658
face centroid = (-5.18536,0.25,0.821281)
subcontact = (-4.94224,0.5,0.780986) 1844.96 (1019.02,-0.0249485,-164.07) 6 -0.00177116 (-0.00352245,8.62244e-08,0.00056252) 88560.1 49543.9 0.0208329
face centroid = (-5.18536,0.25,0.821281)
subcontact = (-4.94224,8.64485e-08,0.780986) 3689.15 (2037.98,-0.0498971,-328.131) 5 -0.00177079 (-0.00352235,8.62245e-08,0.000562506) 88541.4 49542.6 0.0416658
face centroid = (-5.18536,0.25,0.821281)
subcontact = (-4.93844,0,0.782172) 1824.01 (1019.01,-0.0252572,-164.069) 4 -0.00175106 (-0.00352242,8.72851e-08,0.000562517) 87552.7 49542.6 0.0208333
face centroid = (-5.18942,0.25,0.818484)
subcontact = (-4.93844,0.5,0.782172) 3648.81 (2038.08,-0.0505144,-328.146) 3 -0.00175143 (-0.00352252,8.72849e-08,0.000562531) 87571.4 49543.9 0.0416667
face centroid = (-5.18942,0.25,0.818484)
subcontact = (-5.43229,0.5,0.86039) 5221.23 (1015.74,0.00315982,-163.549) 2 -0.00501238 (-0.0035111,-1.09242e-08,0.00056072) 250619 49383.3 0.0208333
face centroid = (-5.18942,0.25,0.818484)
subcontact = (-5.43229,0,0.86039) 10441.7 (2031.42,0.00631953,-327.089) 1 -0.00501201 (-0.003511,-1.0924e-08,0.000560706) 250600 49381.9 0.0416667
face centroid = (-5.18942,0.25,0.818484)
3dec>log off
**********************************************
* Logging ended at Wed Mar 13 14:42:42 2024
**********************************************
**********************************************
* Logging started at Wed Mar 13 14:44:29 2024
* By 3dec Version 7.00 Release 159
* 
* 
* Job Title: 
**********************************************
3dec>log-file 'Displacement_step_1_distance_0.001m.txt'
**********************************************
* Logging ended at Wed Mar 13 14:44:29 2024
**********************************************
**********************************************
* Logging started at Wed Mar 13 14:44:30 2024
* By 3dec Version 7.00 Release 159
* 
* 
* Job Title: 
**********************************************
3dec>@contacts_output
contact = 1 1 1 0 (5.31089,0.250006,0.839969) (0.149411,-4.6716e-07,-0.988775)
subcontact = (5.43229,0,0.86092) 5369.93 (1042.66,0.180052,169.219) 112 -0.00515515 (-0.00360661,-6.22271e-07,-0.000565143) 257763 50704 0.0208328
face centroid = (5.1895,0.25,0.819018)
subcontact = (5.43229,0.5,0.86092) 10740.3 (2084.58,0.360103,338.308) 111 -0.00515538 (-0.00360533,-6.22268e-07,-0.000564933) 257775 50685.9 0.0416656
face centroid = (5.1895,0.25,0.819018)
subcontact = (4.93844,0.5,0.782702) 1668.6 (1042.53,-0.198956,169.193) 110 -0.00160184 (-0.00360615,6.87562e-07,-0.000565062) 80094.7 50697.5 0.0208328
face centroid = (5.1895,0.25,0.819018)
subcontact = (4.93844,0,0.782702) 3336.71 (2085.8,-0.397911,338.516) 109 -0.00160161 (-0.00360744,6.8756e-07,-0.000565272) 80083.1 50715.6 0.0416656
face centroid = (5.1895,0.25,0.819018)
subcontact = (4.94231,-6.8593e-07,0.781666) 1689.95 (1042.9,-0.19848,169.258) 108 -0.00162236 (-0.00360744,6.85929e-07,-0.000565272) 81117.7 50714.4 0.0208333
face centroid = (5.18536,0.25,0.821811)
subcontact = (4.9423,0.499999,0.781665) 3380.36 (2085.06,-0.396961,338.386) 107 -0.00162258 (-0.00360615,6.85931e-07,-0.000565062) 81128.6 50696.3 0.0416667
face centroid = (5.18536,0.25,0.821811)
subcontact = (5.43669,0.500001,0.856371) 5391.81 (1042.29,0.180515,169.154) 106 -0.00517614 (-0.00360532,-6.23879e-07,-0.000564932) 258807 50684.7 0.0208333
face centroid = (5.18536,0.25,0.821811)
subcontact = (5.43669,6.23882e-07,0.856371) 10783.2 (2085.33,0.361031,338.439) 105 -0.00517592 (-0.00360661,-6.23881e-07,-0.000565143) 258796 50702.8 0.0416667
face centroid = (5.18536,0.25,0.821811)
contact = 2 7 2 1 (4.99305,0.25,1.62234) (0.309017,0,-0.951057)
contact = 3 7 3 2 (4.67778,0.25,2.38345) (0.45399,0,-0.891007)
contact = 4 1 4 3 (4.26757,0.250009,3.09013) (0.590624,-0.00170896,-0.806945)
subcontact = (4.47089,2.19985e-07,3.23572) 110.865 (-31.9119,2.21217,-22.1569) 104 -0.000106405 (0.00010929,-7.64527e-06,7.79263e-05) 5321.82 1867.91 0.0208321
face centroid = (4.26901,0.250015,3.08803)
subcontact = (4.47089,0.5,3.23572) 221.37 (-58.6012,4.42418,-40.4913) 103 -0.000106232 (0.000100265,-7.64499e-06,7.13209e-05) 5313.18 1712.9 0.0416643
face centroid = (4.26901,0.250015,3.08803)
subcontact = (4.0643,0.499999,2.94471) 5313.82 (-34.3943,7.03949,-23.9919) 102 -0.00510131 (0.000117876,-2.43288e-05,8.42597e-05) 255078 2041.18 0.0208321
face centroid = (4.26901,0.250015,3.08803)
subcontact = (4.0643,-1.05311e-06,2.94471) 10628 (-74.0112,14.0791,-51.8063) 101 -0.00510149 (0.000126901,-2.43291e-05,9.08651e-05) 255087 2194.49 0.0416643
face centroid = (4.26901,0.250015,3.08803)
subcontact = (4.06718,1.95905e-05,2.9405) 5318.18 (-37.0063,7.04385,-25.9037) 100 -0.00510546 (0.000126913,-2.43436e-05,9.08737e-05) 255273 2194.44 0.0208333
face centroid = (4.26759,0.25,3.09022)
subcontact = (4.06719,0.50002,2.94051) 10635.9 (-68.7898,14.0874,-47.9847) 99 -0.00510525 (0.000117888,-2.43431e-05,8.4268e-05) 255262 2041.14 0.0416666
face centroid = (4.26759,0.25,3.09022)
subcontact = (4.47085,0.50001,3.23556) 114.69 (-29.3009,2.21614,-20.2458) 98 -0.000110102 (0.000100276,-7.65898e-06,7.13289e-05) 5505.14 1712.83 0.0208333
face centroid = (4.26759,0.25,3.09022)
subcontact = (4.47084,9.67596e-06,3.23556) 229.833 (-63.8246,4.43254,-44.3144) 97 -0.000110319 (0.000109301,-7.65945e-06,7.79345e-05) 5516.01 1867.84 0.0416666
face centroid = (4.26759,0.25,3.09022)
contact = 5 1 5 4 (3.90637,1.28194e-05,3.89089) (0.71499,-1.07237e-06,-0.699135)
subcontact = (3.90844,1.00416e-05,3.89021) 243.533 (-117.041,0.527993,-116.392) 96 -0.000233778 (0.00066822,-2.77045e-06,0.000673255) 11690 7923.32 0.0208326
face centroid = (3.73316,0.250015,3.71061)
subcontact = (3.90845,0.50001,3.89021) 485.948 (-233.237,1.05167,-231.982) 95 -0.000233242 (0.000671472,-2.77051e-06,0.000676569) 11663.2 7895.37 0.0416652
face centroid = (3.73316,0.250015,3.71061)
subcontact = (3.55592,0.50002,3.53564) 4580.54 (-195.584,-0.545162,-194.189) 94 -0.00439735 (0.000670966,1.88406e-06,0.000676108) 219874 13229.9 0.0208326
face centroid = (3.73316,0.250015,3.71061)
subcontact = (3.55591,1.99228e-05,3.53564) 9162.2 (-389.282,-1.09036,-386.465) 93 -0.00439788 (0.000667713,1.88412e-06,0.000672795) 219900 13165.4 0.0416652
face centroid = (3.73316,0.250015,3.71061)
subcontact = (3.55837,1.80495e-05,3.53186) 4587.22 (-194.642,-0.54718,-193.234) 92 -0.00440374 (0.000667714,1.891e-06,0.000672796) 220187 13165.1 0.0208333
face centroid = (3.73218,0.250015,3.71292)
subcontact = (3.55837,0.500018,3.53187) 9173.35 (-391.17,-1.09433,-388.382) 91 -0.00440321 (0.000670967,1.89096e-06,0.000676109) 220160 13229.5 0.0416667
face centroid = (3.73218,0.250015,3.71292)
subcontact = (3.90794,0.500013,3.88936) 249.033 (-119.655,0.531199,-118.992) 90 -0.000239073 (0.000671473,-2.76372e-06,0.00067657) 11953.6 8100.01 0.0208333
face centroid = (3.73218,0.250015,3.71292)
subcontact = (3.90794,1.2817e-05,3.88936) 499.163 (-240.144,1.06674,-238.774) 89 -0.000239599 (0.000668221,-2.76368e-06,0.000673256) 11979.9 8127.58 0.0416667
face centroid = (3.73218,0.250015,3.71292)
contact = 6 1 6 5 (3.24414,1.49943e-05,4.44206) (0.818391,-1.68971e-06,-0.574662)
subcontact = (3.24543,1.44483e-05,4.44247) 856.811 (-181.073,0.1644,-246.463) 88 -0.00082254 (0.000616632,-5.68338e-07,0.000858446) 41127.4 14680 0.0208331
face centroid = (3.10181,0.250017,4.23652)
subcontact = (3.24543,0.500014,4.44247) 1712.53 (-362.533,0.328798,-493.444) 87 -0.000822016 (0.000617286,-5.68336e-07,0.000859351) 41101.2 14695.5 0.0416662
face centroid = (3.10181,0.250017,4.23652)
subcontact = (2.95609,0.50002,4.0347) 3416.52 (-179.971,-0.178609,-244.918) 86 -0.00327987 (0.000612843,6.17104e-07,0.000853093) 163995 14588.9 0.0208331
face centroid = (3.10181,0.250017,4.23652)
subcontact = (2.95609,1.95325e-05,4.03469) 6834.13 (-359.556,-0.357217,-489.318) 85 -0.00328039 (0.000612188,6.17102e-07,0.000852189) 164021 14573.4 0.0416662
face centroid = (3.10181,0.250017,4.23652)
subcontact = (2.95815,1.89594e-05,4.03192) 3421.76 (-179.775,-0.178923,-244.656) 84 -0.0032849 (0.00061218,6.18198e-07,0.000852177) 164245 14573 0.0208333
face centroid = (3.10076,0.250017,4.23858)
subcontact = (2.95815,0.500019,4.03192) 6842.44 (-359.937,-0.357846,-489.829) 83 -0.00328438 (0.000612834,6.182e-07,0.000853081) 164219 14588.5 0.0416667
face centroid = (3.10076,0.250017,4.23858)
subcontact = (3.24548,0.500015,4.44112) 860.969 (-181.264,0.164085,-246.718) 82 -0.00082653 (0.000617278,-5.6724e-07,0.000859339) 41326.5 14695.1 0.0208333
face centroid = (3.10076,0.250017,4.23858)
subcontact = (3.24548,1.49915e-05,4.44112) 1723.02 (-362.141,0.328171,-492.919) 81 -0.000827049 (0.000616623,-5.67242e-07,0.000858434) 41352.4 14679.6 0.0416667
face centroid = (3.10076,0.250017,4.23858)
contact = 7 1 7 6 (2.39302,0.250019,4.65475) (0.898631,1.77649e-06,-0.438705)
subcontact = (2.50243,1.69827e-05,4.88013) 1656.09 (-138.986,0.130244,-270.028) 80 -0.00158985 (0.000470428,-4.50125e-07,0.000938265) 79492.4 14577.5 0.0208333
face centroid = (2.39371,0.250019,4.65381)
subcontact = (2.50243,0.500017,4.88014) 3311.01 (-278.24,0.260489,-540.569) 79 -0.00158929 (0.000470878,-4.50127e-07,0.000939158) 79464.4 14591.4 0.0416666
face centroid = (2.39371,0.250019,4.65381)
subcontact = (2.28265,0.500021,4.43103) 2146.64 (-140.041,-0.15851,-272.062) 78 -0.00206078 (0.000473988,5.47814e-07,0.00094534) 103039 14687.5 0.0208333
face centroid = (2.39371,0.250019,4.65381)
subcontact = (2.28265,2.07696e-05,4.43103) 4294.45 (-279.815,-0.317021,-543.612) 77 -0.00206134 (0.000473538,5.47816e-07,0.000944447) 103067 14673.6 0.0416666
face centroid = (2.39371,0.250019,4.65381)
subcontact = (2.28403,2.02247e-05,4.42915) 2149.26 (-139.908,-0.158757,-271.808) 76 -0.0020633 (0.000473541,5.48664e-07,0.000944453) 103165 14673.7 0.0208333
face centroid = (2.39254,0.250019,4.65558)
subcontact = (2.28403,0.50002,4.42915) 4297.37 (-280.084,-0.317512,-544.129) 75 -0.00206274 (0.000473991,5.48661e-07,0.000945346) 103137 14687.6 0.0416667
face centroid = (2.39254,0.250019,4.65558)
subcontact = (2.50339,0.500017,4.87847) 1657.55 (-139.121,0.13,-270.286) 74 -0.00159125 (0.000470881,-4.49283e-07,0.000939163) 79562.3 14591.5 0.0208333
face centroid = (2.39254,0.250019,4.65558)
subcontact = (2.50338,1.74345e-05,4.87846) 3316.26 (-277.974,0.26,-540.059) 73 -0.00159181 (0.000470431,-4.4928e-07,0.000938271) 79590.2 14577.6 0.0416667
face centroid = (2.39254,0.250019,4.65558)
contact = 8 1 8 7 (1.62767,0.250021,4.95548) (0.955417,2.48082e-07,-0.295259)
subcontact = (1.70051,1.93548e-05,5.19508) 2406.52 (-73.7684,0.108024,-224.834) 72 -0.00231026 (0.000248204,-3.73335e-07,0.000779185) 115513 11358.1 0.0208333
face centroid = (1.62865,0.250021,4.95473)
subcontact = (1.70051,0.500019,5.19508) 4811.82 (-147.689,0.216049,-450.124) 71 -0.00230968 (0.000248458,-3.73338e-07,0.000779977) 115484 11369.6 0.0416665
face centroid = (1.62865,0.250021,4.95473)
subcontact = (1.55414,0.500022,4.71699) 1036.69 (-75.8628,-0.130477,-231.248) 70 -0.000995228 (0.000255267,4.50925e-07,0.000801411) 49761.5 11682 0.0208333
face centroid = (1.62865,0.250021,4.95473)
subcontact = (1.55414,2.19704e-05,4.71698) 2074.61 (-151.574,-0.260955,-462.04) 69 -0.000995814 (0.000255013,4.50928e-07,0.000800619) 49790.8 11670.5 0.0416665
face centroid = (1.62865,0.250021,4.95473)
subcontact = (1.55484,2.15196e-05,4.71588) 1037.29 (-75.7892,-0.130634,-231.027) 68 -0.000995798 (0.000255019,4.51461e-07,0.000800641) 49789.9 11670.8 0.0208333
face centroid = (1.62733,0.250021,4.95603)
subcontact = (1.55484,0.500022,4.71588) 2073.36 (-151.73,-0.261266,-462.511) 67 -0.000995212 (0.000255273,4.51459e-07,0.000801433) 49760.6 11682.3 0.0416667
face centroid = (1.62733,0.250021,4.95603)
subcontact = (1.70247,0.50002,5.19359) 2405.9 (-73.8465,0.10787,-225.069) 66 -0.00230966 (0.000248465,-3.72807e-07,0.000779998) 115483 11370 0.0208333
face centroid = (1.62733,0.250021,4.95603)
subcontact = (1.70246,1.9728e-05,5.19359) 4813.02 (-147.541,0.215739,-449.681) 65 -0.00231025 (0.000248211,-3.72805e-07,0.000779206) 115512 11358.4 0.0416667
face centroid = (1.62733,0.250021,4.95603)
contact = 9 1 9 8 (0.824996,0.250022,5.13518) (0.989024,3.17513e-07,-0.147753)
subcontact = (0.860439,2.12229e-05,5.38292) 2936.15 (-22.6916,0.156967,-140.283) 64 -0.00281872 (7.54937e-05,-5.42486e-07,0.000485277) 140938 6821.23 0.020833
face centroid = (0.826351,0.250022,5.13472)
subcontact = (0.86044,0.500021,5.38292) 5871.05 (-45.5102,0.313937,-281.342) 63 -0.00281811 (7.57038e-05,-5.42493e-07,0.000486619) 140907 6840.1 0.041666
face centroid = (0.826351,0.250022,5.13472)
subcontact = (0.789362,0.500023,4.888) 281.433 (-19.0556,-0.179574,-118.541) 62 -0.000270172 (8.02642e-05,8.06843e-07,0.000516088) 13509 5763.12 0.020833
face centroid = (0.826351,0.250022,5.13472)
subcontact = (0.789361,2.28785e-05,4.888) 564.119 (-38.1579,-0.360496,-237.358) 61 -0.000270774 (8.00541e-05,8.0685e-07,0.000514746) 13539.1 5769.82 0.041666
face centroid = (0.826351,0.250022,5.13472)
subcontact = (0.789552,2.20699e-05,4.88744) 281.584 (-18.9998,-0.179757,-118.2) 60 -0.00027032 (8.00569e-05,8.07469e-07,0.000514764) 13516.1 5746.45 0.0208333
face centroid = (0.824901,0.250022,5.13546)
subcontact = (0.789552,0.500022,4.88744) 561.915 (-37.9526,-0.358151,-236.123) 59 -0.000269718 (8.0267e-05,8.07464e-07,0.000516107) 13486 5739.7 0.0416667
face centroid = (0.824901,0.250022,5.13546)
subcontact = (0.863151,0.500022,5.382) 2935.07 (-22.7562,0.156796,-140.678) 58 -0.00281767 (7.57066e-05,-5.41885e-07,0.000486637) 140884 6840.32 0.0208333
face centroid = (0.824901,0.250022,5.13546)
subcontact = (0.863151,2.17638e-05,5.382) 5871.4 (-45.3853,0.313589,-280.58) 57 -0.00281827 (7.54965e-05,-5.4188e-07,0.000485295) 140914 6821.45 0.0416667
face centroid = (0.824901,0.250022,5.13546)
contact = 10 1 10 9 (0.00309456,0.250022,5.3167) (0.999989,9.17784e-08,-0.00462899)
subcontact = (0.00216583,2.24747e-05,5.44167) 3139.07 (-0.106568,-0.0221715,19.1949) 56 -0.00301352 (3.06497e-08,7.66272e-08,-6.63297e-05) 150690 921.458 0.0208313
face centroid = (0.00292045,0.250021,5.19174)
subcontact = (0.00216626,0.500022,5.44167) 6277.44 (-0.215627,-0.0443368,37.141) 55 -0.00301318 (3.77964e-08,7.66165e-08,-6.41718e-05) 150673 891.486 0.0416626
face centroid = (0.00292045,0.250021,5.19174)
subcontact = (0.00683888,0.500023,4.94169) 0 (0,0,0) 54 0.0061793 (1.88828e-07,2.22796e-06,-3.11358e-05) 0 0 0.0208313
face centroid = (0.00292045,0.250021,5.19174)
subcontact = (0.00683845,2.27161e-05,4.94169) 0 (0,0,0) 53 0.00617896 (1.81681e-07,2.22797e-06,-3.32937e-05) 0 0 0.0416626
face centroid = (0.00292045,0.250021,5.19174)
subcontact = (0.000660376,2.04884e-05,4.94175) 0 (0,0,0) 52 0.00617677 (1.8164e-07,2.22717e-06,-3.33029e-05) 0 0 0.0208331
face centroid = (0.00450235,0.250023,5.19168)
subcontact = (0.000660447,0.50002,4.94175) 0 (0,0,0) 51 0.00617714 (1.88787e-07,2.22717e-06,-3.11449e-05) 0 0 0.0416663
face centroid = (0.00450235,0.250023,5.19168)
subcontact = (0.00518052,0.500022,5.44173) 3141.31 (-0.10781,-0.0219331,18.5717) 50 -0.00301566 (3.77479e-08,7.58002e-08,-6.41827e-05) 150784 891.467 0.0208331
face centroid = (0.00450235,0.250023,5.19168)
subcontact = (0.00518045,2.23982e-05,5.44173) 6283.38 (-0.213129,-0.0438698,38.3923) 49 -0.00301603 (3.06005e-08,7.58066e-08,-6.63407e-05) 150803 921.439 0.0416663
face centroid = (0.00450235,0.250023,5.19168)
contact = 11 1 11 10 (-0.818808,0.250021,5.13481) (0.989816,1.39674e-07,0.142351)
subcontact = (-0.855786,2.22906e-05,5.3818) 2923.38 (-23.0404,0.0399993,139.062) 48 -0.00280645 (7.44913e-05,-1.38235e-07,-0.00048142) 140324 6766.05 0.0208331
face centroid = (-0.817457,0.250021,5.13526)
subcontact = (-0.855786,0.500022,5.3818) 5845.6 (-46.0486,0.0799986,277.924) 47 -0.00280589 (7.44386e-05,-1.38235e-07,-0.000481075) 140296 6761.19 0.0416661
face centroid = (-0.817457,0.250021,5.13526)
subcontact = (-0.782036,0.50002,4.88726) 295.595 (-24.0529,-0.0622738,145.464) 46 -0.000283769 (7.78356e-05,2.15224e-07,-0.000503572) 14188.7 7077.19 0.0208331
face centroid = (-0.817457,0.250021,5.13526)
subcontact = (-0.782036,2.03906e-05,4.88727) 592.353 (-48.1381,-0.124548,291.128) 45 -0.000284327 (7.78883e-05,2.15224e-07,-0.000503917) 14216.7 7082.04 0.0416661
face centroid = (-0.817457,0.250021,5.13526)
subcontact = (-0.78183,2.01782e-05,4.88782) 297.144 (-24.0683,-0.0622192,145.559) 44 -0.000285257 (7.78858e-05,2.15032e-07,-0.0005039) 14262.9 7081.7 0.0208333
face centroid = (-0.818911,0.250021,5.13453)
subcontact = (-0.78183,0.50002,4.88782) 593.124 (-48.1043,-0.124438,290.918) 43 -0.000284698 (7.78331e-05,2.15032e-07,-0.000503555) 14235 7076.85 0.0416667
face centroid = (-0.818911,0.250021,5.13453)
subcontact = (-0.853084,0.500022,5.38271) 2923.76 (-23.0235,0.0400561,138.957) 42 -0.00280682 (7.44361e-05,-1.38431e-07,-0.000481058) 140341 6760.86 0.0208333
face centroid = (-0.818911,0.250021,5.13453)
subcontact = (-0.853084,2.24314e-05,5.38271) 5848.69 (-46.0793,0.0801121,278.113) 41 -0.00280738 (7.44888e-05,-1.38431e-07,-0.000481403) 140369 6765.71 0.0416667
face centroid = (-0.818911,0.250021,5.13453)
contact = 12 1 12 11 (-1.62079,0.25002,4.95482) (0.956188,5.51323e-07,0.292752)
subcontact = (-1.69504,2.08165e-05,5.19308) 2383.05 (-77.478,0.0179498,233.873) 40 -0.00228773 (0.000258534,-6.20264e-08,-0.000811269) 114387 11825.9 0.0208332
face centroid = (-1.61982,0.25002,4.95558)
subcontact = (-1.69504,0.500021,5.19308) 4765.08 (-154.919,0.0358994,467.636) 39 -0.00228724 (0.000258473,-6.2026e-08,-0.000811078) 114362 11823.1 0.0416665
face centroid = (-1.61982,0.25002,4.95558)
subcontact = (-1.54725,0.500019,4.71542) 1063.87 (-78.9156,-0.0416664,238.294) 38 -0.00102132 (0.00026337,1.44011e-07,-0.000826593) 51066.2 12049.1 0.0208332
face centroid = (-1.61982,0.25002,4.95558)
subcontact = (-1.54725,1.87101e-05,4.71542) 2128.77 (-157.868,-0.0833326,476.699) 37 -0.00102181 (0.000263432,1.4401e-07,-0.000826784) 51090.6 12051.9 0.0416665
face centroid = (-1.61982,0.25002,4.95558)
subcontact = (-1.54653,1.85705e-05,4.71657) 1064.95 (-78.9322,-0.0416217,238.344) 36 -0.00102236 (0.000263426,1.43854e-07,-0.000826766) 51117.8 12051.6 0.0208333
face centroid = (-1.62114,0.25002,4.95425)
subcontact = (-1.54653,0.500019,4.71656) 2128.89 (-157.828,-0.0832435,476.578) 35 -0.00102187 (0.000263365,1.43854e-07,-0.000826575) 51093.3 12048.8 0.0416667
face centroid = (-1.62114,0.25002,4.95425)
subcontact = (-1.69312,0.500021,5.19459) 2383.11 (-77.4579,0.0179952,233.812) 34 -0.00228779 (0.000258467,-6.2184e-08,-0.00081106) 114389 11822.8 0.0208333
face centroid = (-1.62114,0.25002,4.95425)
subcontact = (-1.69312,2.0883e-05,5.1946) 4767.23 (-154.952,0.0359906,467.735) 33 -0.00228828 (0.000258528,-6.21843e-08,-0.000811252) 114414 11825.6 0.0416667
face centroid = (-1.62114,0.25002,4.95425)
contact = 13 1 13 12 (-2.3856,0.250017,4.65384) (0.897958,1.50823e-06,0.440081)
subcontact = (-2.49585,1.78381e-05,4.87761) 1623.16 (-139.563,-0.0034652,272.179) 32 -0.00155824 (0.000473793,1.19983e-08,-0.000944988) 77911.9 14682 0.0208333
face centroid = (-2.3849,0.250017,4.65478)
subcontact = (-2.49585,0.500018,4.87761) 3245.53 (-279.107,-0.00693081,544.322) 31 -0.00155786 (0.000473761,1.1999e-08,-0.000944925) 77892.9 14681 0.0416666
face centroid = (-2.3849,0.250017,4.65478)
subcontact = (-2.27629,0.500016,4.4284) 2185.97 (-139.53,-0.0240613,272.084) 30 -0.00209854 (0.00047366,8.31771e-08,-0.00094467) 104927 14677.2 0.0208333
face centroid = (-2.3849,0.250017,4.65478)
subcontact = (-2.27629,1.58024e-05,4.4284) 4372.74 (-279.079,-0.0481222,544.205) 29 -0.00209892 (0.000473692,8.31764e-08,-0.000944734) 104946 14678.2 0.0416666
face centroid = (-2.3849,0.250017,4.65478)
subcontact = (-2.27488,1.57239e-05,4.4303) 2184.93 (-139.54,-0.024059,272.104) 28 -0.00209754 (0.000473694,8.31697e-08,-0.000944738) 104877 14678.3 0.0208333
face centroid = (-2.38607,0.250017,4.65301)
subcontact = (-2.27488,0.500016,4.43029) 4369.07 (-279.061,-0.0481182,544.171) 27 -0.00209716 (0.000473662,8.317e-08,-0.000944675) 104858 14677.3 0.0416667
face centroid = (-2.38607,0.250017,4.65301)
subcontact = (-2.49493,0.500018,4.87927) 1621.32 (-139.554,-0.00346363,272.162) 26 -0.00155647 (0.000473763,1.19926e-08,-0.000944929) 77823.5 14681.1 0.0208333
face centroid = (-2.38607,0.250017,4.65301)
subcontact = (-2.49493,1.78308e-05,4.87927) 3243.44 (-279.127,-0.00692704,544.361) 25 -0.00155686 (0.000473795,1.19922e-08,-0.000944992) 77842.6 14682.1 0.0416667
face centroid = (-2.38607,0.250017,4.65301)
contact = 14 1 14 13 (-3.23698,0.500013,4.44166) (0.81805,5.72234e-06,0.575147)
subcontact = (-3.23771,1.3563e-05,4.43981) 819.869 (-184.088,-0.0250919,249.332) 24 -0.000787072 (0.000626157,8.66439e-08,-0.000868999) 39353.7 14876.5 0.0208333
face centroid = (-3.09287,0.250013,4.23737)
subcontact = (-3.23771,0.500014,4.43981) 1639.22 (-368.177,-0.0501808,498.67) 23 -0.000786825 (0.000626161,8.66386e-08,-0.000869009) 39341.3 14876.6 0.0416667
face centroid = (-3.09287,0.250013,4.23737)
subcontact = (-2.95014,0.500012,4.03079) 3468.82 (-180.864,-0.0211885,244.882) 22 -0.00333008 (0.000615125,7.31568e-08,-0.000853542) 166503 14612.7 0.0208333
face centroid = (-3.09287,0.250013,4.23737)
subcontact = (-2.95014,1.18441e-05,4.03079) 6938.15 (-361.726,-0.0423801,489.758) 21 -0.00333032 (0.000615121,7.31621e-08,-0.000853532) 166516 14612.6 0.0416667
face centroid = (-3.09287,0.250013,4.23737)
subcontact = (-2.94805,1.17812e-05,4.0336) 3465 (-180.869,-0.021213,244.887) 20 -0.0033264 (0.000615141,7.32351e-08,-0.00085356) 166322 14613.3 0.0208331
face centroid = (-3.09393,0.250013,4.2353)
subcontact = (-2.94805,0.500012,4.03359) 6929.48 (-361.74,-0.0424226,489.781) 19 -0.00332615 (0.000615145,7.32293e-08,-0.00085357) 166310 14613.4 0.0416661
face centroid = (-3.09393,0.250013,4.2353)
subcontact = (-3.2377,0.500013,4.44115) 815.512 (-184.094,-0.0251095,249.343) 18 -0.000782893 (0.000626182,8.67049e-08,-0.000869037) 39145.1 14877.3 0.0208331
face centroid = (-3.09393,0.250013,4.2353)
subcontact = (-3.2377,1.34779e-05,4.44115) 1631.54 (-368.188,-0.0502224,498.68) 17 -0.00078314 (0.000626177,8.67107e-08,-0.000869027) 39157.4 14877.2 0.0416661
face centroid = (-3.09393,0.250013,4.2353)
contact = 15 7 15 14 (-3.71231,0.25,3.71231) (0.707107,0,0.707107)
contact = 16 1 16 15 (-4.06415,2.09942e-06,2.94115) (0.596206,6.50739e-06,0.802831)
subcontact = (-4.46712,2.80929e-06,3.23716) 0 (0,0,0) 16 0.00326511 (0.000321621,8.44449e-07,-0.000235125) 0 0 0.0208333
face centroid = (-4.26618,0.250002,3.08914)
subcontact = (-4.46712,0.500003,3.23716) 0 (0,0,0) 15 0.00326224 (0.000322127,8.4444e-07,-0.000235508) 0 0 0.0416667
face centroid = (-4.26618,0.250002,3.08914)
subcontact = (-4.06571,0.500002,2.93905) 5440.54 (-100.325,-0.0569711,72.3376) 14 -0.00522294 (0.000344891,1.96945e-07,-0.000252384) 261146 5936.83 0.0208333
face centroid = (-4.26618,0.250002,3.08914)
subcontact = (-4.0657,2.08244e-06,2.93906) 10875.1 (-200.358,-0.113947,144.451) 13 -0.00522006 (0.000344385,1.96954e-07,-0.000252001) 261002 5928.03 0.0416667
face centroid = (-4.26618,0.250002,3.08914)
subcontact = (-4.06297,1.88542e-06,2.94352) 5429.21 (-100.17,-0.0573446,72.219) 12 -0.00521211 (0.000344359,1.98244e-07,-0.000251982) 260640 5928.34 0.0208303
face centroid = (-4.26641,0.250002,3.08811)
subcontact = (-4.06297,0.500002,2.94352) 10864.4 (-200.631,-0.114684,144.662) 11 -0.00521498 (0.000344865,1.98234e-07,-0.000252364) 260783 5937.15 0.0416607
face centroid = (-4.26641,0.250002,3.08811)
subcontact = (-4.46939,0.500002,3.23477) 0 (0,0,0) 10 0.00326982 (0.000322103,8.4557e-07,-0.00023549) 0 0 0.0208303
face centroid = (-4.26641,0.250002,3.08811)
subcontact = (-4.46939,1.96664e-06,3.23477) 0 (0,0,0) 9 0.0032727 (0.000321597,8.4558e-07,-0.000235107) 0 0 0.0416607
face centroid = (-4.26641,0.250002,3.08811)
contact = 17 7 17 16 (-4.67778,0.25,2.38345) (0.45399,0,0.891007)
contact = 18 7 18 17 (-4.99305,0.25,1.62234) (0.309017,0,0.951057)
contact = 19 1 19 18 (-5.18752,0.25,0.819077) (0.156434,0,0.987688)
subcontact = (-5.43659,-1.22269e-08,0.855981) 5241.37 (1015.69,0.00346596,-163.541) 8 -0.00503172 (-0.00351093,-1.19802e-08,0.000560695) 251591 49381.9 0.0208329
face centroid = (-5.18536,0.25,0.821281)
subcontact = (-5.43659,0.5,0.855981) 10483.5 (2031.43,0.00693199,-327.09) 7 -0.0050321 (-0.00351103,-1.19803e-08,0.000560709) 251610 49383.3 0.0416658
face centroid = (-5.18536,0.25,0.821281)
subcontact = (-4.94224,0.5,0.780986) 1844.96 (1019.02,-0.0249485,-164.07) 6 -0.00177116 (-0.00352245,8.62244e-08,0.00056252) 88560.1 49543.9 0.0208329
face centroid = (-5.18536,0.25,0.821281)
subcontact = (-4.94224,8.64485e-08,0.780986) 3689.15 (2037.98,-0.0498971,-328.131) 5 -0.00177079 (-0.00352235,8.62245e-08,0.000562506) 88541.4 49542.6 0.0416658
face centroid = (-5.18536,0.25,0.821281)
subcontact = (-4.93844,0,0.782172) 1824.01 (1019.01,-0.0252572,-164.069) 4 -0.00175106 (-0.00352242,8.72851e-08,0.000562517) 87552.7 49542.6 0.0208333
face centroid = (-5.18942,0.25,0.818484)
subcontact = (-4.93844,0.5,0.782172) 3648.81 (2038.08,-0.0505144,-328.146) 3 -0.00175143 (-0.00352252,8.72849e-08,0.000562531) 87571.4 49543.9 0.0416667
face centroid = (-5.18942,0.25,0.818484)
subcontact = (-5.43229,0.5,0.86039) 5221.23 (1015.74,0.00315982,-163.549) 2 -0.00501238 (-0.0035111,-1.09242e-08,0.00056072) 250619 49383.3 0.0208333
face centroid = (-5.18942,0.25,0.818484)
subcontact = (-5.43229,0,0.86039) 10441.7 (2031.42,0.00631953,-327.089) 1 -0.00501201 (-0.003511,-1.0924e-08,0.000560706) 250600 49381.9 0.0416667
face centroid = (-5.18942,0.25,0.818484)
3dec>log off
**********************************************
* Logging ended at Wed Mar 13 14:44:30 2024
**********************************************
**********************************************
* Logging started at Wed Mar 13 14:44:47 2024
* By 3dec Version 7.00 Release 159
* 
* 
* Job Title: 
**********************************************
3dec>log-file 'Displacement_step_1_distance_0.001m.txt'
**********************************************
* Logging ended at Wed Mar 13 14:44:47 2024
**********************************************
**********************************************
* Logging started at Wed Mar 13 14:44:47 2024
* By 3dec Version 7.00 Release 159
* 
* 
* Job Title: 
**********************************************
3dec>@contacts_output
contact = 1 1 1 0 (5.31089,0.250006,0.839969) (0.149411,-4.6716e-07,-0.988775)
subcontact = (5.43229,0,0.86092) 5369.93 (1042.66,0.180052,169.219) 112 -0.00515515 (-0.00360661,-6.22271e-07,-0.000565143) 257763 50704 0.0208328
face centroid = (5.1895,0.25,0.819018)
subcontact = (5.43229,0.5,0.86092) 10740.3 (2084.58,0.360103,338.308) 111 -0.00515538 (-0.00360533,-6.22268e-07,-0.000564933) 257775 50685.9 0.0416656
face centroid = (5.1895,0.25,0.819018)
subcontact = (4.93844,0.5,0.782702) 1668.6 (1042.53,-0.198956,169.193) 110 -0.00160184 (-0.00360615,6.87562e-07,-0.000565062) 80094.7 50697.5 0.0208328
face centroid = (5.1895,0.25,0.819018)
subcontact = (4.93844,0,0.782702) 3336.71 (2085.8,-0.397911,338.516) 109 -0.00160161 (-0.00360744,6.8756e-07,-0.000565272) 80083.1 50715.6 0.0416656
face centroid = (5.1895,0.25,0.819018)
subcontact = (4.94231,-6.8593e-07,0.781666) 1689.95 (1042.9,-0.19848,169.258) 108 -0.00162236 (-0.00360744,6.85929e-07,-0.000565272) 81117.7 50714.4 0.0208333
face centroid = (5.18536,0.25,0.821811)
subcontact = (4.9423,0.499999,0.781665) 3380.36 (2085.06,-0.396961,338.386) 107 -0.00162258 (-0.00360615,6.85931e-07,-0.000565062) 81128.6 50696.3 0.0416667
face centroid = (5.18536,0.25,0.821811)
subcontact = (5.43669,0.500001,0.856371) 5391.81 (1042.29,0.180515,169.154) 106 -0.00517614 (-0.00360532,-6.23879e-07,-0.000564932) 258807 50684.7 0.0208333
face centroid = (5.18536,0.25,0.821811)
subcontact = (5.43669,6.23882e-07,0.856371) 10783.2 (2085.33,0.361031,338.439) 105 -0.00517592 (-0.00360661,-6.23881e-07,-0.000565143) 258796 50702.8 0.0416667
face centroid = (5.18536,0.25,0.821811)
contact = 2 7 2 1 (4.99305,0.25,1.62234) (0.309017,0,-0.951057)
contact = 3 7 3 2 (4.67778,0.25,2.38345) (0.45399,0,-0.891007)
contact = 4 1 4 3 (4.26757,0.250009,3.09013) (0.590624,-0.00170896,-0.806945)
subcontact = (4.47089,2.19985e-07,3.23572) 110.865 (-31.9119,2.21217,-22.1569) 104 -0.000106405 (0.00010929,-7.64527e-06,7.79263e-05) 5321.82 1867.91 0.0208321
face centroid = (4.26901,0.250015,3.08803)
subcontact = (4.47089,0.5,3.23572) 221.37 (-58.6012,4.42418,-40.4913) 103 -0.000106232 (0.000100265,-7.64499e-06,7.13209e-05) 5313.18 1712.9 0.0416643
face centroid = (4.26901,0.250015,3.08803)
subcontact = (4.0643,0.499999,2.94471) 5313.82 (-34.3943,7.03949,-23.9919) 102 -0.00510131 (0.000117876,-2.43288e-05,8.42597e-05) 255078 2041.18 0.0208321
face centroid = (4.26901,0.250015,3.08803)
subcontact = (4.0643,-1.05311e-06,2.94471) 10628 (-74.0112,14.0791,-51.8063) 101 -0.00510149 (0.000126901,-2.43291e-05,9.08651e-05) 255087 2194.49 0.0416643
face centroid = (4.26901,0.250015,3.08803)
subcontact = (4.06718,1.95905e-05,2.9405) 5318.18 (-37.0063,7.04385,-25.9037) 100 -0.00510546 (0.000126913,-2.43436e-05,9.08737e-05) 255273 2194.44 0.0208333
face centroid = (4.26759,0.25,3.09022)
subcontact = (4.06719,0.50002,2.94051) 10635.9 (-68.7898,14.0874,-47.9847) 99 -0.00510525 (0.000117888,-2.43431e-05,8.4268e-05) 255262 2041.14 0.0416666
face centroid = (4.26759,0.25,3.09022)
subcontact = (4.47085,0.50001,3.23556) 114.69 (-29.3009,2.21614,-20.2458) 98 -0.000110102 (0.000100276,-7.65898e-06,7.13289e-05) 5505.14 1712.83 0.0208333
face centroid = (4.26759,0.25,3.09022)
subcontact = (4.47084,9.67596e-06,3.23556) 229.833 (-63.8246,4.43254,-44.3144) 97 -0.000110319 (0.000109301,-7.65945e-06,7.79345e-05) 5516.01 1867.84 0.0416666
face centroid = (4.26759,0.25,3.09022)
contact = 5 1 5 4 (3.90637,1.28194e-05,3.89089) (0.71499,-1.07237e-06,-0.699135)
subcontact = (3.90844,1.00416e-05,3.89021) 243.533 (-117.041,0.527993,-116.392) 96 -0.000233778 (0.00066822,-2.77045e-06,0.000673255) 11690 7923.32 0.0208326
face centroid = (3.73316,0.250015,3.71061)
subcontact = (3.90845,0.50001,3.89021) 485.948 (-233.237,1.05167,-231.982) 95 -0.000233242 (0.000671472,-2.77051e-06,0.000676569) 11663.2 7895.37 0.0416652
face centroid = (3.73316,0.250015,3.71061)
subcontact = (3.55592,0.50002,3.53564) 4580.54 (-195.584,-0.545162,-194.189) 94 -0.00439735 (0.000670966,1.88406e-06,0.000676108) 219874 13229.9 0.0208326
face centroid = (3.73316,0.250015,3.71061)
subcontact = (3.55591,1.99228e-05,3.53564) 9162.2 (-389.282,-1.09036,-386.465) 93 -0.00439788 (0.000667713,1.88412e-06,0.000672795) 219900 13165.4 0.0416652
face centroid = (3.73316,0.250015,3.71061)
subcontact = (3.55837,1.80495e-05,3.53186) 4587.22 (-194.642,-0.54718,-193.234) 92 -0.00440374 (0.000667714,1.891e-06,0.000672796) 220187 13165.1 0.0208333
face centroid = (3.73218,0.250015,3.71292)
subcontact = (3.55837,0.500018,3.53187) 9173.35 (-391.17,-1.09433,-388.382) 91 -0.00440321 (0.000670967,1.89096e-06,0.000676109) 220160 13229.5 0.0416667
face centroid = (3.73218,0.250015,3.71292)
subcontact = (3.90794,0.500013,3.88936) 249.033 (-119.655,0.531199,-118.992) 90 -0.000239073 (0.000671473,-2.76372e-06,0.00067657) 11953.6 8100.01 0.0208333
face centroid = (3.73218,0.250015,3.71292)
subcontact = (3.90794,1.2817e-05,3.88936) 499.163 (-240.144,1.06674,-238.774) 89 -0.000239599 (0.000668221,-2.76368e-06,0.000673256) 11979.9 8127.58 0.0416667
face centroid = (3.73218,0.250015,3.71292)
contact = 6 1 6 5 (3.24414,1.49943e-05,4.44206) (0.818391,-1.68971e-06,-0.574662)
subcontact = (3.24543,1.44483e-05,4.44247) 856.811 (-181.073,0.1644,-246.463) 88 -0.00082254 (0.000616632,-5.68338e-07,0.000858446) 41127.4 14680 0.0208331
face centroid = (3.10181,0.250017,4.23652)
subcontact = (3.24543,0.500014,4.44247) 1712.53 (-362.533,0.328798,-493.444) 87 -0.000822016 (0.000617286,-5.68336e-07,0.000859351) 41101.2 14695.5 0.0416662
face centroid = (3.10181,0.250017,4.23652)
subcontact = (2.95609,0.50002,4.0347) 3416.52 (-179.971,-0.178609,-244.918) 86 -0.00327987 (0.000612843,6.17104e-07,0.000853093) 163995 14588.9 0.0208331
face centroid = (3.10181,0.250017,4.23652)
subcontact = (2.95609,1.95325e-05,4.03469) 6834.13 (-359.556,-0.357217,-489.318) 85 -0.00328039 (0.000612188,6.17102e-07,0.000852189) 164021 14573.4 0.0416662
face centroid = (3.10181,0.250017,4.23652)
subcontact = (2.95815,1.89594e-05,4.03192) 3421.76 (-179.775,-0.178923,-244.656) 84 -0.0032849 (0.00061218,6.18198e-07,0.000852177) 164245 14573 0.0208333
face centroid = (3.10076,0.250017,4.23858)
subcontact = (2.95815,0.500019,4.03192) 6842.44 (-359.937,-0.357846,-489.829) 83 -0.00328438 (0.000612834,6.182e-07,0.000853081) 164219 14588.5 0.0416667
face centroid = (3.10076,0.250017,4.23858)
subcontact = (3.24548,0.500015,4.44112) 860.969 (-181.264,0.164085,-246.718) 82 -0.00082653 (0.000617278,-5.6724e-07,0.000859339) 41326.5 14695.1 0.0208333
face centroid = (3.10076,0.250017,4.23858)
subcontact = (3.24548,1.49915e-05,4.44112) 1723.02 (-362.141,0.328171,-492.919) 81 -0.000827049 (0.000616623,-5.67242e-07,0.000858434) 41352.4 14679.6 0.0416667
face centroid = (3.10076,0.250017,4.23858)
contact = 7 1 7 6 (2.39302,0.250019,4.65475) (0.898631,1.77649e-06,-0.438705)
subcontact = (2.50243,1.69827e-05,4.88013) 1656.09 (-138.986,0.130244,-270.028) 80 -0.00158985 (0.000470428,-4.50125e-07,0.000938265) 79492.4 14577.5 0.0208333
face centroid = (2.39371,0.250019,4.65381)
subcontact = (2.50243,0.500017,4.88014) 3311.01 (-278.24,0.260489,-540.569) 79 -0.00158929 (0.000470878,-4.50127e-07,0.000939158) 79464.4 14591.4 0.0416666
face centroid = (2.39371,0.250019,4.65381)
subcontact = (2.28265,0.500021,4.43103) 2146.64 (-140.041,-0.15851,-272.062) 78 -0.00206078 (0.000473988,5.47814e-07,0.00094534) 103039 14687.5 0.0208333
face centroid = (2.39371,0.250019,4.65381)
subcontact = (2.28265,2.07696e-05,4.43103) 4294.45 (-279.815,-0.317021,-543.612) 77 -0.00206134 (0.000473538,5.47816e-07,0.000944447) 103067 14673.6 0.0416666
face centroid = (2.39371,0.250019,4.65381)
subcontact = (2.28403,2.02247e-05,4.42915) 2149.26 (-139.908,-0.158757,-271.808) 76 -0.0020633 (0.000473541,5.48664e-07,0.000944453) 103165 14673.7 0.0208333
face centroid = (2.39254,0.250019,4.65558)
subcontact = (2.28403,0.50002,4.42915) 4297.37 (-280.084,-0.317512,-544.129) 75 -0.00206274 (0.000473991,5.48661e-07,0.000945346) 103137 14687.6 0.0416667
face centroid = (2.39254,0.250019,4.65558)
subcontact = (2.50339,0.500017,4.87847) 1657.55 (-139.121,0.13,-270.286) 74 -0.00159125 (0.000470881,-4.49283e-07,0.000939163) 79562.3 14591.5 0.0208333
face centroid = (2.39254,0.250019,4.65558)
subcontact = (2.50338,1.74345e-05,4.87846) 3316.26 (-277.974,0.26,-540.059) 73 -0.00159181 (0.000470431,-4.4928e-07,0.000938271) 79590.2 14577.6 0.0416667
face centroid = (2.39254,0.250019,4.65558)
contact = 8 1 8 7 (1.62767,0.250021,4.95548) (0.955417,2.48082e-07,-0.295259)
subcontact = (1.70051,1.93548e-05,5.19508) 2406.52 (-73.7684,0.108024,-224.834) 72 -0.00231026 (0.000248204,-3.73335e-07,0.000779185) 115513 11358.1 0.0208333
face centroid = (1.62865,0.250021,4.95473)
subcontact = (1.70051,0.500019,5.19508) 4811.82 (-147.689,0.216049,-450.124) 71 -0.00230968 (0.000248458,-3.73338e-07,0.000779977) 115484 11369.6 0.0416665
face centroid = (1.62865,0.250021,4.95473)
subcontact = (1.55414,0.500022,4.71699) 1036.69 (-75.8628,-0.130477,-231.248) 70 -0.000995228 (0.000255267,4.50925e-07,0.000801411) 49761.5 11682 0.0208333
face centroid = (1.62865,0.250021,4.95473)
subcontact = (1.55414,2.19704e-05,4.71698) 2074.61 (-151.574,-0.260955,-462.04) 69 -0.000995814 (0.000255013,4.50928e-07,0.000800619) 49790.8 11670.5 0.0416665
face centroid = (1.62865,0.250021,4.95473)
subcontact = (1.55484,2.15196e-05,4.71588) 1037.29 (-75.7892,-0.130634,-231.027) 68 -0.000995798 (0.000255019,4.51461e-07,0.000800641) 49789.9 11670.8 0.0208333
face centroid = (1.62733,0.250021,4.95603)
subcontact = (1.55484,0.500022,4.71588) 2073.36 (-151.73,-0.261266,-462.511) 67 -0.000995212 (0.000255273,4.51459e-07,0.000801433) 49760.6 11682.3 0.0416667
face centroid = (1.62733,0.250021,4.95603)
subcontact = (1.70247,0.50002,5.19359) 2405.9 (-73.8465,0.10787,-225.069) 66 -0.00230966 (0.000248465,-3.72807e-07,0.000779998) 115483 11370 0.0208333
face centroid = (1.62733,0.250021,4.95603)
subcontact = (1.70246,1.9728e-05,5.19359) 4813.02 (-147.541,0.215739,-449.681) 65 -0.00231025 (0.000248211,-3.72805e-07,0.000779206) 115512 11358.4 0.0416667
face centroid = (1.62733,0.250021,4.95603)
contact = 9 1 9 8 (0.824996,0.250022,5.13518) (0.989024,3.17513e-07,-0.147753)
subcontact = (0.860439,2.12229e-05,5.38292) 2936.15 (-22.6916,0.156967,-140.283) 64 -0.00281872 (7.54937e-05,-5.42486e-07,0.000485277) 140938 6821.23 0.020833
face centroid = (0.826351,0.250022,5.13472)
subcontact = (0.86044,0.500021,5.38292) 5871.05 (-45.5102,0.313937,-281.342) 63 -0.00281811 (7.57038e-05,-5.42493e-07,0.000486619) 140907 6840.1 0.041666
face centroid = (0.826351,0.250022,5.13472)
subcontact = (0.789362,0.500023,4.888) 281.433 (-19.0556,-0.179574,-118.541) 62 -0.000270172 (8.02642e-05,8.06843e-07,0.000516088) 13509 5763.12 0.020833
face centroid = (0.826351,0.250022,5.13472)
subcontact = (0.789361,2.28785e-05,4.888) 564.119 (-38.1579,-0.360496,-237.358) 61 -0.000270774 (8.00541e-05,8.0685e-07,0.000514746) 13539.1 5769.82 0.041666
face centroid = (0.826351,0.250022,5.13472)
subcontact = (0.789552,2.20699e-05,4.88744) 281.584 (-18.9998,-0.179757,-118.2) 60 -0.00027032 (8.00569e-05,8.07469e-07,0.000514764) 13516.1 5746.45 0.0208333
face centroid = (0.824901,0.250022,5.13546)
subcontact = (0.789552,0.500022,4.88744) 561.915 (-37.9526,-0.358151,-236.123) 59 -0.000269718 (8.0267e-05,8.07464e-07,0.000516107) 13486 5739.7 0.0416667
face centroid = (0.824901,0.250022,5.13546)
subcontact = (0.863151,0.500022,5.382) 2935.07 (-22.7562,0.156796,-140.678) 58 -0.00281767 (7.57066e-05,-5.41885e-07,0.000486637) 140884 6840.32 0.0208333
face centroid = (0.824901,0.250022,5.13546)
subcontact = (0.863151,2.17638e-05,5.382) 5871.4 (-45.3853,0.313589,-280.58) 57 -0.00281827 (7.54965e-05,-5.4188e-07,0.000485295) 140914 6821.45 0.0416667
face centroid = (0.824901,0.250022,5.13546)
contact = 10 1 10 9 (0.00309456,0.250022,5.3167) (0.999989,9.17784e-08,-0.00462899)
subcontact = (0.00216583,2.24747e-05,5.44167) 3139.07 (-0.106568,-0.0221715,19.1949) 56 -0.00301352 (3.06497e-08,7.66272e-08,-6.63297e-05) 150690 921.458 0.0208313
face centroid = (0.00292045,0.250021,5.19174)
subcontact = (0.00216626,0.500022,5.44167) 6277.44 (-0.215627,-0.0443368,37.141) 55 -0.00301318 (3.77964e-08,7.66165e-08,-6.41718e-05) 150673 891.486 0.0416626
face centroid = (0.00292045,0.250021,5.19174)
subcontact = (0.00683888,0.500023,4.94169) 0 (0,0,0) 54 0.0061793 (1.88828e-07,2.22796e-06,-3.11358e-05) 0 0 0.0208313
face centroid = (0.00292045,0.250021,5.19174)
subcontact = (0.00683845,2.27161e-05,4.94169) 0 (0,0,0) 53 0.00617896 (1.81681e-07,2.22797e-06,-3.32937e-05) 0 0 0.0416626
face centroid = (0.00292045,0.250021,5.19174)
subcontact = (0.000660376,2.04884e-05,4.94175) 0 (0,0,0) 52 0.00617677 (1.8164e-07,2.22717e-06,-3.33029e-05) 0 0 0.0208331
face centroid = (0.00450235,0.250023,5.19168)
subcontact = (0.000660447,0.50002,4.94175) 0 (0,0,0) 51 0.00617714 (1.88787e-07,2.22717e-06,-3.11449e-05) 0 0 0.0416663
face centroid = (0.00450235,0.250023,5.19168)
subcontact = (0.00518052,0.500022,5.44173) 3141.31 (-0.10781,-0.0219331,18.5717) 50 -0.00301566 (3.77479e-08,7.58002e-08,-6.41827e-05) 150784 891.467 0.0208331
face centroid = (0.00450235,0.250023,5.19168)
subcontact = (0.00518045,2.23982e-05,5.44173) 6283.38 (-0.213129,-0.0438698,38.3923) 49 -0.00301603 (3.06005e-08,7.58066e-08,-6.63407e-05) 150803 921.439 0.0416663
face centroid = (0.00450235,0.250023,5.19168)
contact = 11 1 11 10 (-0.818808,0.250021,5.13481) (0.989816,1.39674e-07,0.142351)
subcontact = (-0.855786,2.22906e-05,5.3818) 2923.38 (-23.0404,0.0399993,139.062) 48 -0.00280645 (7.44913e-05,-1.38235e-07,-0.00048142) 140324 6766.05 0.0208331
face centroid = (-0.817457,0.250021,5.13526)
subcontact = (-0.855786,0.500022,5.3818) 5845.6 (-46.0486,0.0799986,277.924) 47 -0.00280589 (7.44386e-05,-1.38235e-07,-0.000481075) 140296 6761.19 0.0416661
face centroid = (-0.817457,0.250021,5.13526)
subcontact = (-0.782036,0.50002,4.88726) 295.595 (-24.0529,-0.0622738,145.464) 46 -0.000283769 (7.78356e-05,2.15224e-07,-0.000503572) 14188.7 7077.19 0.0208331
face centroid = (-0.817457,0.250021,5.13526)
subcontact = (-0.782036,2.03906e-05,4.88727) 592.353 (-48.1381,-0.124548,291.128) 45 -0.000284327 (7.78883e-05,2.15224e-07,-0.000503917) 14216.7 7082.04 0.0416661
face centroid = (-0.817457,0.250021,5.13526)
subcontact = (-0.78183,2.01782e-05,4.88782) 297.144 (-24.0683,-0.0622192,145.559) 44 -0.000285257 (7.78858e-05,2.15032e-07,-0.0005039) 14262.9 7081.7 0.0208333
face centroid = (-0.818911,0.250021,5.13453)
subcontact = (-0.78183,0.50002,4.88782) 593.124 (-48.1043,-0.124438,290.918) 43 -0.000284698 (7.78331e-05,2.15032e-07,-0.000503555) 14235 7076.85 0.0416667
face centroid = (-0.818911,0.250021,5.13453)
subcontact = (-0.853084,0.500022,5.38271) 2923.76 (-23.0235,0.0400561,138.957) 42 -0.00280682 (7.44361e-05,-1.38431e-07,-0.000481058) 140341 6760.86 0.0208333
face centroid = (-0.818911,0.250021,5.13453)
subcontact = (-0.853084,2.24314e-05,5.38271) 5848.69 (-46.0793,0.0801121,278.113) 41 -0.00280738 (7.44888e-05,-1.38431e-07,-0.000481403) 140369 6765.71 0.0416667
face centroid = (-0.818911,0.250021,5.13453)
contact = 12 1 12 11 (-1.62079,0.25002,4.95482) (0.956188,5.51323e-07,0.292752)
subcontact = (-1.69504,2.08165e-05,5.19308) 2383.05 (-77.478,0.0179498,233.873) 40 -0.00228773 (0.000258534,-6.20264e-08,-0.000811269) 114387 11825.9 0.0208332
face centroid = (-1.61982,0.25002,4.95558)
subcontact = (-1.69504,0.500021,5.19308) 4765.08 (-154.919,0.0358994,467.636) 39 -0.00228724 (0.000258473,-6.2026e-08,-0.000811078) 114362 11823.1 0.0416665
face centroid = (-1.61982,0.25002,4.95558)
subcontact = (-1.54725,0.500019,4.71542) 1063.87 (-78.9156,-0.0416664,238.294) 38 -0.00102132 (0.00026337,1.44011e-07,-0.000826593) 51066.2 12049.1 0.0208332
face centroid = (-1.61982,0.25002,4.95558)
subcontact = (-1.54725,1.87101e-05,4.71542) 2128.77 (-157.868,-0.0833326,476.699) 37 -0.00102181 (0.000263432,1.4401e-07,-0.000826784) 51090.6 12051.9 0.0416665
face centroid = (-1.61982,0.25002,4.95558)
subcontact = (-1.54653,1.85705e-05,4.71657) 1064.95 (-78.9322,-0.0416217,238.344) 36 -0.00102236 (0.000263426,1.43854e-07,-0.000826766) 51117.8 12051.6 0.0208333
face centroid = (-1.62114,0.25002,4.95425)
subcontact = (-1.54653,0.500019,4.71656) 2128.89 (-157.828,-0.0832435,476.578) 35 -0.00102187 (0.000263365,1.43854e-07,-0.000826575) 51093.3 12048.8 0.0416667
face centroid = (-1.62114,0.25002,4.95425)
subcontact = (-1.69312,0.500021,5.19459) 2383.11 (-77.4579,0.0179952,233.812) 34 -0.00228779 (0.000258467,-6.2184e-08,-0.00081106) 114389 11822.8 0.0208333
face centroid = (-1.62114,0.25002,4.95425)
subcontact = (-1.69312,2.0883e-05,5.1946) 4767.23 (-154.952,0.0359906,467.735) 33 -0.00228828 (0.000258528,-6.21843e-08,-0.000811252) 114414 11825.6 0.0416667
face centroid = (-1.62114,0.25002,4.95425)
contact = 13 1 13 12 (-2.3856,0.250017,4.65384) (0.897958,1.50823e-06,0.440081)
subcontact = (-2.49585,1.78381e-05,4.87761) 1623.16 (-139.563,-0.0034652,272.179) 32 -0.00155824 (0.000473793,1.19983e-08,-0.000944988) 77911.9 14682 0.0208333
face centroid = (-2.3849,0.250017,4.65478)
subcontact = (-2.49585,0.500018,4.87761) 3245.53 (-279.107,-0.00693081,544.322) 31 -0.00155786 (0.000473761,1.1999e-08,-0.000944925) 77892.9 14681 0.0416666
face centroid = (-2.3849,0.250017,4.65478)
subcontact = (-2.27629,0.500016,4.4284) 2185.97 (-139.53,-0.0240613,272.084) 30 -0.00209854 (0.00047366,8.31771e-08,-0.00094467) 104927 14677.2 0.0208333
face centroid = (-2.3849,0.250017,4.65478)
subcontact = (-2.27629,1.58024e-05,4.4284) 4372.74 (-279.079,-0.0481222,544.205) 29 -0.00209892 (0.000473692,8.31764e-08,-0.000944734) 104946 14678.2 0.0416666
face centroid = (-2.3849,0.250017,4.65478)
subcontact = (-2.27488,1.57239e-05,4.4303) 2184.93 (-139.54,-0.024059,272.104) 28 -0.00209754 (0.000473694,8.31697e-08,-0.000944738) 104877 14678.3 0.0208333
face centroid = (-2.38607,0.250017,4.65301)
subcontact = (-2.27488,0.500016,4.43029) 4369.07 (-279.061,-0.0481182,544.171) 27 -0.00209716 (0.000473662,8.317e-08,-0.000944675) 104858 14677.3 0.0416667
face centroid = (-2.38607,0.250017,4.65301)
subcontact = (-2.49493,0.500018,4.87927) 1621.32 (-139.554,-0.00346363,272.162) 26 -0.00155647 (0.000473763,1.19926e-08,-0.000944929) 77823.5 14681.1 0.0208333
face centroid = (-2.38607,0.250017,4.65301)
subcontact = (-2.49493,1.78308e-05,4.87927) 3243.44 (-279.127,-0.00692704,544.361) 25 -0.00155686 (0.000473795,1.19922e-08,-0.000944992) 77842.6 14682.1 0.0416667
face centroid = (-2.38607,0.250017,4.65301)
contact = 14 1 14 13 (-3.23698,0.500013,4.44166) (0.81805,5.72234e-06,0.575147)
subcontact = (-3.23771,1.3563e-05,4.43981) 819.869 (-184.088,-0.0250919,249.332) 24 -0.000787072 (0.000626157,8.66439e-08,-0.000868999) 39353.7 14876.5 0.0208333
face centroid = (-3.09287,0.250013,4.23737)
subcontact = (-3.23771,0.500014,4.43981) 1639.22 (-368.177,-0.0501808,498.67) 23 -0.000786825 (0.000626161,8.66386e-08,-0.000869009) 39341.3 14876.6 0.0416667
face centroid = (-3.09287,0.250013,4.23737)
subcontact = (-2.95014,0.500012,4.03079) 3468.82 (-180.864,-0.0211885,244.882) 22 -0.00333008 (0.000615125,7.31568e-08,-0.000853542) 166503 14612.7 0.0208333
face centroid = (-3.09287,0.250013,4.23737)
subcontact = (-2.95014,1.18441e-05,4.03079) 6938.15 (-361.726,-0.0423801,489.758) 21 -0.00333032 (0.000615121,7.31621e-08,-0.000853532) 166516 14612.6 0.0416667
face centroid = (-3.09287,0.250013,4.23737)
subcontact = (-2.94805,1.17812e-05,4.0336) 3465 (-180.869,-0.021213,244.887) 20 -0.0033264 (0.000615141,7.32351e-08,-0.00085356) 166322 14613.3 0.0208331
face centroid = (-3.09393,0.250013,4.2353)
subcontact = (-2.94805,0.500012,4.03359) 6929.48 (-361.74,-0.0424226,489.781) 19 -0.00332615 (0.000615145,7.32293e-08,-0.00085357) 166310 14613.4 0.0416661
face centroid = (-3.09393,0.250013,4.2353)
subcontact = (-3.2377,0.500013,4.44115) 815.512 (-184.094,-0.0251095,249.343) 18 -0.000782893 (0.000626182,8.67049e-08,-0.000869037) 39145.1 14877.3 0.0208331
face centroid = (-3.09393,0.250013,4.2353)
subcontact = (-3.2377,1.34779e-05,4.44115) 1631.54 (-368.188,-0.0502224,498.68) 17 -0.00078314 (0.000626177,8.67107e-08,-0.000869027) 39157.4 14877.2 0.0416661
face centroid = (-3.09393,0.250013,4.2353)
contact = 15 7 15 14 (-3.71231,0.25,3.71231) (0.707107,0,0.707107)
contact = 16 1 16 15 (-4.06415,2.09942e-06,2.94115) (0.596206,6.50739e-06,0.802831)
subcontact = (-4.46712,2.80929e-06,3.23716) 0 (0,0,0) 16 0.00326511 (0.000321621,8.44449e-07,-0.000235125) 0 0 0.0208333
face centroid = (-4.26618,0.250002,3.08914)
subcontact = (-4.46712,0.500003,3.23716) 0 (0,0,0) 15 0.00326224 (0.000322127,8.4444e-07,-0.000235508) 0 0 0.0416667
face centroid = (-4.26618,0.250002,3.08914)
subcontact = (-4.06571,0.500002,2.93905) 5440.54 (-100.325,-0.0569711,72.3376) 14 -0.00522294 (0.000344891,1.96945e-07,-0.000252384) 261146 5936.83 0.0208333
face centroid = (-4.26618,0.250002,3.08914)
subcontact = (-4.0657,2.08244e-06,2.93906) 10875.1 (-200.358,-0.113947,144.451) 13 -0.00522006 (0.000344385,1.96954e-07,-0.000252001) 261002 5928.03 0.0416667
face centroid = (-4.26618,0.250002,3.08914)
subcontact = (-4.06297,1.88542e-06,2.94352) 5429.21 (-100.17,-0.0573446,72.219) 12 -0.00521211 (0.000344359,1.98244e-07,-0.000251982) 260640 5928.34 0.0208303
face centroid = (-4.26641,0.250002,3.08811)
subcontact = (-4.06297,0.500002,2.94352) 10864.4 (-200.631,-0.114684,144.662) 11 -0.00521498 (0.000344865,1.98234e-07,-0.000252364) 260783 5937.15 0.0416607
face centroid = (-4.26641,0.250002,3.08811)
subcontact = (-4.46939,0.500002,3.23477) 0 (0,0,0) 10 0.00326982 (0.000322103,8.4557e-07,-0.00023549) 0 0 0.0208303
face centroid = (-4.26641,0.250002,3.08811)
subcontact = (-4.46939,1.96664e-06,3.23477) 0 (0,0,0) 9 0.0032727 (0.000321597,8.4558e-07,-0.000235107) 0 0 0.0416607
face centroid = (-4.26641,0.250002,3.08811)
contact = 17 7 17 16 (-4.67778,0.25,2.38345) (0.45399,0,0.891007)
contact = 18 7 18 17 (-4.99305,0.25,1.62234) (0.309017,0,0.951057)
contact = 19 1 19 18 (-5.18752,0.25,0.819077) (0.156434,0,0.987688)
subcontact = (-5.43659,-1.22269e-08,0.855981) 5241.37 (1015.69,0.00346596,-163.541) 8 -0.00503172 (-0.00351093,-1.19802e-08,0.000560695) 251591 49381.9 0.0208329
face centroid = (-5.18536,0.25,0.821281)
subcontact = (-5.43659,0.5,0.855981) 10483.5 (2031.43,0.00693199,-327.09) 7 -0.0050321 (-0.00351103,-1.19803e-08,0.000560709) 251610 49383.3 0.0416658
face centroid = (-5.18536,0.25,0.821281)
subcontact = (-4.94224,0.5,0.780986) 1844.96 (1019.02,-0.0249485,-164.07) 6 -0.00177116 (-0.00352245,8.62244e-08,0.00056252) 88560.1 49543.9 0.0208329
face centroid = (-5.18536,0.25,0.821281)
subcontact = (-4.94224,8.64485e-08,0.780986) 3689.15 (2037.98,-0.0498971,-328.131) 5 -0.00177079 (-0.00352235,8.62245e-08,0.000562506) 88541.4 49542.6 0.0416658
face centroid = (-5.18536,0.25,0.821281)
subcontact = (-4.93844,0,0.782172) 1824.01 (1019.01,-0.0252572,-164.069) 4 -0.00175106 (-0.00352242,8.72851e-08,0.000562517) 87552.7 49542.6 0.0208333
face centroid = (-5.18942,0.25,0.818484)
subcontact = (-4.93844,0.5,0.782172) 3648.81 (2038.08,-0.0505144,-328.146) 3 -0.00175143 (-0.00352252,8.72849e-08,0.000562531) 87571.4 49543.9 0.0416667
face centroid = (-5.18942,0.25,0.818484)
subcontact = (-5.43229,0.5,0.86039) 5221.23 (1015.74,0.00315982,-163.549) 2 -0.00501238 (-0.0035111,-1.09242e-08,0.00056072) 250619 49383.3 0.0208333
face centroid = (-5.18942,0.25,0.818484)
subcontact = (-5.43229,0,0.86039) 10441.7 (2031.42,0.00631953,-327.089) 1 -0.00501201 (-0.003511,-1.0924e-08,0.000560706) 250600 49381.9 0.0416667
face centroid = (-5.18942,0.25,0.818484)
3dec>log off
**********************************************
* Logging ended at Wed Mar 13 14:44:47 2024
**********************************************
**********************************************
* Logging started at Wed Mar 13 14:45:04 2024
* By 3dec Version 7.00 Release 159
* 
* 
* Job Title: 
**********************************************
3dec>log-file 'Displacement_step_1_distance_0.001m.txt'
**********************************************
* Logging ended at Wed Mar 13 14:45:04 2024
**********************************************
**********************************************
* Logging started at Wed Mar 13 14:45:05 2024
* By 3dec Version 7.00 Release 159
* 
* 
* Job Title: 
**********************************************
3dec>@contacts_output
contact = 1 1 1 0 (5.31089,0.250006,0.839969) (0.149411,-4.6716e-07,-0.988775)
subcontact = (5.43229,0,0.86092) 5369.93 (1042.66,0.180052,169.219) 112 -0.00515515 (-0.00360661,-6.22271e-07,-0.000565143) 257763 50704 0.0208328
face centroid = (5.1895,0.25,0.819018)
subcontact = (5.43229,0.5,0.86092) 10740.3 (2084.58,0.360103,338.308) 111 -0.00515538 (-0.00360533,-6.22268e-07,-0.000564933) 257775 50685.9 0.0416656
face centroid = (5.1895,0.25,0.819018)
subcontact = (4.93844,0.5,0.782702) 1668.6 (1042.53,-0.198956,169.193) 110 -0.00160184 (-0.00360615,6.87562e-07,-0.000565062) 80094.7 50697.5 0.0208328
face centroid = (5.1895,0.25,0.819018)
subcontact = (4.93844,0,0.782702) 3336.71 (2085.8,-0.397911,338.516) 109 -0.00160161 (-0.00360744,6.8756e-07,-0.000565272) 80083.1 50715.6 0.0416656
face centroid = (5.1895,0.25,0.819018)
subcontact = (4.94231,-6.8593e-07,0.781666) 1689.95 (1042.9,-0.19848,169.258) 108 -0.00162236 (-0.00360744,6.85929e-07,-0.000565272) 81117.7 50714.4 0.0208333
face centroid = (5.18536,0.25,0.821811)
subcontact = (4.9423,0.499999,0.781665) 3380.36 (2085.06,-0.396961,338.386) 107 -0.00162258 (-0.00360615,6.85931e-07,-0.000565062) 81128.6 50696.3 0.0416667
face centroid = (5.18536,0.25,0.821811)
subcontact = (5.43669,0.500001,0.856371) 5391.81 (1042.29,0.180515,169.154) 106 -0.00517614 (-0.00360532,-6.23879e-07,-0.000564932) 258807 50684.7 0.0208333
face centroid = (5.18536,0.25,0.821811)
subcontact = (5.43669,6.23882e-07,0.856371) 10783.2 (2085.33,0.361031,338.439) 105 -0.00517592 (-0.00360661,-6.23881e-07,-0.000565143) 258796 50702.8 0.0416667
face centroid = (5.18536,0.25,0.821811)
contact = 2 7 2 1 (4.99305,0.25,1.62234) (0.309017,0,-0.951057)
contact = 3 7 3 2 (4.67778,0.25,2.38345) (0.45399,0,-0.891007)
contact = 4 1 4 3 (4.26757,0.250009,3.09013) (0.590624,-0.00170896,-0.806945)
subcontact = (4.47089,2.19985e-07,3.23572) 110.865 (-31.9119,2.21217,-22.1569) 104 -0.000106405 (0.00010929,-7.64527e-06,7.79263e-05) 5321.82 1867.91 0.0208321
face centroid = (4.26901,0.250015,3.08803)
subcontact = (4.47089,0.5,3.23572) 221.37 (-58.6012,4.42418,-40.4913) 103 -0.000106232 (0.000100265,-7.64499e-06,7.13209e-05) 5313.18 1712.9 0.0416643
face centroid = (4.26901,0.250015,3.08803)
subcontact = (4.0643,0.499999,2.94471) 5313.82 (-34.3943,7.03949,-23.9919) 102 -0.00510131 (0.000117876,-2.43288e-05,8.42597e-05) 255078 2041.18 0.0208321
face centroid = (4.26901,0.250015,3.08803)
subcontact = (4.0643,-1.05311e-06,2.94471) 10628 (-74.0112,14.0791,-51.8063) 101 -0.00510149 (0.000126901,-2.43291e-05,9.08651e-05) 255087 2194.49 0.0416643
face centroid = (4.26901,0.250015,3.08803)
subcontact = (4.06718,1.95905e-05,2.9405) 5318.18 (-37.0063,7.04385,-25.9037) 100 -0.00510546 (0.000126913,-2.43436e-05,9.08737e-05) 255273 2194.44 0.0208333
face centroid = (4.26759,0.25,3.09022)
subcontact = (4.06719,0.50002,2.94051) 10635.9 (-68.7898,14.0874,-47.9847) 99 -0.00510525 (0.000117888,-2.43431e-05,8.4268e-05) 255262 2041.14 0.0416666
face centroid = (4.26759,0.25,3.09022)
subcontact = (4.47085,0.50001,3.23556) 114.69 (-29.3009,2.21614,-20.2458) 98 -0.000110102 (0.000100276,-7.65898e-06,7.13289e-05) 5505.14 1712.83 0.0208333
face centroid = (4.26759,0.25,3.09022)
subcontact = (4.47084,9.67596e-06,3.23556) 229.833 (-63.8246,4.43254,-44.3144) 97 -0.000110319 (0.000109301,-7.65945e-06,7.79345e-05) 5516.01 1867.84 0.0416666
face centroid = (4.26759,0.25,3.09022)
contact = 5 1 5 4 (3.90637,1.28194e-05,3.89089) (0.71499,-1.07237e-06,-0.699135)
subcontact = (3.90844,1.00416e-05,3.89021) 243.533 (-117.041,0.527993,-116.392) 96 -0.000233778 (0.00066822,-2.77045e-06,0.000673255) 11690 7923.32 0.0208326
face centroid = (3.73316,0.250015,3.71061)
subcontact = (3.90845,0.50001,3.89021) 485.948 (-233.237,1.05167,-231.982) 95 -0.000233242 (0.000671472,-2.77051e-06,0.000676569) 11663.2 7895.37 0.0416652
face centroid = (3.73316,0.250015,3.71061)
subcontact = (3.55592,0.50002,3.53564) 4580.54 (-195.584,-0.545162,-194.189) 94 -0.00439735 (0.000670966,1.88406e-06,0.000676108) 219874 13229.9 0.0208326
face centroid = (3.73316,0.250015,3.71061)
subcontact = (3.55591,1.99228e-05,3.53564) 9162.2 (-389.282,-1.09036,-386.465) 93 -0.00439788 (0.000667713,1.88412e-06,0.000672795) 219900 13165.4 0.0416652
face centroid = (3.73316,0.250015,3.71061)
subcontact = (3.55837,1.80495e-05,3.53186) 4587.22 (-194.642,-0.54718,-193.234) 92 -0.00440374 (0.000667714,1.891e-06,0.000672796) 220187 13165.1 0.0208333
face centroid = (3.73218,0.250015,3.71292)
subcontact = (3.55837,0.500018,3.53187) 9173.35 (-391.17,-1.09433,-388.382) 91 -0.00440321 (0.000670967,1.89096e-06,0.000676109) 220160 13229.5 0.0416667
face centroid = (3.73218,0.250015,3.71292)
subcontact = (3.90794,0.500013,3.88936) 249.033 (-119.655,0.531199,-118.992) 90 -0.000239073 (0.000671473,-2.76372e-06,0.00067657) 11953.6 8100.01 0.0208333
face centroid = (3.73218,0.250015,3.71292)
subcontact = (3.90794,1.2817e-05,3.88936) 499.163 (-240.144,1.06674,-238.774) 89 -0.000239599 (0.000668221,-2.76368e-06,0.000673256) 11979.9 8127.58 0.0416667
face centroid = (3.73218,0.250015,3.71292)
contact = 6 1 6 5 (3.24414,1.49943e-05,4.44206) (0.818391,-1.68971e-06,-0.574662)
subcontact = (3.24543,1.44483e-05,4.44247) 856.811 (-181.073,0.1644,-246.463) 88 -0.00082254 (0.000616632,-5.68338e-07,0.000858446) 41127.4 14680 0.0208331
face centroid = (3.10181,0.250017,4.23652)
subcontact = (3.24543,0.500014,4.44247) 1712.53 (-362.533,0.328798,-493.444) 87 -0.000822016 (0.000617286,-5.68336e-07,0.000859351) 41101.2 14695.5 0.0416662
face centroid = (3.10181,0.250017,4.23652)
subcontact = (2.95609,0.50002,4.0347) 3416.52 (-179.971,-0.178609,-244.918) 86 -0.00327987 (0.000612843,6.17104e-07,0.000853093) 163995 14588.9 0.0208331
face centroid = (3.10181,0.250017,4.23652)
subcontact = (2.95609,1.95325e-05,4.03469) 6834.13 (-359.556,-0.357217,-489.318) 85 -0.00328039 (0.000612188,6.17102e-07,0.000852189) 164021 14573.4 0.0416662
face centroid = (3.10181,0.250017,4.23652)
subcontact = (2.95815,1.89594e-05,4.03192) 3421.76 (-179.775,-0.178923,-244.656) 84 -0.0032849 (0.00061218,6.18198e-07,0.000852177) 164245 14573 0.0208333
face centroid = (3.10076,0.250017,4.23858)
subcontact = (2.95815,0.500019,4.03192) 6842.44 (-359.937,-0.357846,-489.829) 83 -0.00328438 (0.000612834,6.182e-07,0.000853081) 164219 14588.5 0.0416667
face centroid = (3.10076,0.250017,4.23858)
subcontact = (3.24548,0.500015,4.44112) 860.969 (-181.264,0.164085,-246.718) 82 -0.00082653 (0.000617278,-5.6724e-07,0.000859339) 41326.5 14695.1 0.0208333
face centroid = (3.10076,0.250017,4.23858)
subcontact = (3.24548,1.49915e-05,4.44112) 1723.02 (-362.141,0.328171,-492.919) 81 -0.000827049 (0.000616623,-5.67242e-07,0.000858434) 41352.4 14679.6 0.0416667
face centroid = (3.10076,0.250017,4.23858)
contact = 7 1 7 6 (2.39302,0.250019,4.65475) (0.898631,1.77649e-06,-0.438705)
subcontact = (2.50243,1.69827e-05,4.88013) 1656.09 (-138.986,0.130244,-270.028) 80 -0.00158985 (0.000470428,-4.50125e-07,0.000938265) 79492.4 14577.5 0.0208333
face centroid = (2.39371,0.250019,4.65381)
subcontact = (2.50243,0.500017,4.88014) 3311.01 (-278.24,0.260489,-540.569) 79 -0.00158929 (0.000470878,-4.50127e-07,0.000939158) 79464.4 14591.4 0.0416666
face centroid = (2.39371,0.250019,4.65381)
subcontact = (2.28265,0.500021,4.43103) 2146.64 (-140.041,-0.15851,-272.062) 78 -0.00206078 (0.000473988,5.47814e-07,0.00094534) 103039 14687.5 0.0208333
face centroid = (2.39371,0.250019,4.65381)
subcontact = (2.28265,2.07696e-05,4.43103) 4294.45 (-279.815,-0.317021,-543.612) 77 -0.00206134 (0.000473538,5.47816e-07,0.000944447) 103067 14673.6 0.0416666
face centroid = (2.39371,0.250019,4.65381)
subcontact = (2.28403,2.02247e-05,4.42915) 2149.26 (-139.908,-0.158757,-271.808) 76 -0.0020633 (0.000473541,5.48664e-07,0.000944453) 103165 14673.7 0.0208333
face centroid = (2.39254,0.250019,4.65558)
subcontact = (2.28403,0.50002,4.42915) 4297.37 (-280.084,-0.317512,-544.129) 75 -0.00206274 (0.000473991,5.48661e-07,0.000945346) 103137 14687.6 0.0416667
face centroid = (2.39254,0.250019,4.65558)
subcontact = (2.50339,0.500017,4.87847) 1657.55 (-139.121,0.13,-270.286) 74 -0.00159125 (0.000470881,-4.49283e-07,0.000939163) 79562.3 14591.5 0.0208333
face centroid = (2.39254,0.250019,4.65558)
subcontact = (2.50338,1.74345e-05,4.87846) 3316.26 (-277.974,0.26,-540.059) 73 -0.00159181 (0.000470431,-4.4928e-07,0.000938271) 79590.2 14577.6 0.0416667
face centroid = (2.39254,0.250019,4.65558)
contact = 8 1 8 7 (1.62767,0.250021,4.95548) (0.955417,2.48082e-07,-0.295259)
subcontact = (1.70051,1.93548e-05,5.19508) 2406.52 (-73.7684,0.108024,-224.834) 72 -0.00231026 (0.000248204,-3.73335e-07,0.000779185) 115513 11358.1 0.0208333
face centroid = (1.62865,0.250021,4.95473)
subcontact = (1.70051,0.500019,5.19508) 4811.82 (-147.689,0.216049,-450.124) 71 -0.00230968 (0.000248458,-3.73338e-07,0.000779977) 115484 11369.6 0.0416665
face centroid = (1.62865,0.250021,4.95473)
subcontact = (1.55414,0.500022,4.71699) 1036.69 (-75.8628,-0.130477,-231.248) 70 -0.000995228 (0.000255267,4.50925e-07,0.000801411) 49761.5 11682 0.0208333
face centroid = (1.62865,0.250021,4.95473)
subcontact = (1.55414,2.19704e-05,4.71698) 2074.61 (-151.574,-0.260955,-462.04) 69 -0.000995814 (0.000255013,4.50928e-07,0.000800619) 49790.8 11670.5 0.0416665
face centroid = (1.62865,0.250021,4.95473)
subcontact = (1.55484,2.15196e-05,4.71588) 1037.29 (-75.7892,-0.130634,-231.027) 68 -0.000995798 (0.000255019,4.51461e-07,0.000800641) 49789.9 11670.8 0.0208333
face centroid = (1.62733,0.250021,4.95603)
subcontact = (1.55484,0.500022,4.71588) 2073.36 (-151.73,-0.261266,-462.511) 67 -0.000995212 (0.000255273,4.51459e-07,0.000801433) 49760.6 11682.3 0.0416667
face centroid = (1.62733,0.250021,4.95603)
subcontact = (1.70247,0.50002,5.19359) 2405.9 (-73.8465,0.10787,-225.069) 66 -0.00230966 (0.000248465,-3.72807e-07,0.000779998) 115483 11370 0.0208333
face centroid = (1.62733,0.250021,4.95603)
subcontact = (1.70246,1.9728e-05,5.19359) 4813.02 (-147.541,0.215739,-449.681) 65 -0.00231025 (0.000248211,-3.72805e-07,0.000779206) 115512 11358.4 0.0416667
face centroid = (1.62733,0.250021,4.95603)
contact = 9 1 9 8 (0.824996,0.250022,5.13518) (0.989024,3.17513e-07,-0.147753)
subcontact = (0.860439,2.12229e-05,5.38292) 2936.15 (-22.6916,0.156967,-140.283) 64 -0.00281872 (7.54937e-05,-5.42486e-07,0.000485277) 140938 6821.23 0.020833
face centroid = (0.826351,0.250022,5.13472)
subcontact = (0.86044,0.500021,5.38292) 5871.05 (-45.5102,0.313937,-281.342) 63 -0.00281811 (7.57038e-05,-5.42493e-07,0.000486619) 140907 6840.1 0.041666
face centroid = (0.826351,0.250022,5.13472)
subcontact = (0.789362,0.500023,4.888) 281.433 (-19.0556,-0.179574,-118.541) 62 -0.000270172 (8.02642e-05,8.06843e-07,0.000516088) 13509 5763.12 0.020833
face centroid = (0.826351,0.250022,5.13472)
subcontact = (0.789361,2.28785e-05,4.888) 564.119 (-38.1579,-0.360496,-237.358) 61 -0.000270774 (8.00541e-05,8.0685e-07,0.000514746) 13539.1 5769.82 0.041666
face centroid = (0.826351,0.250022,5.13472)
subcontact = (0.789552,2.20699e-05,4.88744) 281.584 (-18.9998,-0.179757,-118.2) 60 -0.00027032 (8.00569e-05,8.07469e-07,0.000514764) 13516.1 5746.45 0.0208333
face centroid = (0.824901,0.250022,5.13546)
subcontact = (0.789552,0.500022,4.88744) 561.915 (-37.9526,-0.358151,-236.123) 59 -0.000269718 (8.0267e-05,8.07464e-07,0.000516107) 13486 5739.7 0.0416667
face centroid = (0.824901,0.250022,5.13546)
subcontact = (0.863151,0.500022,5.382) 2935.07 (-22.7562,0.156796,-140.678) 58 -0.00281767 (7.57066e-05,-5.41885e-07,0.000486637) 140884 6840.32 0.0208333
face centroid = (0.824901,0.250022,5.13546)
subcontact = (0.863151,2.17638e-05,5.382) 5871.4 (-45.3853,0.313589,-280.58) 57 -0.00281827 (7.54965e-05,-5.4188e-07,0.000485295) 140914 6821.45 0.0416667
face centroid = (0.824901,0.250022,5.13546)
contact = 10 1 10 9 (0.00309456,0.250022,5.3167) (0.999989,9.17784e-08,-0.00462899)
subcontact = (0.00216583,2.24747e-05,5.44167) 3139.07 (-0.106568,-0.0221715,19.1949) 56 -0.00301352 (3.06497e-08,7.66272e-08,-6.63297e-05) 150690 921.458 0.0208313
face centroid = (0.00292045,0.250021,5.19174)
subcontact = (0.00216626,0.500022,5.44167) 6277.44 (-0.215627,-0.0443368,37.141) 55 -0.00301318 (3.77964e-08,7.66165e-08,-6.41718e-05) 150673 891.486 0.0416626
face centroid = (0.00292045,0.250021,5.19174)
subcontact = (0.00683888,0.500023,4.94169) 0 (0,0,0) 54 0.0061793 (1.88828e-07,2.22796e-06,-3.11358e-05) 0 0 0.0208313
face centroid = (0.00292045,0.250021,5.19174)
subcontact = (0.00683845,2.27161e-05,4.94169) 0 (0,0,0) 53 0.00617896 (1.81681e-07,2.22797e-06,-3.32937e-05) 0 0 0.0416626
face centroid = (0.00292045,0.250021,5.19174)
subcontact = (0.000660376,2.04884e-05,4.94175) 0 (0,0,0) 52 0.00617677 (1.8164e-07,2.22717e-06,-3.33029e-05) 0 0 0.0208331
face centroid = (0.00450235,0.250023,5.19168)
subcontact = (0.000660447,0.50002,4.94175) 0 (0,0,0) 51 0.00617714 (1.88787e-07,2.22717e-06,-3.11449e-05) 0 0 0.0416663
face centroid = (0.00450235,0.250023,5.19168)
subcontact = (0.00518052,0.500022,5.44173) 3141.31 (-0.10781,-0.0219331,18.5717) 50 -0.00301566 (3.77479e-08,7.58002e-08,-6.41827e-05) 150784 891.467 0.0208331
face centroid = (0.00450235,0.250023,5.19168)
subcontact = (0.00518045,2.23982e-05,5.44173) 6283.38 (-0.213129,-0.0438698,38.3923) 49 -0.00301603 (3.06005e-08,7.58066e-08,-6.63407e-05) 150803 921.439 0.0416663
face centroid = (0.00450235,0.250023,5.19168)
contact = 11 1 11 10 (-0.818808,0.250021,5.13481) (0.989816,1.39674e-07,0.142351)
subcontact = (-0.855786,2.22906e-05,5.3818) 2923.38 (-23.0404,0.0399993,139.062) 48 -0.00280645 (7.44913e-05,-1.38235e-07,-0.00048142) 140324 6766.05 0.0208331
face centroid = (-0.817457,0.250021,5.13526)
subcontact = (-0.855786,0.500022,5.3818) 5845.6 (-46.0486,0.0799986,277.924) 47 -0.00280589 (7.44386e-05,-1.38235e-07,-0.000481075) 140296 6761.19 0.0416661
face centroid = (-0.817457,0.250021,5.13526)
subcontact = (-0.782036,0.50002,4.88726) 295.595 (-24.0529,-0.0622738,145.464) 46 -0.000283769 (7.78356e-05,2.15224e-07,-0.000503572) 14188.7 7077.19 0.0208331
face centroid = (-0.817457,0.250021,5.13526)
subcontact = (-0.782036,2.03906e-05,4.88727) 592.353 (-48.1381,-0.124548,291.128) 45 -0.000284327 (7.78883e-05,2.15224e-07,-0.000503917) 14216.7 7082.04 0.0416661
face centroid = (-0.817457,0.250021,5.13526)
subcontact = (-0.78183,2.01782e-05,4.88782) 297.144 (-24.0683,-0.0622192,145.559) 44 -0.000285257 (7.78858e-05,2.15032e-07,-0.0005039) 14262.9 7081.7 0.0208333
face centroid = (-0.818911,0.250021,5.13453)
subcontact = (-0.78183,0.50002,4.88782) 593.124 (-48.1043,-0.124438,290.918) 43 -0.000284698 (7.78331e-05,2.15032e-07,-0.000503555) 14235 7076.85 0.0416667
face centroid = (-0.818911,0.250021,5.13453)
subcontact = (-0.853084,0.500022,5.38271) 2923.76 (-23.0235,0.0400561,138.957) 42 -0.00280682 (7.44361e-05,-1.38431e-07,-0.000481058) 140341 6760.86 0.0208333
face centroid = (-0.818911,0.250021,5.13453)
subcontact = (-0.853084,2.24314e-05,5.38271) 5848.69 (-46.0793,0.0801121,278.113) 41 -0.00280738 (7.44888e-05,-1.38431e-07,-0.000481403) 140369 6765.71 0.0416667
face centroid = (-0.818911,0.250021,5.13453)
contact = 12 1 12 11 (-1.62079,0.25002,4.95482) (0.956188,5.51323e-07,0.292752)
subcontact = (-1.69504,2.08165e-05,5.19308) 2383.05 (-77.478,0.0179498,233.873) 40 -0.00228773 (0.000258534,-6.20264e-08,-0.000811269) 114387 11825.9 0.0208332
face centroid = (-1.61982,0.25002,4.95558)
subcontact = (-1.69504,0.500021,5.19308) 4765.08 (-154.919,0.0358994,467.636) 39 -0.00228724 (0.000258473,-6.2026e-08,-0.000811078) 114362 11823.1 0.0416665
face centroid = (-1.61982,0.25002,4.95558)
subcontact = (-1.54725,0.500019,4.71542) 1063.87 (-78.9156,-0.0416664,238.294) 38 -0.00102132 (0.00026337,1.44011e-07,-0.000826593) 51066.2 12049.1 0.0208332
face centroid = (-1.61982,0.25002,4.95558)
subcontact = (-1.54725,1.87101e-05,4.71542) 2128.77 (-157.868,-0.0833326,476.699) 37 -0.00102181 (0.000263432,1.4401e-07,-0.000826784) 51090.6 12051.9 0.0416665
face centroid = (-1.61982,0.25002,4.95558)
subcontact = (-1.54653,1.85705e-05,4.71657) 1064.95 (-78.9322,-0.0416217,238.344) 36 -0.00102236 (0.000263426,1.43854e-07,-0.000826766) 51117.8 12051.6 0.0208333
face centroid = (-1.62114,0.25002,4.95425)
subcontact = (-1.54653,0.500019,4.71656) 2128.89 (-157.828,-0.0832435,476.578) 35 -0.00102187 (0.000263365,1.43854e-07,-0.000826575) 51093.3 12048.8 0.0416667
face centroid = (-1.62114,0.25002,4.95425)
subcontact = (-1.69312,0.500021,5.19459) 2383.11 (-77.4579,0.0179952,233.812) 34 -0.00228779 (0.000258467,-6.2184e-08,-0.00081106) 114389 11822.8 0.0208333
face centroid = (-1.62114,0.25002,4.95425)
subcontact = (-1.69312,2.0883e-05,5.1946) 4767.23 (-154.952,0.0359906,467.735) 33 -0.00228828 (0.000258528,-6.21843e-08,-0.000811252) 114414 11825.6 0.0416667
face centroid = (-1.62114,0.25002,4.95425)
contact = 13 1 13 12 (-2.3856,0.250017,4.65384) (0.897958,1.50823e-06,0.440081)
subcontact = (-2.49585,1.78381e-05,4.87761) 1623.16 (-139.563,-0.0034652,272.179) 32 -0.00155824 (0.000473793,1.19983e-08,-0.000944988) 77911.9 14682 0.0208333
face centroid = (-2.3849,0.250017,4.65478)
subcontact = (-2.49585,0.500018,4.87761) 3245.53 (-279.107,-0.00693081,544.322) 31 -0.00155786 (0.000473761,1.1999e-08,-0.000944925) 77892.9 14681 0.0416666
face centroid = (-2.3849,0.250017,4.65478)
subcontact = (-2.27629,0.500016,4.4284) 2185.97 (-139.53,-0.0240613,272.084) 30 -0.00209854 (0.00047366,8.31771e-08,-0.00094467) 104927 14677.2 0.0208333
face centroid = (-2.3849,0.250017,4.65478)
subcontact = (-2.27629,1.58024e-05,4.4284) 4372.74 (-279.079,-0.0481222,544.205) 29 -0.00209892 (0.000473692,8.31764e-08,-0.000944734) 104946 14678.2 0.0416666
face centroid = (-2.3849,0.250017,4.65478)
subcontact = (-2.27488,1.57239e-05,4.4303) 2184.93 (-139.54,-0.024059,272.104) 28 -0.00209754 (0.000473694,8.31697e-08,-0.000944738) 104877 14678.3 0.0208333
face centroid = (-2.38607,0.250017,4.65301)
subcontact = (-2.27488,0.500016,4.43029) 4369.07 (-279.061,-0.0481182,544.171) 27 -0.00209716 (0.000473662,8.317e-08,-0.000944675) 104858 14677.3 0.0416667
face centroid = (-2.38607,0.250017,4.65301)
subcontact = (-2.49493,0.500018,4.87927) 1621.32 (-139.554,-0.00346363,272.162) 26 -0.00155647 (0.000473763,1.19926e-08,-0.000944929) 77823.5 14681.1 0.0208333
face centroid = (-2.38607,0.250017,4.65301)
subcontact = (-2.49493,1.78308e-05,4.87927) 3243.44 (-279.127,-0.00692704,544.361) 25 -0.00155686 (0.000473795,1.19922e-08,-0.000944992) 77842.6 14682.1 0.0416667
face centroid = (-2.38607,0.250017,4.65301)
contact = 14 1 14 13 (-3.23698,0.500013,4.44166) (0.81805,5.72234e-06,0.575147)
subcontact = (-3.23771,1.3563e-05,4.43981) 819.869 (-184.088,-0.0250919,249.332) 24 -0.000787072 (0.000626157,8.66439e-08,-0.000868999) 39353.7 14876.5 0.0208333
face centroid = (-3.09287,0.250013,4.23737)
subcontact = (-3.23771,0.500014,4.43981) 1639.22 (-368.177,-0.0501808,498.67) 23 -0.000786825 (0.000626161,8.66386e-08,-0.000869009) 39341.3 14876.6 0.0416667
face centroid = (-3.09287,0.250013,4.23737)
subcontact = (-2.95014,0.500012,4.03079) 3468.82 (-180.864,-0.0211885,244.882) 22 -0.00333008 (0.000615125,7.31568e-08,-0.000853542) 166503 14612.7 0.0208333
face centroid = (-3.09287,0.250013,4.23737)
subcontact = (-2.95014,1.18441e-05,4.03079) 6938.15 (-361.726,-0.0423801,489.758) 21 -0.00333032 (0.000615121,7.31621e-08,-0.000853532) 166516 14612.6 0.0416667
face centroid = (-3.09287,0.250013,4.23737)
subcontact = (-2.94805,1.17812e-05,4.0336) 3465 (-180.869,-0.021213,244.887) 20 -0.0033264 (0.000615141,7.32351e-08,-0.00085356) 166322 14613.3 0.0208331
face centroid = (-3.09393,0.250013,4.2353)
subcontact = (-2.94805,0.500012,4.03359) 6929.48 (-361.74,-0.0424226,489.781) 19 -0.00332615 (0.000615145,7.32293e-08,-0.00085357) 166310 14613.4 0.0416661
face centroid = (-3.09393,0.250013,4.2353)
subcontact = (-3.2377,0.500013,4.44115) 815.512 (-184.094,-0.0251095,249.343) 18 -0.000782893 (0.000626182,8.67049e-08,-0.000869037) 39145.1 14877.3 0.0208331
face centroid = (-3.09393,0.250013,4.2353)
subcontact = (-3.2377,1.34779e-05,4.44115) 1631.54 (-368.188,-0.0502224,498.68) 17 -0.00078314 (0.000626177,8.67107e-08,-0.000869027) 39157.4 14877.2 0.0416661
face centroid = (-3.09393,0.250013,4.2353)
contact = 15 7 15 14 (-3.71231,0.25,3.71231) (0.707107,0,0.707107)
contact = 16 1 16 15 (-4.06415,2.09942e-06,2.94115) (0.596206,6.50739e-06,0.802831)
subcontact = (-4.46712,2.80929e-06,3.23716) 0 (0,0,0) 16 0.00326511 (0.000321621,8.44449e-07,-0.000235125) 0 0 0.0208333
face centroid = (-4.26618,0.250002,3.08914)
subcontact = (-4.46712,0.500003,3.23716) 0 (0,0,0) 15 0.00326224 (0.000322127,8.4444e-07,-0.000235508) 0 0 0.0416667
face centroid = (-4.26618,0.250002,3.08914)
subcontact = (-4.06571,0.500002,2.93905) 5440.54 (-100.325,-0.0569711,72.3376) 14 -0.00522294 (0.000344891,1.96945e-07,-0.000252384) 261146 5936.83 0.0208333
face centroid = (-4.26618,0.250002,3.08914)
subcontact = (-4.0657,2.08244e-06,2.93906) 10875.1 (-200.358,-0.113947,144.451) 13 -0.00522006 (0.000344385,1.96954e-07,-0.000252001) 261002 5928.03 0.0416667
face centroid = (-4.26618,0.250002,3.08914)
subcontact = (-4.06297,1.88542e-06,2.94352) 5429.21 (-100.17,-0.0573446,72.219) 12 -0.00521211 (0.000344359,1.98244e-07,-0.000251982) 260640 5928.34 0.0208303
face centroid = (-4.26641,0.250002,3.08811)
subcontact = (-4.06297,0.500002,2.94352) 10864.4 (-200.631,-0.114684,144.662) 11 -0.00521498 (0.000344865,1.98234e-07,-0.000252364) 260783 5937.15 0.0416607
face centroid = (-4.26641,0.250002,3.08811)
subcontact = (-4.46939,0.500002,3.23477) 0 (0,0,0) 10 0.00326982 (0.000322103,8.4557e-07,-0.00023549) 0 0 0.0208303
face centroid = (-4.26641,0.250002,3.08811)
subcontact = (-4.46939,1.96664e-06,3.23477) 0 (0,0,0) 9 0.0032727 (0.000321597,8.4558e-07,-0.000235107) 0 0 0.0416607
face centroid = (-4.26641,0.250002,3.08811)
contact = 17 7 17 16 (-4.67778,0.25,2.38345) (0.45399,0,0.891007)
contact = 18 7 18 17 (-4.99305,0.25,1.62234) (0.309017,0,0.951057)
contact = 19 1 19 18 (-5.18752,0.25,0.819077) (0.156434,0,0.987688)
subcontact = (-5.43659,-1.22269e-08,0.855981) 5241.37 (1015.69,0.00346596,-163.541) 8 -0.00503172 (-0.00351093,-1.19802e-08,0.000560695) 251591 49381.9 0.0208329
face centroid = (-5.18536,0.25,0.821281)
subcontact = (-5.43659,0.5,0.855981) 10483.5 (2031.43,0.00693199,-327.09) 7 -0.0050321 (-0.00351103,-1.19803e-08,0.000560709) 251610 49383.3 0.0416658
face centroid = (-5.18536,0.25,0.821281)
subcontact = (-4.94224,0.5,0.780986) 1844.96 (1019.02,-0.0249485,-164.07) 6 -0.00177116 (-0.00352245,8.62244e-08,0.00056252) 88560.1 49543.9 0.0208329
face centroid = (-5.18536,0.25,0.821281)
subcontact = (-4.94224,8.64485e-08,0.780986) 3689.15 (2037.98,-0.0498971,-328.131) 5 -0.00177079 (-0.00352235,8.62245e-08,0.000562506) 88541.4 49542.6 0.0416658
face centroid = (-5.18536,0.25,0.821281)
subcontact = (-4.93844,0,0.782172) 1824.01 (1019.01,-0.0252572,-164.069) 4 -0.00175106 (-0.00352242,8.72851e-08,0.000562517) 87552.7 49542.6 0.0208333
face centroid = (-5.18942,0.25,0.818484)
subcontact = (-4.93844,0.5,0.782172) 3648.81 (2038.08,-0.0505144,-328.146) 3 -0.00175143 (-0.00352252,8.72849e-08,0.000562531) 87571.4 49543.9 0.0416667
face centroid = (-5.18942,0.25,0.818484)
subcontact = (-5.43229,0.5,0.86039) 5221.23 (1015.74,0.00315982,-163.549) 2 -0.00501238 (-0.0035111,-1.09242e-08,0.00056072) 250619 49383.3 0.0208333
face centroid = (-5.18942,0.25,0.818484)
subcontact = (-5.43229,0,0.86039) 10441.7 (2031.42,0.00631953,-327.089) 1 -0.00501201 (-0.003511,-1.0924e-08,0.000560706) 250600 49381.9 0.0416667
face centroid = (-5.18942,0.25,0.818484)
3dec>log off
**********************************************
* Logging ended at Wed Mar 13 14:45:05 2024
**********************************************
**********************************************
* Logging started at Wed Mar 13 16:10:00 2024
* By 3dec Version 7.00 Release 159
* 
* 
* Job Title: 
**********************************************
3dec>log-file 'Displacement_step_1_distance_0.001m.txt'
**********************************************
* Logging ended at Wed Mar 13 16:10:00 2024
**********************************************
**********************************************
* Logging started at Wed Mar 13 16:10:00 2024
* By 3dec Version 7.00 Release 159
* 
* 
* Job Title: 
**********************************************
3dec>@contacts_output
contact = 1 1 1 0 (5.31089,0.250006,0.839969) (0.149411,-4.6716e-07,-0.988775)
subcontact = (5.43229,0,0.86092) 5369.93 (1042.66,0.180052,169.219) 112 -0.00515515 (-0.00360661,-6.22271e-07,-0.000565143) 257763 50704 0.0208328
face centroid = (5.1895,0.25,0.819018)
subcontact = (5.43229,0.5,0.86092) 10740.3 (2084.58,0.360103,338.308) 111 -0.00515538 (-0.00360533,-6.22268e-07,-0.000564933) 257775 50685.9 0.0416656
face centroid = (5.1895,0.25,0.819018)
subcontact = (4.93844,0.5,0.782702) 1668.6 (1042.53,-0.198956,169.193) 110 -0.00160184 (-0.00360615,6.87562e-07,-0.000565062) 80094.7 50697.5 0.0208328
face centroid = (5.1895,0.25,0.819018)
subcontact = (4.93844,0,0.782702) 3336.71 (2085.8,-0.397911,338.516) 109 -0.00160161 (-0.00360744,6.8756e-07,-0.000565272) 80083.1 50715.6 0.0416656
face centroid = (5.1895,0.25,0.819018)
subcontact = (4.94231,-6.8593e-07,0.781666) 1689.95 (1042.9,-0.19848,169.258) 108 -0.00162236 (-0.00360744,6.85929e-07,-0.000565272) 81117.7 50714.4 0.0208333
face centroid = (5.18536,0.25,0.821811)
subcontact = (4.9423,0.499999,0.781665) 3380.36 (2085.06,-0.396961,338.386) 107 -0.00162258 (-0.00360615,6.85931e-07,-0.000565062) 81128.6 50696.3 0.0416667
face centroid = (5.18536,0.25,0.821811)
subcontact = (5.43669,0.500001,0.856371) 5391.81 (1042.29,0.180515,169.154) 106 -0.00517614 (-0.00360532,-6.23879e-07,-0.000564932) 258807 50684.7 0.0208333
face centroid = (5.18536,0.25,0.821811)
subcontact = (5.43669,6.23882e-07,0.856371) 10783.2 (2085.33,0.361031,338.439) 105 -0.00517592 (-0.00360661,-6.23881e-07,-0.000565143) 258796 50702.8 0.0416667
face centroid = (5.18536,0.25,0.821811)
contact = 2 7 2 1 (4.99305,0.25,1.62234) (0.309017,0,-0.951057)
contact = 3 7 3 2 (4.67778,0.25,2.38345) (0.45399,0,-0.891007)
contact = 4 1 4 3 (4.26757,0.250009,3.09013) (0.590624,-0.00170896,-0.806945)
subcontact = (4.47089,2.19985e-07,3.23572) 110.865 (-31.9119,2.21217,-22.1569) 104 -0.000106405 (0.00010929,-7.64527e-06,7.79263e-05) 5321.82 1867.91 0.0208321
face centroid = (4.26901,0.250015,3.08803)
subcontact = (4.47089,0.5,3.23572) 221.37 (-58.6012,4.42418,-40.4913) 103 -0.000106232 (0.000100265,-7.64499e-06,7.13209e-05) 5313.18 1712.9 0.0416643
face centroid = (4.26901,0.250015,3.08803)
subcontact = (4.0643,0.499999,2.94471) 5313.82 (-34.3943,7.03949,-23.9919) 102 -0.00510131 (0.000117876,-2.43288e-05,8.42597e-05) 255078 2041.18 0.0208321
face centroid = (4.26901,0.250015,3.08803)
subcontact = (4.0643,-1.05311e-06,2.94471) 10628 (-74.0112,14.0791,-51.8063) 101 -0.00510149 (0.000126901,-2.43291e-05,9.08651e-05) 255087 2194.49 0.0416643
face centroid = (4.26901,0.250015,3.08803)
subcontact = (4.06718,1.95905e-05,2.9405) 5318.18 (-37.0063,7.04385,-25.9037) 100 -0.00510546 (0.000126913,-2.43436e-05,9.08737e-05) 255273 2194.44 0.0208333
face centroid = (4.26759,0.25,3.09022)
subcontact = (4.06719,0.50002,2.94051) 10635.9 (-68.7898,14.0874,-47.9847) 99 -0.00510525 (0.000117888,-2.43431e-05,8.4268e-05) 255262 2041.14 0.0416666
face centroid = (4.26759,0.25,3.09022)
subcontact = (4.47085,0.50001,3.23556) 114.69 (-29.3009,2.21614,-20.2458) 98 -0.000110102 (0.000100276,-7.65898e-06,7.13289e-05) 5505.14 1712.83 0.0208333
face centroid = (4.26759,0.25,3.09022)
subcontact = (4.47084,9.67596e-06,3.23556) 229.833 (-63.8246,4.43254,-44.3144) 97 -0.000110319 (0.000109301,-7.65945e-06,7.79345e-05) 5516.01 1867.84 0.0416666
face centroid = (4.26759,0.25,3.09022)
contact = 5 1 5 4 (3.90637,1.28194e-05,3.89089) (0.71499,-1.07237e-06,-0.699135)
subcontact = (3.90844,1.00416e-05,3.89021) 243.533 (-117.041,0.527993,-116.392) 96 -0.000233778 (0.00066822,-2.77045e-06,0.000673255) 11690 7923.32 0.0208326
face centroid = (3.73316,0.250015,3.71061)
subcontact = (3.90845,0.50001,3.89021) 485.948 (-233.237,1.05167,-231.982) 95 -0.000233242 (0.000671472,-2.77051e-06,0.000676569) 11663.2 7895.37 0.0416652
face centroid = (3.73316,0.250015,3.71061)
subcontact = (3.55592,0.50002,3.53564) 4580.54 (-195.584,-0.545162,-194.189) 94 -0.00439735 (0.000670966,1.88406e-06,0.000676108) 219874 13229.9 0.0208326
face centroid = (3.73316,0.250015,3.71061)
subcontact = (3.55591,1.99228e-05,3.53564) 9162.2 (-389.282,-1.09036,-386.465) 93 -0.00439788 (0.000667713,1.88412e-06,0.000672795) 219900 13165.4 0.0416652
face centroid = (3.73316,0.250015,3.71061)
subcontact = (3.55837,1.80495e-05,3.53186) 4587.22 (-194.642,-0.54718,-193.234) 92 -0.00440374 (0.000667714,1.891e-06,0.000672796) 220187 13165.1 0.0208333
face centroid = (3.73218,0.250015,3.71292)
subcontact = (3.55837,0.500018,3.53187) 9173.35 (-391.17,-1.09433,-388.382) 91 -0.00440321 (0.000670967,1.89096e-06,0.000676109) 220160 13229.5 0.0416667
face centroid = (3.73218,0.250015,3.71292)
subcontact = (3.90794,0.500013,3.88936) 249.033 (-119.655,0.531199,-118.992) 90 -0.000239073 (0.000671473,-2.76372e-06,0.00067657) 11953.6 8100.01 0.0208333
face centroid = (3.73218,0.250015,3.71292)
subcontact = (3.90794,1.2817e-05,3.88936) 499.163 (-240.144,1.06674,-238.774) 89 -0.000239599 (0.000668221,-2.76368e-06,0.000673256) 11979.9 8127.58 0.0416667
face centroid = (3.73218,0.250015,3.71292)
contact = 6 1 6 5 (3.24414,1.49943e-05,4.44206) (0.818391,-1.68971e-06,-0.574662)
subcontact = (3.24543,1.44483e-05,4.44247) 856.811 (-181.073,0.1644,-246.463) 88 -0.00082254 (0.000616632,-5.68338e-07,0.000858446) 41127.4 14680 0.0208331
face centroid = (3.10181,0.250017,4.23652)
subcontact = (3.24543,0.500014,4.44247) 1712.53 (-362.533,0.328798,-493.444) 87 -0.000822016 (0.000617286,-5.68336e-07,0.000859351) 41101.2 14695.5 0.0416662
face centroid = (3.10181,0.250017,4.23652)
subcontact = (2.95609,0.50002,4.0347) 3416.52 (-179.971,-0.178609,-244.918) 86 -0.00327987 (0.000612843,6.17104e-07,0.000853093) 163995 14588.9 0.0208331
face centroid = (3.10181,0.250017,4.23652)
subcontact = (2.95609,1.95325e-05,4.03469) 6834.13 (-359.556,-0.357217,-489.318) 85 -0.00328039 (0.000612188,6.17102e-07,0.000852189) 164021 14573.4 0.0416662
face centroid = (3.10181,0.250017,4.23652)
subcontact = (2.95815,1.89594e-05,4.03192) 3421.76 (-179.775,-0.178923,-244.656) 84 -0.0032849 (0.00061218,6.18198e-07,0.000852177) 164245 14573 0.0208333
face centroid = (3.10076,0.250017,4.23858)
subcontact = (2.95815,0.500019,4.03192) 6842.44 (-359.937,-0.357846,-489.829) 83 -0.00328438 (0.000612834,6.182e-07,0.000853081) 164219 14588.5 0.0416667
face centroid = (3.10076,0.250017,4.23858)
subcontact = (3.24548,0.500015,4.44112) 860.969 (-181.264,0.164085,-246.718) 82 -0.00082653 (0.000617278,-5.6724e-07,0.000859339) 41326.5 14695.1 0.0208333
face centroid = (3.10076,0.250017,4.23858)
subcontact = (3.24548,1.49915e-05,4.44112) 1723.02 (-362.141,0.328171,-492.919) 81 -0.000827049 (0.000616623,-5.67242e-07,0.000858434) 41352.4 14679.6 0.0416667
face centroid = (3.10076,0.250017,4.23858)
contact = 7 1 7 6 (2.39302,0.250019,4.65475) (0.898631,1.77649e-06,-0.438705)
subcontact = (2.50243,1.69827e-05,4.88013) 1656.09 (-138.986,0.130244,-270.028) 80 -0.00158985 (0.000470428,-4.50125e-07,0.000938265) 79492.4 14577.5 0.0208333
face centroid = (2.39371,0.250019,4.65381)
subcontact = (2.50243,0.500017,4.88014) 3311.01 (-278.24,0.260489,-540.569) 79 -0.00158929 (0.000470878,-4.50127e-07,0.000939158) 79464.4 14591.4 0.0416666
face centroid = (2.39371,0.250019,4.65381)
subcontact = (2.28265,0.500021,4.43103) 2146.64 (-140.041,-0.15851,-272.062) 78 -0.00206078 (0.000473988,5.47814e-07,0.00094534) 103039 14687.5 0.0208333
face centroid = (2.39371,0.250019,4.65381)
subcontact = (2.28265,2.07696e-05,4.43103) 4294.45 (-279.815,-0.317021,-543.612) 77 -0.00206134 (0.000473538,5.47816e-07,0.000944447) 103067 14673.6 0.0416666
face centroid = (2.39371,0.250019,4.65381)
subcontact = (2.28403,2.02247e-05,4.42915) 2149.26 (-139.908,-0.158757,-271.808) 76 -0.0020633 (0.000473541,5.48664e-07,0.000944453) 103165 14673.7 0.0208333
face centroid = (2.39254,0.250019,4.65558)
subcontact = (2.28403,0.50002,4.42915) 4297.37 (-280.084,-0.317512,-544.129) 75 -0.00206274 (0.000473991,5.48661e-07,0.000945346) 103137 14687.6 0.0416667
face centroid = (2.39254,0.250019,4.65558)
subcontact = (2.50339,0.500017,4.87847) 1657.55 (-139.121,0.13,-270.286) 74 -0.00159125 (0.000470881,-4.49283e-07,0.000939163) 79562.3 14591.5 0.0208333
face centroid = (2.39254,0.250019,4.65558)
subcontact = (2.50338,1.74345e-05,4.87846) 3316.26 (-277.974,0.26,-540.059) 73 -0.00159181 (0.000470431,-4.4928e-07,0.000938271) 79590.2 14577.6 0.0416667
face centroid = (2.39254,0.250019,4.65558)
contact = 8 1 8 7 (1.62767,0.250021,4.95548) (0.955417,2.48082e-07,-0.295259)
subcontact = (1.70051,1.93548e-05,5.19508) 2406.52 (-73.7684,0.108024,-224.834) 72 -0.00231026 (0.000248204,-3.73335e-07,0.000779185) 115513 11358.1 0.0208333
face centroid = (1.62865,0.250021,4.95473)
subcontact = (1.70051,0.500019,5.19508) 4811.82 (-147.689,0.216049,-450.124) 71 -0.00230968 (0.000248458,-3.73338e-07,0.000779977) 115484 11369.6 0.0416665
face centroid = (1.62865,0.250021,4.95473)
subcontact = (1.55414,0.500022,4.71699) 1036.69 (-75.8628,-0.130477,-231.248) 70 -0.000995228 (0.000255267,4.50925e-07,0.000801411) 49761.5 11682 0.0208333
face centroid = (1.62865,0.250021,4.95473)
subcontact = (1.55414,2.19704e-05,4.71698) 2074.61 (-151.574,-0.260955,-462.04) 69 -0.000995814 (0.000255013,4.50928e-07,0.000800619) 49790.8 11670.5 0.0416665
face centroid = (1.62865,0.250021,4.95473)
subcontact = (1.55484,2.15196e-05,4.71588) 1037.29 (-75.7892,-0.130634,-231.027) 68 -0.000995798 (0.000255019,4.51461e-07,0.000800641) 49789.9 11670.8 0.0208333
face centroid = (1.62733,0.250021,4.95603)
subcontact = (1.55484,0.500022,4.71588) 2073.36 (-151.73,-0.261266,-462.511) 67 -0.000995212 (0.000255273,4.51459e-07,0.000801433) 49760.6 11682.3 0.0416667
face centroid = (1.62733,0.250021,4.95603)
subcontact = (1.70247,0.50002,5.19359) 2405.9 (-73.8465,0.10787,-225.069) 66 -0.00230966 (0.000248465,-3.72807e-07,0.000779998) 115483 11370 0.0208333
face centroid = (1.62733,0.250021,4.95603)
subcontact = (1.70246,1.9728e-05,5.19359) 4813.02 (-147.541,0.215739,-449.681) 65 -0.00231025 (0.000248211,-3.72805e-07,0.000779206) 115512 11358.4 0.0416667
face centroid = (1.62733,0.250021,4.95603)
contact = 9 1 9 8 (0.824996,0.250022,5.13518) (0.989024,3.17513e-07,-0.147753)
subcontact = (0.860439,2.12229e-05,5.38292) 2936.15 (-22.6916,0.156967,-140.283) 64 -0.00281872 (7.54937e-05,-5.42486e-07,0.000485277) 140938 6821.23 0.020833
face centroid = (0.826351,0.250022,5.13472)
subcontact = (0.86044,0.500021,5.38292) 5871.05 (-45.5102,0.313937,-281.342) 63 -0.00281811 (7.57038e-05,-5.42493e-07,0.000486619) 140907 6840.1 0.041666
face centroid = (0.826351,0.250022,5.13472)
subcontact = (0.789362,0.500023,4.888) 281.433 (-19.0556,-0.179574,-118.541) 62 -0.000270172 (8.02642e-05,8.06843e-07,0.000516088) 13509 5763.12 0.020833
face centroid = (0.826351,0.250022,5.13472)
subcontact = (0.789361,2.28785e-05,4.888) 564.119 (-38.1579,-0.360496,-237.358) 61 -0.000270774 (8.00541e-05,8.0685e-07,0.000514746) 13539.1 5769.82 0.041666
face centroid = (0.826351,0.250022,5.13472)
subcontact = (0.789552,2.20699e-05,4.88744) 281.584 (-18.9998,-0.179757,-118.2) 60 -0.00027032 (8.00569e-05,8.07469e-07,0.000514764) 13516.1 5746.45 0.0208333
face centroid = (0.824901,0.250022,5.13546)
subcontact = (0.789552,0.500022,4.88744) 561.915 (-37.9526,-0.358151,-236.123) 59 -0.000269718 (8.0267e-05,8.07464e-07,0.000516107) 13486 5739.7 0.0416667
face centroid = (0.824901,0.250022,5.13546)
subcontact = (0.863151,0.500022,5.382) 2935.07 (-22.7562,0.156796,-140.678) 58 -0.00281767 (7.57066e-05,-5.41885e-07,0.000486637) 140884 6840.32 0.0208333
face centroid = (0.824901,0.250022,5.13546)
subcontact = (0.863151,2.17638e-05,5.382) 5871.4 (-45.3853,0.313589,-280.58) 57 -0.00281827 (7.54965e-05,-5.4188e-07,0.000485295) 140914 6821.45 0.0416667
face centroid = (0.824901,0.250022,5.13546)
contact = 10 1 10 9 (0.00309456,0.250022,5.3167) (0.999989,9.17784e-08,-0.00462899)
subcontact = (0.00216583,2.24747e-05,5.44167) 3139.07 (-0.106568,-0.0221715,19.1949) 56 -0.00301352 (3.06497e-08,7.66272e-08,-6.63297e-05) 150690 921.458 0.0208313
face centroid = (0.00292045,0.250021,5.19174)
subcontact = (0.00216626,0.500022,5.44167) 6277.44 (-0.215627,-0.0443368,37.141) 55 -0.00301318 (3.77964e-08,7.66165e-08,-6.41718e-05) 150673 891.486 0.0416626
face centroid = (0.00292045,0.250021,5.19174)
subcontact = (0.00683888,0.500023,4.94169) 0 (0,0,0) 54 0.0061793 (1.88828e-07,2.22796e-06,-3.11358e-05) 0 0 0.0208313
face centroid = (0.00292045,0.250021,5.19174)
subcontact = (0.00683845,2.27161e-05,4.94169) 0 (0,0,0) 53 0.00617896 (1.81681e-07,2.22797e-06,-3.32937e-05) 0 0 0.0416626
face centroid = (0.00292045,0.250021,5.19174)
subcontact = (0.000660376,2.04884e-05,4.94175) 0 (0,0,0) 52 0.00617677 (1.8164e-07,2.22717e-06,-3.33029e-05) 0 0 0.0208331
face centroid = (0.00450235,0.250023,5.19168)
subcontact = (0.000660447,0.50002,4.94175) 0 (0,0,0) 51 0.00617714 (1.88787e-07,2.22717e-06,-3.11449e-05) 0 0 0.0416663
face centroid = (0.00450235,0.250023,5.19168)
subcontact = (0.00518052,0.500022,5.44173) 3141.31 (-0.10781,-0.0219331,18.5717) 50 -0.00301566 (3.77479e-08,7.58002e-08,-6.41827e-05) 150784 891.467 0.0208331
face centroid = (0.00450235,0.250023,5.19168)
subcontact = (0.00518045,2.23982e-05,5.44173) 6283.38 (-0.213129,-0.0438698,38.3923) 49 -0.00301603 (3.06005e-08,7.58066e-08,-6.63407e-05) 150803 921.439 0.0416663
face centroid = (0.00450235,0.250023,5.19168)
contact = 11 1 11 10 (-0.818808,0.250021,5.13481) (0.989816,1.39674e-07,0.142351)
subcontact = (-0.855786,2.22906e-05,5.3818) 2923.38 (-23.0404,0.0399993,139.062) 48 -0.00280645 (7.44913e-05,-1.38235e-07,-0.00048142) 140324 6766.05 0.0208331
face centroid = (-0.817457,0.250021,5.13526)
subcontact = (-0.855786,0.500022,5.3818) 5845.6 (-46.0486,0.0799986,277.924) 47 -0.00280589 (7.44386e-05,-1.38235e-07,-0.000481075) 140296 6761.19 0.0416661
face centroid = (-0.817457,0.250021,5.13526)
subcontact = (-0.782036,0.50002,4.88726) 295.595 (-24.0529,-0.0622738,145.464) 46 -0.000283769 (7.78356e-05,2.15224e-07,-0.000503572) 14188.7 7077.19 0.0208331
face centroid = (-0.817457,0.250021,5.13526)
subcontact = (-0.782036,2.03906e-05,4.88727) 592.353 (-48.1381,-0.124548,291.128) 45 -0.000284327 (7.78883e-05,2.15224e-07,-0.000503917) 14216.7 7082.04 0.0416661
face centroid = (-0.817457,0.250021,5.13526)
subcontact = (-0.78183,2.01782e-05,4.88782) 297.144 (-24.0683,-0.0622192,145.559) 44 -0.000285257 (7.78858e-05,2.15032e-07,-0.0005039) 14262.9 7081.7 0.0208333
face centroid = (-0.818911,0.250021,5.13453)
subcontact = (-0.78183,0.50002,4.88782) 593.124 (-48.1043,-0.124438,290.918) 43 -0.000284698 (7.78331e-05,2.15032e-07,-0.000503555) 14235 7076.85 0.0416667
face centroid = (-0.818911,0.250021,5.13453)
subcontact = (-0.853084,0.500022,5.38271) 2923.76 (-23.0235,0.0400561,138.957) 42 -0.00280682 (7.44361e-05,-1.38431e-07,-0.000481058) 140341 6760.86 0.0208333
face centroid = (-0.818911,0.250021,5.13453)
subcontact = (-0.853084,2.24314e-05,5.38271) 5848.69 (-46.0793,0.0801121,278.113) 41 -0.00280738 (7.44888e-05,-1.38431e-07,-0.000481403) 140369 6765.71 0.0416667
face centroid = (-0.818911,0.250021,5.13453)
contact = 12 1 12 11 (-1.62079,0.25002,4.95482) (0.956188,5.51323e-07,0.292752)
subcontact = (-1.69504,2.08165e-05,5.19308) 2383.05 (-77.478,0.0179498,233.873) 40 -0.00228773 (0.000258534,-6.20264e-08,-0.000811269) 114387 11825.9 0.0208332
face centroid = (-1.61982,0.25002,4.95558)
subcontact = (-1.69504,0.500021,5.19308) 4765.08 (-154.919,0.0358994,467.636) 39 -0.00228724 (0.000258473,-6.2026e-08,-0.000811078) 114362 11823.1 0.0416665
face centroid = (-1.61982,0.25002,4.95558)
subcontact = (-1.54725,0.500019,4.71542) 1063.87 (-78.9156,-0.0416664,238.294) 38 -0.00102132 (0.00026337,1.44011e-07,-0.000826593) 51066.2 12049.1 0.0208332
face centroid = (-1.61982,0.25002,4.95558)
subcontact = (-1.54725,1.87101e-05,4.71542) 2128.77 (-157.868,-0.0833326,476.699) 37 -0.00102181 (0.000263432,1.4401e-07,-0.000826784) 51090.6 12051.9 0.0416665
face centroid = (-1.61982,0.25002,4.95558)
subcontact = (-1.54653,1.85705e-05,4.71657) 1064.95 (-78.9322,-0.0416217,238.344) 36 -0.00102236 (0.000263426,1.43854e-07,-0.000826766) 51117.8 12051.6 0.0208333
face centroid = (-1.62114,0.25002,4.95425)
subcontact = (-1.54653,0.500019,4.71656) 2128.89 (-157.828,-0.0832435,476.578) 35 -0.00102187 (0.000263365,1.43854e-07,-0.000826575) 51093.3 12048.8 0.0416667
face centroid = (-1.62114,0.25002,4.95425)
subcontact = (-1.69312,0.500021,5.19459) 2383.11 (-77.4579,0.0179952,233.812) 34 -0.00228779 (0.000258467,-6.2184e-08,-0.00081106) 114389 11822.8 0.0208333
face centroid = (-1.62114,0.25002,4.95425)
subcontact = (-1.69312,2.0883e-05,5.1946) 4767.23 (-154.952,0.0359906,467.735) 33 -0.00228828 (0.000258528,-6.21843e-08,-0.000811252) 114414 11825.6 0.0416667
face centroid = (-1.62114,0.25002,4.95425)
contact = 13 1 13 12 (-2.3856,0.250017,4.65384) (0.897958,1.50823e-06,0.440081)
subcontact = (-2.49585,1.78381e-05,4.87761) 1623.16 (-139.563,-0.0034652,272.179) 32 -0.00155824 (0.000473793,1.19983e-08,-0.000944988) 77911.9 14682 0.0208333
face centroid = (-2.3849,0.250017,4.65478)
subcontact = (-2.49585,0.500018,4.87761) 3245.53 (-279.107,-0.00693081,544.322) 31 -0.00155786 (0.000473761,1.1999e-08,-0.000944925) 77892.9 14681 0.0416666
face centroid = (-2.3849,0.250017,4.65478)
subcontact = (-2.27629,0.500016,4.4284) 2185.97 (-139.53,-0.0240613,272.084) 30 -0.00209854 (0.00047366,8.31771e-08,-0.00094467) 104927 14677.2 0.0208333
face centroid = (-2.3849,0.250017,4.65478)
subcontact = (-2.27629,1.58024e-05,4.4284) 4372.74 (-279.079,-0.0481222,544.205) 29 -0.00209892 (0.000473692,8.31764e-08,-0.000944734) 104946 14678.2 0.0416666
face centroid = (-2.3849,0.250017,4.65478)
subcontact = (-2.27488,1.57239e-05,4.4303) 2184.93 (-139.54,-0.024059,272.104) 28 -0.00209754 (0.000473694,8.31697e-08,-0.000944738) 104877 14678.3 0.0208333
face centroid = (-2.38607,0.250017,4.65301)
subcontact = (-2.27488,0.500016,4.43029) 4369.07 (-279.061,-0.0481182,544.171) 27 -0.00209716 (0.000473662,8.317e-08,-0.000944675) 104858 14677.3 0.0416667
face centroid = (-2.38607,0.250017,4.65301)
subcontact = (-2.49493,0.500018,4.87927) 1621.32 (-139.554,-0.00346363,272.162) 26 -0.00155647 (0.000473763,1.19926e-08,-0.000944929) 77823.5 14681.1 0.0208333
face centroid = (-2.38607,0.250017,4.65301)
subcontact = (-2.49493,1.78308e-05,4.87927) 3243.44 (-279.127,-0.00692704,544.361) 25 -0.00155686 (0.000473795,1.19922e-08,-0.000944992) 77842.6 14682.1 0.0416667
face centroid = (-2.38607,0.250017,4.65301)
contact = 14 1 14 13 (-3.23698,0.500013,4.44166) (0.81805,5.72234e-06,0.575147)
subcontact = (-3.23771,1.3563e-05,4.43981) 819.869 (-184.088,-0.0250919,249.332) 24 -0.000787072 (0.000626157,8.66439e-08,-0.000868999) 39353.7 14876.5 0.0208333
face centroid = (-3.09287,0.250013,4.23737)
subcontact = (-3.23771,0.500014,4.43981) 1639.22 (-368.177,-0.0501808,498.67) 23 -0.000786825 (0.000626161,8.66386e-08,-0.000869009) 39341.3 14876.6 0.0416667
face centroid = (-3.09287,0.250013,4.23737)
subcontact = (-2.95014,0.500012,4.03079) 3468.82 (-180.864,-0.0211885,244.882) 22 -0.00333008 (0.000615125,7.31568e-08,-0.000853542) 166503 14612.7 0.0208333
face centroid = (-3.09287,0.250013,4.23737)
subcontact = (-2.95014,1.18441e-05,4.03079) 6938.15 (-361.726,-0.0423801,489.758) 21 -0.00333032 (0.000615121,7.31621e-08,-0.000853532) 166516 14612.6 0.0416667
face centroid = (-3.09287,0.250013,4.23737)
subcontact = (-2.94805,1.17812e-05,4.0336) 3465 (-180.869,-0.021213,244.887) 20 -0.0033264 (0.000615141,7.32351e-08,-0.00085356) 166322 14613.3 0.0208331
face centroid = (-3.09393,0.250013,4.2353)
subcontact = (-2.94805,0.500012,4.03359) 6929.48 (-361.74,-0.0424226,489.781) 19 -0.00332615 (0.000615145,7.32293e-08,-0.00085357) 166310 14613.4 0.0416661
face centroid = (-3.09393,0.250013,4.2353)
subcontact = (-3.2377,0.500013,4.44115) 815.512 (-184.094,-0.0251095,249.343) 18 -0.000782893 (0.000626182,8.67049e-08,-0.000869037) 39145.1 14877.3 0.0208331
face centroid = (-3.09393,0.250013,4.2353)
subcontact = (-3.2377,1.34779e-05,4.44115) 1631.54 (-368.188,-0.0502224,498.68) 17 -0.00078314 (0.000626177,8.67107e-08,-0.000869027) 39157.4 14877.2 0.0416661
face centroid = (-3.09393,0.250013,4.2353)
contact = 15 7 15 14 (-3.71231,0.25,3.71231) (0.707107,0,0.707107)
contact = 16 1 16 15 (-4.06415,2.09942e-06,2.94115) (0.596206,6.50739e-06,0.802831)
subcontact = (-4.46712,2.80929e-06,3.23716) 0 (0,0,0) 16 0.00326511 (0.000321621,8.44449e-07,-0.000235125) 0 0 0.0208333
face centroid = (-4.26618,0.250002,3.08914)
subcontact = (-4.46712,0.500003,3.23716) 0 (0,0,0) 15 0.00326224 (0.000322127,8.4444e-07,-0.000235508) 0 0 0.0416667
face centroid = (-4.26618,0.250002,3.08914)
subcontact = (-4.06571,0.500002,2.93905) 5440.54 (-100.325,-0.0569711,72.3376) 14 -0.00522294 (0.000344891,1.96945e-07,-0.000252384) 261146 5936.83 0.0208333
face centroid = (-4.26618,0.250002,3.08914)
subcontact = (-4.0657,2.08244e-06,2.93906) 10875.1 (-200.358,-0.113947,144.451) 13 -0.00522006 (0.000344385,1.96954e-07,-0.000252001) 261002 5928.03 0.0416667
face centroid = (-4.26618,0.250002,3.08914)
subcontact = (-4.06297,1.88542e-06,2.94352) 5429.21 (-100.17,-0.0573446,72.219) 12 -0.00521211 (0.000344359,1.98244e-07,-0.000251982) 260640 5928.34 0.0208303
face centroid = (-4.26641,0.250002,3.08811)
subcontact = (-4.06297,0.500002,2.94352) 10864.4 (-200.631,-0.114684,144.662) 11 -0.00521498 (0.000344865,1.98234e-07,-0.000252364) 260783 5937.15 0.0416607
face centroid = (-4.26641,0.250002,3.08811)
subcontact = (-4.46939,0.500002,3.23477) 0 (0,0,0) 10 0.00326982 (0.000322103,8.4557e-07,-0.00023549) 0 0 0.0208303
face centroid = (-4.26641,0.250002,3.08811)
subcontact = (-4.46939,1.96664e-06,3.23477) 0 (0,0,0) 9 0.0032727 (0.000321597,8.4558e-07,-0.000235107) 0 0 0.0416607
face centroid = (-4.26641,0.250002,3.08811)
contact = 17 7 17 16 (-4.67778,0.25,2.38345) (0.45399,0,0.891007)
contact = 18 7 18 17 (-4.99305,0.25,1.62234) (0.309017,0,0.951057)
contact = 19 1 19 18 (-5.18752,0.25,0.819077) (0.156434,0,0.987688)
subcontact = (-5.43659,-1.22269e-08,0.855981) 5241.37 (1015.69,0.00346596,-163.541) 8 -0.00503172 (-0.00351093,-1.19802e-08,0.000560695) 251591 49381.9 0.0208329
face centroid = (-5.18536,0.25,0.821281)
subcontact = (-5.43659,0.5,0.855981) 10483.5 (2031.43,0.00693199,-327.09) 7 -0.0050321 (-0.00351103,-1.19803e-08,0.000560709) 251610 49383.3 0.0416658
face centroid = (-5.18536,0.25,0.821281)
subcontact = (-4.94224,0.5,0.780986) 1844.96 (1019.02,-0.0249485,-164.07) 6 -0.00177116 (-0.00352245,8.62244e-08,0.00056252) 88560.1 49543.9 0.0208329
face centroid = (-5.18536,0.25,0.821281)
subcontact = (-4.94224,8.64485e-08,0.780986) 3689.15 (2037.98,-0.0498971,-328.131) 5 -0.00177079 (-0.00352235,8.62245e-08,0.000562506) 88541.4 49542.6 0.0416658
face centroid = (-5.18536,0.25,0.821281)
subcontact = (-4.93844,0,0.782172) 1824.01 (1019.01,-0.0252572,-164.069) 4 -0.00175106 (-0.00352242,8.72851e-08,0.000562517) 87552.7 49542.6 0.0208333
face centroid = (-5.18942,0.25,0.818484)
subcontact = (-4.93844,0.5,0.782172) 3648.81 (2038.08,-0.0505144,-328.146) 3 -0.00175143 (-0.00352252,8.72849e-08,0.000562531) 87571.4 49543.9 0.0416667
face centroid = (-5.18942,0.25,0.818484)
subcontact = (-5.43229,0.5,0.86039) 5221.23 (1015.74,0.00315982,-163.549) 2 -0.00501238 (-0.0035111,-1.09242e-08,0.00056072) 250619 49383.3 0.0208333
face centroid = (-5.18942,0.25,0.818484)
subcontact = (-5.43229,0,0.86039) 10441.7 (2031.42,0.00631953,-327.089) 1 -0.00501201 (-0.003511,-1.0924e-08,0.000560706) 250600 49381.9 0.0416667
face centroid = (-5.18942,0.25,0.818484)
3dec>log off
**********************************************
* Logging ended at Wed Mar 13 16:10:01 2024
**********************************************
**********************************************
* Logging started at Wed Mar 13 16:11:10 2024
* By 3dec Version 7.00 Release 159
* 
* 
* Job Title: 
**********************************************
3dec>log-file 'Displacement_step_1_distance_0.001m.txt'
**********************************************
* Logging ended at Wed Mar 13 16:11:10 2024
**********************************************
**********************************************
* Logging started at Wed Mar 13 16:11:10 2024
* By 3dec Version 7.00 Release 159
* 
* 
* Job Title: 
**********************************************
3dec>@contacts_output
contact = 1 1 1 0 (5.31089,0.250006,0.839969) (0.149411,-4.6716e-07,-0.988775)
subcontact = (5.43229,0,0.86092) 5369.93 (1042.66,0.180052,169.219) 112 -0.00515515 (-0.00360661,-6.22271e-07,-0.000565143) 257763 50704 0.0208328
face centroid = (5.1895,0.25,0.819018)
subcontact = (5.43229,0.5,0.86092) 10740.3 (2084.58,0.360103,338.308) 111 -0.00515538 (-0.00360533,-6.22268e-07,-0.000564933) 257775 50685.9 0.0416656
face centroid = (5.1895,0.25,0.819018)
subcontact = (4.93844,0.5,0.782702) 1668.6 (1042.53,-0.198956,169.193) 110 -0.00160184 (-0.00360615,6.87562e-07,-0.000565062) 80094.7 50697.5 0.0208328
face centroid = (5.1895,0.25,0.819018)
subcontact = (4.93844,0,0.782702) 3336.71 (2085.8,-0.397911,338.516) 109 -0.00160161 (-0.00360744,6.8756e-07,-0.000565272) 80083.1 50715.6 0.0416656
face centroid = (5.1895,0.25,0.819018)
subcontact = (4.94231,-6.8593e-07,0.781666) 1689.95 (1042.9,-0.19848,169.258) 108 -0.00162236 (-0.00360744,6.85929e-07,-0.000565272) 81117.7 50714.4 0.0208333
face centroid = (5.18536,0.25,0.821811)
subcontact = (4.9423,0.499999,0.781665) 3380.36 (2085.06,-0.396961,338.386) 107 -0.00162258 (-0.00360615,6.85931e-07,-0.000565062) 81128.6 50696.3 0.0416667
face centroid = (5.18536,0.25,0.821811)
subcontact = (5.43669,0.500001,0.856371) 5391.81 (1042.29,0.180515,169.154) 106 -0.00517614 (-0.00360532,-6.23879e-07,-0.000564932) 258807 50684.7 0.0208333
face centroid = (5.18536,0.25,0.821811)
subcontact = (5.43669,6.23882e-07,0.856371) 10783.2 (2085.33,0.361031,338.439) 105 -0.00517592 (-0.00360661,-6.23881e-07,-0.000565143) 258796 50702.8 0.0416667
face centroid = (5.18536,0.25,0.821811)
contact = 2 7 2 1 (4.99305,0.25,1.62234) (0.309017,0,-0.951057)
contact = 3 7 3 2 (4.67778,0.25,2.38345) (0.45399,0,-0.891007)
contact = 4 1 4 3 (4.26757,0.250009,3.09013) (0.590624,-0.00170896,-0.806945)
subcontact = (4.47089,2.19985e-07,3.23572) 110.865 (-31.9119,2.21217,-22.1569) 104 -0.000106405 (0.00010929,-7.64527e-06,7.79263e-05) 5321.82 1867.91 0.0208321
face centroid = (4.26901,0.250015,3.08803)
subcontact = (4.47089,0.5,3.23572) 221.37 (-58.6012,4.42418,-40.4913) 103 -0.000106232 (0.000100265,-7.64499e-06,7.13209e-05) 5313.18 1712.9 0.0416643
face centroid = (4.26901,0.250015,3.08803)
subcontact = (4.0643,0.499999,2.94471) 5313.82 (-34.3943,7.03949,-23.9919) 102 -0.00510131 (0.000117876,-2.43288e-05,8.42597e-05) 255078 2041.18 0.0208321
face centroid = (4.26901,0.250015,3.08803)
subcontact = (4.0643,-1.05311e-06,2.94471) 10628 (-74.0112,14.0791,-51.8063) 101 -0.00510149 (0.000126901,-2.43291e-05,9.08651e-05) 255087 2194.49 0.0416643
face centroid = (4.26901,0.250015,3.08803)
subcontact = (4.06718,1.95905e-05,2.9405) 5318.18 (-37.0063,7.04385,-25.9037) 100 -0.00510546 (0.000126913,-2.43436e-05,9.08737e-05) 255273 2194.44 0.0208333
face centroid = (4.26759,0.25,3.09022)
subcontact = (4.06719,0.50002,2.94051) 10635.9 (-68.7898,14.0874,-47.9847) 99 -0.00510525 (0.000117888,-2.43431e-05,8.4268e-05) 255262 2041.14 0.0416666
face centroid = (4.26759,0.25,3.09022)
subcontact = (4.47085,0.50001,3.23556) 114.69 (-29.3009,2.21614,-20.2458) 98 -0.000110102 (0.000100276,-7.65898e-06,7.13289e-05) 5505.14 1712.83 0.0208333
face centroid = (4.26759,0.25,3.09022)
subcontact = (4.47084,9.67596e-06,3.23556) 229.833 (-63.8246,4.43254,-44.3144) 97 -0.000110319 (0.000109301,-7.65945e-06,7.79345e-05) 5516.01 1867.84 0.0416666
face centroid = (4.26759,0.25,3.09022)
contact = 5 1 5 4 (3.90637,1.28194e-05,3.89089) (0.71499,-1.07237e-06,-0.699135)
subcontact = (3.90844,1.00416e-05,3.89021) 243.533 (-117.041,0.527993,-116.392) 96 -0.000233778 (0.00066822,-2.77045e-06,0.000673255) 11690 7923.32 0.0208326
face centroid = (3.73316,0.250015,3.71061)
subcontact = (3.90845,0.50001,3.89021) 485.948 (-233.237,1.05167,-231.982) 95 -0.000233242 (0.000671472,-2.77051e-06,0.000676569) 11663.2 7895.37 0.0416652
face centroid = (3.73316,0.250015,3.71061)
subcontact = (3.55592,0.50002,3.53564) 4580.54 (-195.584,-0.545162,-194.189) 94 -0.00439735 (0.000670966,1.88406e-06,0.000676108) 219874 13229.9 0.0208326
face centroid = (3.73316,0.250015,3.71061)
subcontact = (3.55591,1.99228e-05,3.53564) 9162.2 (-389.282,-1.09036,-386.465) 93 -0.00439788 (0.000667713,1.88412e-06,0.000672795) 219900 13165.4 0.0416652
face centroid = (3.73316,0.250015,3.71061)
subcontact = (3.55837,1.80495e-05,3.53186) 4587.22 (-194.642,-0.54718,-193.234) 92 -0.00440374 (0.000667714,1.891e-06,0.000672796) 220187 13165.1 0.0208333
face centroid = (3.73218,0.250015,3.71292)
subcontact = (3.55837,0.500018,3.53187) 9173.35 (-391.17,-1.09433,-388.382) 91 -0.00440321 (0.000670967,1.89096e-06,0.000676109) 220160 13229.5 0.0416667
face centroid = (3.73218,0.250015,3.71292)
subcontact = (3.90794,0.500013,3.88936) 249.033 (-119.655,0.531199,-118.992) 90 -0.000239073 (0.000671473,-2.76372e-06,0.00067657) 11953.6 8100.01 0.0208333
face centroid = (3.73218,0.250015,3.71292)
subcontact = (3.90794,1.2817e-05,3.88936) 499.163 (-240.144,1.06674,-238.774) 89 -0.000239599 (0.000668221,-2.76368e-06,0.000673256) 11979.9 8127.58 0.0416667
face centroid = (3.73218,0.250015,3.71292)
contact = 6 1 6 5 (3.24414,1.49943e-05,4.44206) (0.818391,-1.68971e-06,-0.574662)
subcontact = (3.24543,1.44483e-05,4.44247) 856.811 (-181.073,0.1644,-246.463) 88 -0.00082254 (0.000616632,-5.68338e-07,0.000858446) 41127.4 14680 0.0208331
face centroid = (3.10181,0.250017,4.23652)
subcontact = (3.24543,0.500014,4.44247) 1712.53 (-362.533,0.328798,-493.444) 87 -0.000822016 (0.000617286,-5.68336e-07,0.000859351) 41101.2 14695.5 0.0416662
face centroid = (3.10181,0.250017,4.23652)
subcontact = (2.95609,0.50002,4.0347) 3416.52 (-179.971,-0.178609,-244.918) 86 -0.00327987 (0.000612843,6.17104e-07,0.000853093) 163995 14588.9 0.0208331
face centroid = (3.10181,0.250017,4.23652)
subcontact = (2.95609,1.95325e-05,4.03469) 6834.13 (-359.556,-0.357217,-489.318) 85 -0.00328039 (0.000612188,6.17102e-07,0.000852189) 164021 14573.4 0.0416662
face centroid = (3.10181,0.250017,4.23652)
subcontact = (2.95815,1.89594e-05,4.03192) 3421.76 (-179.775,-0.178923,-244.656) 84 -0.0032849 (0.00061218,6.18198e-07,0.000852177) 164245 14573 0.0208333
face centroid = (3.10076,0.250017,4.23858)
subcontact = (2.95815,0.500019,4.03192) 6842.44 (-359.937,-0.357846,-489.829) 83 -0.00328438 (0.000612834,6.182e-07,0.000853081) 164219 14588.5 0.0416667
face centroid = (3.10076,0.250017,4.23858)
subcontact = (3.24548,0.500015,4.44112) 860.969 (-181.264,0.164085,-246.718) 82 -0.00082653 (0.000617278,-5.6724e-07,0.000859339) 41326.5 14695.1 0.0208333
face centroid = (3.10076,0.250017,4.23858)
subcontact = (3.24548,1.49915e-05,4.44112) 1723.02 (-362.141,0.328171,-492.919) 81 -0.000827049 (0.000616623,-5.67242e-07,0.000858434) 41352.4 14679.6 0.0416667
face centroid = (3.10076,0.250017,4.23858)
contact = 7 1 7 6 (2.39302,0.250019,4.65475) (0.898631,1.77649e-06,-0.438705)
subcontact = (2.50243,1.69827e-05,4.88013) 1656.09 (-138.986,0.130244,-270.028) 80 -0.00158985 (0.000470428,-4.50125e-07,0.000938265) 79492.4 14577.5 0.0208333
face centroid = (2.39371,0.250019,4.65381)
subcontact = (2.50243,0.500017,4.88014) 3311.01 (-278.24,0.260489,-540.569) 79 -0.00158929 (0.000470878,-4.50127e-07,0.000939158) 79464.4 14591.4 0.0416666
face centroid = (2.39371,0.250019,4.65381)
subcontact = (2.28265,0.500021,4.43103) 2146.64 (-140.041,-0.15851,-272.062) 78 -0.00206078 (0.000473988,5.47814e-07,0.00094534) 103039 14687.5 0.0208333
face centroid = (2.39371,0.250019,4.65381)
subcontact = (2.28265,2.07696e-05,4.43103) 4294.45 (-279.815,-0.317021,-543.612) 77 -0.00206134 (0.000473538,5.47816e-07,0.000944447) 103067 14673.6 0.0416666
face centroid = (2.39371,0.250019,4.65381)
subcontact = (2.28403,2.02247e-05,4.42915) 2149.26 (-139.908,-0.158757,-271.808) 76 -0.0020633 (0.000473541,5.48664e-07,0.000944453) 103165 14673.7 0.0208333
face centroid = (2.39254,0.250019,4.65558)
subcontact = (2.28403,0.50002,4.42915) 4297.37 (-280.084,-0.317512,-544.129) 75 -0.00206274 (0.000473991,5.48661e-07,0.000945346) 103137 14687.6 0.0416667
face centroid = (2.39254,0.250019,4.65558)
subcontact = (2.50339,0.500017,4.87847) 1657.55 (-139.121,0.13,-270.286) 74 -0.00159125 (0.000470881,-4.49283e-07,0.000939163) 79562.3 14591.5 0.0208333
face centroid = (2.39254,0.250019,4.65558)
subcontact = (2.50338,1.74345e-05,4.87846) 3316.26 (-277.974,0.26,-540.059) 73 -0.00159181 (0.000470431,-4.4928e-07,0.000938271) 79590.2 14577.6 0.0416667
face centroid = (2.39254,0.250019,4.65558)
contact = 8 1 8 7 (1.62767,0.250021,4.95548) (0.955417,2.48082e-07,-0.295259)
subcontact = (1.70051,1.93548e-05,5.19508) 2406.52 (-73.7684,0.108024,-224.834) 72 -0.00231026 (0.000248204,-3.73335e-07,0.000779185) 115513 11358.1 0.0208333
face centroid = (1.62865,0.250021,4.95473)
subcontact = (1.70051,0.500019,5.19508) 4811.82 (-147.689,0.216049,-450.124) 71 -0.00230968 (0.000248458,-3.73338e-07,0.000779977) 115484 11369.6 0.0416665
face centroid = (1.62865,0.250021,4.95473)
subcontact = (1.55414,0.500022,4.71699) 1036.69 (-75.8628,-0.130477,-231.248) 70 -0.000995228 (0.000255267,4.50925e-07,0.000801411) 49761.5 11682 0.0208333
face centroid = (1.62865,0.250021,4.95473)
subcontact = (1.55414,2.19704e-05,4.71698) 2074.61 (-151.574,-0.260955,-462.04) 69 -0.000995814 (0.000255013,4.50928e-07,0.000800619) 49790.8 11670.5 0.0416665
face centroid = (1.62865,0.250021,4.95473)
subcontact = (1.55484,2.15196e-05,4.71588) 1037.29 (-75.7892,-0.130634,-231.027) 68 -0.000995798 (0.000255019,4.51461e-07,0.000800641) 49789.9 11670.8 0.0208333
face centroid = (1.62733,0.250021,4.95603)
subcontact = (1.55484,0.500022,4.71588) 2073.36 (-151.73,-0.261266,-462.511) 67 -0.000995212 (0.000255273,4.51459e-07,0.000801433) 49760.6 11682.3 0.0416667
face centroid = (1.62733,0.250021,4.95603)
subcontact = (1.70247,0.50002,5.19359) 2405.9 (-73.8465,0.10787,-225.069) 66 -0.00230966 (0.000248465,-3.72807e-07,0.000779998) 115483 11370 0.0208333
face centroid = (1.62733,0.250021,4.95603)
subcontact = (1.70246,1.9728e-05,5.19359) 4813.02 (-147.541,0.215739,-449.681) 65 -0.00231025 (0.000248211,-3.72805e-07,0.000779206) 115512 11358.4 0.0416667
face centroid = (1.62733,0.250021,4.95603)
contact = 9 1 9 8 (0.824996,0.250022,5.13518) (0.989024,3.17513e-07,-0.147753)
subcontact = (0.860439,2.12229e-05,5.38292) 2936.15 (-22.6916,0.156967,-140.283) 64 -0.00281872 (7.54937e-05,-5.42486e-07,0.000485277) 140938 6821.23 0.020833
face centroid = (0.826351,0.250022,5.13472)
subcontact = (0.86044,0.500021,5.38292) 5871.05 (-45.5102,0.313937,-281.342) 63 -0.00281811 (7.57038e-05,-5.42493e-07,0.000486619) 140907 6840.1 0.041666
face centroid = (0.826351,0.250022,5.13472)
subcontact = (0.789362,0.500023,4.888) 281.433 (-19.0556,-0.179574,-118.541) 62 -0.000270172 (8.02642e-05,8.06843e-07,0.000516088) 13509 5763.12 0.020833
face centroid = (0.826351,0.250022,5.13472)
subcontact = (0.789361,2.28785e-05,4.888) 564.119 (-38.1579,-0.360496,-237.358) 61 -0.000270774 (8.00541e-05,8.0685e-07,0.000514746) 13539.1 5769.82 0.041666
face centroid = (0.826351,0.250022,5.13472)
subcontact = (0.789552,2.20699e-05,4.88744) 281.584 (-18.9998,-0.179757,-118.2) 60 -0.00027032 (8.00569e-05,8.07469e-07,0.000514764) 13516.1 5746.45 0.0208333
face centroid = (0.824901,0.250022,5.13546)
subcontact = (0.789552,0.500022,4.88744) 561.915 (-37.9526,-0.358151,-236.123) 59 -0.000269718 (8.0267e-05,8.07464e-07,0.000516107) 13486 5739.7 0.0416667
face centroid = (0.824901,0.250022,5.13546)
subcontact = (0.863151,0.500022,5.382) 2935.07 (-22.7562,0.156796,-140.678) 58 -0.00281767 (7.57066e-05,-5.41885e-07,0.000486637) 140884 6840.32 0.0208333
face centroid = (0.824901,0.250022,5.13546)
subcontact = (0.863151,2.17638e-05,5.382) 5871.4 (-45.3853,0.313589,-280.58) 57 -0.00281827 (7.54965e-05,-5.4188e-07,0.000485295) 140914 6821.45 0.0416667
face centroid = (0.824901,0.250022,5.13546)
contact = 10 1 10 9 (0.00309456,0.250022,5.3167) (0.999989,9.17784e-08,-0.00462899)
subcontact = (0.00216583,2.24747e-05,5.44167) 3139.07 (-0.106568,-0.0221715,19.1949) 56 -0.00301352 (3.06497e-08,7.66272e-08,-6.63297e-05) 150690 921.458 0.0208313
face centroid = (0.00292045,0.250021,5.19174)
subcontact = (0.00216626,0.500022,5.44167) 6277.44 (-0.215627,-0.0443368,37.141) 55 -0.00301318 (3.77964e-08,7.66165e-08,-6.41718e-05) 150673 891.486 0.0416626
face centroid = (0.00292045,0.250021,5.19174)
subcontact = (0.00683888,0.500023,4.94169) 0 (0,0,0) 54 0.0061793 (1.88828e-07,2.22796e-06,-3.11358e-05) 0 0 0.0208313
face centroid = (0.00292045,0.250021,5.19174)
subcontact = (0.00683845,2.27161e-05,4.94169) 0 (0,0,0) 53 0.00617896 (1.81681e-07,2.22797e-06,-3.32937e-05) 0 0 0.0416626
face centroid = (0.00292045,0.250021,5.19174)
subcontact = (0.000660376,2.04884e-05,4.94175) 0 (0,0,0) 52 0.00617677 (1.8164e-07,2.22717e-06,-3.33029e-05) 0 0 0.0208331
face centroid = (0.00450235,0.250023,5.19168)
subcontact = (0.000660447,0.50002,4.94175) 0 (0,0,0) 51 0.00617714 (1.88787e-07,2.22717e-06,-3.11449e-05) 0 0 0.0416663
face centroid = (0.00450235,0.250023,5.19168)
subcontact = (0.00518052,0.500022,5.44173) 3141.31 (-0.10781,-0.0219331,18.5717) 50 -0.00301566 (3.77479e-08,7.58002e-08,-6.41827e-05) 150784 891.467 0.0208331
face centroid = (0.00450235,0.250023,5.19168)
subcontact = (0.00518045,2.23982e-05,5.44173) 6283.38 (-0.213129,-0.0438698,38.3923) 49 -0.00301603 (3.06005e-08,7.58066e-08,-6.63407e-05) 150803 921.439 0.0416663
face centroid = (0.00450235,0.250023,5.19168)
contact = 11 1 11 10 (-0.818808,0.250021,5.13481) (0.989816,1.39674e-07,0.142351)
subcontact = (-0.855786,2.22906e-05,5.3818) 2923.38 (-23.0404,0.0399993,139.062) 48 -0.00280645 (7.44913e-05,-1.38235e-07,-0.00048142) 140324 6766.05 0.0208331
face centroid = (-0.817457,0.250021,5.13526)
subcontact = (-0.855786,0.500022,5.3818) 5845.6 (-46.0486,0.0799986,277.924) 47 -0.00280589 (7.44386e-05,-1.38235e-07,-0.000481075) 140296 6761.19 0.0416661
face centroid = (-0.817457,0.250021,5.13526)
subcontact = (-0.782036,0.50002,4.88726) 295.595 (-24.0529,-0.0622738,145.464) 46 -0.000283769 (7.78356e-05,2.15224e-07,-0.000503572) 14188.7 7077.19 0.0208331
face centroid = (-0.817457,0.250021,5.13526)
subcontact = (-0.782036,2.03906e-05,4.88727) 592.353 (-48.1381,-0.124548,291.128) 45 -0.000284327 (7.78883e-05,2.15224e-07,-0.000503917) 14216.7 7082.04 0.0416661
face centroid = (-0.817457,0.250021,5.13526)
subcontact = (-0.78183,2.01782e-05,4.88782) 297.144 (-24.0683,-0.0622192,145.559) 44 -0.000285257 (7.78858e-05,2.15032e-07,-0.0005039) 14262.9 7081.7 0.0208333
face centroid = (-0.818911,0.250021,5.13453)
subcontact = (-0.78183,0.50002,4.88782) 593.124 (-48.1043,-0.124438,290.918) 43 -0.000284698 (7.78331e-05,2.15032e-07,-0.000503555) 14235 7076.85 0.0416667
face centroid = (-0.818911,0.250021,5.13453)
subcontact = (-0.853084,0.500022,5.38271) 2923.76 (-23.0235,0.0400561,138.957) 42 -0.00280682 (7.44361e-05,-1.38431e-07,-0.000481058) 140341 6760.86 0.0208333
face centroid = (-0.818911,0.250021,5.13453)
subcontact = (-0.853084,2.24314e-05,5.38271) 5848.69 (-46.0793,0.0801121,278.113) 41 -0.00280738 (7.44888e-05,-1.38431e-07,-0.000481403) 140369 6765.71 0.0416667
face centroid = (-0.818911,0.250021,5.13453)
contact = 12 1 12 11 (-1.62079,0.25002,4.95482) (0.956188,5.51323e-07,0.292752)
subcontact = (-1.69504,2.08165e-05,5.19308) 2383.05 (-77.478,0.0179498,233.873) 40 -0.00228773 (0.000258534,-6.20264e-08,-0.000811269) 114387 11825.9 0.0208332
face centroid = (-1.61982,0.25002,4.95558)
subcontact = (-1.69504,0.500021,5.19308) 4765.08 (-154.919,0.0358994,467.636) 39 -0.00228724 (0.000258473,-6.2026e-08,-0.000811078) 114362 11823.1 0.0416665
face centroid = (-1.61982,0.25002,4.95558)
subcontact = (-1.54725,0.500019,4.71542) 1063.87 (-78.9156,-0.0416664,238.294) 38 -0.00102132 (0.00026337,1.44011e-07,-0.000826593) 51066.2 12049.1 0.0208332
face centroid = (-1.61982,0.25002,4.95558)
subcontact = (-1.54725,1.87101e-05,4.71542) 2128.77 (-157.868,-0.0833326,476.699) 37 -0.00102181 (0.000263432,1.4401e-07,-0.000826784) 51090.6 12051.9 0.0416665
face centroid = (-1.61982,0.25002,4.95558)
subcontact = (-1.54653,1.85705e-05,4.71657) 1064.95 (-78.9322,-0.0416217,238.344) 36 -0.00102236 (0.000263426,1.43854e-07,-0.000826766) 51117.8 12051.6 0.0208333
face centroid = (-1.62114,0.25002,4.95425)
subcontact = (-1.54653,0.500019,4.71656) 2128.89 (-157.828,-0.0832435,476.578) 35 -0.00102187 (0.000263365,1.43854e-07,-0.000826575) 51093.3 12048.8 0.0416667
face centroid = (-1.62114,0.25002,4.95425)
subcontact = (-1.69312,0.500021,5.19459) 2383.11 (-77.4579,0.0179952,233.812) 34 -0.00228779 (0.000258467,-6.2184e-08,-0.00081106) 114389 11822.8 0.0208333
face centroid = (-1.62114,0.25002,4.95425)
subcontact = (-1.69312,2.0883e-05,5.1946) 4767.23 (-154.952,0.0359906,467.735) 33 -0.00228828 (0.000258528,-6.21843e-08,-0.000811252) 114414 11825.6 0.0416667
face centroid = (-1.62114,0.25002,4.95425)
contact = 13 1 13 12 (-2.3856,0.250017,4.65384) (0.897958,1.50823e-06,0.440081)
subcontact = (-2.49585,1.78381e-05,4.87761) 1623.16 (-139.563,-0.0034652,272.179) 32 -0.00155824 (0.000473793,1.19983e-08,-0.000944988) 77911.9 14682 0.0208333
face centroid = (-2.3849,0.250017,4.65478)
subcontact = (-2.49585,0.500018,4.87761) 3245.53 (-279.107,-0.00693081,544.322) 31 -0.00155786 (0.000473761,1.1999e-08,-0.000944925) 77892.9 14681 0.0416666
face centroid = (-2.3849,0.250017,4.65478)
subcontact = (-2.27629,0.500016,4.4284) 2185.97 (-139.53,-0.0240613,272.084) 30 -0.00209854 (0.00047366,8.31771e-08,-0.00094467) 104927 14677.2 0.0208333
face centroid = (-2.3849,0.250017,4.65478)
subcontact = (-2.27629,1.58024e-05,4.4284) 4372.74 (-279.079,-0.0481222,544.205) 29 -0.00209892 (0.000473692,8.31764e-08,-0.000944734) 104946 14678.2 0.0416666
face centroid = (-2.3849,0.250017,4.65478)
subcontact = (-2.27488,1.57239e-05,4.4303) 2184.93 (-139.54,-0.024059,272.104) 28 -0.00209754 (0.000473694,8.31697e-08,-0.000944738) 104877 14678.3 0.0208333
face centroid = (-2.38607,0.250017,4.65301)
subcontact = (-2.27488,0.500016,4.43029) 4369.07 (-279.061,-0.0481182,544.171) 27 -0.00209716 (0.000473662,8.317e-08,-0.000944675) 104858 14677.3 0.0416667
face centroid = (-2.38607,0.250017,4.65301)
subcontact = (-2.49493,0.500018,4.87927) 1621.32 (-139.554,-0.00346363,272.162) 26 -0.00155647 (0.000473763,1.19926e-08,-0.000944929) 77823.5 14681.1 0.0208333
face centroid = (-2.38607,0.250017,4.65301)
subcontact = (-2.49493,1.78308e-05,4.87927) 3243.44 (-279.127,-0.00692704,544.361) 25 -0.00155686 (0.000473795,1.19922e-08,-0.000944992) 77842.6 14682.1 0.0416667
face centroid = (-2.38607,0.250017,4.65301)
contact = 14 1 14 13 (-3.23698,0.500013,4.44166) (0.81805,5.72234e-06,0.575147)
subcontact = (-3.23771,1.3563e-05,4.43981) 819.869 (-184.088,-0.0250919,249.332) 24 -0.000787072 (0.000626157,8.66439e-08,-0.000868999) 39353.7 14876.5 0.0208333
face centroid = (-3.09287,0.250013,4.23737)
subcontact = (-3.23771,0.500014,4.43981) 1639.22 (-368.177,-0.0501808,498.67) 23 -0.000786825 (0.000626161,8.66386e-08,-0.000869009) 39341.3 14876.6 0.0416667
face centroid = (-3.09287,0.250013,4.23737)
subcontact = (-2.95014,0.500012,4.03079) 3468.82 (-180.864,-0.0211885,244.882) 22 -0.00333008 (0.000615125,7.31568e-08,-0.000853542) 166503 14612.7 0.0208333
face centroid = (-3.09287,0.250013,4.23737)
subcontact = (-2.95014,1.18441e-05,4.03079) 6938.15 (-361.726,-0.0423801,489.758) 21 -0.00333032 (0.000615121,7.31621e-08,-0.000853532) 166516 14612.6 0.0416667
face centroid = (-3.09287,0.250013,4.23737)
subcontact = (-2.94805,1.17812e-05,4.0336) 3465 (-180.869,-0.021213,244.887) 20 -0.0033264 (0.000615141,7.32351e-08,-0.00085356) 166322 14613.3 0.0208331
face centroid = (-3.09393,0.250013,4.2353)
subcontact = (-2.94805,0.500012,4.03359) 6929.48 (-361.74,-0.0424226,489.781) 19 -0.00332615 (0.000615145,7.32293e-08,-0.00085357) 166310 14613.4 0.0416661
face centroid = (-3.09393,0.250013,4.2353)
subcontact = (-3.2377,0.500013,4.44115) 815.512 (-184.094,-0.0251095,249.343) 18 -0.000782893 (0.000626182,8.67049e-08,-0.000869037) 39145.1 14877.3 0.0208331
face centroid = (-3.09393,0.250013,4.2353)
subcontact = (-3.2377,1.34779e-05,4.44115) 1631.54 (-368.188,-0.0502224,498.68) 17 -0.00078314 (0.000626177,8.67107e-08,-0.000869027) 39157.4 14877.2 0.0416661
face centroid = (-3.09393,0.250013,4.2353)
contact = 15 7 15 14 (-3.71231,0.25,3.71231) (0.707107,0,0.707107)
contact = 16 1 16 15 (-4.06415,2.09942e-06,2.94115) (0.596206,6.50739e-06,0.802831)
subcontact = (-4.46712,2.80929e-06,3.23716) 0 (0,0,0) 16 0.00326511 (0.000321621,8.44449e-07,-0.000235125) 0 0 0.0208333
face centroid = (-4.26618,0.250002,3.08914)
subcontact = (-4.46712,0.500003,3.23716) 0 (0,0,0) 15 0.00326224 (0.000322127,8.4444e-07,-0.000235508) 0 0 0.0416667
face centroid = (-4.26618,0.250002,3.08914)
subcontact = (-4.06571,0.500002,2.93905) 5440.54 (-100.325,-0.0569711,72.3376) 14 -0.00522294 (0.000344891,1.96945e-07,-0.000252384) 261146 5936.83 0.0208333
face centroid = (-4.26618,0.250002,3.08914)
subcontact = (-4.0657,2.08244e-06,2.93906) 10875.1 (-200.358,-0.113947,144.451) 13 -0.00522006 (0.000344385,1.96954e-07,-0.000252001) 261002 5928.03 0.0416667
face centroid = (-4.26618,0.250002,3.08914)
subcontact = (-4.06297,1.88542e-06,2.94352) 5429.21 (-100.17,-0.0573446,72.219) 12 -0.00521211 (0.000344359,1.98244e-07,-0.000251982) 260640 5928.34 0.0208303
face centroid = (-4.26641,0.250002,3.08811)
subcontact = (-4.06297,0.500002,2.94352) 10864.4 (-200.631,-0.114684,144.662) 11 -0.00521498 (0.000344865,1.98234e-07,-0.000252364) 260783 5937.15 0.0416607
face centroid = (-4.26641,0.250002,3.08811)
subcontact = (-4.46939,0.500002,3.23477) 0 (0,0,0) 10 0.00326982 (0.000322103,8.4557e-07,-0.00023549) 0 0 0.0208303
face centroid = (-4.26641,0.250002,3.08811)
subcontact = (-4.46939,1.96664e-06,3.23477) 0 (0,0,0) 9 0.0032727 (0.000321597,8.4558e-07,-0.000235107) 0 0 0.0416607
face centroid = (-4.26641,0.250002,3.08811)
contact = 17 7 17 16 (-4.67778,0.25,2.38345) (0.45399,0,0.891007)
contact = 18 7 18 17 (-4.99305,0.25,1.62234) (0.309017,0,0.951057)
contact = 19 1 19 18 (-5.18752,0.25,0.819077) (0.156434,0,0.987688)
subcontact = (-5.43659,-1.22269e-08,0.855981) 5241.37 (1015.69,0.00346596,-163.541) 8 -0.00503172 (-0.00351093,-1.19802e-08,0.000560695) 251591 49381.9 0.0208329
face centroid = (-5.18536,0.25,0.821281)
subcontact = (-5.43659,0.5,0.855981) 10483.5 (2031.43,0.00693199,-327.09) 7 -0.0050321 (-0.00351103,-1.19803e-08,0.000560709) 251610 49383.3 0.0416658
face centroid = (-5.18536,0.25,0.821281)
subcontact = (-4.94224,0.5,0.780986) 1844.96 (1019.02,-0.0249485,-164.07) 6 -0.00177116 (-0.00352245,8.62244e-08,0.00056252) 88560.1 49543.9 0.0208329
face centroid = (-5.18536,0.25,0.821281)
subcontact = (-4.94224,8.64485e-08,0.780986) 3689.15 (2037.98,-0.0498971,-328.131) 5 -0.00177079 (-0.00352235,8.62245e-08,0.000562506) 88541.4 49542.6 0.0416658
face centroid = (-5.18536,0.25,0.821281)
subcontact = (-4.93844,0,0.782172) 1824.01 (1019.01,-0.0252572,-164.069) 4 -0.00175106 (-0.00352242,8.72851e-08,0.000562517) 87552.7 49542.6 0.0208333
face centroid = (-5.18942,0.25,0.818484)
subcontact = (-4.93844,0.5,0.782172) 3648.81 (2038.08,-0.0505144,-328.146) 3 -0.00175143 (-0.00352252,8.72849e-08,0.000562531) 87571.4 49543.9 0.0416667
face centroid = (-5.18942,0.25,0.818484)
subcontact = (-5.43229,0.5,0.86039) 5221.23 (1015.74,0.00315982,-163.549) 2 -0.00501238 (-0.0035111,-1.09242e-08,0.00056072) 250619 49383.3 0.0208333
face centroid = (-5.18942,0.25,0.818484)
subcontact = (-5.43229,0,0.86039) 10441.7 (2031.42,0.00631953,-327.089) 1 -0.00501201 (-0.003511,-1.0924e-08,0.000560706) 250600 49381.9 0.0416667
face centroid = (-5.18942,0.25,0.818484)
3dec>log off
**********************************************
* Logging ended at Wed Mar 13 16:11:10 2024
**********************************************
**********************************************
* Logging started at Wed Mar 13 16:13:56 2024
* By 3dec Version 7.00 Release 159
* 
* 
* Job Title: 
**********************************************
3dec>log-file 'Displacement_step_1_distance_0.001m.txt'
**********************************************
* Logging ended at Wed Mar 13 16:13:56 2024
**********************************************
**********************************************
* Logging started at Wed Mar 13 16:13:56 2024
* By 3dec Version 7.00 Release 159
* 
* 
* Job Title: 
**********************************************
3dec>@contacts_output
contact = 1 1 1 0 (5.31089,0.250006,0.839969) (0.149411,-4.6716e-07,-0.988775)
subcontact = (5.43229,0,0.86092) 5369.93 (1042.66,0.180052,169.219) 112 -0.00515515 (-0.00360661,-6.22271e-07,-0.000565143) 257763 50704 0.0208328
face centroid = (5.1895,0.25,0.819018)
subcontact = (5.43229,0.5,0.86092) 10740.3 (2084.58,0.360103,338.308) 111 -0.00515538 (-0.00360533,-6.22268e-07,-0.000564933) 257775 50685.9 0.0416656
face centroid = (5.1895,0.25,0.819018)
subcontact = (4.93844,0.5,0.782702) 1668.6 (1042.53,-0.198956,169.193) 110 -0.00160184 (-0.00360615,6.87562e-07,-0.000565062) 80094.7 50697.5 0.0208328
face centroid = (5.1895,0.25,0.819018)
subcontact = (4.93844,0,0.782702) 3336.71 (2085.8,-0.397911,338.516) 109 -0.00160161 (-0.00360744,6.8756e-07,-0.000565272) 80083.1 50715.6 0.0416656
face centroid = (5.1895,0.25,0.819018)
subcontact = (4.94231,-6.8593e-07,0.781666) 1689.95 (1042.9,-0.19848,169.258) 108 -0.00162236 (-0.00360744,6.85929e-07,-0.000565272) 81117.7 50714.4 0.0208333
face centroid = (5.18536,0.25,0.821811)
subcontact = (4.9423,0.499999,0.781665) 3380.36 (2085.06,-0.396961,338.386) 107 -0.00162258 (-0.00360615,6.85931e-07,-0.000565062) 81128.6 50696.3 0.0416667
face centroid = (5.18536,0.25,0.821811)
subcontact = (5.43669,0.500001,0.856371) 5391.81 (1042.29,0.180515,169.154) 106 -0.00517614 (-0.00360532,-6.23879e-07,-0.000564932) 258807 50684.7 0.0208333
face centroid = (5.18536,0.25,0.821811)
subcontact = (5.43669,6.23882e-07,0.856371) 10783.2 (2085.33,0.361031,338.439) 105 -0.00517592 (-0.00360661,-6.23881e-07,-0.000565143) 258796 50702.8 0.0416667
face centroid = (5.18536,0.25,0.821811)
contact = 2 7 2 1 (4.99305,0.25,1.62234) (0.309017,0,-0.951057)
contact = 3 7 3 2 (4.67778,0.25,2.38345) (0.45399,0,-0.891007)
contact = 4 1 4 3 (4.26757,0.250009,3.09013) (0.590624,-0.00170896,-0.806945)
subcontact = (4.47089,2.19985e-07,3.23572) 110.865 (-31.9119,2.21217,-22.1569) 104 -0.000106405 (0.00010929,-7.64527e-06,7.79263e-05) 5321.82 1867.91 0.0208321
face centroid = (4.26901,0.250015,3.08803)
subcontact = (4.47089,0.5,3.23572) 221.37 (-58.6012,4.42418,-40.4913) 103 -0.000106232 (0.000100265,-7.64499e-06,7.13209e-05) 5313.18 1712.9 0.0416643
face centroid = (4.26901,0.250015,3.08803)
subcontact = (4.0643,0.499999,2.94471) 5313.82 (-34.3943,7.03949,-23.9919) 102 -0.00510131 (0.000117876,-2.43288e-05,8.42597e-05) 255078 2041.18 0.0208321
face centroid = (4.26901,0.250015,3.08803)
subcontact = (4.0643,-1.05311e-06,2.94471) 10628 (-74.0112,14.0791,-51.8063) 101 -0.00510149 (0.000126901,-2.43291e-05,9.08651e-05) 255087 2194.49 0.0416643
face centroid = (4.26901,0.250015,3.08803)
subcontact = (4.06718,1.95905e-05,2.9405) 5318.18 (-37.0063,7.04385,-25.9037) 100 -0.00510546 (0.000126913,-2.43436e-05,9.08737e-05) 255273 2194.44 0.0208333
face centroid = (4.26759,0.25,3.09022)
subcontact = (4.06719,0.50002,2.94051) 10635.9 (-68.7898,14.0874,-47.9847) 99 -0.00510525 (0.000117888,-2.43431e-05,8.4268e-05) 255262 2041.14 0.0416666
face centroid = (4.26759,0.25,3.09022)
subcontact = (4.47085,0.50001,3.23556) 114.69 (-29.3009,2.21614,-20.2458) 98 -0.000110102 (0.000100276,-7.65898e-06,7.13289e-05) 5505.14 1712.83 0.0208333
face centroid = (4.26759,0.25,3.09022)
subcontact = (4.47084,9.67596e-06,3.23556) 229.833 (-63.8246,4.43254,-44.3144) 97 -0.000110319 (0.000109301,-7.65945e-06,7.79345e-05) 5516.01 1867.84 0.0416666
face centroid = (4.26759,0.25,3.09022)
contact = 5 1 5 4 (3.90637,1.28194e-05,3.89089) (0.71499,-1.07237e-06,-0.699135)
subcontact = (3.90844,1.00416e-05,3.89021) 243.533 (-117.041,0.527993,-116.392) 96 -0.000233778 (0.00066822,-2.77045e-06,0.000673255) 11690 7923.32 0.0208326
face centroid = (3.73316,0.250015,3.71061)
subcontact = (3.90845,0.50001,3.89021) 485.948 (-233.237,1.05167,-231.982) 95 -0.000233242 (0.000671472,-2.77051e-06,0.000676569) 11663.2 7895.37 0.0416652
face centroid = (3.73316,0.250015,3.71061)
subcontact = (3.55592,0.50002,3.53564) 4580.54 (-195.584,-0.545162,-194.189) 94 -0.00439735 (0.000670966,1.88406e-06,0.000676108) 219874 13229.9 0.0208326
face centroid = (3.73316,0.250015,3.71061)
subcontact = (3.55591,1.99228e-05,3.53564) 9162.2 (-389.282,-1.09036,-386.465) 93 -0.00439788 (0.000667713,1.88412e-06,0.000672795) 219900 13165.4 0.0416652
face centroid = (3.73316,0.250015,3.71061)
subcontact = (3.55837,1.80495e-05,3.53186) 4587.22 (-194.642,-0.54718,-193.234) 92 -0.00440374 (0.000667714,1.891e-06,0.000672796) 220187 13165.1 0.0208333
face centroid = (3.73218,0.250015,3.71292)
subcontact = (3.55837,0.500018,3.53187) 9173.35 (-391.17,-1.09433,-388.382) 91 -0.00440321 (0.000670967,1.89096e-06,0.000676109) 220160 13229.5 0.0416667
face centroid = (3.73218,0.250015,3.71292)
subcontact = (3.90794,0.500013,3.88936) 249.033 (-119.655,0.531199,-118.992) 90 -0.000239073 (0.000671473,-2.76372e-06,0.00067657) 11953.6 8100.01 0.0208333
face centroid = (3.73218,0.250015,3.71292)
subcontact = (3.90794,1.2817e-05,3.88936) 499.163 (-240.144,1.06674,-238.774) 89 -0.000239599 (0.000668221,-2.76368e-06,0.000673256) 11979.9 8127.58 0.0416667
face centroid = (3.73218,0.250015,3.71292)
contact = 6 1 6 5 (3.24414,1.49943e-05,4.44206) (0.818391,-1.68971e-06,-0.574662)
subcontact = (3.24543,1.44483e-05,4.44247) 856.811 (-181.073,0.1644,-246.463) 88 -0.00082254 (0.000616632,-5.68338e-07,0.000858446) 41127.4 14680 0.0208331
face centroid = (3.10181,0.250017,4.23652)
subcontact = (3.24543,0.500014,4.44247) 1712.53 (-362.533,0.328798,-493.444) 87 -0.000822016 (0.000617286,-5.68336e-07,0.000859351) 41101.2 14695.5 0.0416662
face centroid = (3.10181,0.250017,4.23652)
subcontact = (2.95609,0.50002,4.0347) 3416.52 (-179.971,-0.178609,-244.918) 86 -0.00327987 (0.000612843,6.17104e-07,0.000853093) 163995 14588.9 0.0208331
face centroid = (3.10181,0.250017,4.23652)
subcontact = (2.95609,1.95325e-05,4.03469) 6834.13 (-359.556,-0.357217,-489.318) 85 -0.00328039 (0.000612188,6.17102e-07,0.000852189) 164021 14573.4 0.0416662
face centroid = (3.10181,0.250017,4.23652)
subcontact = (2.95815,1.89594e-05,4.03192) 3421.76 (-179.775,-0.178923,-244.656) 84 -0.0032849 (0.00061218,6.18198e-07,0.000852177) 164245 14573 0.0208333
face centroid = (3.10076,0.250017,4.23858)
subcontact = (2.95815,0.500019,4.03192) 6842.44 (-359.937,-0.357846,-489.829) 83 -0.00328438 (0.000612834,6.182e-07,0.000853081) 164219 14588.5 0.0416667
face centroid = (3.10076,0.250017,4.23858)
subcontact = (3.24548,0.500015,4.44112) 860.969 (-181.264,0.164085,-246.718) 82 -0.00082653 (0.000617278,-5.6724e-07,0.000859339) 41326.5 14695.1 0.0208333
face centroid = (3.10076,0.250017,4.23858)
subcontact = (3.24548,1.49915e-05,4.44112) 1723.02 (-362.141,0.328171,-492.919) 81 -0.000827049 (0.000616623,-5.67242e-07,0.000858434) 41352.4 14679.6 0.0416667
face centroid = (3.10076,0.250017,4.23858)
contact = 7 1 7 6 (2.39302,0.250019,4.65475) (0.898631,1.77649e-06,-0.438705)
subcontact = (2.50243,1.69827e-05,4.88013) 1656.09 (-138.986,0.130244,-270.028) 80 -0.00158985 (0.000470428,-4.50125e-07,0.000938265) 79492.4 14577.5 0.0208333
face centroid = (2.39371,0.250019,4.65381)
subcontact = (2.50243,0.500017,4.88014) 3311.01 (-278.24,0.260489,-540.569) 79 -0.00158929 (0.000470878,-4.50127e-07,0.000939158) 79464.4 14591.4 0.0416666
face centroid = (2.39371,0.250019,4.65381)
subcontact = (2.28265,0.500021,4.43103) 2146.64 (-140.041,-0.15851,-272.062) 78 -0.00206078 (0.000473988,5.47814e-07,0.00094534) 103039 14687.5 0.0208333
face centroid = (2.39371,0.250019,4.65381)
subcontact = (2.28265,2.07696e-05,4.43103) 4294.45 (-279.815,-0.317021,-543.612) 77 -0.00206134 (0.000473538,5.47816e-07,0.000944447) 103067 14673.6 0.0416666
face centroid = (2.39371,0.250019,4.65381)
subcontact = (2.28403,2.02247e-05,4.42915) 2149.26 (-139.908,-0.158757,-271.808) 76 -0.0020633 (0.000473541,5.48664e-07,0.000944453) 103165 14673.7 0.0208333
face centroid = (2.39254,0.250019,4.65558)
subcontact = (2.28403,0.50002,4.42915) 4297.37 (-280.084,-0.317512,-544.129) 75 -0.00206274 (0.000473991,5.48661e-07,0.000945346) 103137 14687.6 0.0416667
face centroid = (2.39254,0.250019,4.65558)
subcontact = (2.50339,0.500017,4.87847) 1657.55 (-139.121,0.13,-270.286) 74 -0.00159125 (0.000470881,-4.49283e-07,0.000939163) 79562.3 14591.5 0.0208333
face centroid = (2.39254,0.250019,4.65558)
subcontact = (2.50338,1.74345e-05,4.87846) 3316.26 (-277.974,0.26,-540.059) 73 -0.00159181 (0.000470431,-4.4928e-07,0.000938271) 79590.2 14577.6 0.0416667
face centroid = (2.39254,0.250019,4.65558)
contact = 8 1 8 7 (1.62767,0.250021,4.95548) (0.955417,2.48082e-07,-0.295259)
subcontact = (1.70051,1.93548e-05,5.19508) 2406.52 (-73.7684,0.108024,-224.834) 72 -0.00231026 (0.000248204,-3.73335e-07,0.000779185) 115513 11358.1 0.0208333
face centroid = (1.62865,0.250021,4.95473)
subcontact = (1.70051,0.500019,5.19508) 4811.82 (-147.689,0.216049,-450.124) 71 -0.00230968 (0.000248458,-3.73338e-07,0.000779977) 115484 11369.6 0.0416665
face centroid = (1.62865,0.250021,4.95473)
subcontact = (1.55414,0.500022,4.71699) 1036.69 (-75.8628,-0.130477,-231.248) 70 -0.000995228 (0.000255267,4.50925e-07,0.000801411) 49761.5 11682 0.0208333
face centroid = (1.62865,0.250021,4.95473)
subcontact = (1.55414,2.19704e-05,4.71698) 2074.61 (-151.574,-0.260955,-462.04) 69 -0.000995814 (0.000255013,4.50928e-07,0.000800619) 49790.8 11670.5 0.0416665
face centroid = (1.62865,0.250021,4.95473)
subcontact = (1.55484,2.15196e-05,4.71588) 1037.29 (-75.7892,-0.130634,-231.027) 68 -0.000995798 (0.000255019,4.51461e-07,0.000800641) 49789.9 11670.8 0.0208333
face centroid = (1.62733,0.250021,4.95603)
subcontact = (1.55484,0.500022,4.71588) 2073.36 (-151.73,-0.261266,-462.511) 67 -0.000995212 (0.000255273,4.51459e-07,0.000801433) 49760.6 11682.3 0.0416667
face centroid = (1.62733,0.250021,4.95603)
subcontact = (1.70247,0.50002,5.19359) 2405.9 (-73.8465,0.10787,-225.069) 66 -0.00230966 (0.000248465,-3.72807e-07,0.000779998) 115483 11370 0.0208333
face centroid = (1.62733,0.250021,4.95603)
subcontact = (1.70246,1.9728e-05,5.19359) 4813.02 (-147.541,0.215739,-449.681) 65 -0.00231025 (0.000248211,-3.72805e-07,0.000779206) 115512 11358.4 0.0416667
face centroid = (1.62733,0.250021,4.95603)
contact = 9 1 9 8 (0.824996,0.250022,5.13518) (0.989024,3.17513e-07,-0.147753)
subcontact = (0.860439,2.12229e-05,5.38292) 2936.15 (-22.6916,0.156967,-140.283) 64 -0.00281872 (7.54937e-05,-5.42486e-07,0.000485277) 140938 6821.23 0.020833
face centroid = (0.826351,0.250022,5.13472)
subcontact = (0.86044,0.500021,5.38292) 5871.05 (-45.5102,0.313937,-281.342) 63 -0.00281811 (7.57038e-05,-5.42493e-07,0.000486619) 140907 6840.1 0.041666
face centroid = (0.826351,0.250022,5.13472)
subcontact = (0.789362,0.500023,4.888) 281.433 (-19.0556,-0.179574,-118.541) 62 -0.000270172 (8.02642e-05,8.06843e-07,0.000516088) 13509 5763.12 0.020833
face centroid = (0.826351,0.250022,5.13472)
subcontact = (0.789361,2.28785e-05,4.888) 564.119 (-38.1579,-0.360496,-237.358) 61 -0.000270774 (8.00541e-05,8.0685e-07,0.000514746) 13539.1 5769.82 0.041666
face centroid = (0.826351,0.250022,5.13472)
subcontact = (0.789552,2.20699e-05,4.88744) 281.584 (-18.9998,-0.179757,-118.2) 60 -0.00027032 (8.00569e-05,8.07469e-07,0.000514764) 13516.1 5746.45 0.0208333
face centroid = (0.824901,0.250022,5.13546)
subcontact = (0.789552,0.500022,4.88744) 561.915 (-37.9526,-0.358151,-236.123) 59 -0.000269718 (8.0267e-05,8.07464e-07,0.000516107) 13486 5739.7 0.0416667
face centroid = (0.824901,0.250022,5.13546)
subcontact = (0.863151,0.500022,5.382) 2935.07 (-22.7562,0.156796,-140.678) 58 -0.00281767 (7.57066e-05,-5.41885e-07,0.000486637) 140884 6840.32 0.0208333
face centroid = (0.824901,0.250022,5.13546)
subcontact = (0.863151,2.17638e-05,5.382) 5871.4 (-45.3853,0.313589,-280.58) 57 -0.00281827 (7.54965e-05,-5.4188e-07,0.000485295) 140914 6821.45 0.0416667
face centroid = (0.824901,0.250022,5.13546)
contact = 10 1 10 9 (0.00309456,0.250022,5.3167) (0.999989,9.17784e-08,-0.00462899)
subcontact = (0.00216583,2.24747e-05,5.44167) 3139.07 (-0.106568,-0.0221715,19.1949) 56 -0.00301352 (3.06497e-08,7.66272e-08,-6.63297e-05) 150690 921.458 0.0208313
face centroid = (0.00292045,0.250021,5.19174)
subcontact = (0.00216626,0.500022,5.44167) 6277.44 (-0.215627,-0.0443368,37.141) 55 -0.00301318 (3.77964e-08,7.66165e-08,-6.41718e-05) 150673 891.486 0.0416626
face centroid = (0.00292045,0.250021,5.19174)
subcontact = (0.00683888,0.500023,4.94169) 0 (0,0,0) 54 0.0061793 (1.88828e-07,2.22796e-06,-3.11358e-05) 0 0 0.0208313
face centroid = (0.00292045,0.250021,5.19174)
subcontact = (0.00683845,2.27161e-05,4.94169) 0 (0,0,0) 53 0.00617896 (1.81681e-07,2.22797e-06,-3.32937e-05) 0 0 0.0416626
face centroid = (0.00292045,0.250021,5.19174)
subcontact = (0.000660376,2.04884e-05,4.94175) 0 (0,0,0) 52 0.00617677 (1.8164e-07,2.22717e-06,-3.33029e-05) 0 0 0.0208331
face centroid = (0.00450235,0.250023,5.19168)
subcontact = (0.000660447,0.50002,4.94175) 0 (0,0,0) 51 0.00617714 (1.88787e-07,2.22717e-06,-3.11449e-05) 0 0 0.0416663
face centroid = (0.00450235,0.250023,5.19168)
subcontact = (0.00518052,0.500022,5.44173) 3141.31 (-0.10781,-0.0219331,18.5717) 50 -0.00301566 (3.77479e-08,7.58002e-08,-6.41827e-05) 150784 891.467 0.0208331
face centroid = (0.00450235,0.250023,5.19168)
subcontact = (0.00518045,2.23982e-05,5.44173) 6283.38 (-0.213129,-0.0438698,38.3923) 49 -0.00301603 (3.06005e-08,7.58066e-08,-6.63407e-05) 150803 921.439 0.0416663
face centroid = (0.00450235,0.250023,5.19168)
contact = 11 1 11 10 (-0.818808,0.250021,5.13481) (0.989816,1.39674e-07,0.142351)
subcontact = (-0.855786,2.22906e-05,5.3818) 2923.38 (-23.0404,0.0399993,139.062) 48 -0.00280645 (7.44913e-05,-1.38235e-07,-0.00048142) 140324 6766.05 0.0208331
face centroid = (-0.817457,0.250021,5.13526)
subcontact = (-0.855786,0.500022,5.3818) 5845.6 (-46.0486,0.0799986,277.924) 47 -0.00280589 (7.44386e-05,-1.38235e-07,-0.000481075) 140296 6761.19 0.0416661
face centroid = (-0.817457,0.250021,5.13526)
subcontact = (-0.782036,0.50002,4.88726) 295.595 (-24.0529,-0.0622738,145.464) 46 -0.000283769 (7.78356e-05,2.15224e-07,-0.000503572) 14188.7 7077.19 0.0208331
face centroid = (-0.817457,0.250021,5.13526)
subcontact = (-0.782036,2.03906e-05,4.88727) 592.353 (-48.1381,-0.124548,291.128) 45 -0.000284327 (7.78883e-05,2.15224e-07,-0.000503917) 14216.7 7082.04 0.0416661
face centroid = (-0.817457,0.250021,5.13526)
subcontact = (-0.78183,2.01782e-05,4.88782) 297.144 (-24.0683,-0.0622192,145.559) 44 -0.000285257 (7.78858e-05,2.15032e-07,-0.0005039) 14262.9 7081.7 0.0208333
face centroid = (-0.818911,0.250021,5.13453)
subcontact = (-0.78183,0.50002,4.88782) 593.124 (-48.1043,-0.124438,290.918) 43 -0.000284698 (7.78331e-05,2.15032e-07,-0.000503555) 14235 7076.85 0.0416667
face centroid = (-0.818911,0.250021,5.13453)
subcontact = (-0.853084,0.500022,5.38271) 2923.76 (-23.0235,0.0400561,138.957) 42 -0.00280682 (7.44361e-05,-1.38431e-07,-0.000481058) 140341 6760.86 0.0208333
face centroid = (-0.818911,0.250021,5.13453)
subcontact = (-0.853084,2.24314e-05,5.38271) 5848.69 (-46.0793,0.0801121,278.113) 41 -0.00280738 (7.44888e-05,-1.38431e-07,-0.000481403) 140369 6765.71 0.0416667
face centroid = (-0.818911,0.250021,5.13453)
contact = 12 1 12 11 (-1.62079,0.25002,4.95482) (0.956188,5.51323e-07,0.292752)
subcontact = (-1.69504,2.08165e-05,5.19308) 2383.05 (-77.478,0.0179498,233.873) 40 -0.00228773 (0.000258534,-6.20264e-08,-0.000811269) 114387 11825.9 0.0208332
face centroid = (-1.61982,0.25002,4.95558)
subcontact = (-1.69504,0.500021,5.19308) 4765.08 (-154.919,0.0358994,467.636) 39 -0.00228724 (0.000258473,-6.2026e-08,-0.000811078) 114362 11823.1 0.0416665
face centroid = (-1.61982,0.25002,4.95558)
subcontact = (-1.54725,0.500019,4.71542) 1063.87 (-78.9156,-0.0416664,238.294) 38 -0.00102132 (0.00026337,1.44011e-07,-0.000826593) 51066.2 12049.1 0.0208332
face centroid = (-1.61982,0.25002,4.95558)
subcontact = (-1.54725,1.87101e-05,4.71542) 2128.77 (-157.868,-0.0833326,476.699) 37 -0.00102181 (0.000263432,1.4401e-07,-0.000826784) 51090.6 12051.9 0.0416665
face centroid = (-1.61982,0.25002,4.95558)
subcontact = (-1.54653,1.85705e-05,4.71657) 1064.95 (-78.9322,-0.0416217,238.344) 36 -0.00102236 (0.000263426,1.43854e-07,-0.000826766) 51117.8 12051.6 0.0208333
face centroid = (-1.62114,0.25002,4.95425)
subcontact = (-1.54653,0.500019,4.71656) 2128.89 (-157.828,-0.0832435,476.578) 35 -0.00102187 (0.000263365,1.43854e-07,-0.000826575) 51093.3 12048.8 0.0416667
face centroid = (-1.62114,0.25002,4.95425)
subcontact = (-1.69312,0.500021,5.19459) 2383.11 (-77.4579,0.0179952,233.812) 34 -0.00228779 (0.000258467,-6.2184e-08,-0.00081106) 114389 11822.8 0.0208333
face centroid = (-1.62114,0.25002,4.95425)
subcontact = (-1.69312,2.0883e-05,5.1946) 4767.23 (-154.952,0.0359906,467.735) 33 -0.00228828 (0.000258528,-6.21843e-08,-0.000811252) 114414 11825.6 0.0416667
face centroid = (-1.62114,0.25002,4.95425)
contact = 13 1 13 12 (-2.3856,0.250017,4.65384) (0.897958,1.50823e-06,0.440081)
subcontact = (-2.49585,1.78381e-05,4.87761) 1623.16 (-139.563,-0.0034652,272.179) 32 -0.00155824 (0.000473793,1.19983e-08,-0.000944988) 77911.9 14682 0.0208333
face centroid = (-2.3849,0.250017,4.65478)
subcontact = (-2.49585,0.500018,4.87761) 3245.53 (-279.107,-0.00693081,544.322) 31 -0.00155786 (0.000473761,1.1999e-08,-0.000944925) 77892.9 14681 0.0416666
face centroid = (-2.3849,0.250017,4.65478)
subcontact = (-2.27629,0.500016,4.4284) 2185.97 (-139.53,-0.0240613,272.084) 30 -0.00209854 (0.00047366,8.31771e-08,-0.00094467) 104927 14677.2 0.0208333
face centroid = (-2.3849,0.250017,4.65478)
subcontact = (-2.27629,1.58024e-05,4.4284) 4372.74 (-279.079,-0.0481222,544.205) 29 -0.00209892 (0.000473692,8.31764e-08,-0.000944734) 104946 14678.2 0.0416666
face centroid = (-2.3849,0.250017,4.65478)
subcontact = (-2.27488,1.57239e-05,4.4303) 2184.93 (-139.54,-0.024059,272.104) 28 -0.00209754 (0.000473694,8.31697e-08,-0.000944738) 104877 14678.3 0.0208333
face centroid = (-2.38607,0.250017,4.65301)
subcontact = (-2.27488,0.500016,4.43029) 4369.07 (-279.061,-0.0481182,544.171) 27 -0.00209716 (0.000473662,8.317e-08,-0.000944675) 104858 14677.3 0.0416667
face centroid = (-2.38607,0.250017,4.65301)
subcontact = (-2.49493,0.500018,4.87927) 1621.32 (-139.554,-0.00346363,272.162) 26 -0.00155647 (0.000473763,1.19926e-08,-0.000944929) 77823.5 14681.1 0.0208333
face centroid = (-2.38607,0.250017,4.65301)
subcontact = (-2.49493,1.78308e-05,4.87927) 3243.44 (-279.127,-0.00692704,544.361) 25 -0.00155686 (0.000473795,1.19922e-08,-0.000944992) 77842.6 14682.1 0.0416667
face centroid = (-2.38607,0.250017,4.65301)
contact = 14 1 14 13 (-3.23698,0.500013,4.44166) (0.81805,5.72234e-06,0.575147)
subcontact = (-3.23771,1.3563e-05,4.43981) 819.869 (-184.088,-0.0250919,249.332) 24 -0.000787072 (0.000626157,8.66439e-08,-0.000868999) 39353.7 14876.5 0.0208333
face centroid = (-3.09287,0.250013,4.23737)
subcontact = (-3.23771,0.500014,4.43981) 1639.22 (-368.177,-0.0501808,498.67) 23 -0.000786825 (0.000626161,8.66386e-08,-0.000869009) 39341.3 14876.6 0.0416667
face centroid = (-3.09287,0.250013,4.23737)
subcontact = (-2.95014,0.500012,4.03079) 3468.82 (-180.864,-0.0211885,244.882) 22 -0.00333008 (0.000615125,7.31568e-08,-0.000853542) 166503 14612.7 0.0208333
face centroid = (-3.09287,0.250013,4.23737)
subcontact = (-2.95014,1.18441e-05,4.03079) 6938.15 (-361.726,-0.0423801,489.758) 21 -0.00333032 (0.000615121,7.31621e-08,-0.000853532) 166516 14612.6 0.0416667
face centroid = (-3.09287,0.250013,4.23737)
subcontact = (-2.94805,1.17812e-05,4.0336) 3465 (-180.869,-0.021213,244.887) 20 -0.0033264 (0.000615141,7.32351e-08,-0.00085356) 166322 14613.3 0.0208331
face centroid = (-3.09393,0.250013,4.2353)
subcontact = (-2.94805,0.500012,4.03359) 6929.48 (-361.74,-0.0424226,489.781) 19 -0.00332615 (0.000615145,7.32293e-08,-0.00085357) 166310 14613.4 0.0416661
face centroid = (-3.09393,0.250013,4.2353)
subcontact = (-3.2377,0.500013,4.44115) 815.512 (-184.094,-0.0251095,249.343) 18 -0.000782893 (0.000626182,8.67049e-08,-0.000869037) 39145.1 14877.3 0.0208331
face centroid = (-3.09393,0.250013,4.2353)
subcontact = (-3.2377,1.34779e-05,4.44115) 1631.54 (-368.188,-0.0502224,498.68) 17 -0.00078314 (0.000626177,8.67107e-08,-0.000869027) 39157.4 14877.2 0.0416661
face centroid = (-3.09393,0.250013,4.2353)
contact = 15 7 15 14 (-3.71231,0.25,3.71231) (0.707107,0,0.707107)
contact = 16 1 16 15 (-4.06415,2.09942e-06,2.94115) (0.596206,6.50739e-06,0.802831)
subcontact = (-4.46712,2.80929e-06,3.23716) 0 (0,0,0) 16 0.00326511 (0.000321621,8.44449e-07,-0.000235125) 0 0 0.0208333
face centroid = (-4.26618,0.250002,3.08914)
subcontact = (-4.46712,0.500003,3.23716) 0 (0,0,0) 15 0.00326224 (0.000322127,8.4444e-07,-0.000235508) 0 0 0.0416667
face centroid = (-4.26618,0.250002,3.08914)
subcontact = (-4.06571,0.500002,2.93905) 5440.54 (-100.325,-0.0569711,72.3376) 14 -0.00522294 (0.000344891,1.96945e-07,-0.000252384) 261146 5936.83 0.0208333
face centroid = (-4.26618,0.250002,3.08914)
subcontact = (-4.0657,2.08244e-06,2.93906) 10875.1 (-200.358,-0.113947,144.451) 13 -0.00522006 (0.000344385,1.96954e-07,-0.000252001) 261002 5928.03 0.0416667
face centroid = (-4.26618,0.250002,3.08914)
subcontact = (-4.06297,1.88542e-06,2.94352) 5429.21 (-100.17,-0.0573446,72.219) 12 -0.00521211 (0.000344359,1.98244e-07,-0.000251982) 260640 5928.34 0.0208303
face centroid = (-4.26641,0.250002,3.08811)
subcontact = (-4.06297,0.500002,2.94352) 10864.4 (-200.631,-0.114684,144.662) 11 -0.00521498 (0.000344865,1.98234e-07,-0.000252364) 260783 5937.15 0.0416607
face centroid = (-4.26641,0.250002,3.08811)
subcontact = (-4.46939,0.500002,3.23477) 0 (0,0,0) 10 0.00326982 (0.000322103,8.4557e-07,-0.00023549) 0 0 0.0208303
face centroid = (-4.26641,0.250002,3.08811)
subcontact = (-4.46939,1.96664e-06,3.23477) 0 (0,0,0) 9 0.0032727 (0.000321597,8.4558e-07,-0.000235107) 0 0 0.0416607
face centroid = (-4.26641,0.250002,3.08811)
contact = 17 7 17 16 (-4.67778,0.25,2.38345) (0.45399,0,0.891007)
contact = 18 7 18 17 (-4.99305,0.25,1.62234) (0.309017,0,0.951057)
contact = 19 1 19 18 (-5.18752,0.25,0.819077) (0.156434,0,0.987688)
subcontact = (-5.43659,-1.22269e-08,0.855981) 5241.37 (1015.69,0.00346596,-163.541) 8 -0.00503172 (-0.00351093,-1.19802e-08,0.000560695) 251591 49381.9 0.0208329
face centroid = (-5.18536,0.25,0.821281)
subcontact = (-5.43659,0.5,0.855981) 10483.5 (2031.43,0.00693199,-327.09) 7 -0.0050321 (-0.00351103,-1.19803e-08,0.000560709) 251610 49383.3 0.0416658
face centroid = (-5.18536,0.25,0.821281)
subcontact = (-4.94224,0.5,0.780986) 1844.96 (1019.02,-0.0249485,-164.07) 6 -0.00177116 (-0.00352245,8.62244e-08,0.00056252) 88560.1 49543.9 0.0208329
face centroid = (-5.18536,0.25,0.821281)
subcontact = (-4.94224,8.64485e-08,0.780986) 3689.15 (2037.98,-0.0498971,-328.131) 5 -0.00177079 (-0.00352235,8.62245e-08,0.000562506) 88541.4 49542.6 0.0416658
face centroid = (-5.18536,0.25,0.821281)
subcontact = (-4.93844,0,0.782172) 1824.01 (1019.01,-0.0252572,-164.069) 4 -0.00175106 (-0.00352242,8.72851e-08,0.000562517) 87552.7 49542.6 0.0208333
face centroid = (-5.18942,0.25,0.818484)
subcontact = (-4.93844,0.5,0.782172) 3648.81 (2038.08,-0.0505144,-328.146) 3 -0.00175143 (-0.00352252,8.72849e-08,0.000562531) 87571.4 49543.9 0.0416667
face centroid = (-5.18942,0.25,0.818484)
subcontact = (-5.43229,0.5,0.86039) 5221.23 (1015.74,0.00315982,-163.549) 2 -0.00501238 (-0.0035111,-1.09242e-08,0.00056072) 250619 49383.3 0.0208333
face centroid = (-5.18942,0.25,0.818484)
subcontact = (-5.43229,0,0.86039) 10441.7 (2031.42,0.00631953,-327.089) 1 -0.00501201 (-0.003511,-1.0924e-08,0.000560706) 250600 49381.9 0.0416667
face centroid = (-5.18942,0.25,0.818484)
3dec>log off
**********************************************
* Logging ended at Wed Mar 13 16:13:56 2024
**********************************************
**********************************************
* Logging started at Wed Mar 13 16:14:14 2024
* By 3dec Version 7.00 Release 159
* 
* 
* Job Title: 
**********************************************
3dec>log-file 'Displacement_step_1_distance_0.001m.txt'
**********************************************
* Logging ended at Wed Mar 13 16:14:14 2024
**********************************************
**********************************************
* Logging started at Wed Mar 13 16:14:14 2024
* By 3dec Version 7.00 Release 159
* 
* 
* Job Title: 
**********************************************
3dec>@contacts_output
contact = 1 1 1 0 (5.31089,0.250006,0.839969) (0.149411,-4.6716e-07,-0.988775)
subcontact = (5.43229,0,0.86092) 5369.93 (1042.66,0.180052,169.219) 112 -0.00515515 (-0.00360661,-6.22271e-07,-0.000565143) 257763 50704 0.0208328
face centroid = (5.1895,0.25,0.819018)
subcontact = (5.43229,0.5,0.86092) 10740.3 (2084.58,0.360103,338.308) 111 -0.00515538 (-0.00360533,-6.22268e-07,-0.000564933) 257775 50685.9 0.0416656
face centroid = (5.1895,0.25,0.819018)
subcontact = (4.93844,0.5,0.782702) 1668.6 (1042.53,-0.198956,169.193) 110 -0.00160184 (-0.00360615,6.87562e-07,-0.000565062) 80094.7 50697.5 0.0208328
face centroid = (5.1895,0.25,0.819018)
subcontact = (4.93844,0,0.782702) 3336.71 (2085.8,-0.397911,338.516) 109 -0.00160161 (-0.00360744,6.8756e-07,-0.000565272) 80083.1 50715.6 0.0416656
face centroid = (5.1895,0.25,0.819018)
subcontact = (4.94231,-6.8593e-07,0.781666) 1689.95 (1042.9,-0.19848,169.258) 108 -0.00162236 (-0.00360744,6.85929e-07,-0.000565272) 81117.7 50714.4 0.0208333
face centroid = (5.18536,0.25,0.821811)
subcontact = (4.9423,0.499999,0.781665) 3380.36 (2085.06,-0.396961,338.386) 107 -0.00162258 (-0.00360615,6.85931e-07,-0.000565062) 81128.6 50696.3 0.0416667
face centroid = (5.18536,0.25,0.821811)
subcontact = (5.43669,0.500001,0.856371) 5391.81 (1042.29,0.180515,169.154) 106 -0.00517614 (-0.00360532,-6.23879e-07,-0.000564932) 258807 50684.7 0.0208333
face centroid = (5.18536,0.25,0.821811)
subcontact = (5.43669,6.23882e-07,0.856371) 10783.2 (2085.33,0.361031,338.439) 105 -0.00517592 (-0.00360661,-6.23881e-07,-0.000565143) 258796 50702.8 0.0416667
face centroid = (5.18536,0.25,0.821811)
contact = 2 7 2 1 (4.99305,0.25,1.62234) (0.309017,0,-0.951057)
contact = 3 7 3 2 (4.67778,0.25,2.38345) (0.45399,0,-0.891007)
contact = 4 1 4 3 (4.26757,0.250009,3.09013) (0.590624,-0.00170896,-0.806945)
subcontact = (4.47089,2.19985e-07,3.23572) 110.865 (-31.9119,2.21217,-22.1569) 104 -0.000106405 (0.00010929,-7.64527e-06,7.79263e-05) 5321.82 1867.91 0.0208321
face centroid = (4.26901,0.250015,3.08803)
subcontact = (4.47089,0.5,3.23572) 221.37 (-58.6012,4.42418,-40.4913) 103 -0.000106232 (0.000100265,-7.64499e-06,7.13209e-05) 5313.18 1712.9 0.0416643
face centroid = (4.26901,0.250015,3.08803)
subcontact = (4.0643,0.499999,2.94471) 5313.82 (-34.3943,7.03949,-23.9919) 102 -0.00510131 (0.000117876,-2.43288e-05,8.42597e-05) 255078 2041.18 0.0208321
face centroid = (4.26901,0.250015,3.08803)
subcontact = (4.0643,-1.05311e-06,2.94471) 10628 (-74.0112,14.0791,-51.8063) 101 -0.00510149 (0.000126901,-2.43291e-05,9.08651e-05) 255087 2194.49 0.0416643
face centroid = (4.26901,0.250015,3.08803)
subcontact = (4.06718,1.95905e-05,2.9405) 5318.18 (-37.0063,7.04385,-25.9037) 100 -0.00510546 (0.000126913,-2.43436e-05,9.08737e-05) 255273 2194.44 0.0208333
face centroid = (4.26759,0.25,3.09022)
subcontact = (4.06719,0.50002,2.94051) 10635.9 (-68.7898,14.0874,-47.9847) 99 -0.00510525 (0.000117888,-2.43431e-05,8.4268e-05) 255262 2041.14 0.0416666
face centroid = (4.26759,0.25,3.09022)
subcontact = (4.47085,0.50001,3.23556) 114.69 (-29.3009,2.21614,-20.2458) 98 -0.000110102 (0.000100276,-7.65898e-06,7.13289e-05) 5505.14 1712.83 0.0208333
face centroid = (4.26759,0.25,3.09022)
subcontact = (4.47084,9.67596e-06,3.23556) 229.833 (-63.8246,4.43254,-44.3144) 97 -0.000110319 (0.000109301,-7.65945e-06,7.79345e-05) 5516.01 1867.84 0.0416666
face centroid = (4.26759,0.25,3.09022)
contact = 5 1 5 4 (3.90637,1.28194e-05,3.89089) (0.71499,-1.07237e-06,-0.699135)
subcontact = (3.90844,1.00416e-05,3.89021) 243.533 (-117.041,0.527993,-116.392) 96 -0.000233778 (0.00066822,-2.77045e-06,0.000673255) 11690 7923.32 0.0208326
face centroid = (3.73316,0.250015,3.71061)
subcontact = (3.90845,0.50001,3.89021) 485.948 (-233.237,1.05167,-231.982) 95 -0.000233242 (0.000671472,-2.77051e-06,0.000676569) 11663.2 7895.37 0.0416652
face centroid = (3.73316,0.250015,3.71061)
subcontact = (3.55592,0.50002,3.53564) 4580.54 (-195.584,-0.545162,-194.189) 94 -0.00439735 (0.000670966,1.88406e-06,0.000676108) 219874 13229.9 0.0208326
face centroid = (3.73316,0.250015,3.71061)
subcontact = (3.55591,1.99228e-05,3.53564) 9162.2 (-389.282,-1.09036,-386.465) 93 -0.00439788 (0.000667713,1.88412e-06,0.000672795) 219900 13165.4 0.0416652
face centroid = (3.73316,0.250015,3.71061)
subcontact = (3.55837,1.80495e-05,3.53186) 4587.22 (-194.642,-0.54718,-193.234) 92 -0.00440374 (0.000667714,1.891e-06,0.000672796) 220187 13165.1 0.0208333
face centroid = (3.73218,0.250015,3.71292)
subcontact = (3.55837,0.500018,3.53187) 9173.35 (-391.17,-1.09433,-388.382) 91 -0.00440321 (0.000670967,1.89096e-06,0.000676109) 220160 13229.5 0.0416667
face centroid = (3.73218,0.250015,3.71292)
subcontact = (3.90794,0.500013,3.88936) 249.033 (-119.655,0.531199,-118.992) 90 -0.000239073 (0.000671473,-2.76372e-06,0.00067657) 11953.6 8100.01 0.0208333
face centroid = (3.73218,0.250015,3.71292)
subcontact = (3.90794,1.2817e-05,3.88936) 499.163 (-240.144,1.06674,-238.774) 89 -0.000239599 (0.000668221,-2.76368e-06,0.000673256) 11979.9 8127.58 0.0416667
face centroid = (3.73218,0.250015,3.71292)
contact = 6 1 6 5 (3.24414,1.49943e-05,4.44206) (0.818391,-1.68971e-06,-0.574662)
subcontact = (3.24543,1.44483e-05,4.44247) 856.811 (-181.073,0.1644,-246.463) 88 -0.00082254 (0.000616632,-5.68338e-07,0.000858446) 41127.4 14680 0.0208331
face centroid = (3.10181,0.250017,4.23652)
subcontact = (3.24543,0.500014,4.44247) 1712.53 (-362.533,0.328798,-493.444) 87 -0.000822016 (0.000617286,-5.68336e-07,0.000859351) 41101.2 14695.5 0.0416662
face centroid = (3.10181,0.250017,4.23652)
subcontact = (2.95609,0.50002,4.0347) 3416.52 (-179.971,-0.178609,-244.918) 86 -0.00327987 (0.000612843,6.17104e-07,0.000853093) 163995 14588.9 0.0208331
face centroid = (3.10181,0.250017,4.23652)
subcontact = (2.95609,1.95325e-05,4.03469) 6834.13 (-359.556,-0.357217,-489.318) 85 -0.00328039 (0.000612188,6.17102e-07,0.000852189) 164021 14573.4 0.0416662
face centroid = (3.10181,0.250017,4.23652)
subcontact = (2.95815,1.89594e-05,4.03192) 3421.76 (-179.775,-0.178923,-244.656) 84 -0.0032849 (0.00061218,6.18198e-07,0.000852177) 164245 14573 0.0208333
face centroid = (3.10076,0.250017,4.23858)
subcontact = (2.95815,0.500019,4.03192) 6842.44 (-359.937,-0.357846,-489.829) 83 -0.00328438 (0.000612834,6.182e-07,0.000853081) 164219 14588.5 0.0416667
face centroid = (3.10076,0.250017,4.23858)
subcontact = (3.24548,0.500015,4.44112) 860.969 (-181.264,0.164085,-246.718) 82 -0.00082653 (0.000617278,-5.6724e-07,0.000859339) 41326.5 14695.1 0.0208333
face centroid = (3.10076,0.250017,4.23858)
subcontact = (3.24548,1.49915e-05,4.44112) 1723.02 (-362.141,0.328171,-492.919) 81 -0.000827049 (0.000616623,-5.67242e-07,0.000858434) 41352.4 14679.6 0.0416667
face centroid = (3.10076,0.250017,4.23858)
contact = 7 1 7 6 (2.39302,0.250019,4.65475) (0.898631,1.77649e-06,-0.438705)
subcontact = (2.50243,1.69827e-05,4.88013) 1656.09 (-138.986,0.130244,-270.028) 80 -0.00158985 (0.000470428,-4.50125e-07,0.000938265) 79492.4 14577.5 0.0208333
face centroid = (2.39371,0.250019,4.65381)
subcontact = (2.50243,0.500017,4.88014) 3311.01 (-278.24,0.260489,-540.569) 79 -0.00158929 (0.000470878,-4.50127e-07,0.000939158) 79464.4 14591.4 0.0416666
face centroid = (2.39371,0.250019,4.65381)
subcontact = (2.28265,0.500021,4.43103) 2146.64 (-140.041,-0.15851,-272.062) 78 -0.00206078 (0.000473988,5.47814e-07,0.00094534) 103039 14687.5 0.0208333
face centroid = (2.39371,0.250019,4.65381)
subcontact = (2.28265,2.07696e-05,4.43103) 4294.45 (-279.815,-0.317021,-543.612) 77 -0.00206134 (0.000473538,5.47816e-07,0.000944447) 103067 14673.6 0.0416666
face centroid = (2.39371,0.250019,4.65381)
subcontact = (2.28403,2.02247e-05,4.42915) 2149.26 (-139.908,-0.158757,-271.808) 76 -0.0020633 (0.000473541,5.48664e-07,0.000944453) 103165 14673.7 0.0208333
face centroid = (2.39254,0.250019,4.65558)
subcontact = (2.28403,0.50002,4.42915) 4297.37 (-280.084,-0.317512,-544.129) 75 -0.00206274 (0.000473991,5.48661e-07,0.000945346) 103137 14687.6 0.0416667
face centroid = (2.39254,0.250019,4.65558)
subcontact = (2.50339,0.500017,4.87847) 1657.55 (-139.121,0.13,-270.286) 74 -0.00159125 (0.000470881,-4.49283e-07,0.000939163) 79562.3 14591.5 0.0208333
face centroid = (2.39254,0.250019,4.65558)
subcontact = (2.50338,1.74345e-05,4.87846) 3316.26 (-277.974,0.26,-540.059) 73 -0.00159181 (0.000470431,-4.4928e-07,0.000938271) 79590.2 14577.6 0.0416667
face centroid = (2.39254,0.250019,4.65558)
contact = 8 1 8 7 (1.62767,0.250021,4.95548) (0.955417,2.48082e-07,-0.295259)
subcontact = (1.70051,1.93548e-05,5.19508) 2406.52 (-73.7684,0.108024,-224.834) 72 -0.00231026 (0.000248204,-3.73335e-07,0.000779185) 115513 11358.1 0.0208333
face centroid = (1.62865,0.250021,4.95473)
subcontact = (1.70051,0.500019,5.19508) 4811.82 (-147.689,0.216049,-450.124) 71 -0.00230968 (0.000248458,-3.73338e-07,0.000779977) 115484 11369.6 0.0416665
face centroid = (1.62865,0.250021,4.95473)
subcontact = (1.55414,0.500022,4.71699) 1036.69 (-75.8628,-0.130477,-231.248) 70 -0.000995228 (0.000255267,4.50925e-07,0.000801411) 49761.5 11682 0.0208333
face centroid = (1.62865,0.250021,4.95473)
subcontact = (1.55414,2.19704e-05,4.71698) 2074.61 (-151.574,-0.260955,-462.04) 69 -0.000995814 (0.000255013,4.50928e-07,0.000800619) 49790.8 11670.5 0.0416665
face centroid = (1.62865,0.250021,4.95473)
subcontact = (1.55484,2.15196e-05,4.71588) 1037.29 (-75.7892,-0.130634,-231.027) 68 -0.000995798 (0.000255019,4.51461e-07,0.000800641) 49789.9 11670.8 0.0208333
face centroid = (1.62733,0.250021,4.95603)
subcontact = (1.55484,0.500022,4.71588) 2073.36 (-151.73,-0.261266,-462.511) 67 -0.000995212 (0.000255273,4.51459e-07,0.000801433) 49760.6 11682.3 0.0416667
face centroid = (1.62733,0.250021,4.95603)
subcontact = (1.70247,0.50002,5.19359) 2405.9 (-73.8465,0.10787,-225.069) 66 -0.00230966 (0.000248465,-3.72807e-07,0.000779998) 115483 11370 0.0208333
face centroid = (1.62733,0.250021,4.95603)
subcontact = (1.70246,1.9728e-05,5.19359) 4813.02 (-147.541,0.215739,-449.681) 65 -0.00231025 (0.000248211,-3.72805e-07,0.000779206) 115512 11358.4 0.0416667
face centroid = (1.62733,0.250021,4.95603)
contact = 9 1 9 8 (0.824996,0.250022,5.13518) (0.989024,3.17513e-07,-0.147753)
subcontact = (0.860439,2.12229e-05,5.38292) 2936.15 (-22.6916,0.156967,-140.283) 64 -0.00281872 (7.54937e-05,-5.42486e-07,0.000485277) 140938 6821.23 0.020833
face centroid = (0.826351,0.250022,5.13472)
subcontact = (0.86044,0.500021,5.38292) 5871.05 (-45.5102,0.313937,-281.342) 63 -0.00281811 (7.57038e-05,-5.42493e-07,0.000486619) 140907 6840.1 0.041666
face centroid = (0.826351,0.250022,5.13472)
subcontact = (0.789362,0.500023,4.888) 281.433 (-19.0556,-0.179574,-118.541) 62 -0.000270172 (8.02642e-05,8.06843e-07,0.000516088) 13509 5763.12 0.020833
face centroid = (0.826351,0.250022,5.13472)
subcontact = (0.789361,2.28785e-05,4.888) 564.119 (-38.1579,-0.360496,-237.358) 61 -0.000270774 (8.00541e-05,8.0685e-07,0.000514746) 13539.1 5769.82 0.041666
face centroid = (0.826351,0.250022,5.13472)
subcontact = (0.789552,2.20699e-05,4.88744) 281.584 (-18.9998,-0.179757,-118.2) 60 -0.00027032 (8.00569e-05,8.07469e-07,0.000514764) 13516.1 5746.45 0.0208333
face centroid = (0.824901,0.250022,5.13546)
subcontact = (0.789552,0.500022,4.88744) 561.915 (-37.9526,-0.358151,-236.123) 59 -0.000269718 (8.0267e-05,8.07464e-07,0.000516107) 13486 5739.7 0.0416667
face centroid = (0.824901,0.250022,5.13546)
subcontact = (0.863151,0.500022,5.382) 2935.07 (-22.7562,0.156796,-140.678) 58 -0.00281767 (7.57066e-05,-5.41885e-07,0.000486637) 140884 6840.32 0.0208333
face centroid = (0.824901,0.250022,5.13546)
subcontact = (0.863151,2.17638e-05,5.382) 5871.4 (-45.3853,0.313589,-280.58) 57 -0.00281827 (7.54965e-05,-5.4188e-07,0.000485295) 140914 6821.45 0.0416667
face centroid = (0.824901,0.250022,5.13546)
contact = 10 1 10 9 (0.00309456,0.250022,5.3167) (0.999989,9.17784e-08,-0.00462899)
subcontact = (0.00216583,2.24747e-05,5.44167) 3139.07 (-0.106568,-0.0221715,19.1949) 56 -0.00301352 (3.06497e-08,7.66272e-08,-6.63297e-05) 150690 921.458 0.0208313
face centroid = (0.00292045,0.250021,5.19174)
subcontact = (0.00216626,0.500022,5.44167) 6277.44 (-0.215627,-0.0443368,37.141) 55 -0.00301318 (3.77964e-08,7.66165e-08,-6.41718e-05) 150673 891.486 0.0416626
face centroid = (0.00292045,0.250021,5.19174)
subcontact = (0.00683888,0.500023,4.94169) 0 (0,0,0) 54 0.0061793 (1.88828e-07,2.22796e-06,-3.11358e-05) 0 0 0.0208313
face centroid = (0.00292045,0.250021,5.19174)
subcontact = (0.00683845,2.27161e-05,4.94169) 0 (0,0,0) 53 0.00617896 (1.81681e-07,2.22797e-06,-3.32937e-05) 0 0 0.0416626
face centroid = (0.00292045,0.250021,5.19174)
subcontact = (0.000660376,2.04884e-05,4.94175) 0 (0,0,0) 52 0.00617677 (1.8164e-07,2.22717e-06,-3.33029e-05) 0 0 0.0208331
face centroid = (0.00450235,0.250023,5.19168)
subcontact = (0.000660447,0.50002,4.94175) 0 (0,0,0) 51 0.00617714 (1.88787e-07,2.22717e-06,-3.11449e-05) 0 0 0.0416663
face centroid = (0.00450235,0.250023,5.19168)
subcontact = (0.00518052,0.500022,5.44173) 3141.31 (-0.10781,-0.0219331,18.5717) 50 -0.00301566 (3.77479e-08,7.58002e-08,-6.41827e-05) 150784 891.467 0.0208331
face centroid = (0.00450235,0.250023,5.19168)
subcontact = (0.00518045,2.23982e-05,5.44173) 6283.38 (-0.213129,-0.0438698,38.3923) 49 -0.00301603 (3.06005e-08,7.58066e-08,-6.63407e-05) 150803 921.439 0.0416663
face centroid = (0.00450235,0.250023,5.19168)
contact = 11 1 11 10 (-0.818808,0.250021,5.13481) (0.989816,1.39674e-07,0.142351)
subcontact = (-0.855786,2.22906e-05,5.3818) 2923.38 (-23.0404,0.0399993,139.062) 48 -0.00280645 (7.44913e-05,-1.38235e-07,-0.00048142) 140324 6766.05 0.0208331
face centroid = (-0.817457,0.250021,5.13526)
subcontact = (-0.855786,0.500022,5.3818) 5845.6 (-46.0486,0.0799986,277.924) 47 -0.00280589 (7.44386e-05,-1.38235e-07,-0.000481075) 140296 6761.19 0.0416661
face centroid = (-0.817457,0.250021,5.13526)
subcontact = (-0.782036,0.50002,4.88726) 295.595 (-24.0529,-0.0622738,145.464) 46 -0.000283769 (7.78356e-05,2.15224e-07,-0.000503572) 14188.7 7077.19 0.0208331
face centroid = (-0.817457,0.250021,5.13526)
subcontact = (-0.782036,2.03906e-05,4.88727) 592.353 (-48.1381,-0.124548,291.128) 45 -0.000284327 (7.78883e-05,2.15224e-07,-0.000503917) 14216.7 7082.04 0.0416661
face centroid = (-0.817457,0.250021,5.13526)
subcontact = (-0.78183,2.01782e-05,4.88782) 297.144 (-24.0683,-0.0622192,145.559) 44 -0.000285257 (7.78858e-05,2.15032e-07,-0.0005039) 14262.9 7081.7 0.0208333
face centroid = (-0.818911,0.250021,5.13453)
subcontact = (-0.78183,0.50002,4.88782) 593.124 (-48.1043,-0.124438,290.918) 43 -0.000284698 (7.78331e-05,2.15032e-07,-0.000503555) 14235 7076.85 0.0416667
face centroid = (-0.818911,0.250021,5.13453)
subcontact = (-0.853084,0.500022,5.38271) 2923.76 (-23.0235,0.0400561,138.957) 42 -0.00280682 (7.44361e-05,-1.38431e-07,-0.000481058) 140341 6760.86 0.0208333
face centroid = (-0.818911,0.250021,5.13453)
subcontact = (-0.853084,2.24314e-05,5.38271) 5848.69 (-46.0793,0.0801121,278.113) 41 -0.00280738 (7.44888e-05,-1.38431e-07,-0.000481403) 140369 6765.71 0.0416667
face centroid = (-0.818911,0.250021,5.13453)
contact = 12 1 12 11 (-1.62079,0.25002,4.95482) (0.956188,5.51323e-07,0.292752)
subcontact = (-1.69504,2.08165e-05,5.19308) 2383.05 (-77.478,0.0179498,233.873) 40 -0.00228773 (0.000258534,-6.20264e-08,-0.000811269) 114387 11825.9 0.0208332
face centroid = (-1.61982,0.25002,4.95558)
subcontact = (-1.69504,0.500021,5.19308) 4765.08 (-154.919,0.0358994,467.636) 39 -0.00228724 (0.000258473,-6.2026e-08,-0.000811078) 114362 11823.1 0.0416665
face centroid = (-1.61982,0.25002,4.95558)
subcontact = (-1.54725,0.500019,4.71542) 1063.87 (-78.9156,-0.0416664,238.294) 38 -0.00102132 (0.00026337,1.44011e-07,-0.000826593) 51066.2 12049.1 0.0208332
face centroid = (-1.61982,0.25002,4.95558)
subcontact = (-1.54725,1.87101e-05,4.71542) 2128.77 (-157.868,-0.0833326,476.699) 37 -0.00102181 (0.000263432,1.4401e-07,-0.000826784) 51090.6 12051.9 0.0416665
face centroid = (-1.61982,0.25002,4.95558)
subcontact = (-1.54653,1.85705e-05,4.71657) 1064.95 (-78.9322,-0.0416217,238.344) 36 -0.00102236 (0.000263426,1.43854e-07,-0.000826766) 51117.8 12051.6 0.0208333
face centroid = (-1.62114,0.25002,4.95425)
subcontact = (-1.54653,0.500019,4.71656) 2128.89 (-157.828,-0.0832435,476.578) 35 -0.00102187 (0.000263365,1.43854e-07,-0.000826575) 51093.3 12048.8 0.0416667
face centroid = (-1.62114,0.25002,4.95425)
subcontact = (-1.69312,0.500021,5.19459) 2383.11 (-77.4579,0.0179952,233.812) 34 -0.00228779 (0.000258467,-6.2184e-08,-0.00081106) 114389 11822.8 0.0208333
face centroid = (-1.62114,0.25002,4.95425)
subcontact = (-1.69312,2.0883e-05,5.1946) 4767.23 (-154.952,0.0359906,467.735) 33 -0.00228828 (0.000258528,-6.21843e-08,-0.000811252) 114414 11825.6 0.0416667
face centroid = (-1.62114,0.25002,4.95425)
contact = 13 1 13 12 (-2.3856,0.250017,4.65384) (0.897958,1.50823e-06,0.440081)
subcontact = (-2.49585,1.78381e-05,4.87761) 1623.16 (-139.563,-0.0034652,272.179) 32 -0.00155824 (0.000473793,1.19983e-08,-0.000944988) 77911.9 14682 0.0208333
face centroid = (-2.3849,0.250017,4.65478)
subcontact = (-2.49585,0.500018,4.87761) 3245.53 (-279.107,-0.00693081,544.322) 31 -0.00155786 (0.000473761,1.1999e-08,-0.000944925) 77892.9 14681 0.0416666
face centroid = (-2.3849,0.250017,4.65478)
subcontact = (-2.27629,0.500016,4.4284) 2185.97 (-139.53,-0.0240613,272.084) 30 -0.00209854 (0.00047366,8.31771e-08,-0.00094467) 104927 14677.2 0.0208333
face centroid = (-2.3849,0.250017,4.65478)
subcontact = (-2.27629,1.58024e-05,4.4284) 4372.74 (-279.079,-0.0481222,544.205) 29 -0.00209892 (0.000473692,8.31764e-08,-0.000944734) 104946 14678.2 0.0416666
face centroid = (-2.3849,0.250017,4.65478)
subcontact = (-2.27488,1.57239e-05,4.4303) 2184.93 (-139.54,-0.024059,272.104) 28 -0.00209754 (0.000473694,8.31697e-08,-0.000944738) 104877 14678.3 0.0208333
face centroid = (-2.38607,0.250017,4.65301)
subcontact = (-2.27488,0.500016,4.43029) 4369.07 (-279.061,-0.0481182,544.171) 27 -0.00209716 (0.000473662,8.317e-08,-0.000944675) 104858 14677.3 0.0416667
face centroid = (-2.38607,0.250017,4.65301)
subcontact = (-2.49493,0.500018,4.87927) 1621.32 (-139.554,-0.00346363,272.162) 26 -0.00155647 (0.000473763,1.19926e-08,-0.000944929) 77823.5 14681.1 0.0208333
face centroid = (-2.38607,0.250017,4.65301)
subcontact = (-2.49493,1.78308e-05,4.87927) 3243.44 (-279.127,-0.00692704,544.361) 25 -0.00155686 (0.000473795,1.19922e-08,-0.000944992) 77842.6 14682.1 0.0416667
face centroid = (-2.38607,0.250017,4.65301)
contact = 14 1 14 13 (-3.23698,0.500013,4.44166) (0.81805,5.72234e-06,0.575147)
subcontact = (-3.23771,1.3563e-05,4.43981) 819.869 (-184.088,-0.0250919,249.332) 24 -0.000787072 (0.000626157,8.66439e-08,-0.000868999) 39353.7 14876.5 0.0208333
face centroid = (-3.09287,0.250013,4.23737)
subcontact = (-3.23771,0.500014,4.43981) 1639.22 (-368.177,-0.0501808,498.67) 23 -0.000786825 (0.000626161,8.66386e-08,-0.000869009) 39341.3 14876.6 0.0416667
face centroid = (-3.09287,0.250013,4.23737)
subcontact = (-2.95014,0.500012,4.03079) 3468.82 (-180.864,-0.0211885,244.882) 22 -0.00333008 (0.000615125,7.31568e-08,-0.000853542) 166503 14612.7 0.0208333
face centroid = (-3.09287,0.250013,4.23737)
subcontact = (-2.95014,1.18441e-05,4.03079) 6938.15 (-361.726,-0.0423801,489.758) 21 -0.00333032 (0.000615121,7.31621e-08,-0.000853532) 166516 14612.6 0.0416667
face centroid = (-3.09287,0.250013,4.23737)
subcontact = (-2.94805,1.17812e-05,4.0336) 3465 (-180.869,-0.021213,244.887) 20 -0.0033264 (0.000615141,7.32351e-08,-0.00085356) 166322 14613.3 0.0208331
face centroid = (-3.09393,0.250013,4.2353)
subcontact = (-2.94805,0.500012,4.03359) 6929.48 (-361.74,-0.0424226,489.781) 19 -0.00332615 (0.000615145,7.32293e-08,-0.00085357) 166310 14613.4 0.0416661
face centroid = (-3.09393,0.250013,4.2353)
subcontact = (-3.2377,0.500013,4.44115) 815.512 (-184.094,-0.0251095,249.343) 18 -0.000782893 (0.000626182,8.67049e-08,-0.000869037) 39145.1 14877.3 0.0208331
face centroid = (-3.09393,0.250013,4.2353)
subcontact = (-3.2377,1.34779e-05,4.44115) 1631.54 (-368.188,-0.0502224,498.68) 17 -0.00078314 (0.000626177,8.67107e-08,-0.000869027) 39157.4 14877.2 0.0416661
face centroid = (-3.09393,0.250013,4.2353)
contact = 15 7 15 14 (-3.71231,0.25,3.71231) (0.707107,0,0.707107)
contact = 16 1 16 15 (-4.06415,2.09942e-06,2.94115) (0.596206,6.50739e-06,0.802831)
subcontact = (-4.46712,2.80929e-06,3.23716) 0 (0,0,0) 16 0.00326511 (0.000321621,8.44449e-07,-0.000235125) 0 0 0.0208333
face centroid = (-4.26618,0.250002,3.08914)
subcontact = (-4.46712,0.500003,3.23716) 0 (0,0,0) 15 0.00326224 (0.000322127,8.4444e-07,-0.000235508) 0 0 0.0416667
face centroid = (-4.26618,0.250002,3.08914)
subcontact = (-4.06571,0.500002,2.93905) 5440.54 (-100.325,-0.0569711,72.3376) 14 -0.00522294 (0.000344891,1.96945e-07,-0.000252384) 261146 5936.83 0.0208333
face centroid = (-4.26618,0.250002,3.08914)
subcontact = (-4.0657,2.08244e-06,2.93906) 10875.1 (-200.358,-0.113947,144.451) 13 -0.00522006 (0.000344385,1.96954e-07,-0.000252001) 261002 5928.03 0.0416667
face centroid = (-4.26618,0.250002,3.08914)
subcontact = (-4.06297,1.88542e-06,2.94352) 5429.21 (-100.17,-0.0573446,72.219) 12 -0.00521211 (0.000344359,1.98244e-07,-0.000251982) 260640 5928.34 0.0208303
face centroid = (-4.26641,0.250002,3.08811)
subcontact = (-4.06297,0.500002,2.94352) 10864.4 (-200.631,-0.114684,144.662) 11 -0.00521498 (0.000344865,1.98234e-07,-0.000252364) 260783 5937.15 0.0416607
face centroid = (-4.26641,0.250002,3.08811)
subcontact = (-4.46939,0.500002,3.23477) 0 (0,0,0) 10 0.00326982 (0.000322103,8.4557e-07,-0.00023549) 0 0 0.0208303
face centroid = (-4.26641,0.250002,3.08811)
subcontact = (-4.46939,1.96664e-06,3.23477) 0 (0,0,0) 9 0.0032727 (0.000321597,8.4558e-07,-0.000235107) 0 0 0.0416607
face centroid = (-4.26641,0.250002,3.08811)
contact = 17 7 17 16 (-4.67778,0.25,2.38345) (0.45399,0,0.891007)
contact = 18 7 18 17 (-4.99305,0.25,1.62234) (0.309017,0,0.951057)
contact = 19 1 19 18 (-5.18752,0.25,0.819077) (0.156434,0,0.987688)
subcontact = (-5.43659,-1.22269e-08,0.855981) 5241.37 (1015.69,0.00346596,-163.541) 8 -0.00503172 (-0.00351093,-1.19802e-08,0.000560695) 251591 49381.9 0.0208329
face centroid = (-5.18536,0.25,0.821281)
subcontact = (-5.43659,0.5,0.855981) 10483.5 (2031.43,0.00693199,-327.09) 7 -0.0050321 (-0.00351103,-1.19803e-08,0.000560709) 251610 49383.3 0.0416658
face centroid = (-5.18536,0.25,0.821281)
subcontact = (-4.94224,0.5,0.780986) 1844.96 (1019.02,-0.0249485,-164.07) 6 -0.00177116 (-0.00352245,8.62244e-08,0.00056252) 88560.1 49543.9 0.0208329
face centroid = (-5.18536,0.25,0.821281)
subcontact = (-4.94224,8.64485e-08,0.780986) 3689.15 (2037.98,-0.0498971,-328.131) 5 -0.00177079 (-0.00352235,8.62245e-08,0.000562506) 88541.4 49542.6 0.0416658
face centroid = (-5.18536,0.25,0.821281)
subcontact = (-4.93844,0,0.782172) 1824.01 (1019.01,-0.0252572,-164.069) 4 -0.00175106 (-0.00352242,8.72851e-08,0.000562517) 87552.7 49542.6 0.0208333
face centroid = (-5.18942,0.25,0.818484)
subcontact = (-4.93844,0.5,0.782172) 3648.81 (2038.08,-0.0505144,-328.146) 3 -0.00175143 (-0.00352252,8.72849e-08,0.000562531) 87571.4 49543.9 0.0416667
face centroid = (-5.18942,0.25,0.818484)
subcontact = (-5.43229,0.5,0.86039) 5221.23 (1015.74,0.00315982,-163.549) 2 -0.00501238 (-0.0035111,-1.09242e-08,0.00056072) 250619 49383.3 0.0208333
face centroid = (-5.18942,0.25,0.818484)
subcontact = (-5.43229,0,0.86039) 10441.7 (2031.42,0.00631953,-327.089) 1 -0.00501201 (-0.003511,-1.0924e-08,0.000560706) 250600 49381.9 0.0416667
face centroid = (-5.18942,0.25,0.818484)
3dec>log off
**********************************************
* Logging ended at Wed Mar 13 16:14:15 2024
**********************************************
**********************************************
* Logging started at Wed Mar 13 16:14:27 2024
* By 3dec Version 7.00 Release 159
* 
* 
* Job Title: 
**********************************************
3dec>log-file 'Displacement_step_1_distance_0.001m.txt'
**********************************************
* Logging ended at Wed Mar 13 16:14:27 2024
**********************************************
**********************************************
* Logging started at Wed Mar 13 16:14:27 2024
* By 3dec Version 7.00 Release 159
* 
* 
* Job Title: 
**********************************************
3dec>@contacts_output
contact = 1 1 1 0 (5.31089,0.250006,0.839969) (0.149411,-4.6716e-07,-0.988775)
subcontact = (5.43229,0,0.86092) 5369.93 (1042.66,0.180052,169.219) 112 -0.00515515 (-0.00360661,-6.22271e-07,-0.000565143) 257763 50704 0.0208328
face centroid = (5.1895,0.25,0.819018)
subcontact = (5.43229,0.5,0.86092) 10740.3 (2084.58,0.360103,338.308) 111 -0.00515538 (-0.00360533,-6.22268e-07,-0.000564933) 257775 50685.9 0.0416656
face centroid = (5.1895,0.25,0.819018)
subcontact = (4.93844,0.5,0.782702) 1668.6 (1042.53,-0.198956,169.193) 110 -0.00160184 (-0.00360615,6.87562e-07,-0.000565062) 80094.7 50697.5 0.0208328
face centroid = (5.1895,0.25,0.819018)
subcontact = (4.93844,0,0.782702) 3336.71 (2085.8,-0.397911,338.516) 109 -0.00160161 (-0.00360744,6.8756e-07,-0.000565272) 80083.1 50715.6 0.0416656
face centroid = (5.1895,0.25,0.819018)
subcontact = (4.94231,-6.8593e-07,0.781666) 1689.95 (1042.9,-0.19848,169.258) 108 -0.00162236 (-0.00360744,6.85929e-07,-0.000565272) 81117.7 50714.4 0.0208333
face centroid = (5.18536,0.25,0.821811)
subcontact = (4.9423,0.499999,0.781665) 3380.36 (2085.06,-0.396961,338.386) 107 -0.00162258 (-0.00360615,6.85931e-07,-0.000565062) 81128.6 50696.3 0.0416667
face centroid = (5.18536,0.25,0.821811)
subcontact = (5.43669,0.500001,0.856371) 5391.81 (1042.29,0.180515,169.154) 106 -0.00517614 (-0.00360532,-6.23879e-07,-0.000564932) 258807 50684.7 0.0208333
face centroid = (5.18536,0.25,0.821811)
subcontact = (5.43669,6.23882e-07,0.856371) 10783.2 (2085.33,0.361031,338.439) 105 -0.00517592 (-0.00360661,-6.23881e-07,-0.000565143) 258796 50702.8 0.0416667
face centroid = (5.18536,0.25,0.821811)
contact = 2 7 2 1 (4.99305,0.25,1.62234) (0.309017,0,-0.951057)
contact = 3 7 3 2 (4.67778,0.25,2.38345) (0.45399,0,-0.891007)
contact = 4 1 4 3 (4.26757,0.250009,3.09013) (0.590624,-0.00170896,-0.806945)
subcontact = (4.47089,2.19985e-07,3.23572) 110.865 (-31.9119,2.21217,-22.1569) 104 -0.000106405 (0.00010929,-7.64527e-06,7.79263e-05) 5321.82 1867.91 0.0208321
face centroid = (4.26901,0.250015,3.08803)
subcontact = (4.47089,0.5,3.23572) 221.37 (-58.6012,4.42418,-40.4913) 103 -0.000106232 (0.000100265,-7.64499e-06,7.13209e-05) 5313.18 1712.9 0.0416643
face centroid = (4.26901,0.250015,3.08803)
subcontact = (4.0643,0.499999,2.94471) 5313.82 (-34.3943,7.03949,-23.9919) 102 -0.00510131 (0.000117876,-2.43288e-05,8.42597e-05) 255078 2041.18 0.0208321
face centroid = (4.26901,0.250015,3.08803)
subcontact = (4.0643,-1.05311e-06,2.94471) 10628 (-74.0112,14.0791,-51.8063) 101 -0.00510149 (0.000126901,-2.43291e-05,9.08651e-05) 255087 2194.49 0.0416643
face centroid = (4.26901,0.250015,3.08803)
subcontact = (4.06718,1.95905e-05,2.9405) 5318.18 (-37.0063,7.04385,-25.9037) 100 -0.00510546 (0.000126913,-2.43436e-05,9.08737e-05) 255273 2194.44 0.0208333
face centroid = (4.26759,0.25,3.09022)
subcontact = (4.06719,0.50002,2.94051) 10635.9 (-68.7898,14.0874,-47.9847) 99 -0.00510525 (0.000117888,-2.43431e-05,8.4268e-05) 255262 2041.14 0.0416666
face centroid = (4.26759,0.25,3.09022)
subcontact = (4.47085,0.50001,3.23556) 114.69 (-29.3009,2.21614,-20.2458) 98 -0.000110102 (0.000100276,-7.65898e-06,7.13289e-05) 5505.14 1712.83 0.0208333
face centroid = (4.26759,0.25,3.09022)
subcontact = (4.47084,9.67596e-06,3.23556) 229.833 (-63.8246,4.43254,-44.3144) 97 -0.000110319 (0.000109301,-7.65945e-06,7.79345e-05) 5516.01 1867.84 0.0416666
face centroid = (4.26759,0.25,3.09022)
contact = 5 1 5 4 (3.90637,1.28194e-05,3.89089) (0.71499,-1.07237e-06,-0.699135)
subcontact = (3.90844,1.00416e-05,3.89021) 243.533 (-117.041,0.527993,-116.392) 96 -0.000233778 (0.00066822,-2.77045e-06,0.000673255) 11690 7923.32 0.0208326
face centroid = (3.73316,0.250015,3.71061)
subcontact = (3.90845,0.50001,3.89021) 485.948 (-233.237,1.05167,-231.982) 95 -0.000233242 (0.000671472,-2.77051e-06,0.000676569) 11663.2 7895.37 0.0416652
face centroid = (3.73316,0.250015,3.71061)
subcontact = (3.55592,0.50002,3.53564) 4580.54 (-195.584,-0.545162,-194.189) 94 -0.00439735 (0.000670966,1.88406e-06,0.000676108) 219874 13229.9 0.0208326
face centroid = (3.73316,0.250015,3.71061)
subcontact = (3.55591,1.99228e-05,3.53564) 9162.2 (-389.282,-1.09036,-386.465) 93 -0.00439788 (0.000667713,1.88412e-06,0.000672795) 219900 13165.4 0.0416652
face centroid = (3.73316,0.250015,3.71061)
subcontact = (3.55837,1.80495e-05,3.53186) 4587.22 (-194.642,-0.54718,-193.234) 92 -0.00440374 (0.000667714,1.891e-06,0.000672796) 220187 13165.1 0.0208333
face centroid = (3.73218,0.250015,3.71292)
subcontact = (3.55837,0.500018,3.53187) 9173.35 (-391.17,-1.09433,-388.382) 91 -0.00440321 (0.000670967,1.89096e-06,0.000676109) 220160 13229.5 0.0416667
face centroid = (3.73218,0.250015,3.71292)
subcontact = (3.90794,0.500013,3.88936) 249.033 (-119.655,0.531199,-118.992) 90 -0.000239073 (0.000671473,-2.76372e-06,0.00067657) 11953.6 8100.01 0.0208333
face centroid = (3.73218,0.250015,3.71292)
subcontact = (3.90794,1.2817e-05,3.88936) 499.163 (-240.144,1.06674,-238.774) 89 -0.000239599 (0.000668221,-2.76368e-06,0.000673256) 11979.9 8127.58 0.0416667
face centroid = (3.73218,0.250015,3.71292)
contact = 6 1 6 5 (3.24414,1.49943e-05,4.44206) (0.818391,-1.68971e-06,-0.574662)
subcontact = (3.24543,1.44483e-05,4.44247) 856.811 (-181.073,0.1644,-246.463) 88 -0.00082254 (0.000616632,-5.68338e-07,0.000858446) 41127.4 14680 0.0208331
face centroid = (3.10181,0.250017,4.23652)
subcontact = (3.24543,0.500014,4.44247) 1712.53 (-362.533,0.328798,-493.444) 87 -0.000822016 (0.000617286,-5.68336e-07,0.000859351) 41101.2 14695.5 0.0416662
face centroid = (3.10181,0.250017,4.23652)
subcontact = (2.95609,0.50002,4.0347) 3416.52 (-179.971,-0.178609,-244.918) 86 -0.00327987 (0.000612843,6.17104e-07,0.000853093) 163995 14588.9 0.0208331
face centroid = (3.10181,0.250017,4.23652)
subcontact = (2.95609,1.95325e-05,4.03469) 6834.13 (-359.556,-0.357217,-489.318) 85 -0.00328039 (0.000612188,6.17102e-07,0.000852189) 164021 14573.4 0.0416662
face centroid = (3.10181,0.250017,4.23652)
subcontact = (2.95815,1.89594e-05,4.03192) 3421.76 (-179.775,-0.178923,-244.656) 84 -0.0032849 (0.00061218,6.18198e-07,0.000852177) 164245 14573 0.0208333
face centroid = (3.10076,0.250017,4.23858)
subcontact = (2.95815,0.500019,4.03192) 6842.44 (-359.937,-0.357846,-489.829) 83 -0.00328438 (0.000612834,6.182e-07,0.000853081) 164219 14588.5 0.0416667
face centroid = (3.10076,0.250017,4.23858)
subcontact = (3.24548,0.500015,4.44112) 860.969 (-181.264,0.164085,-246.718) 82 -0.00082653 (0.000617278,-5.6724e-07,0.000859339) 41326.5 14695.1 0.0208333
face centroid = (3.10076,0.250017,4.23858)
subcontact = (3.24548,1.49915e-05,4.44112) 1723.02 (-362.141,0.328171,-492.919) 81 -0.000827049 (0.000616623,-5.67242e-07,0.000858434) 41352.4 14679.6 0.0416667
face centroid = (3.10076,0.250017,4.23858)
contact = 7 1 7 6 (2.39302,0.250019,4.65475) (0.898631,1.77649e-06,-0.438705)
subcontact = (2.50243,1.69827e-05,4.88013) 1656.09 (-138.986,0.130244,-270.028) 80 -0.00158985 (0.000470428,-4.50125e-07,0.000938265) 79492.4 14577.5 0.0208333
face centroid = (2.39371,0.250019,4.65381)
subcontact = (2.50243,0.500017,4.88014) 3311.01 (-278.24,0.260489,-540.569) 79 -0.00158929 (0.000470878,-4.50127e-07,0.000939158) 79464.4 14591.4 0.0416666
face centroid = (2.39371,0.250019,4.65381)
subcontact = (2.28265,0.500021,4.43103) 2146.64 (-140.041,-0.15851,-272.062) 78 -0.00206078 (0.000473988,5.47814e-07,0.00094534) 103039 14687.5 0.0208333
face centroid = (2.39371,0.250019,4.65381)
subcontact = (2.28265,2.07696e-05,4.43103) 4294.45 (-279.815,-0.317021,-543.612) 77 -0.00206134 (0.000473538,5.47816e-07,0.000944447) 103067 14673.6 0.0416666
face centroid = (2.39371,0.250019,4.65381)
subcontact = (2.28403,2.02247e-05,4.42915) 2149.26 (-139.908,-0.158757,-271.808) 76 -0.0020633 (0.000473541,5.48664e-07,0.000944453) 103165 14673.7 0.0208333
face centroid = (2.39254,0.250019,4.65558)
subcontact = (2.28403,0.50002,4.42915) 4297.37 (-280.084,-0.317512,-544.129) 75 -0.00206274 (0.000473991,5.48661e-07,0.000945346) 103137 14687.6 0.0416667
face centroid = (2.39254,0.250019,4.65558)
subcontact = (2.50339,0.500017,4.87847) 1657.55 (-139.121,0.13,-270.286) 74 -0.00159125 (0.000470881,-4.49283e-07,0.000939163) 79562.3 14591.5 0.0208333
face centroid = (2.39254,0.250019,4.65558)
subcontact = (2.50338,1.74345e-05,4.87846) 3316.26 (-277.974,0.26,-540.059) 73 -0.00159181 (0.000470431,-4.4928e-07,0.000938271) 79590.2 14577.6 0.0416667
face centroid = (2.39254,0.250019,4.65558)
contact = 8 1 8 7 (1.62767,0.250021,4.95548) (0.955417,2.48082e-07,-0.295259)
subcontact = (1.70051,1.93548e-05,5.19508) 2406.52 (-73.7684,0.108024,-224.834) 72 -0.00231026 (0.000248204,-3.73335e-07,0.000779185) 115513 11358.1 0.0208333
face centroid = (1.62865,0.250021,4.95473)
subcontact = (1.70051,0.500019,5.19508) 4811.82 (-147.689,0.216049,-450.124) 71 -0.00230968 (0.000248458,-3.73338e-07,0.000779977) 115484 11369.6 0.0416665
face centroid = (1.62865,0.250021,4.95473)
subcontact = (1.55414,0.500022,4.71699) 1036.69 (-75.8628,-0.130477,-231.248) 70 -0.000995228 (0.000255267,4.50925e-07,0.000801411) 49761.5 11682 0.0208333
face centroid = (1.62865,0.250021,4.95473)
subcontact = (1.55414,2.19704e-05,4.71698) 2074.61 (-151.574,-0.260955,-462.04) 69 -0.000995814 (0.000255013,4.50928e-07,0.000800619) 49790.8 11670.5 0.0416665
face centroid = (1.62865,0.250021,4.95473)
subcontact = (1.55484,2.15196e-05,4.71588) 1037.29 (-75.7892,-0.130634,-231.027) 68 -0.000995798 (0.000255019,4.51461e-07,0.000800641) 49789.9 11670.8 0.0208333
face centroid = (1.62733,0.250021,4.95603)
subcontact = (1.55484,0.500022,4.71588) 2073.36 (-151.73,-0.261266,-462.511) 67 -0.000995212 (0.000255273,4.51459e-07,0.000801433) 49760.6 11682.3 0.0416667
face centroid = (1.62733,0.250021,4.95603)
subcontact = (1.70247,0.50002,5.19359) 2405.9 (-73.8465,0.10787,-225.069) 66 -0.00230966 (0.000248465,-3.72807e-07,0.000779998) 115483 11370 0.0208333
face centroid = (1.62733,0.250021,4.95603)
subcontact = (1.70246,1.9728e-05,5.19359) 4813.02 (-147.541,0.215739,-449.681) 65 -0.00231025 (0.000248211,-3.72805e-07,0.000779206) 115512 11358.4 0.0416667
face centroid = (1.62733,0.250021,4.95603)
contact = 9 1 9 8 (0.824996,0.250022,5.13518) (0.989024,3.17513e-07,-0.147753)
subcontact = (0.860439,2.12229e-05,5.38292) 2936.15 (-22.6916,0.156967,-140.283) 64 -0.00281872 (7.54937e-05,-5.42486e-07,0.000485277) 140938 6821.23 0.020833
face centroid = (0.826351,0.250022,5.13472)
subcontact = (0.86044,0.500021,5.38292) 5871.05 (-45.5102,0.313937,-281.342) 63 -0.00281811 (7.57038e-05,-5.42493e-07,0.000486619) 140907 6840.1 0.041666
face centroid = (0.826351,0.250022,5.13472)
subcontact = (0.789362,0.500023,4.888) 281.433 (-19.0556,-0.179574,-118.541) 62 -0.000270172 (8.02642e-05,8.06843e-07,0.000516088) 13509 5763.12 0.020833
face centroid = (0.826351,0.250022,5.13472)
subcontact = (0.789361,2.28785e-05,4.888) 564.119 (-38.1579,-0.360496,-237.358) 61 -0.000270774 (8.00541e-05,8.0685e-07,0.000514746) 13539.1 5769.82 0.041666
face centroid = (0.826351,0.250022,5.13472)
subcontact = (0.789552,2.20699e-05,4.88744) 281.584 (-18.9998,-0.179757,-118.2) 60 -0.00027032 (8.00569e-05,8.07469e-07,0.000514764) 13516.1 5746.45 0.0208333
face centroid = (0.824901,0.250022,5.13546)
subcontact = (0.789552,0.500022,4.88744) 561.915 (-37.9526,-0.358151,-236.123) 59 -0.000269718 (8.0267e-05,8.07464e-07,0.000516107) 13486 5739.7 0.0416667
face centroid = (0.824901,0.250022,5.13546)
subcontact = (0.863151,0.500022,5.382) 2935.07 (-22.7562,0.156796,-140.678) 58 -0.00281767 (7.57066e-05,-5.41885e-07,0.000486637) 140884 6840.32 0.0208333
face centroid = (0.824901,0.250022,5.13546)
subcontact = (0.863151,2.17638e-05,5.382) 5871.4 (-45.3853,0.313589,-280.58) 57 -0.00281827 (7.54965e-05,-5.4188e-07,0.000485295) 140914 6821.45 0.0416667
face centroid = (0.824901,0.250022,5.13546)
contact = 10 1 10 9 (0.00309456,0.250022,5.3167) (0.999989,9.17784e-08,-0.00462899)
subcontact = (0.00216583,2.24747e-05,5.44167) 3139.07 (-0.106568,-0.0221715,19.1949) 56 -0.00301352 (3.06497e-08,7.66272e-08,-6.63297e-05) 150690 921.458 0.0208313
face centroid = (0.00292045,0.250021,5.19174)
subcontact = (0.00216626,0.500022,5.44167) 6277.44 (-0.215627,-0.0443368,37.141) 55 -0.00301318 (3.77964e-08,7.66165e-08,-6.41718e-05) 150673 891.486 0.0416626
face centroid = (0.00292045,0.250021,5.19174)
subcontact = (0.00683888,0.500023,4.94169) 0 (0,0,0) 54 0.0061793 (1.88828e-07,2.22796e-06,-3.11358e-05) 0 0 0.0208313
face centroid = (0.00292045,0.250021,5.19174)
subcontact = (0.00683845,2.27161e-05,4.94169) 0 (0,0,0) 53 0.00617896 (1.81681e-07,2.22797e-06,-3.32937e-05) 0 0 0.0416626
face centroid = (0.00292045,0.250021,5.19174)
subcontact = (0.000660376,2.04884e-05,4.94175) 0 (0,0,0) 52 0.00617677 (1.8164e-07,2.22717e-06,-3.33029e-05) 0 0 0.0208331
face centroid = (0.00450235,0.250023,5.19168)
subcontact = (0.000660447,0.50002,4.94175) 0 (0,0,0) 51 0.00617714 (1.88787e-07,2.22717e-06,-3.11449e-05) 0 0 0.0416663
face centroid = (0.00450235,0.250023,5.19168)
subcontact = (0.00518052,0.500022,5.44173) 3141.31 (-0.10781,-0.0219331,18.5717) 50 -0.00301566 (3.77479e-08,7.58002e-08,-6.41827e-05) 150784 891.467 0.0208331
face centroid = (0.00450235,0.250023,5.19168)
subcontact = (0.00518045,2.23982e-05,5.44173) 6283.38 (-0.213129,-0.0438698,38.3923) 49 -0.00301603 (3.06005e-08,7.58066e-08,-6.63407e-05) 150803 921.439 0.0416663
face centroid = (0.00450235,0.250023,5.19168)
contact = 11 1 11 10 (-0.818808,0.250021,5.13481) (0.989816,1.39674e-07,0.142351)
subcontact = (-0.855786,2.22906e-05,5.3818) 2923.38 (-23.0404,0.0399993,139.062) 48 -0.00280645 (7.44913e-05,-1.38235e-07,-0.00048142) 140324 6766.05 0.0208331
face centroid = (-0.817457,0.250021,5.13526)
subcontact = (-0.855786,0.500022,5.3818) 5845.6 (-46.0486,0.0799986,277.924) 47 -0.00280589 (7.44386e-05,-1.38235e-07,-0.000481075) 140296 6761.19 0.0416661
face centroid = (-0.817457,0.250021,5.13526)
subcontact = (-0.782036,0.50002,4.88726) 295.595 (-24.0529,-0.0622738,145.464) 46 -0.000283769 (7.78356e-05,2.15224e-07,-0.000503572) 14188.7 7077.19 0.0208331
face centroid = (-0.817457,0.250021,5.13526)
subcontact = (-0.782036,2.03906e-05,4.88727) 592.353 (-48.1381,-0.124548,291.128) 45 -0.000284327 (7.78883e-05,2.15224e-07,-0.000503917) 14216.7 7082.04 0.0416661
face centroid = (-0.817457,0.250021,5.13526)
subcontact = (-0.78183,2.01782e-05,4.88782) 297.144 (-24.0683,-0.0622192,145.559) 44 -0.000285257 (7.78858e-05,2.15032e-07,-0.0005039) 14262.9 7081.7 0.0208333
face centroid = (-0.818911,0.250021,5.13453)
subcontact = (-0.78183,0.50002,4.88782) 593.124 (-48.1043,-0.124438,290.918) 43 -0.000284698 (7.78331e-05,2.15032e-07,-0.000503555) 14235 7076.85 0.0416667
face centroid = (-0.818911,0.250021,5.13453)
subcontact = (-0.853084,0.500022,5.38271) 2923.76 (-23.0235,0.0400561,138.957) 42 -0.00280682 (7.44361e-05,-1.38431e-07,-0.000481058) 140341 6760.86 0.0208333
face centroid = (-0.818911,0.250021,5.13453)
subcontact = (-0.853084,2.24314e-05,5.38271) 5848.69 (-46.0793,0.0801121,278.113) 41 -0.00280738 (7.44888e-05,-1.38431e-07,-0.000481403) 140369 6765.71 0.0416667
face centroid = (-0.818911,0.250021,5.13453)
contact = 12 1 12 11 (-1.62079,0.25002,4.95482) (0.956188,5.51323e-07,0.292752)
subcontact = (-1.69504,2.08165e-05,5.19308) 2383.05 (-77.478,0.0179498,233.873) 40 -0.00228773 (0.000258534,-6.20264e-08,-0.000811269) 114387 11825.9 0.0208332
face centroid = (-1.61982,0.25002,4.95558)
subcontact = (-1.69504,0.500021,5.19308) 4765.08 (-154.919,0.0358994,467.636) 39 -0.00228724 (0.000258473,-6.2026e-08,-0.000811078) 114362 11823.1 0.0416665
face centroid = (-1.61982,0.25002,4.95558)
subcontact = (-1.54725,0.500019,4.71542) 1063.87 (-78.9156,-0.0416664,238.294) 38 -0.00102132 (0.00026337,1.44011e-07,-0.000826593) 51066.2 12049.1 0.0208332
face centroid = (-1.61982,0.25002,4.95558)
subcontact = (-1.54725,1.87101e-05,4.71542) 2128.77 (-157.868,-0.0833326,476.699) 37 -0.00102181 (0.000263432,1.4401e-07,-0.000826784) 51090.6 12051.9 0.0416665
face centroid = (-1.61982,0.25002,4.95558)
subcontact = (-1.54653,1.85705e-05,4.71657) 1064.95 (-78.9322,-0.0416217,238.344) 36 -0.00102236 (0.000263426,1.43854e-07,-0.000826766) 51117.8 12051.6 0.0208333
face centroid = (-1.62114,0.25002,4.95425)
subcontact = (-1.54653,0.500019,4.71656) 2128.89 (-157.828,-0.0832435,476.578) 35 -0.00102187 (0.000263365,1.43854e-07,-0.000826575) 51093.3 12048.8 0.0416667
face centroid = (-1.62114,0.25002,4.95425)
subcontact = (-1.69312,0.500021,5.19459) 2383.11 (-77.4579,0.0179952,233.812) 34 -0.00228779 (0.000258467,-6.2184e-08,-0.00081106) 114389 11822.8 0.0208333
face centroid = (-1.62114,0.25002,4.95425)
subcontact = (-1.69312,2.0883e-05,5.1946) 4767.23 (-154.952,0.0359906,467.735) 33 -0.00228828 (0.000258528,-6.21843e-08,-0.000811252) 114414 11825.6 0.0416667
face centroid = (-1.62114,0.25002,4.95425)
contact = 13 1 13 12 (-2.3856,0.250017,4.65384) (0.897958,1.50823e-06,0.440081)
subcontact = (-2.49585,1.78381e-05,4.87761) 1623.16 (-139.563,-0.0034652,272.179) 32 -0.00155824 (0.000473793,1.19983e-08,-0.000944988) 77911.9 14682 0.0208333
face centroid = (-2.3849,0.250017,4.65478)
subcontact = (-2.49585,0.500018,4.87761) 3245.53 (-279.107,-0.00693081,544.322) 31 -0.00155786 (0.000473761,1.1999e-08,-0.000944925) 77892.9 14681 0.0416666
face centroid = (-2.3849,0.250017,4.65478)
subcontact = (-2.27629,0.500016,4.4284) 2185.97 (-139.53,-0.0240613,272.084) 30 -0.00209854 (0.00047366,8.31771e-08,-0.00094467) 104927 14677.2 0.0208333
face centroid = (-2.3849,0.250017,4.65478)
subcontact = (-2.27629,1.58024e-05,4.4284) 4372.74 (-279.079,-0.0481222,544.205) 29 -0.00209892 (0.000473692,8.31764e-08,-0.000944734) 104946 14678.2 0.0416666
face centroid = (-2.3849,0.250017,4.65478)
subcontact = (-2.27488,1.57239e-05,4.4303) 2184.93 (-139.54,-0.024059,272.104) 28 -0.00209754 (0.000473694,8.31697e-08,-0.000944738) 104877 14678.3 0.0208333
face centroid = (-2.38607,0.250017,4.65301)
subcontact = (-2.27488,0.500016,4.43029) 4369.07 (-279.061,-0.0481182,544.171) 27 -0.00209716 (0.000473662,8.317e-08,-0.000944675) 104858 14677.3 0.0416667
face centroid = (-2.38607,0.250017,4.65301)
subcontact = (-2.49493,0.500018,4.87927) 1621.32 (-139.554,-0.00346363,272.162) 26 -0.00155647 (0.000473763,1.19926e-08,-0.000944929) 77823.5 14681.1 0.0208333
face centroid = (-2.38607,0.250017,4.65301)
subcontact = (-2.49493,1.78308e-05,4.87927) 3243.44 (-279.127,-0.00692704,544.361) 25 -0.00155686 (0.000473795,1.19922e-08,-0.000944992) 77842.6 14682.1 0.0416667
face centroid = (-2.38607,0.250017,4.65301)
contact = 14 1 14 13 (-3.23698,0.500013,4.44166) (0.81805,5.72234e-06,0.575147)
subcontact = (-3.23771,1.3563e-05,4.43981) 819.869 (-184.088,-0.0250919,249.332) 24 -0.000787072 (0.000626157,8.66439e-08,-0.000868999) 39353.7 14876.5 0.0208333
face centroid = (-3.09287,0.250013,4.23737)
subcontact = (-3.23771,0.500014,4.43981) 1639.22 (-368.177,-0.0501808,498.67) 23 -0.000786825 (0.000626161,8.66386e-08,-0.000869009) 39341.3 14876.6 0.0416667
face centroid = (-3.09287,0.250013,4.23737)
subcontact = (-2.95014,0.500012,4.03079) 3468.82 (-180.864,-0.0211885,244.882) 22 -0.00333008 (0.000615125,7.31568e-08,-0.000853542) 166503 14612.7 0.0208333
face centroid = (-3.09287,0.250013,4.23737)
subcontact = (-2.95014,1.18441e-05,4.03079) 6938.15 (-361.726,-0.0423801,489.758) 21 -0.00333032 (0.000615121,7.31621e-08,-0.000853532) 166516 14612.6 0.0416667
face centroid = (-3.09287,0.250013,4.23737)
subcontact = (-2.94805,1.17812e-05,4.0336) 3465 (-180.869,-0.021213,244.887) 20 -0.0033264 (0.000615141,7.32351e-08,-0.00085356) 166322 14613.3 0.0208331
face centroid = (-3.09393,0.250013,4.2353)
subcontact = (-2.94805,0.500012,4.03359) 6929.48 (-361.74,-0.0424226,489.781) 19 -0.00332615 (0.000615145,7.32293e-08,-0.00085357) 166310 14613.4 0.0416661
face centroid = (-3.09393,0.250013,4.2353)
subcontact = (-3.2377,0.500013,4.44115) 815.512 (-184.094,-0.0251095,249.343) 18 -0.000782893 (0.000626182,8.67049e-08,-0.000869037) 39145.1 14877.3 0.0208331
face centroid = (-3.09393,0.250013,4.2353)
subcontact = (-3.2377,1.34779e-05,4.44115) 1631.54 (-368.188,-0.0502224,498.68) 17 -0.00078314 (0.000626177,8.67107e-08,-0.000869027) 39157.4 14877.2 0.0416661
face centroid = (-3.09393,0.250013,4.2353)
contact = 15 7 15 14 (-3.71231,0.25,3.71231) (0.707107,0,0.707107)
contact = 16 1 16 15 (-4.06415,2.09942e-06,2.94115) (0.596206,6.50739e-06,0.802831)
subcontact = (-4.46712,2.80929e-06,3.23716) 0 (0,0,0) 16 0.00326511 (0.000321621,8.44449e-07,-0.000235125) 0 0 0.0208333
face centroid = (-4.26618,0.250002,3.08914)
subcontact = (-4.46712,0.500003,3.23716) 0 (0,0,0) 15 0.00326224 (0.000322127,8.4444e-07,-0.000235508) 0 0 0.0416667
face centroid = (-4.26618,0.250002,3.08914)
subcontact = (-4.06571,0.500002,2.93905) 5440.54 (-100.325,-0.0569711,72.3376) 14 -0.00522294 (0.000344891,1.96945e-07,-0.000252384) 261146 5936.83 0.0208333
face centroid = (-4.26618,0.250002,3.08914)
subcontact = (-4.0657,2.08244e-06,2.93906) 10875.1 (-200.358,-0.113947,144.451) 13 -0.00522006 (0.000344385,1.96954e-07,-0.000252001) 261002 5928.03 0.0416667
face centroid = (-4.26618,0.250002,3.08914)
subcontact = (-4.06297,1.88542e-06,2.94352) 5429.21 (-100.17,-0.0573446,72.219) 12 -0.00521211 (0.000344359,1.98244e-07,-0.000251982) 260640 5928.34 0.0208303
face centroid = (-4.26641,0.250002,3.08811)
subcontact = (-4.06297,0.500002,2.94352) 10864.4 (-200.631,-0.114684,144.662) 11 -0.00521498 (0.000344865,1.98234e-07,-0.000252364) 260783 5937.15 0.0416607
face centroid = (-4.26641,0.250002,3.08811)
subcontact = (-4.46939,0.500002,3.23477) 0 (0,0,0) 10 0.00326982 (0.000322103,8.4557e-07,-0.00023549) 0 0 0.0208303
face centroid = (-4.26641,0.250002,3.08811)
subcontact = (-4.46939,1.96664e-06,3.23477) 0 (0,0,0) 9 0.0032727 (0.000321597,8.4558e-07,-0.000235107) 0 0 0.0416607
face centroid = (-4.26641,0.250002,3.08811)
contact = 17 7 17 16 (-4.67778,0.25,2.38345) (0.45399,0,0.891007)
contact = 18 7 18 17 (-4.99305,0.25,1.62234) (0.309017,0,0.951057)
contact = 19 1 19 18 (-5.18752,0.25,0.819077) (0.156434,0,0.987688)
subcontact = (-5.43659,-1.22269e-08,0.855981) 5241.37 (1015.69,0.00346596,-163.541) 8 -0.00503172 (-0.00351093,-1.19802e-08,0.000560695) 251591 49381.9 0.0208329
face centroid = (-5.18536,0.25,0.821281)
subcontact = (-5.43659,0.5,0.855981) 10483.5 (2031.43,0.00693199,-327.09) 7 -0.0050321 (-0.00351103,-1.19803e-08,0.000560709) 251610 49383.3 0.0416658
face centroid = (-5.18536,0.25,0.821281)
subcontact = (-4.94224,0.5,0.780986) 1844.96 (1019.02,-0.0249485,-164.07) 6 -0.00177116 (-0.00352245,8.62244e-08,0.00056252) 88560.1 49543.9 0.0208329
face centroid = (-5.18536,0.25,0.821281)
subcontact = (-4.94224,8.64485e-08,0.780986) 3689.15 (2037.98,-0.0498971,-328.131) 5 -0.00177079 (-0.00352235,8.62245e-08,0.000562506) 88541.4 49542.6 0.0416658
face centroid = (-5.18536,0.25,0.821281)
subcontact = (-4.93844,0,0.782172) 1824.01 (1019.01,-0.0252572,-164.069) 4 -0.00175106 (-0.00352242,8.72851e-08,0.000562517) 87552.7 49542.6 0.0208333
face centroid = (-5.18942,0.25,0.818484)
subcontact = (-4.93844,0.5,0.782172) 3648.81 (2038.08,-0.0505144,-328.146) 3 -0.00175143 (-0.00352252,8.72849e-08,0.000562531) 87571.4 49543.9 0.0416667
face centroid = (-5.18942,0.25,0.818484)
subcontact = (-5.43229,0.5,0.86039) 5221.23 (1015.74,0.00315982,-163.549) 2 -0.00501238 (-0.0035111,-1.09242e-08,0.00056072) 250619 49383.3 0.0208333
face centroid = (-5.18942,0.25,0.818484)
subcontact = (-5.43229,0,0.86039) 10441.7 (2031.42,0.00631953,-327.089) 1 -0.00501201 (-0.003511,-1.0924e-08,0.000560706) 250600 49381.9 0.0416667
face centroid = (-5.18942,0.25,0.818484)
3dec>log off
**********************************************
* Logging ended at Wed Mar 13 16:14:27 2024
**********************************************
**********************************************
* Logging started at Wed Mar 13 16:14:46 2024
* By 3dec Version 7.00 Release 159
* 
* 
* Job Title: 
**********************************************
3dec>log-file 'Displacement_step_1_distance_0.001m.txt'
**********************************************
* Logging ended at Wed Mar 13 16:14:46 2024
**********************************************
**********************************************
* Logging started at Wed Mar 13 16:14:46 2024
* By 3dec Version 7.00 Release 159
* 
* 
* Job Title: 
**********************************************
3dec>@contacts_output
contact = 1 1 1 0 (5.31089,0.250006,0.839969) (0.149411,-4.6716e-07,-0.988775)
subcontact = (5.43229,0,0.86092) 5369.93 (1042.66,0.180052,169.219) 112 -0.00515515 (-0.00360661,-6.22271e-07,-0.000565143) 257763 50704 0.0208328
face centroid = (5.1895,0.25,0.819018)
subcontact = (5.43229,0.5,0.86092) 10740.3 (2084.58,0.360103,338.308) 111 -0.00515538 (-0.00360533,-6.22268e-07,-0.000564933) 257775 50685.9 0.0416656
face centroid = (5.1895,0.25,0.819018)
subcontact = (4.93844,0.5,0.782702) 1668.6 (1042.53,-0.198956,169.193) 110 -0.00160184 (-0.00360615,6.87562e-07,-0.000565062) 80094.7 50697.5 0.0208328
face centroid = (5.1895,0.25,0.819018)
subcontact = (4.93844,0,0.782702) 3336.71 (2085.8,-0.397911,338.516) 109 -0.00160161 (-0.00360744,6.8756e-07,-0.000565272) 80083.1 50715.6 0.0416656
face centroid = (5.1895,0.25,0.819018)
subcontact = (4.94231,-6.8593e-07,0.781666) 1689.95 (1042.9,-0.19848,169.258) 108 -0.00162236 (-0.00360744,6.85929e-07,-0.000565272) 81117.7 50714.4 0.0208333
face centroid = (5.18536,0.25,0.821811)
subcontact = (4.9423,0.499999,0.781665) 3380.36 (2085.06,-0.396961,338.386) 107 -0.00162258 (-0.00360615,6.85931e-07,-0.000565062) 81128.6 50696.3 0.0416667
face centroid = (5.18536,0.25,0.821811)
subcontact = (5.43669,0.500001,0.856371) 5391.81 (1042.29,0.180515,169.154) 106 -0.00517614 (-0.00360532,-6.23879e-07,-0.000564932) 258807 50684.7 0.0208333
face centroid = (5.18536,0.25,0.821811)
subcontact = (5.43669,6.23882e-07,0.856371) 10783.2 (2085.33,0.361031,338.439) 105 -0.00517592 (-0.00360661,-6.23881e-07,-0.000565143) 258796 50702.8 0.0416667
face centroid = (5.18536,0.25,0.821811)
contact = 2 7 2 1 (4.99305,0.25,1.62234) (0.309017,0,-0.951057)
contact = 3 7 3 2 (4.67778,0.25,2.38345) (0.45399,0,-0.891007)
contact = 4 1 4 3 (4.26757,0.250009,3.09013) (0.590624,-0.00170896,-0.806945)
subcontact = (4.47089,2.19985e-07,3.23572) 110.865 (-31.9119,2.21217,-22.1569) 104 -0.000106405 (0.00010929,-7.64527e-06,7.79263e-05) 5321.82 1867.91 0.0208321
face centroid = (4.26901,0.250015,3.08803)
subcontact = (4.47089,0.5,3.23572) 221.37 (-58.6012,4.42418,-40.4913) 103 -0.000106232 (0.000100265,-7.64499e-06,7.13209e-05) 5313.18 1712.9 0.0416643
face centroid = (4.26901,0.250015,3.08803)
subcontact = (4.0643,0.499999,2.94471) 5313.82 (-34.3943,7.03949,-23.9919) 102 -0.00510131 (0.000117876,-2.43288e-05,8.42597e-05) 255078 2041.18 0.0208321
face centroid = (4.26901,0.250015,3.08803)
subcontact = (4.0643,-1.05311e-06,2.94471) 10628 (-74.0112,14.0791,-51.8063) 101 -0.00510149 (0.000126901,-2.43291e-05,9.08651e-05) 255087 2194.49 0.0416643
face centroid = (4.26901,0.250015,3.08803)
subcontact = (4.06718,1.95905e-05,2.9405) 5318.18 (-37.0063,7.04385,-25.9037) 100 -0.00510546 (0.000126913,-2.43436e-05,9.08737e-05) 255273 2194.44 0.0208333
face centroid = (4.26759,0.25,3.09022)
subcontact = (4.06719,0.50002,2.94051) 10635.9 (-68.7898,14.0874,-47.9847) 99 -0.00510525 (0.000117888,-2.43431e-05,8.4268e-05) 255262 2041.14 0.0416666
face centroid = (4.26759,0.25,3.09022)
subcontact = (4.47085,0.50001,3.23556) 114.69 (-29.3009,2.21614,-20.2458) 98 -0.000110102 (0.000100276,-7.65898e-06,7.13289e-05) 5505.14 1712.83 0.0208333
face centroid = (4.26759,0.25,3.09022)
subcontact = (4.47084,9.67596e-06,3.23556) 229.833 (-63.8246,4.43254,-44.3144) 97 -0.000110319 (0.000109301,-7.65945e-06,7.79345e-05) 5516.01 1867.84 0.0416666
face centroid = (4.26759,0.25,3.09022)
contact = 5 1 5 4 (3.90637,1.28194e-05,3.89089) (0.71499,-1.07237e-06,-0.699135)
subcontact = (3.90844,1.00416e-05,3.89021) 243.533 (-117.041,0.527993,-116.392) 96 -0.000233778 (0.00066822,-2.77045e-06,0.000673255) 11690 7923.32 0.0208326
face centroid = (3.73316,0.250015,3.71061)
subcontact = (3.90845,0.50001,3.89021) 485.948 (-233.237,1.05167,-231.982) 95 -0.000233242 (0.000671472,-2.77051e-06,0.000676569) 11663.2 7895.37 0.0416652
face centroid = (3.73316,0.250015,3.71061)
subcontact = (3.55592,0.50002,3.53564) 4580.54 (-195.584,-0.545162,-194.189) 94 -0.00439735 (0.000670966,1.88406e-06,0.000676108) 219874 13229.9 0.0208326
face centroid = (3.73316,0.250015,3.71061)
subcontact = (3.55591,1.99228e-05,3.53564) 9162.2 (-389.282,-1.09036,-386.465) 93 -0.00439788 (0.000667713,1.88412e-06,0.000672795) 219900 13165.4 0.0416652
face centroid = (3.73316,0.250015,3.71061)
subcontact = (3.55837,1.80495e-05,3.53186) 4587.22 (-194.642,-0.54718,-193.234) 92 -0.00440374 (0.000667714,1.891e-06,0.000672796) 220187 13165.1 0.0208333
face centroid = (3.73218,0.250015,3.71292)
subcontact = (3.55837,0.500018,3.53187) 9173.35 (-391.17,-1.09433,-388.382) 91 -0.00440321 (0.000670967,1.89096e-06,0.000676109) 220160 13229.5 0.0416667
face centroid = (3.73218,0.250015,3.71292)
subcontact = (3.90794,0.500013,3.88936) 249.033 (-119.655,0.531199,-118.992) 90 -0.000239073 (0.000671473,-2.76372e-06,0.00067657) 11953.6 8100.01 0.0208333
face centroid = (3.73218,0.250015,3.71292)
subcontact = (3.90794,1.2817e-05,3.88936) 499.163 (-240.144,1.06674,-238.774) 89 -0.000239599 (0.000668221,-2.76368e-06,0.000673256) 11979.9 8127.58 0.0416667
face centroid = (3.73218,0.250015,3.71292)
contact = 6 1 6 5 (3.24414,1.49943e-05,4.44206) (0.818391,-1.68971e-06,-0.574662)
subcontact = (3.24543,1.44483e-05,4.44247) 856.811 (-181.073,0.1644,-246.463) 88 -0.00082254 (0.000616632,-5.68338e-07,0.000858446) 41127.4 14680 0.0208331
face centroid = (3.10181,0.250017,4.23652)
subcontact = (3.24543,0.500014,4.44247) 1712.53 (-362.533,0.328798,-493.444) 87 -0.000822016 (0.000617286,-5.68336e-07,0.000859351) 41101.2 14695.5 0.0416662
face centroid = (3.10181,0.250017,4.23652)
subcontact = (2.95609,0.50002,4.0347) 3416.52 (-179.971,-0.178609,-244.918) 86 -0.00327987 (0.000612843,6.17104e-07,0.000853093) 163995 14588.9 0.0208331
face centroid = (3.10181,0.250017,4.23652)
subcontact = (2.95609,1.95325e-05,4.03469) 6834.13 (-359.556,-0.357217,-489.318) 85 -0.00328039 (0.000612188,6.17102e-07,0.000852189) 164021 14573.4 0.0416662
face centroid = (3.10181,0.250017,4.23652)
subcontact = (2.95815,1.89594e-05,4.03192) 3421.76 (-179.775,-0.178923,-244.656) 84 -0.0032849 (0.00061218,6.18198e-07,0.000852177) 164245 14573 0.0208333
face centroid = (3.10076,0.250017,4.23858)
subcontact = (2.95815,0.500019,4.03192) 6842.44 (-359.937,-0.357846,-489.829) 83 -0.00328438 (0.000612834,6.182e-07,0.000853081) 164219 14588.5 0.0416667
face centroid = (3.10076,0.250017,4.23858)
subcontact = (3.24548,0.500015,4.44112) 860.969 (-181.264,0.164085,-246.718) 82 -0.00082653 (0.000617278,-5.6724e-07,0.000859339) 41326.5 14695.1 0.0208333
face centroid = (3.10076,0.250017,4.23858)
subcontact = (3.24548,1.49915e-05,4.44112) 1723.02 (-362.141,0.328171,-492.919) 81 -0.000827049 (0.000616623,-5.67242e-07,0.000858434) 41352.4 14679.6 0.0416667
face centroid = (3.10076,0.250017,4.23858)
contact = 7 1 7 6 (2.39302,0.250019,4.65475) (0.898631,1.77649e-06,-0.438705)
subcontact = (2.50243,1.69827e-05,4.88013) 1656.09 (-138.986,0.130244,-270.028) 80 -0.00158985 (0.000470428,-4.50125e-07,0.000938265) 79492.4 14577.5 0.0208333
face centroid = (2.39371,0.250019,4.65381)
subcontact = (2.50243,0.500017,4.88014) 3311.01 (-278.24,0.260489,-540.569) 79 -0.00158929 (0.000470878,-4.50127e-07,0.000939158) 79464.4 14591.4 0.0416666
face centroid = (2.39371,0.250019,4.65381)
subcontact = (2.28265,0.500021,4.43103) 2146.64 (-140.041,-0.15851,-272.062) 78 -0.00206078 (0.000473988,5.47814e-07,0.00094534) 103039 14687.5 0.0208333
face centroid = (2.39371,0.250019,4.65381)
subcontact = (2.28265,2.07696e-05,4.43103) 4294.45 (-279.815,-0.317021,-543.612) 77 -0.00206134 (0.000473538,5.47816e-07,0.000944447) 103067 14673.6 0.0416666
face centroid = (2.39371,0.250019,4.65381)
subcontact = (2.28403,2.02247e-05,4.42915) 2149.26 (-139.908,-0.158757,-271.808) 76 -0.0020633 (0.000473541,5.48664e-07,0.000944453) 103165 14673.7 0.0208333
face centroid = (2.39254,0.250019,4.65558)
subcontact = (2.28403,0.50002,4.42915) 4297.37 (-280.084,-0.317512,-544.129) 75 -0.00206274 (0.000473991,5.48661e-07,0.000945346) 103137 14687.6 0.0416667
face centroid = (2.39254,0.250019,4.65558)
subcontact = (2.50339,0.500017,4.87847) 1657.55 (-139.121,0.13,-270.286) 74 -0.00159125 (0.000470881,-4.49283e-07,0.000939163) 79562.3 14591.5 0.0208333
face centroid = (2.39254,0.250019,4.65558)
subcontact = (2.50338,1.74345e-05,4.87846) 3316.26 (-277.974,0.26,-540.059) 73 -0.00159181 (0.000470431,-4.4928e-07,0.000938271) 79590.2 14577.6 0.0416667
face centroid = (2.39254,0.250019,4.65558)
contact = 8 1 8 7 (1.62767,0.250021,4.95548) (0.955417,2.48082e-07,-0.295259)
subcontact = (1.70051,1.93548e-05,5.19508) 2406.52 (-73.7684,0.108024,-224.834) 72 -0.00231026 (0.000248204,-3.73335e-07,0.000779185) 115513 11358.1 0.0208333
face centroid = (1.62865,0.250021,4.95473)
subcontact = (1.70051,0.500019,5.19508) 4811.82 (-147.689,0.216049,-450.124) 71 -0.00230968 (0.000248458,-3.73338e-07,0.000779977) 115484 11369.6 0.0416665
face centroid = (1.62865,0.250021,4.95473)
subcontact = (1.55414,0.500022,4.71699) 1036.69 (-75.8628,-0.130477,-231.248) 70 -0.000995228 (0.000255267,4.50925e-07,0.000801411) 49761.5 11682 0.0208333
face centroid = (1.62865,0.250021,4.95473)
subcontact = (1.55414,2.19704e-05,4.71698) 2074.61 (-151.574,-0.260955,-462.04) 69 -0.000995814 (0.000255013,4.50928e-07,0.000800619) 49790.8 11670.5 0.0416665
face centroid = (1.62865,0.250021,4.95473)
subcontact = (1.55484,2.15196e-05,4.71588) 1037.29 (-75.7892,-0.130634,-231.027) 68 -0.000995798 (0.000255019,4.51461e-07,0.000800641) 49789.9 11670.8 0.0208333
face centroid = (1.62733,0.250021,4.95603)
subcontact = (1.55484,0.500022,4.71588) 2073.36 (-151.73,-0.261266,-462.511) 67 -0.000995212 (0.000255273,4.51459e-07,0.000801433) 49760.6 11682.3 0.0416667
face centroid = (1.62733,0.250021,4.95603)
subcontact = (1.70247,0.50002,5.19359) 2405.9 (-73.8465,0.10787,-225.069) 66 -0.00230966 (0.000248465,-3.72807e-07,0.000779998) 115483 11370 0.0208333
face centroid = (1.62733,0.250021,4.95603)
subcontact = (1.70246,1.9728e-05,5.19359) 4813.02 (-147.541,0.215739,-449.681) 65 -0.00231025 (0.000248211,-3.72805e-07,0.000779206) 115512 11358.4 0.0416667
face centroid = (1.62733,0.250021,4.95603)
contact = 9 1 9 8 (0.824996,0.250022,5.13518) (0.989024,3.17513e-07,-0.147753)
subcontact = (0.860439,2.12229e-05,5.38292) 2936.15 (-22.6916,0.156967,-140.283) 64 -0.00281872 (7.54937e-05,-5.42486e-07,0.000485277) 140938 6821.23 0.020833
face centroid = (0.826351,0.250022,5.13472)
subcontact = (0.86044,0.500021,5.38292) 5871.05 (-45.5102,0.313937,-281.342) 63 -0.00281811 (7.57038e-05,-5.42493e-07,0.000486619) 140907 6840.1 0.041666
face centroid = (0.826351,0.250022,5.13472)
subcontact = (0.789362,0.500023,4.888) 281.433 (-19.0556,-0.179574,-118.541) 62 -0.000270172 (8.02642e-05,8.06843e-07,0.000516088) 13509 5763.12 0.020833
face centroid = (0.826351,0.250022,5.13472)
subcontact = (0.789361,2.28785e-05,4.888) 564.119 (-38.1579,-0.360496,-237.358) 61 -0.000270774 (8.00541e-05,8.0685e-07,0.000514746) 13539.1 5769.82 0.041666
face centroid = (0.826351,0.250022,5.13472)
subcontact = (0.789552,2.20699e-05,4.88744) 281.584 (-18.9998,-0.179757,-118.2) 60 -0.00027032 (8.00569e-05,8.07469e-07,0.000514764) 13516.1 5746.45 0.0208333
face centroid = (0.824901,0.250022,5.13546)
subcontact = (0.789552,0.500022,4.88744) 561.915 (-37.9526,-0.358151,-236.123) 59 -0.000269718 (8.0267e-05,8.07464e-07,0.000516107) 13486 5739.7 0.0416667
face centroid = (0.824901,0.250022,5.13546)
subcontact = (0.863151,0.500022,5.382) 2935.07 (-22.7562,0.156796,-140.678) 58 -0.00281767 (7.57066e-05,-5.41885e-07,0.000486637) 140884 6840.32 0.0208333
face centroid = (0.824901,0.250022,5.13546)
subcontact = (0.863151,2.17638e-05,5.382) 5871.4 (-45.3853,0.313589,-280.58) 57 -0.00281827 (7.54965e-05,-5.4188e-07,0.000485295) 140914 6821.45 0.0416667
face centroid = (0.824901,0.250022,5.13546)
contact = 10 1 10 9 (0.00309456,0.250022,5.3167) (0.999989,9.17784e-08,-0.00462899)
subcontact = (0.00216583,2.24747e-05,5.44167) 3139.07 (-0.106568,-0.0221715,19.1949) 56 -0.00301352 (3.06497e-08,7.66272e-08,-6.63297e-05) 150690 921.458 0.0208313
face centroid = (0.00292045,0.250021,5.19174)
subcontact = (0.00216626,0.500022,5.44167) 6277.44 (-0.215627,-0.0443368,37.141) 55 -0.00301318 (3.77964e-08,7.66165e-08,-6.41718e-05) 150673 891.486 0.0416626
face centroid = (0.00292045,0.250021,5.19174)
subcontact = (0.00683888,0.500023,4.94169) 0 (0,0,0) 54 0.0061793 (1.88828e-07,2.22796e-06,-3.11358e-05) 0 0 0.0208313
face centroid = (0.00292045,0.250021,5.19174)
subcontact = (0.00683845,2.27161e-05,4.94169) 0 (0,0,0) 53 0.00617896 (1.81681e-07,2.22797e-06,-3.32937e-05) 0 0 0.0416626
face centroid = (0.00292045,0.250021,5.19174)
subcontact = (0.000660376,2.04884e-05,4.94175) 0 (0,0,0) 52 0.00617677 (1.8164e-07,2.22717e-06,-3.33029e-05) 0 0 0.0208331
face centroid = (0.00450235,0.250023,5.19168)
subcontact = (0.000660447,0.50002,4.94175) 0 (0,0,0) 51 0.00617714 (1.88787e-07,2.22717e-06,-3.11449e-05) 0 0 0.0416663
face centroid = (0.00450235,0.250023,5.19168)
subcontact = (0.00518052,0.500022,5.44173) 3141.31 (-0.10781,-0.0219331,18.5717) 50 -0.00301566 (3.77479e-08,7.58002e-08,-6.41827e-05) 150784 891.467 0.0208331
face centroid = (0.00450235,0.250023,5.19168)
subcontact = (0.00518045,2.23982e-05,5.44173) 6283.38 (-0.213129,-0.0438698,38.3923) 49 -0.00301603 (3.06005e-08,7.58066e-08,-6.63407e-05) 150803 921.439 0.0416663
face centroid = (0.00450235,0.250023,5.19168)
contact = 11 1 11 10 (-0.818808,0.250021,5.13481) (0.989816,1.39674e-07,0.142351)
subcontact = (-0.855786,2.22906e-05,5.3818) 2923.38 (-23.0404,0.0399993,139.062) 48 -0.00280645 (7.44913e-05,-1.38235e-07,-0.00048142) 140324 6766.05 0.0208331
face centroid = (-0.817457,0.250021,5.13526)
subcontact = (-0.855786,0.500022,5.3818) 5845.6 (-46.0486,0.0799986,277.924) 47 -0.00280589 (7.44386e-05,-1.38235e-07,-0.000481075) 140296 6761.19 0.0416661
face centroid = (-0.817457,0.250021,5.13526)
subcontact = (-0.782036,0.50002,4.88726) 295.595 (-24.0529,-0.0622738,145.464) 46 -0.000283769 (7.78356e-05,2.15224e-07,-0.000503572) 14188.7 7077.19 0.0208331
face centroid = (-0.817457,0.250021,5.13526)
subcontact = (-0.782036,2.03906e-05,4.88727) 592.353 (-48.1381,-0.124548,291.128) 45 -0.000284327 (7.78883e-05,2.15224e-07,-0.000503917) 14216.7 7082.04 0.0416661
face centroid = (-0.817457,0.250021,5.13526)
subcontact = (-0.78183,2.01782e-05,4.88782) 297.144 (-24.0683,-0.0622192,145.559) 44 -0.000285257 (7.78858e-05,2.15032e-07,-0.0005039) 14262.9 7081.7 0.0208333
face centroid = (-0.818911,0.250021,5.13453)
subcontact = (-0.78183,0.50002,4.88782) 593.124 (-48.1043,-0.124438,290.918) 43 -0.000284698 (7.78331e-05,2.15032e-07,-0.000503555) 14235 7076.85 0.0416667
face centroid = (-0.818911,0.250021,5.13453)
subcontact = (-0.853084,0.500022,5.38271) 2923.76 (-23.0235,0.0400561,138.957) 42 -0.00280682 (7.44361e-05,-1.38431e-07,-0.000481058) 140341 6760.86 0.0208333
face centroid = (-0.818911,0.250021,5.13453)
subcontact = (-0.853084,2.24314e-05,5.38271) 5848.69 (-46.0793,0.0801121,278.113) 41 -0.00280738 (7.44888e-05,-1.38431e-07,-0.000481403) 140369 6765.71 0.0416667
face centroid = (-0.818911,0.250021,5.13453)
contact = 12 1 12 11 (-1.62079,0.25002,4.95482) (0.956188,5.51323e-07,0.292752)
subcontact = (-1.69504,2.08165e-05,5.19308) 2383.05 (-77.478,0.0179498,233.873) 40 -0.00228773 (0.000258534,-6.20264e-08,-0.000811269) 114387 11825.9 0.0208332
face centroid = (-1.61982,0.25002,4.95558)
subcontact = (-1.69504,0.500021,5.19308) 4765.08 (-154.919,0.0358994,467.636) 39 -0.00228724 (0.000258473,-6.2026e-08,-0.000811078) 114362 11823.1 0.0416665
face centroid = (-1.61982,0.25002,4.95558)
subcontact = (-1.54725,0.500019,4.71542) 1063.87 (-78.9156,-0.0416664,238.294) 38 -0.00102132 (0.00026337,1.44011e-07,-0.000826593) 51066.2 12049.1 0.0208332
face centroid = (-1.61982,0.25002,4.95558)
subcontact = (-1.54725,1.87101e-05,4.71542) 2128.77 (-157.868,-0.0833326,476.699) 37 -0.00102181 (0.000263432,1.4401e-07,-0.000826784) 51090.6 12051.9 0.0416665
face centroid = (-1.61982,0.25002,4.95558)
subcontact = (-1.54653,1.85705e-05,4.71657) 1064.95 (-78.9322,-0.0416217,238.344) 36 -0.00102236 (0.000263426,1.43854e-07,-0.000826766) 51117.8 12051.6 0.0208333
face centroid = (-1.62114,0.25002,4.95425)
subcontact = (-1.54653,0.500019,4.71656) 2128.89 (-157.828,-0.0832435,476.578) 35 -0.00102187 (0.000263365,1.43854e-07,-0.000826575) 51093.3 12048.8 0.0416667
face centroid = (-1.62114,0.25002,4.95425)
subcontact = (-1.69312,0.500021,5.19459) 2383.11 (-77.4579,0.0179952,233.812) 34 -0.00228779 (0.000258467,-6.2184e-08,-0.00081106) 114389 11822.8 0.0208333
face centroid = (-1.62114,0.25002,4.95425)
subcontact = (-1.69312,2.0883e-05,5.1946) 4767.23 (-154.952,0.0359906,467.735) 33 -0.00228828 (0.000258528,-6.21843e-08,-0.000811252) 114414 11825.6 0.0416667
face centroid = (-1.62114,0.25002,4.95425)
contact = 13 1 13 12 (-2.3856,0.250017,4.65384) (0.897958,1.50823e-06,0.440081)
subcontact = (-2.49585,1.78381e-05,4.87761) 1623.16 (-139.563,-0.0034652,272.179) 32 -0.00155824 (0.000473793,1.19983e-08,-0.000944988) 77911.9 14682 0.0208333
face centroid = (-2.3849,0.250017,4.65478)
subcontact = (-2.49585,0.500018,4.87761) 3245.53 (-279.107,-0.00693081,544.322) 31 -0.00155786 (0.000473761,1.1999e-08,-0.000944925) 77892.9 14681 0.0416666
face centroid = (-2.3849,0.250017,4.65478)
subcontact = (-2.27629,0.500016,4.4284) 2185.97 (-139.53,-0.0240613,272.084) 30 -0.00209854 (0.00047366,8.31771e-08,-0.00094467) 104927 14677.2 0.0208333
face centroid = (-2.3849,0.250017,4.65478)
subcontact = (-2.27629,1.58024e-05,4.4284) 4372.74 (-279.079,-0.0481222,544.205) 29 -0.00209892 (0.000473692,8.31764e-08,-0.000944734) 104946 14678.2 0.0416666
face centroid = (-2.3849,0.250017,4.65478)
subcontact = (-2.27488,1.57239e-05,4.4303) 2184.93 (-139.54,-0.024059,272.104) 28 -0.00209754 (0.000473694,8.31697e-08,-0.000944738) 104877 14678.3 0.0208333
face centroid = (-2.38607,0.250017,4.65301)
subcontact = (-2.27488,0.500016,4.43029) 4369.07 (-279.061,-0.0481182,544.171) 27 -0.00209716 (0.000473662,8.317e-08,-0.000944675) 104858 14677.3 0.0416667
face centroid = (-2.38607,0.250017,4.65301)
subcontact = (-2.49493,0.500018,4.87927) 1621.32 (-139.554,-0.00346363,272.162) 26 -0.00155647 (0.000473763,1.19926e-08,-0.000944929) 77823.5 14681.1 0.0208333
face centroid = (-2.38607,0.250017,4.65301)
subcontact = (-2.49493,1.78308e-05,4.87927) 3243.44 (-279.127,-0.00692704,544.361) 25 -0.00155686 (0.000473795,1.19922e-08,-0.000944992) 77842.6 14682.1 0.0416667
face centroid = (-2.38607,0.250017,4.65301)
contact = 14 1 14 13 (-3.23698,0.500013,4.44166) (0.81805,5.72234e-06,0.575147)
subcontact = (-3.23771,1.3563e-05,4.43981) 819.869 (-184.088,-0.0250919,249.332) 24 -0.000787072 (0.000626157,8.66439e-08,-0.000868999) 39353.7 14876.5 0.0208333
face centroid = (-3.09287,0.250013,4.23737)
subcontact = (-3.23771,0.500014,4.43981) 1639.22 (-368.177,-0.0501808,498.67) 23 -0.000786825 (0.000626161,8.66386e-08,-0.000869009) 39341.3 14876.6 0.0416667
face centroid = (-3.09287,0.250013,4.23737)
subcontact = (-2.95014,0.500012,4.03079) 3468.82 (-180.864,-0.0211885,244.882) 22 -0.00333008 (0.000615125,7.31568e-08,-0.000853542) 166503 14612.7 0.0208333
face centroid = (-3.09287,0.250013,4.23737)
subcontact = (-2.95014,1.18441e-05,4.03079) 6938.15 (-361.726,-0.0423801,489.758) 21 -0.00333032 (0.000615121,7.31621e-08,-0.000853532) 166516 14612.6 0.0416667
face centroid = (-3.09287,0.250013,4.23737)
subcontact = (-2.94805,1.17812e-05,4.0336) 3465 (-180.869,-0.021213,244.887) 20 -0.0033264 (0.000615141,7.32351e-08,-0.00085356) 166322 14613.3 0.0208331
face centroid = (-3.09393,0.250013,4.2353)
subcontact = (-2.94805,0.500012,4.03359) 6929.48 (-361.74,-0.0424226,489.781) 19 -0.00332615 (0.000615145,7.32293e-08,-0.00085357) 166310 14613.4 0.0416661
face centroid = (-3.09393,0.250013,4.2353)
subcontact = (-3.2377,0.500013,4.44115) 815.512 (-184.094,-0.0251095,249.343) 18 -0.000782893 (0.000626182,8.67049e-08,-0.000869037) 39145.1 14877.3 0.0208331
face centroid = (-3.09393,0.250013,4.2353)
subcontact = (-3.2377,1.34779e-05,4.44115) 1631.54 (-368.188,-0.0502224,498.68) 17 -0.00078314 (0.000626177,8.67107e-08,-0.000869027) 39157.4 14877.2 0.0416661
face centroid = (-3.09393,0.250013,4.2353)
contact = 15 7 15 14 (-3.71231,0.25,3.71231) (0.707107,0,0.707107)
contact = 16 1 16 15 (-4.06415,2.09942e-06,2.94115) (0.596206,6.50739e-06,0.802831)
subcontact = (-4.46712,2.80929e-06,3.23716) 0 (0,0,0) 16 0.00326511 (0.000321621,8.44449e-07,-0.000235125) 0 0 0.0208333
face centroid = (-4.26618,0.250002,3.08914)
subcontact = (-4.46712,0.500003,3.23716) 0 (0,0,0) 15 0.00326224 (0.000322127,8.4444e-07,-0.000235508) 0 0 0.0416667
face centroid = (-4.26618,0.250002,3.08914)
subcontact = (-4.06571,0.500002,2.93905) 5440.54 (-100.325,-0.0569711,72.3376) 14 -0.00522294 (0.000344891,1.96945e-07,-0.000252384) 261146 5936.83 0.0208333
face centroid = (-4.26618,0.250002,3.08914)
subcontact = (-4.0657,2.08244e-06,2.93906) 10875.1 (-200.358,-0.113947,144.451) 13 -0.00522006 (0.000344385,1.96954e-07,-0.000252001) 261002 5928.03 0.0416667
face centroid = (-4.26618,0.250002,3.08914)
subcontact = (-4.06297,1.88542e-06,2.94352) 5429.21 (-100.17,-0.0573446,72.219) 12 -0.00521211 (0.000344359,1.98244e-07,-0.000251982) 260640 5928.34 0.0208303
face centroid = (-4.26641,0.250002,3.08811)
subcontact = (-4.06297,0.500002,2.94352) 10864.4 (-200.631,-0.114684,144.662) 11 -0.00521498 (0.000344865,1.98234e-07,-0.000252364) 260783 5937.15 0.0416607
face centroid = (-4.26641,0.250002,3.08811)
subcontact = (-4.46939,0.500002,3.23477) 0 (0,0,0) 10 0.00326982 (0.000322103,8.4557e-07,-0.00023549) 0 0 0.0208303
face centroid = (-4.26641,0.250002,3.08811)
subcontact = (-4.46939,1.96664e-06,3.23477) 0 (0,0,0) 9 0.0032727 (0.000321597,8.4558e-07,-0.000235107) 0 0 0.0416607
face centroid = (-4.26641,0.250002,3.08811)
contact = 17 7 17 16 (-4.67778,0.25,2.38345) (0.45399,0,0.891007)
contact = 18 7 18 17 (-4.99305,0.25,1.62234) (0.309017,0,0.951057)
contact = 19 1 19 18 (-5.18752,0.25,0.819077) (0.156434,0,0.987688)
subcontact = (-5.43659,-1.22269e-08,0.855981) 5241.37 (1015.69,0.00346596,-163.541) 8 -0.00503172 (-0.00351093,-1.19802e-08,0.000560695) 251591 49381.9 0.0208329
face centroid = (-5.18536,0.25,0.821281)
subcontact = (-5.43659,0.5,0.855981) 10483.5 (2031.43,0.00693199,-327.09) 7 -0.0050321 (-0.00351103,-1.19803e-08,0.000560709) 251610 49383.3 0.0416658
face centroid = (-5.18536,0.25,0.821281)
subcontact = (-4.94224,0.5,0.780986) 1844.96 (1019.02,-0.0249485,-164.07) 6 -0.00177116 (-0.00352245,8.62244e-08,0.00056252) 88560.1 49543.9 0.0208329
face centroid = (-5.18536,0.25,0.821281)
subcontact = (-4.94224,8.64485e-08,0.780986) 3689.15 (2037.98,-0.0498971,-328.131) 5 -0.00177079 (-0.00352235,8.62245e-08,0.000562506) 88541.4 49542.6 0.0416658
face centroid = (-5.18536,0.25,0.821281)
subcontact = (-4.93844,0,0.782172) 1824.01 (1019.01,-0.0252572,-164.069) 4 -0.00175106 (-0.00352242,8.72851e-08,0.000562517) 87552.7 49542.6 0.0208333
face centroid = (-5.18942,0.25,0.818484)
subcontact = (-4.93844,0.5,0.782172) 3648.81 (2038.08,-0.0505144,-328.146) 3 -0.00175143 (-0.00352252,8.72849e-08,0.000562531) 87571.4 49543.9 0.0416667
face centroid = (-5.18942,0.25,0.818484)
subcontact = (-5.43229,0.5,0.86039) 5221.23 (1015.74,0.00315982,-163.549) 2 -0.00501238 (-0.0035111,-1.09242e-08,0.00056072) 250619 49383.3 0.0208333
face centroid = (-5.18942,0.25,0.818484)
subcontact = (-5.43229,0,0.86039) 10441.7 (2031.42,0.00631953,-327.089) 1 -0.00501201 (-0.003511,-1.0924e-08,0.000560706) 250600 49381.9 0.0416667
face centroid = (-5.18942,0.25,0.818484)
3dec>log off
**********************************************
* Logging ended at Wed Mar 13 16:14:47 2024
**********************************************
**********************************************
* Logging started at Wed Mar 13 16:22:48 2024
* By 3dec Version 7.00 Release 159
* 
* 
* Job Title: 
**********************************************
3dec>log-file 'Displacement_step_1_distance_0.001m.txt'
**********************************************
* Logging ended at Wed Mar 13 16:22:48 2024
**********************************************
**********************************************
* Logging started at Wed Mar 13 16:22:48 2024
* By 3dec Version 7.00 Release 159
* 
* 
* Job Title: 
**********************************************
3dec>@contacts_output
contact = 1 1 1 0 (5.31089,0.250006,0.839969) (0.149411,-4.6716e-07,-0.988775)
subcontact = (5.43229,0,0.86092) 5369.93 (1042.66,0.180052,169.219) 112 -0.00515515 (-0.00360661,-6.22271e-07,-0.000565143) 257763 50704 0.0208328
face centroid = (5.1895,0.25,0.819018)
subcontact = (5.43229,0.5,0.86092) 10740.3 (2084.58,0.360103,338.308) 111 -0.00515538 (-0.00360533,-6.22268e-07,-0.000564933) 257775 50685.9 0.0416656
face centroid = (5.1895,0.25,0.819018)
subcontact = (4.93844,0.5,0.782702) 1668.6 (1042.53,-0.198956,169.193) 110 -0.00160184 (-0.00360615,6.87562e-07,-0.000565062) 80094.7 50697.5 0.0208328
face centroid = (5.1895,0.25,0.819018)
subcontact = (4.93844,0,0.782702) 3336.71 (2085.8,-0.397911,338.516) 109 -0.00160161 (-0.00360744,6.8756e-07,-0.000565272) 80083.1 50715.6 0.0416656
face centroid = (5.1895,0.25,0.819018)
subcontact = (4.94231,-6.8593e-07,0.781666) 1689.95 (1042.9,-0.19848,169.258) 108 -0.00162236 (-0.00360744,6.85929e-07,-0.000565272) 81117.7 50714.4 0.0208333
face centroid = (5.18536,0.25,0.821811)
subcontact = (4.9423,0.499999,0.781665) 3380.36 (2085.06,-0.396961,338.386) 107 -0.00162258 (-0.00360615,6.85931e-07,-0.000565062) 81128.6 50696.3 0.0416667
face centroid = (5.18536,0.25,0.821811)
subcontact = (5.43669,0.500001,0.856371) 5391.81 (1042.29,0.180515,169.154) 106 -0.00517614 (-0.00360532,-6.23879e-07,-0.000564932) 258807 50684.7 0.0208333
face centroid = (5.18536,0.25,0.821811)
subcontact = (5.43669,6.23882e-07,0.856371) 10783.2 (2085.33,0.361031,338.439) 105 -0.00517592 (-0.00360661,-6.23881e-07,-0.000565143) 258796 50702.8 0.0416667
face centroid = (5.18536,0.25,0.821811)
contact = 2 7 2 1 (4.99305,0.25,1.62234) (0.309017,0,-0.951057)
contact = 3 7 3 2 (4.67778,0.25,2.38345) (0.45399,0,-0.891007)
contact = 4 1 4 3 (4.26757,0.250009,3.09013) (0.590624,-0.00170896,-0.806945)
subcontact = (4.47089,2.19985e-07,3.23572) 110.865 (-31.9119,2.21217,-22.1569) 104 -0.000106405 (0.00010929,-7.64527e-06,7.79263e-05) 5321.82 1867.91 0.0208321
face centroid = (4.26901,0.250015,3.08803)
subcontact = (4.47089,0.5,3.23572) 221.37 (-58.6012,4.42418,-40.4913) 103 -0.000106232 (0.000100265,-7.64499e-06,7.13209e-05) 5313.18 1712.9 0.0416643
face centroid = (4.26901,0.250015,3.08803)
subcontact = (4.0643,0.499999,2.94471) 5313.82 (-34.3943,7.03949,-23.9919) 102 -0.00510131 (0.000117876,-2.43288e-05,8.42597e-05) 255078 2041.18 0.0208321
face centroid = (4.26901,0.250015,3.08803)
subcontact = (4.0643,-1.05311e-06,2.94471) 10628 (-74.0112,14.0791,-51.8063) 101 -0.00510149 (0.000126901,-2.43291e-05,9.08651e-05) 255087 2194.49 0.0416643
face centroid = (4.26901,0.250015,3.08803)
subcontact = (4.06718,1.95905e-05,2.9405) 5318.18 (-37.0063,7.04385,-25.9037) 100 -0.00510546 (0.000126913,-2.43436e-05,9.08737e-05) 255273 2194.44 0.0208333
face centroid = (4.26759,0.25,3.09022)
subcontact = (4.06719,0.50002,2.94051) 10635.9 (-68.7898,14.0874,-47.9847) 99 -0.00510525 (0.000117888,-2.43431e-05,8.4268e-05) 255262 2041.14 0.0416666
face centroid = (4.26759,0.25,3.09022)
subcontact = (4.47085,0.50001,3.23556) 114.69 (-29.3009,2.21614,-20.2458) 98 -0.000110102 (0.000100276,-7.65898e-06,7.13289e-05) 5505.14 1712.83 0.0208333
face centroid = (4.26759,0.25,3.09022)
subcontact = (4.47084,9.67596e-06,3.23556) 229.833 (-63.8246,4.43254,-44.3144) 97 -0.000110319 (0.000109301,-7.65945e-06,7.79345e-05) 5516.01 1867.84 0.0416666
face centroid = (4.26759,0.25,3.09022)
contact = 5 1 5 4 (3.90637,1.28194e-05,3.89089) (0.71499,-1.07237e-06,-0.699135)
subcontact = (3.90844,1.00416e-05,3.89021) 243.533 (-117.041,0.527993,-116.392) 96 -0.000233778 (0.00066822,-2.77045e-06,0.000673255) 11690 7923.32 0.0208326
face centroid = (3.73316,0.250015,3.71061)
subcontact = (3.90845,0.50001,3.89021) 485.948 (-233.237,1.05167,-231.982) 95 -0.000233242 (0.000671472,-2.77051e-06,0.000676569) 11663.2 7895.37 0.0416652
face centroid = (3.73316,0.250015,3.71061)
subcontact = (3.55592,0.50002,3.53564) 4580.54 (-195.584,-0.545162,-194.189) 94 -0.00439735 (0.000670966,1.88406e-06,0.000676108) 219874 13229.9 0.0208326
face centroid = (3.73316,0.250015,3.71061)
subcontact = (3.55591,1.99228e-05,3.53564) 9162.2 (-389.282,-1.09036,-386.465) 93 -0.00439788 (0.000667713,1.88412e-06,0.000672795) 219900 13165.4 0.0416652
face centroid = (3.73316,0.250015,3.71061)
subcontact = (3.55837,1.80495e-05,3.53186) 4587.22 (-194.642,-0.54718,-193.234) 92 -0.00440374 (0.000667714,1.891e-06,0.000672796) 220187 13165.1 0.0208333
face centroid = (3.73218,0.250015,3.71292)
subcontact = (3.55837,0.500018,3.53187) 9173.35 (-391.17,-1.09433,-388.382) 91 -0.00440321 (0.000670967,1.89096e-06,0.000676109) 220160 13229.5 0.0416667
face centroid = (3.73218,0.250015,3.71292)
subcontact = (3.90794,0.500013,3.88936) 249.033 (-119.655,0.531199,-118.992) 90 -0.000239073 (0.000671473,-2.76372e-06,0.00067657) 11953.6 8100.01 0.0208333
face centroid = (3.73218,0.250015,3.71292)
subcontact = (3.90794,1.2817e-05,3.88936) 499.163 (-240.144,1.06674,-238.774) 89 -0.000239599 (0.000668221,-2.76368e-06,0.000673256) 11979.9 8127.58 0.0416667
face centroid = (3.73218,0.250015,3.71292)
contact = 6 1 6 5 (3.24414,1.49943e-05,4.44206) (0.818391,-1.68971e-06,-0.574662)
subcontact = (3.24543,1.44483e-05,4.44247) 856.811 (-181.073,0.1644,-246.463) 88 -0.00082254 (0.000616632,-5.68338e-07,0.000858446) 41127.4 14680 0.0208331
face centroid = (3.10181,0.250017,4.23652)
subcontact = (3.24543,0.500014,4.44247) 1712.53 (-362.533,0.328798,-493.444) 87 -0.000822016 (0.000617286,-5.68336e-07,0.000859351) 41101.2 14695.5 0.0416662
face centroid = (3.10181,0.250017,4.23652)
subcontact = (2.95609,0.50002,4.0347) 3416.52 (-179.971,-0.178609,-244.918) 86 -0.00327987 (0.000612843,6.17104e-07,0.000853093) 163995 14588.9 0.0208331
face centroid = (3.10181,0.250017,4.23652)
subcontact = (2.95609,1.95325e-05,4.03469) 6834.13 (-359.556,-0.357217,-489.318) 85 -0.00328039 (0.000612188,6.17102e-07,0.000852189) 164021 14573.4 0.0416662
face centroid = (3.10181,0.250017,4.23652)
subcontact = (2.95815,1.89594e-05,4.03192) 3421.76 (-179.775,-0.178923,-244.656) 84 -0.0032849 (0.00061218,6.18198e-07,0.000852177) 164245 14573 0.0208333
face centroid = (3.10076,0.250017,4.23858)
subcontact = (2.95815,0.500019,4.03192) 6842.44 (-359.937,-0.357846,-489.829) 83 -0.00328438 (0.000612834,6.182e-07,0.000853081) 164219 14588.5 0.0416667
face centroid = (3.10076,0.250017,4.23858)
subcontact = (3.24548,0.500015,4.44112) 860.969 (-181.264,0.164085,-246.718) 82 -0.00082653 (0.000617278,-5.6724e-07,0.000859339) 41326.5 14695.1 0.0208333
face centroid = (3.10076,0.250017,4.23858)
subcontact = (3.24548,1.49915e-05,4.44112) 1723.02 (-362.141,0.328171,-492.919) 81 -0.000827049 (0.000616623,-5.67242e-07,0.000858434) 41352.4 14679.6 0.0416667
face centroid = (3.10076,0.250017,4.23858)
contact = 7 1 7 6 (2.39302,0.250019,4.65475) (0.898631,1.77649e-06,-0.438705)
subcontact = (2.50243,1.69827e-05,4.88013) 1656.09 (-138.986,0.130244,-270.028) 80 -0.00158985 (0.000470428,-4.50125e-07,0.000938265) 79492.4 14577.5 0.0208333
face centroid = (2.39371,0.250019,4.65381)
subcontact = (2.50243,0.500017,4.88014) 3311.01 (-278.24,0.260489,-540.569) 79 -0.00158929 (0.000470878,-4.50127e-07,0.000939158) 79464.4 14591.4 0.0416666
face centroid = (2.39371,0.250019,4.65381)
subcontact = (2.28265,0.500021,4.43103) 2146.64 (-140.041,-0.15851,-272.062) 78 -0.00206078 (0.000473988,5.47814e-07,0.00094534) 103039 14687.5 0.0208333
face centroid = (2.39371,0.250019,4.65381)
subcontact = (2.28265,2.07696e-05,4.43103) 4294.45 (-279.815,-0.317021,-543.612) 77 -0.00206134 (0.000473538,5.47816e-07,0.000944447) 103067 14673.6 0.0416666
face centroid = (2.39371,0.250019,4.65381)
subcontact = (2.28403,2.02247e-05,4.42915) 2149.26 (-139.908,-0.158757,-271.808) 76 -0.0020633 (0.000473541,5.48664e-07,0.000944453) 103165 14673.7 0.0208333
face centroid = (2.39254,0.250019,4.65558)
subcontact = (2.28403,0.50002,4.42915) 4297.37 (-280.084,-0.317512,-544.129) 75 -0.00206274 (0.000473991,5.48661e-07,0.000945346) 103137 14687.6 0.0416667
face centroid = (2.39254,0.250019,4.65558)
subcontact = (2.50339,0.500017,4.87847) 1657.55 (-139.121,0.13,-270.286) 74 -0.00159125 (0.000470881,-4.49283e-07,0.000939163) 79562.3 14591.5 0.0208333
face centroid = (2.39254,0.250019,4.65558)
subcontact = (2.50338,1.74345e-05,4.87846) 3316.26 (-277.974,0.26,-540.059) 73 -0.00159181 (0.000470431,-4.4928e-07,0.000938271) 79590.2 14577.6 0.0416667
face centroid = (2.39254,0.250019,4.65558)
contact = 8 1 8 7 (1.62767,0.250021,4.95548) (0.955417,2.48082e-07,-0.295259)
subcontact = (1.70051,1.93548e-05,5.19508) 2406.52 (-73.7684,0.108024,-224.834) 72 -0.00231026 (0.000248204,-3.73335e-07,0.000779185) 115513 11358.1 0.0208333
face centroid = (1.62865,0.250021,4.95473)
subcontact = (1.70051,0.500019,5.19508) 4811.82 (-147.689,0.216049,-450.124) 71 -0.00230968 (0.000248458,-3.73338e-07,0.000779977) 115484 11369.6 0.0416665
face centroid = (1.62865,0.250021,4.95473)
subcontact = (1.55414,0.500022,4.71699) 1036.69 (-75.8628,-0.130477,-231.248) 70 -0.000995228 (0.000255267,4.50925e-07,0.000801411) 49761.5 11682 0.0208333
face centroid = (1.62865,0.250021,4.95473)
subcontact = (1.55414,2.19704e-05,4.71698) 2074.61 (-151.574,-0.260955,-462.04) 69 -0.000995814 (0.000255013,4.50928e-07,0.000800619) 49790.8 11670.5 0.0416665
face centroid = (1.62865,0.250021,4.95473)
subcontact = (1.55484,2.15196e-05,4.71588) 1037.29 (-75.7892,-0.130634,-231.027) 68 -0.000995798 (0.000255019,4.51461e-07,0.000800641) 49789.9 11670.8 0.0208333
face centroid = (1.62733,0.250021,4.95603)
subcontact = (1.55484,0.500022,4.71588) 2073.36 (-151.73,-0.261266,-462.511) 67 -0.000995212 (0.000255273,4.51459e-07,0.000801433) 49760.6 11682.3 0.0416667
face centroid = (1.62733,0.250021,4.95603)
subcontact = (1.70247,0.50002,5.19359) 2405.9 (-73.8465,0.10787,-225.069) 66 -0.00230966 (0.000248465,-3.72807e-07,0.000779998) 115483 11370 0.0208333
face centroid = (1.62733,0.250021,4.95603)
subcontact = (1.70246,1.9728e-05,5.19359) 4813.02 (-147.541,0.215739,-449.681) 65 -0.00231025 (0.000248211,-3.72805e-07,0.000779206) 115512 11358.4 0.0416667
face centroid = (1.62733,0.250021,4.95603)
contact = 9 1 9 8 (0.824996,0.250022,5.13518) (0.989024,3.17513e-07,-0.147753)
subcontact = (0.860439,2.12229e-05,5.38292) 2936.15 (-22.6916,0.156967,-140.283) 64 -0.00281872 (7.54937e-05,-5.42486e-07,0.000485277) 140938 6821.23 0.020833
face centroid = (0.826351,0.250022,5.13472)
subcontact = (0.86044,0.500021,5.38292) 5871.05 (-45.5102,0.313937,-281.342) 63 -0.00281811 (7.57038e-05,-5.42493e-07,0.000486619) 140907 6840.1 0.041666
face centroid = (0.826351,0.250022,5.13472)
subcontact = (0.789362,0.500023,4.888) 281.433 (-19.0556,-0.179574,-118.541) 62 -0.000270172 (8.02642e-05,8.06843e-07,0.000516088) 13509 5763.12 0.020833
face centroid = (0.826351,0.250022,5.13472)
subcontact = (0.789361,2.28785e-05,4.888) 564.119 (-38.1579,-0.360496,-237.358) 61 -0.000270774 (8.00541e-05,8.0685e-07,0.000514746) 13539.1 5769.82 0.041666
face centroid = (0.826351,0.250022,5.13472)
subcontact = (0.789552,2.20699e-05,4.88744) 281.584 (-18.9998,-0.179757,-118.2) 60 -0.00027032 (8.00569e-05,8.07469e-07,0.000514764) 13516.1 5746.45 0.0208333
face centroid = (0.824901,0.250022,5.13546)
subcontact = (0.789552,0.500022,4.88744) 561.915 (-37.9526,-0.358151,-236.123) 59 -0.000269718 (8.0267e-05,8.07464e-07,0.000516107) 13486 5739.7 0.0416667
face centroid = (0.824901,0.250022,5.13546)
subcontact = (0.863151,0.500022,5.382) 2935.07 (-22.7562,0.156796,-140.678) 58 -0.00281767 (7.57066e-05,-5.41885e-07,0.000486637) 140884 6840.32 0.0208333
face centroid = (0.824901,0.250022,5.13546)
subcontact = (0.863151,2.17638e-05,5.382) 5871.4 (-45.3853,0.313589,-280.58) 57 -0.00281827 (7.54965e-05,-5.4188e-07,0.000485295) 140914 6821.45 0.0416667
face centroid = (0.824901,0.250022,5.13546)
contact = 10 1 10 9 (0.00309456,0.250022,5.3167) (0.999989,9.17784e-08,-0.00462899)
subcontact = (0.00216583,2.24747e-05,5.44167) 3139.07 (-0.106568,-0.0221715,19.1949) 56 -0.00301352 (3.06497e-08,7.66272e-08,-6.63297e-05) 150690 921.458 0.0208313
face centroid = (0.00292045,0.250021,5.19174)
subcontact = (0.00216626,0.500022,5.44167) 6277.44 (-0.215627,-0.0443368,37.141) 55 -0.00301318 (3.77964e-08,7.66165e-08,-6.41718e-05) 150673 891.486 0.0416626
face centroid = (0.00292045,0.250021,5.19174)
subcontact = (0.00683888,0.500023,4.94169) 0 (0,0,0) 54 0.0061793 (1.88828e-07,2.22796e-06,-3.11358e-05) 0 0 0.0208313
face centroid = (0.00292045,0.250021,5.19174)
subcontact = (0.00683845,2.27161e-05,4.94169) 0 (0,0,0) 53 0.00617896 (1.81681e-07,2.22797e-06,-3.32937e-05) 0 0 0.0416626
face centroid = (0.00292045,0.250021,5.19174)
subcontact = (0.000660376,2.04884e-05,4.94175) 0 (0,0,0) 52 0.00617677 (1.8164e-07,2.22717e-06,-3.33029e-05) 0 0 0.0208331
face centroid = (0.00450235,0.250023,5.19168)
subcontact = (0.000660447,0.50002,4.94175) 0 (0,0,0) 51 0.00617714 (1.88787e-07,2.22717e-06,-3.11449e-05) 0 0 0.0416663
face centroid = (0.00450235,0.250023,5.19168)
subcontact = (0.00518052,0.500022,5.44173) 3141.31 (-0.10781,-0.0219331,18.5717) 50 -0.00301566 (3.77479e-08,7.58002e-08,-6.41827e-05) 150784 891.467 0.0208331
face centroid = (0.00450235,0.250023,5.19168)
subcontact = (0.00518045,2.23982e-05,5.44173) 6283.38 (-0.213129,-0.0438698,38.3923) 49 -0.00301603 (3.06005e-08,7.58066e-08,-6.63407e-05) 150803 921.439 0.0416663
face centroid = (0.00450235,0.250023,5.19168)
contact = 11 1 11 10 (-0.818808,0.250021,5.13481) (0.989816,1.39674e-07,0.142351)
subcontact = (-0.855786,2.22906e-05,5.3818) 2923.38 (-23.0404,0.0399993,139.062) 48 -0.00280645 (7.44913e-05,-1.38235e-07,-0.00048142) 140324 6766.05 0.0208331
face centroid = (-0.817457,0.250021,5.13526)
subcontact = (-0.855786,0.500022,5.3818) 5845.6 (-46.0486,0.0799986,277.924) 47 -0.00280589 (7.44386e-05,-1.38235e-07,-0.000481075) 140296 6761.19 0.0416661
face centroid = (-0.817457,0.250021,5.13526)
subcontact = (-0.782036,0.50002,4.88726) 295.595 (-24.0529,-0.0622738,145.464) 46 -0.000283769 (7.78356e-05,2.15224e-07,-0.000503572) 14188.7 7077.19 0.0208331
face centroid = (-0.817457,0.250021,5.13526)
subcontact = (-0.782036,2.03906e-05,4.88727) 592.353 (-48.1381,-0.124548,291.128) 45 -0.000284327 (7.78883e-05,2.15224e-07,-0.000503917) 14216.7 7082.04 0.0416661
face centroid = (-0.817457,0.250021,5.13526)
subcontact = (-0.78183,2.01782e-05,4.88782) 297.144 (-24.0683,-0.0622192,145.559) 44 -0.000285257 (7.78858e-05,2.15032e-07,-0.0005039) 14262.9 7081.7 0.0208333
face centroid = (-0.818911,0.250021,5.13453)
subcontact = (-0.78183,0.50002,4.88782) 593.124 (-48.1043,-0.124438,290.918) 43 -0.000284698 (7.78331e-05,2.15032e-07,-0.000503555) 14235 7076.85 0.0416667
face centroid = (-0.818911,0.250021,5.13453)
subcontact = (-0.853084,0.500022,5.38271) 2923.76 (-23.0235,0.0400561,138.957) 42 -0.00280682 (7.44361e-05,-1.38431e-07,-0.000481058) 140341 6760.86 0.0208333
face centroid = (-0.818911,0.250021,5.13453)
subcontact = (-0.853084,2.24314e-05,5.38271) 5848.69 (-46.0793,0.0801121,278.113) 41 -0.00280738 (7.44888e-05,-1.38431e-07,-0.000481403) 140369 6765.71 0.0416667
face centroid = (-0.818911,0.250021,5.13453)
contact = 12 1 12 11 (-1.62079,0.25002,4.95482) (0.956188,5.51323e-07,0.292752)
subcontact = (-1.69504,2.08165e-05,5.19308) 2383.05 (-77.478,0.0179498,233.873) 40 -0.00228773 (0.000258534,-6.20264e-08,-0.000811269) 114387 11825.9 0.0208332
face centroid = (-1.61982,0.25002,4.95558)
subcontact = (-1.69504,0.500021,5.19308) 4765.08 (-154.919,0.0358994,467.636) 39 -0.00228724 (0.000258473,-6.2026e-08,-0.000811078) 114362 11823.1 0.0416665
face centroid = (-1.61982,0.25002,4.95558)
subcontact = (-1.54725,0.500019,4.71542) 1063.87 (-78.9156,-0.0416664,238.294) 38 -0.00102132 (0.00026337,1.44011e-07,-0.000826593) 51066.2 12049.1 0.0208332
face centroid = (-1.61982,0.25002,4.95558)
subcontact = (-1.54725,1.87101e-05,4.71542) 2128.77 (-157.868,-0.0833326,476.699) 37 -0.00102181 (0.000263432,1.4401e-07,-0.000826784) 51090.6 12051.9 0.0416665
face centroid = (-1.61982,0.25002,4.95558)
subcontact = (-1.54653,1.85705e-05,4.71657) 1064.95 (-78.9322,-0.0416217,238.344) 36 -0.00102236 (0.000263426,1.43854e-07,-0.000826766) 51117.8 12051.6 0.0208333
face centroid = (-1.62114,0.25002,4.95425)
subcontact = (-1.54653,0.500019,4.71656) 2128.89 (-157.828,-0.0832435,476.578) 35 -0.00102187 (0.000263365,1.43854e-07,-0.000826575) 51093.3 12048.8 0.0416667
face centroid = (-1.62114,0.25002,4.95425)
subcontact = (-1.69312,0.500021,5.19459) 2383.11 (-77.4579,0.0179952,233.812) 34 -0.00228779 (0.000258467,-6.2184e-08,-0.00081106) 114389 11822.8 0.0208333
face centroid = (-1.62114,0.25002,4.95425)
subcontact = (-1.69312,2.0883e-05,5.1946) 4767.23 (-154.952,0.0359906,467.735) 33 -0.00228828 (0.000258528,-6.21843e-08,-0.000811252) 114414 11825.6 0.0416667
face centroid = (-1.62114,0.25002,4.95425)
contact = 13 1 13 12 (-2.3856,0.250017,4.65384) (0.897958,1.50823e-06,0.440081)
subcontact = (-2.49585,1.78381e-05,4.87761) 1623.16 (-139.563,-0.0034652,272.179) 32 -0.00155824 (0.000473793,1.19983e-08,-0.000944988) 77911.9 14682 0.0208333
face centroid = (-2.3849,0.250017,4.65478)
subcontact = (-2.49585,0.500018,4.87761) 3245.53 (-279.107,-0.00693081,544.322) 31 -0.00155786 (0.000473761,1.1999e-08,-0.000944925) 77892.9 14681 0.0416666
face centroid = (-2.3849,0.250017,4.65478)
subcontact = (-2.27629,0.500016,4.4284) 2185.97 (-139.53,-0.0240613,272.084) 30 -0.00209854 (0.00047366,8.31771e-08,-0.00094467) 104927 14677.2 0.0208333
face centroid = (-2.3849,0.250017,4.65478)
subcontact = (-2.27629,1.58024e-05,4.4284) 4372.74 (-279.079,-0.0481222,544.205) 29 -0.00209892 (0.000473692,8.31764e-08,-0.000944734) 104946 14678.2 0.0416666
face centroid = (-2.3849,0.250017,4.65478)
subcontact = (-2.27488,1.57239e-05,4.4303) 2184.93 (-139.54,-0.024059,272.104) 28 -0.00209754 (0.000473694,8.31697e-08,-0.000944738) 104877 14678.3 0.0208333
face centroid = (-2.38607,0.250017,4.65301)
subcontact = (-2.27488,0.500016,4.43029) 4369.07 (-279.061,-0.0481182,544.171) 27 -0.00209716 (0.000473662,8.317e-08,-0.000944675) 104858 14677.3 0.0416667
face centroid = (-2.38607,0.250017,4.65301)
subcontact = (-2.49493,0.500018,4.87927) 1621.32 (-139.554,-0.00346363,272.162) 26 -0.00155647 (0.000473763,1.19926e-08,-0.000944929) 77823.5 14681.1 0.0208333
face centroid = (-2.38607,0.250017,4.65301)
subcontact = (-2.49493,1.78308e-05,4.87927) 3243.44 (-279.127,-0.00692704,544.361) 25 -0.00155686 (0.000473795,1.19922e-08,-0.000944992) 77842.6 14682.1 0.0416667
face centroid = (-2.38607,0.250017,4.65301)
contact = 14 1 14 13 (-3.23698,0.500013,4.44166) (0.81805,5.72234e-06,0.575147)
subcontact = (-3.23771,1.3563e-05,4.43981) 819.869 (-184.088,-0.0250919,249.332) 24 -0.000787072 (0.000626157,8.66439e-08,-0.000868999) 39353.7 14876.5 0.0208333
face centroid = (-3.09287,0.250013,4.23737)
subcontact = (-3.23771,0.500014,4.43981) 1639.22 (-368.177,-0.0501808,498.67) 23 -0.000786825 (0.000626161,8.66386e-08,-0.000869009) 39341.3 14876.6 0.0416667
face centroid = (-3.09287,0.250013,4.23737)
subcontact = (-2.95014,0.500012,4.03079) 3468.82 (-180.864,-0.0211885,244.882) 22 -0.00333008 (0.000615125,7.31568e-08,-0.000853542) 166503 14612.7 0.0208333
face centroid = (-3.09287,0.250013,4.23737)
subcontact = (-2.95014,1.18441e-05,4.03079) 6938.15 (-361.726,-0.0423801,489.758) 21 -0.00333032 (0.000615121,7.31621e-08,-0.000853532) 166516 14612.6 0.0416667
face centroid = (-3.09287,0.250013,4.23737)
subcontact = (-2.94805,1.17812e-05,4.0336) 3465 (-180.869,-0.021213,244.887) 20 -0.0033264 (0.000615141,7.32351e-08,-0.00085356) 166322 14613.3 0.0208331
face centroid = (-3.09393,0.250013,4.2353)
subcontact = (-2.94805,0.500012,4.03359) 6929.48 (-361.74,-0.0424226,489.781) 19 -0.00332615 (0.000615145,7.32293e-08,-0.00085357) 166310 14613.4 0.0416661
face centroid = (-3.09393,0.250013,4.2353)
subcontact = (-3.2377,0.500013,4.44115) 815.512 (-184.094,-0.0251095,249.343) 18 -0.000782893 (0.000626182,8.67049e-08,-0.000869037) 39145.1 14877.3 0.0208331
face centroid = (-3.09393,0.250013,4.2353)
subcontact = (-3.2377,1.34779e-05,4.44115) 1631.54 (-368.188,-0.0502224,498.68) 17 -0.00078314 (0.000626177,8.67107e-08,-0.000869027) 39157.4 14877.2 0.0416661
face centroid = (-3.09393,0.250013,4.2353)
contact = 15 7 15 14 (-3.71231,0.25,3.71231) (0.707107,0,0.707107)
contact = 16 1 16 15 (-4.06415,2.09942e-06,2.94115) (0.596206,6.50739e-06,0.802831)
subcontact = (-4.46712,2.80929e-06,3.23716) 0 (0,0,0) 16 0.00326511 (0.000321621,8.44449e-07,-0.000235125) 0 0 0.0208333
face centroid = (-4.26618,0.250002,3.08914)
subcontact = (-4.46712,0.500003,3.23716) 0 (0,0,0) 15 0.00326224 (0.000322127,8.4444e-07,-0.000235508) 0 0 0.0416667
face centroid = (-4.26618,0.250002,3.08914)
subcontact = (-4.06571,0.500002,2.93905) 5440.54 (-100.325,-0.0569711,72.3376) 14 -0.00522294 (0.000344891,1.96945e-07,-0.000252384) 261146 5936.83 0.0208333
face centroid = (-4.26618,0.250002,3.08914)
subcontact = (-4.0657,2.08244e-06,2.93906) 10875.1 (-200.358,-0.113947,144.451) 13 -0.00522006 (0.000344385,1.96954e-07,-0.000252001) 261002 5928.03 0.0416667
face centroid = (-4.26618,0.250002,3.08914)
subcontact = (-4.06297,1.88542e-06,2.94352) 5429.21 (-100.17,-0.0573446,72.219) 12 -0.00521211 (0.000344359,1.98244e-07,-0.000251982) 260640 5928.34 0.0208303
face centroid = (-4.26641,0.250002,3.08811)
subcontact = (-4.06297,0.500002,2.94352) 10864.4 (-200.631,-0.114684,144.662) 11 -0.00521498 (0.000344865,1.98234e-07,-0.000252364) 260783 5937.15 0.0416607
face centroid = (-4.26641,0.250002,3.08811)
subcontact = (-4.46939,0.500002,3.23477) 0 (0,0,0) 10 0.00326982 (0.000322103,8.4557e-07,-0.00023549) 0 0 0.0208303
face centroid = (-4.26641,0.250002,3.08811)
subcontact = (-4.46939,1.96664e-06,3.23477) 0 (0,0,0) 9 0.0032727 (0.000321597,8.4558e-07,-0.000235107) 0 0 0.0416607
face centroid = (-4.26641,0.250002,3.08811)
contact = 17 7 17 16 (-4.67778,0.25,2.38345) (0.45399,0,0.891007)
contact = 18 7 18 17 (-4.99305,0.25,1.62234) (0.309017,0,0.951057)
contact = 19 1 19 18 (-5.18752,0.25,0.819077) (0.156434,0,0.987688)
subcontact = (-5.43659,-1.22269e-08,0.855981) 5241.37 (1015.69,0.00346596,-163.541) 8 -0.00503172 (-0.00351093,-1.19802e-08,0.000560695) 251591 49381.9 0.0208329
face centroid = (-5.18536,0.25,0.821281)
subcontact = (-5.43659,0.5,0.855981) 10483.5 (2031.43,0.00693199,-327.09) 7 -0.0050321 (-0.00351103,-1.19803e-08,0.000560709) 251610 49383.3 0.0416658
face centroid = (-5.18536,0.25,0.821281)
subcontact = (-4.94224,0.5,0.780986) 1844.96 (1019.02,-0.0249485,-164.07) 6 -0.00177116 (-0.00352245,8.62244e-08,0.00056252) 88560.1 49543.9 0.0208329
face centroid = (-5.18536,0.25,0.821281)
subcontact = (-4.94224,8.64485e-08,0.780986) 3689.15 (2037.98,-0.0498971,-328.131) 5 -0.00177079 (-0.00352235,8.62245e-08,0.000562506) 88541.4 49542.6 0.0416658
face centroid = (-5.18536,0.25,0.821281)
subcontact = (-4.93844,0,0.782172) 1824.01 (1019.01,-0.0252572,-164.069) 4 -0.00175106 (-0.00352242,8.72851e-08,0.000562517) 87552.7 49542.6 0.0208333
face centroid = (-5.18942,0.25,0.818484)
subcontact = (-4.93844,0.5,0.782172) 3648.81 (2038.08,-0.0505144,-328.146) 3 -0.00175143 (-0.00352252,8.72849e-08,0.000562531) 87571.4 49543.9 0.0416667
face centroid = (-5.18942,0.25,0.818484)
subcontact = (-5.43229,0.5,0.86039) 5221.23 (1015.74,0.00315982,-163.549) 2 -0.00501238 (-0.0035111,-1.09242e-08,0.00056072) 250619 49383.3 0.0208333
face centroid = (-5.18942,0.25,0.818484)
subcontact = (-5.43229,0,0.86039) 10441.7 (2031.42,0.00631953,-327.089) 1 -0.00501201 (-0.003511,-1.0924e-08,0.000560706) 250600 49381.9 0.0416667
face centroid = (-5.18942,0.25,0.818484)
3dec>log off
**********************************************
* Logging ended at Wed Mar 13 16:22:49 2024
**********************************************
**********************************************
* Logging started at Wed Mar 13 16:23:01 2024
* By 3dec Version 7.00 Release 159
* 
* 
* Job Title: 
**********************************************
3dec>log-file 'Displacement_step_1_distance_0.001m.txt'
**********************************************
* Logging ended at Wed Mar 13 16:23:01 2024
**********************************************
**********************************************
* Logging started at Wed Mar 13 16:23:02 2024
* By 3dec Version 7.00 Release 159
* 
* 
* Job Title: 
**********************************************
3dec>@contacts_output
contact = 1 1 1 0 (5.31089,0.250006,0.839969) (0.149411,-4.6716e-07,-0.988775)
subcontact = (5.43229,0,0.86092) 5369.93 (1042.66,0.180052,169.219) 112 -0.00515515 (-0.00360661,-6.22271e-07,-0.000565143) 257763 50704 0.0208328
face centroid = (5.1895,0.25,0.819018)
subcontact = (5.43229,0.5,0.86092) 10740.3 (2084.58,0.360103,338.308) 111 -0.00515538 (-0.00360533,-6.22268e-07,-0.000564933) 257775 50685.9 0.0416656
face centroid = (5.1895,0.25,0.819018)
subcontact = (4.93844,0.5,0.782702) 1668.6 (1042.53,-0.198956,169.193) 110 -0.00160184 (-0.00360615,6.87562e-07,-0.000565062) 80094.7 50697.5 0.0208328
face centroid = (5.1895,0.25,0.819018)
subcontact = (4.93844,0,0.782702) 3336.71 (2085.8,-0.397911,338.516) 109 -0.00160161 (-0.00360744,6.8756e-07,-0.000565272) 80083.1 50715.6 0.0416656
face centroid = (5.1895,0.25,0.819018)
subcontact = (4.94231,-6.8593e-07,0.781666) 1689.95 (1042.9,-0.19848,169.258) 108 -0.00162236 (-0.00360744,6.85929e-07,-0.000565272) 81117.7 50714.4 0.0208333
face centroid = (5.18536,0.25,0.821811)
subcontact = (4.9423,0.499999,0.781665) 3380.36 (2085.06,-0.396961,338.386) 107 -0.00162258 (-0.00360615,6.85931e-07,-0.000565062) 81128.6 50696.3 0.0416667
face centroid = (5.18536,0.25,0.821811)
subcontact = (5.43669,0.500001,0.856371) 5391.81 (1042.29,0.180515,169.154) 106 -0.00517614 (-0.00360532,-6.23879e-07,-0.000564932) 258807 50684.7 0.0208333
face centroid = (5.18536,0.25,0.821811)
subcontact = (5.43669,6.23882e-07,0.856371) 10783.2 (2085.33,0.361031,338.439) 105 -0.00517592 (-0.00360661,-6.23881e-07,-0.000565143) 258796 50702.8 0.0416667
face centroid = (5.18536,0.25,0.821811)
contact = 2 7 2 1 (4.99305,0.25,1.62234) (0.309017,0,-0.951057)
contact = 3 7 3 2 (4.67778,0.25,2.38345) (0.45399,0,-0.891007)
contact = 4 1 4 3 (4.26757,0.250009,3.09013) (0.590624,-0.00170896,-0.806945)
subcontact = (4.47089,2.19985e-07,3.23572) 110.865 (-31.9119,2.21217,-22.1569) 104 -0.000106405 (0.00010929,-7.64527e-06,7.79263e-05) 5321.82 1867.91 0.0208321
face centroid = (4.26901,0.250015,3.08803)
subcontact = (4.47089,0.5,3.23572) 221.37 (-58.6012,4.42418,-40.4913) 103 -0.000106232 (0.000100265,-7.64499e-06,7.13209e-05) 5313.18 1712.9 0.0416643
face centroid = (4.26901,0.250015,3.08803)
subcontact = (4.0643,0.499999,2.94471) 5313.82 (-34.3943,7.03949,-23.9919) 102 -0.00510131 (0.000117876,-2.43288e-05,8.42597e-05) 255078 2041.18 0.0208321
face centroid = (4.26901,0.250015,3.08803)
subcontact = (4.0643,-1.05311e-06,2.94471) 10628 (-74.0112,14.0791,-51.8063) 101 -0.00510149 (0.000126901,-2.43291e-05,9.08651e-05) 255087 2194.49 0.0416643
face centroid = (4.26901,0.250015,3.08803)
subcontact = (4.06718,1.95905e-05,2.9405) 5318.18 (-37.0063,7.04385,-25.9037) 100 -0.00510546 (0.000126913,-2.43436e-05,9.08737e-05) 255273 2194.44 0.0208333
face centroid = (4.26759,0.25,3.09022)
subcontact = (4.06719,0.50002,2.94051) 10635.9 (-68.7898,14.0874,-47.9847) 99 -0.00510525 (0.000117888,-2.43431e-05,8.4268e-05) 255262 2041.14 0.0416666
face centroid = (4.26759,0.25,3.09022)
subcontact = (4.47085,0.50001,3.23556) 114.69 (-29.3009,2.21614,-20.2458) 98 -0.000110102 (0.000100276,-7.65898e-06,7.13289e-05) 5505.14 1712.83 0.0208333
face centroid = (4.26759,0.25,3.09022)
subcontact = (4.47084,9.67596e-06,3.23556) 229.833 (-63.8246,4.43254,-44.3144) 97 -0.000110319 (0.000109301,-7.65945e-06,7.79345e-05) 5516.01 1867.84 0.0416666
face centroid = (4.26759,0.25,3.09022)
contact = 5 1 5 4 (3.90637,1.28194e-05,3.89089) (0.71499,-1.07237e-06,-0.699135)
subcontact = (3.90844,1.00416e-05,3.89021) 243.533 (-117.041,0.527993,-116.392) 96 -0.000233778 (0.00066822,-2.77045e-06,0.000673255) 11690 7923.32 0.0208326
face centroid = (3.73316,0.250015,3.71061)
subcontact = (3.90845,0.50001,3.89021) 485.948 (-233.237,1.05167,-231.982) 95 -0.000233242 (0.000671472,-2.77051e-06,0.000676569) 11663.2 7895.37 0.0416652
face centroid = (3.73316,0.250015,3.71061)
subcontact = (3.55592,0.50002,3.53564) 4580.54 (-195.584,-0.545162,-194.189) 94 -0.00439735 (0.000670966,1.88406e-06,0.000676108) 219874 13229.9 0.0208326
face centroid = (3.73316,0.250015,3.71061)
subcontact = (3.55591,1.99228e-05,3.53564) 9162.2 (-389.282,-1.09036,-386.465) 93 -0.00439788 (0.000667713,1.88412e-06,0.000672795) 219900 13165.4 0.0416652
face centroid = (3.73316,0.250015,3.71061)
subcontact = (3.55837,1.80495e-05,3.53186) 4587.22 (-194.642,-0.54718,-193.234) 92 -0.00440374 (0.000667714,1.891e-06,0.000672796) 220187 13165.1 0.0208333
face centroid = (3.73218,0.250015,3.71292)
subcontact = (3.55837,0.500018,3.53187) 9173.35 (-391.17,-1.09433,-388.382) 91 -0.00440321 (0.000670967,1.89096e-06,0.000676109) 220160 13229.5 0.0416667
face centroid = (3.73218,0.250015,3.71292)
subcontact = (3.90794,0.500013,3.88936) 249.033 (-119.655,0.531199,-118.992) 90 -0.000239073 (0.000671473,-2.76372e-06,0.00067657) 11953.6 8100.01 0.0208333
face centroid = (3.73218,0.250015,3.71292)
subcontact = (3.90794,1.2817e-05,3.88936) 499.163 (-240.144,1.06674,-238.774) 89 -0.000239599 (0.000668221,-2.76368e-06,0.000673256) 11979.9 8127.58 0.0416667
face centroid = (3.73218,0.250015,3.71292)
contact = 6 1 6 5 (3.24414,1.49943e-05,4.44206) (0.818391,-1.68971e-06,-0.574662)
subcontact = (3.24543,1.44483e-05,4.44247) 856.811 (-181.073,0.1644,-246.463) 88 -0.00082254 (0.000616632,-5.68338e-07,0.000858446) 41127.4 14680 0.0208331
face centroid = (3.10181,0.250017,4.23652)
subcontact = (3.24543,0.500014,4.44247) 1712.53 (-362.533,0.328798,-493.444) 87 -0.000822016 (0.000617286,-5.68336e-07,0.000859351) 41101.2 14695.5 0.0416662
face centroid = (3.10181,0.250017,4.23652)
subcontact = (2.95609,0.50002,4.0347) 3416.52 (-179.971,-0.178609,-244.918) 86 -0.00327987 (0.000612843,6.17104e-07,0.000853093) 163995 14588.9 0.0208331
face centroid = (3.10181,0.250017,4.23652)
subcontact = (2.95609,1.95325e-05,4.03469) 6834.13 (-359.556,-0.357217,-489.318) 85 -0.00328039 (0.000612188,6.17102e-07,0.000852189) 164021 14573.4 0.0416662
face centroid = (3.10181,0.250017,4.23652)
subcontact = (2.95815,1.89594e-05,4.03192) 3421.76 (-179.775,-0.178923,-244.656) 84 -0.0032849 (0.00061218,6.18198e-07,0.000852177) 164245 14573 0.0208333
face centroid = (3.10076,0.250017,4.23858)
subcontact = (2.95815,0.500019,4.03192) 6842.44 (-359.937,-0.357846,-489.829) 83 -0.00328438 (0.000612834,6.182e-07,0.000853081) 164219 14588.5 0.0416667
face centroid = (3.10076,0.250017,4.23858)
subcontact = (3.24548,0.500015,4.44112) 860.969 (-181.264,0.164085,-246.718) 82 -0.00082653 (0.000617278,-5.6724e-07,0.000859339) 41326.5 14695.1 0.0208333
face centroid = (3.10076,0.250017,4.23858)
subcontact = (3.24548,1.49915e-05,4.44112) 1723.02 (-362.141,0.328171,-492.919) 81 -0.000827049 (0.000616623,-5.67242e-07,0.000858434) 41352.4 14679.6 0.0416667
face centroid = (3.10076,0.250017,4.23858)
contact = 7 1 7 6 (2.39302,0.250019,4.65475) (0.898631,1.77649e-06,-0.438705)
subcontact = (2.50243,1.69827e-05,4.88013) 1656.09 (-138.986,0.130244,-270.028) 80 -0.00158985 (0.000470428,-4.50125e-07,0.000938265) 79492.4 14577.5 0.0208333
face centroid = (2.39371,0.250019,4.65381)
subcontact = (2.50243,0.500017,4.88014) 3311.01 (-278.24,0.260489,-540.569) 79 -0.00158929 (0.000470878,-4.50127e-07,0.000939158) 79464.4 14591.4 0.0416666
face centroid = (2.39371,0.250019,4.65381)
subcontact = (2.28265,0.500021,4.43103) 2146.64 (-140.041,-0.15851,-272.062) 78 -0.00206078 (0.000473988,5.47814e-07,0.00094534) 103039 14687.5 0.0208333
face centroid = (2.39371,0.250019,4.65381)
subcontact = (2.28265,2.07696e-05,4.43103) 4294.45 (-279.815,-0.317021,-543.612) 77 -0.00206134 (0.000473538,5.47816e-07,0.000944447) 103067 14673.6 0.0416666
face centroid = (2.39371,0.250019,4.65381)
subcontact = (2.28403,2.02247e-05,4.42915) 2149.26 (-139.908,-0.158757,-271.808) 76 -0.0020633 (0.000473541,5.48664e-07,0.000944453) 103165 14673.7 0.0208333
face centroid = (2.39254,0.250019,4.65558)
subcontact = (2.28403,0.50002,4.42915) 4297.37 (-280.084,-0.317512,-544.129) 75 -0.00206274 (0.000473991,5.48661e-07,0.000945346) 103137 14687.6 0.0416667
face centroid = (2.39254,0.250019,4.65558)
subcontact = (2.50339,0.500017,4.87847) 1657.55 (-139.121,0.13,-270.286) 74 -0.00159125 (0.000470881,-4.49283e-07,0.000939163) 79562.3 14591.5 0.0208333
face centroid = (2.39254,0.250019,4.65558)
subcontact = (2.50338,1.74345e-05,4.87846) 3316.26 (-277.974,0.26,-540.059) 73 -0.00159181 (0.000470431,-4.4928e-07,0.000938271) 79590.2 14577.6 0.0416667
face centroid = (2.39254,0.250019,4.65558)
contact = 8 1 8 7 (1.62767,0.250021,4.95548) (0.955417,2.48082e-07,-0.295259)
subcontact = (1.70051,1.93548e-05,5.19508) 2406.52 (-73.7684,0.108024,-224.834) 72 -0.00231026 (0.000248204,-3.73335e-07,0.000779185) 115513 11358.1 0.0208333
face centroid = (1.62865,0.250021,4.95473)
subcontact = (1.70051,0.500019,5.19508) 4811.82 (-147.689,0.216049,-450.124) 71 -0.00230968 (0.000248458,-3.73338e-07,0.000779977) 115484 11369.6 0.0416665
face centroid = (1.62865,0.250021,4.95473)
subcontact = (1.55414,0.500022,4.71699) 1036.69 (-75.8628,-0.130477,-231.248) 70 -0.000995228 (0.000255267,4.50925e-07,0.000801411) 49761.5 11682 0.0208333
face centroid = (1.62865,0.250021,4.95473)
subcontact = (1.55414,2.19704e-05,4.71698) 2074.61 (-151.574,-0.260955,-462.04) 69 -0.000995814 (0.000255013,4.50928e-07,0.000800619) 49790.8 11670.5 0.0416665
face centroid = (1.62865,0.250021,4.95473)
subcontact = (1.55484,2.15196e-05,4.71588) 1037.29 (-75.7892,-0.130634,-231.027) 68 -0.000995798 (0.000255019,4.51461e-07,0.000800641) 49789.9 11670.8 0.0208333
face centroid = (1.62733,0.250021,4.95603)
subcontact = (1.55484,0.500022,4.71588) 2073.36 (-151.73,-0.261266,-462.511) 67 -0.000995212 (0.000255273,4.51459e-07,0.000801433) 49760.6 11682.3 0.0416667
face centroid = (1.62733,0.250021,4.95603)
subcontact = (1.70247,0.50002,5.19359) 2405.9 (-73.8465,0.10787,-225.069) 66 -0.00230966 (0.000248465,-3.72807e-07,0.000779998) 115483 11370 0.0208333
face centroid = (1.62733,0.250021,4.95603)
subcontact = (1.70246,1.9728e-05,5.19359) 4813.02 (-147.541,0.215739,-449.681) 65 -0.00231025 (0.000248211,-3.72805e-07,0.000779206) 115512 11358.4 0.0416667
face centroid = (1.62733,0.250021,4.95603)
contact = 9 1 9 8 (0.824996,0.250022,5.13518) (0.989024,3.17513e-07,-0.147753)
subcontact = (0.860439,2.12229e-05,5.38292) 2936.15 (-22.6916,0.156967,-140.283) 64 -0.00281872 (7.54937e-05,-5.42486e-07,0.000485277) 140938 6821.23 0.020833
face centroid = (0.826351,0.250022,5.13472)
subcontact = (0.86044,0.500021,5.38292) 5871.05 (-45.5102,0.313937,-281.342) 63 -0.00281811 (7.57038e-05,-5.42493e-07,0.000486619) 140907 6840.1 0.041666
face centroid = (0.826351,0.250022,5.13472)
subcontact = (0.789362,0.500023,4.888) 281.433 (-19.0556,-0.179574,-118.541) 62 -0.000270172 (8.02642e-05,8.06843e-07,0.000516088) 13509 5763.12 0.020833
face centroid = (0.826351,0.250022,5.13472)
subcontact = (0.789361,2.28785e-05,4.888) 564.119 (-38.1579,-0.360496,-237.358) 61 -0.000270774 (8.00541e-05,8.0685e-07,0.000514746) 13539.1 5769.82 0.041666
face centroid = (0.826351,0.250022,5.13472)
subcontact = (0.789552,2.20699e-05,4.88744) 281.584 (-18.9998,-0.179757,-118.2) 60 -0.00027032 (8.00569e-05,8.07469e-07,0.000514764) 13516.1 5746.45 0.0208333
face centroid = (0.824901,0.250022,5.13546)
subcontact = (0.789552,0.500022,4.88744) 561.915 (-37.9526,-0.358151,-236.123) 59 -0.000269718 (8.0267e-05,8.07464e-07,0.000516107) 13486 5739.7 0.0416667
face centroid = (0.824901,0.250022,5.13546)
subcontact = (0.863151,0.500022,5.382) 2935.07 (-22.7562,0.156796,-140.678) 58 -0.00281767 (7.57066e-05,-5.41885e-07,0.000486637) 140884 6840.32 0.0208333
face centroid = (0.824901,0.250022,5.13546)
subcontact = (0.863151,2.17638e-05,5.382) 5871.4 (-45.3853,0.313589,-280.58) 57 -0.00281827 (7.54965e-05,-5.4188e-07,0.000485295) 140914 6821.45 0.0416667
face centroid = (0.824901,0.250022,5.13546)
contact = 10 1 10 9 (0.00309456,0.250022,5.3167) (0.999989,9.17784e-08,-0.00462899)
subcontact = (0.00216583,2.24747e-05,5.44167) 3139.07 (-0.106568,-0.0221715,19.1949) 56 -0.00301352 (3.06497e-08,7.66272e-08,-6.63297e-05) 150690 921.458 0.0208313
face centroid = (0.00292045,0.250021,5.19174)
subcontact = (0.00216626,0.500022,5.44167) 6277.44 (-0.215627,-0.0443368,37.141) 55 -0.00301318 (3.77964e-08,7.66165e-08,-6.41718e-05) 150673 891.486 0.0416626
face centroid = (0.00292045,0.250021,5.19174)
subcontact = (0.00683888,0.500023,4.94169) 0 (0,0,0) 54 0.0061793 (1.88828e-07,2.22796e-06,-3.11358e-05) 0 0 0.0208313
face centroid = (0.00292045,0.250021,5.19174)
subcontact = (0.00683845,2.27161e-05,4.94169) 0 (0,0,0) 53 0.00617896 (1.81681e-07,2.22797e-06,-3.32937e-05) 0 0 0.0416626
face centroid = (0.00292045,0.250021,5.19174)
subcontact = (0.000660376,2.04884e-05,4.94175) 0 (0,0,0) 52 0.00617677 (1.8164e-07,2.22717e-06,-3.33029e-05) 0 0 0.0208331
face centroid = (0.00450235,0.250023,5.19168)
subcontact = (0.000660447,0.50002,4.94175) 0 (0,0,0) 51 0.00617714 (1.88787e-07,2.22717e-06,-3.11449e-05) 0 0 0.0416663
face centroid = (0.00450235,0.250023,5.19168)
subcontact = (0.00518052,0.500022,5.44173) 3141.31 (-0.10781,-0.0219331,18.5717) 50 -0.00301566 (3.77479e-08,7.58002e-08,-6.41827e-05) 150784 891.467 0.0208331
face centroid = (0.00450235,0.250023,5.19168)
subcontact = (0.00518045,2.23982e-05,5.44173) 6283.38 (-0.213129,-0.0438698,38.3923) 49 -0.00301603 (3.06005e-08,7.58066e-08,-6.63407e-05) 150803 921.439 0.0416663
face centroid = (0.00450235,0.250023,5.19168)
contact = 11 1 11 10 (-0.818808,0.250021,5.13481) (0.989816,1.39674e-07,0.142351)
subcontact = (-0.855786,2.22906e-05,5.3818) 2923.38 (-23.0404,0.0399993,139.062) 48 -0.00280645 (7.44913e-05,-1.38235e-07,-0.00048142) 140324 6766.05 0.0208331
face centroid = (-0.817457,0.250021,5.13526)
subcontact = (-0.855786,0.500022,5.3818) 5845.6 (-46.0486,0.0799986,277.924) 47 -0.00280589 (7.44386e-05,-1.38235e-07,-0.000481075) 140296 6761.19 0.0416661
face centroid = (-0.817457,0.250021,5.13526)
subcontact = (-0.782036,0.50002,4.88726) 295.595 (-24.0529,-0.0622738,145.464) 46 -0.000283769 (7.78356e-05,2.15224e-07,-0.000503572) 14188.7 7077.19 0.0208331
face centroid = (-0.817457,0.250021,5.13526)
subcontact = (-0.782036,2.03906e-05,4.88727) 592.353 (-48.1381,-0.124548,291.128) 45 -0.000284327 (7.78883e-05,2.15224e-07,-0.000503917) 14216.7 7082.04 0.0416661
face centroid = (-0.817457,0.250021,5.13526)
subcontact = (-0.78183,2.01782e-05,4.88782) 297.144 (-24.0683,-0.0622192,145.559) 44 -0.000285257 (7.78858e-05,2.15032e-07,-0.0005039) 14262.9 7081.7 0.0208333
face centroid = (-0.818911,0.250021,5.13453)
subcontact = (-0.78183,0.50002,4.88782) 593.124 (-48.1043,-0.124438,290.918) 43 -0.000284698 (7.78331e-05,2.15032e-07,-0.000503555) 14235 7076.85 0.0416667
face centroid = (-0.818911,0.250021,5.13453)
subcontact = (-0.853084,0.500022,5.38271) 2923.76 (-23.0235,0.0400561,138.957) 42 -0.00280682 (7.44361e-05,-1.38431e-07,-0.000481058) 140341 6760.86 0.0208333
face centroid = (-0.818911,0.250021,5.13453)
subcontact = (-0.853084,2.24314e-05,5.38271) 5848.69 (-46.0793,0.0801121,278.113) 41 -0.00280738 (7.44888e-05,-1.38431e-07,-0.000481403) 140369 6765.71 0.0416667
face centroid = (-0.818911,0.250021,5.13453)
contact = 12 1 12 11 (-1.62079,0.25002,4.95482) (0.956188,5.51323e-07,0.292752)
subcontact = (-1.69504,2.08165e-05,5.19308) 2383.05 (-77.478,0.0179498,233.873) 40 -0.00228773 (0.000258534,-6.20264e-08,-0.000811269) 114387 11825.9 0.0208332
face centroid = (-1.61982,0.25002,4.95558)
subcontact = (-1.69504,0.500021,5.19308) 4765.08 (-154.919,0.0358994,467.636) 39 -0.00228724 (0.000258473,-6.2026e-08,-0.000811078) 114362 11823.1 0.0416665
face centroid = (-1.61982,0.25002,4.95558)
subcontact = (-1.54725,0.500019,4.71542) 1063.87 (-78.9156,-0.0416664,238.294) 38 -0.00102132 (0.00026337,1.44011e-07,-0.000826593) 51066.2 12049.1 0.0208332
face centroid = (-1.61982,0.25002,4.95558)
subcontact = (-1.54725,1.87101e-05,4.71542) 2128.77 (-157.868,-0.0833326,476.699) 37 -0.00102181 (0.000263432,1.4401e-07,-0.000826784) 51090.6 12051.9 0.0416665
face centroid = (-1.61982,0.25002,4.95558)
subcontact = (-1.54653,1.85705e-05,4.71657) 1064.95 (-78.9322,-0.0416217,238.344) 36 -0.00102236 (0.000263426,1.43854e-07,-0.000826766) 51117.8 12051.6 0.0208333
face centroid = (-1.62114,0.25002,4.95425)
subcontact = (-1.54653,0.500019,4.71656) 2128.89 (-157.828,-0.0832435,476.578) 35 -0.00102187 (0.000263365,1.43854e-07,-0.000826575) 51093.3 12048.8 0.0416667
face centroid = (-1.62114,0.25002,4.95425)
subcontact = (-1.69312,0.500021,5.19459) 2383.11 (-77.4579,0.0179952,233.812) 34 -0.00228779 (0.000258467,-6.2184e-08,-0.00081106) 114389 11822.8 0.0208333
face centroid = (-1.62114,0.25002,4.95425)
subcontact = (-1.69312,2.0883e-05,5.1946) 4767.23 (-154.952,0.0359906,467.735) 33 -0.00228828 (0.000258528,-6.21843e-08,-0.000811252) 114414 11825.6 0.0416667
face centroid = (-1.62114,0.25002,4.95425)
contact = 13 1 13 12 (-2.3856,0.250017,4.65384) (0.897958,1.50823e-06,0.440081)
subcontact = (-2.49585,1.78381e-05,4.87761) 1623.16 (-139.563,-0.0034652,272.179) 32 -0.00155824 (0.000473793,1.19983e-08,-0.000944988) 77911.9 14682 0.0208333
face centroid = (-2.3849,0.250017,4.65478)
subcontact = (-2.49585,0.500018,4.87761) 3245.53 (-279.107,-0.00693081,544.322) 31 -0.00155786 (0.000473761,1.1999e-08,-0.000944925) 77892.9 14681 0.0416666
face centroid = (-2.3849,0.250017,4.65478)
subcontact = (-2.27629,0.500016,4.4284) 2185.97 (-139.53,-0.0240613,272.084) 30 -0.00209854 (0.00047366,8.31771e-08,-0.00094467) 104927 14677.2 0.0208333
face centroid = (-2.3849,0.250017,4.65478)
subcontact = (-2.27629,1.58024e-05,4.4284) 4372.74 (-279.079,-0.0481222,544.205) 29 -0.00209892 (0.000473692,8.31764e-08,-0.000944734) 104946 14678.2 0.0416666
face centroid = (-2.3849,0.250017,4.65478)
subcontact = (-2.27488,1.57239e-05,4.4303) 2184.93 (-139.54,-0.024059,272.104) 28 -0.00209754 (0.000473694,8.31697e-08,-0.000944738) 104877 14678.3 0.0208333
face centroid = (-2.38607,0.250017,4.65301)
subcontact = (-2.27488,0.500016,4.43029) 4369.07 (-279.061,-0.0481182,544.171) 27 -0.00209716 (0.000473662,8.317e-08,-0.000944675) 104858 14677.3 0.0416667
face centroid = (-2.38607,0.250017,4.65301)
subcontact = (-2.49493,0.500018,4.87927) 1621.32 (-139.554,-0.00346363,272.162) 26 -0.00155647 (0.000473763,1.19926e-08,-0.000944929) 77823.5 14681.1 0.0208333
face centroid = (-2.38607,0.250017,4.65301)
subcontact = (-2.49493,1.78308e-05,4.87927) 3243.44 (-279.127,-0.00692704,544.361) 25 -0.00155686 (0.000473795,1.19922e-08,-0.000944992) 77842.6 14682.1 0.0416667
face centroid = (-2.38607,0.250017,4.65301)
contact = 14 1 14 13 (-3.23698,0.500013,4.44166) (0.81805,5.72234e-06,0.575147)
subcontact = (-3.23771,1.3563e-05,4.43981) 819.869 (-184.088,-0.0250919,249.332) 24 -0.000787072 (0.000626157,8.66439e-08,-0.000868999) 39353.7 14876.5 0.0208333
face centroid = (-3.09287,0.250013,4.23737)
subcontact = (-3.23771,0.500014,4.43981) 1639.22 (-368.177,-0.0501808,498.67) 23 -0.000786825 (0.000626161,8.66386e-08,-0.000869009) 39341.3 14876.6 0.0416667
face centroid = (-3.09287,0.250013,4.23737)
subcontact = (-2.95014,0.500012,4.03079) 3468.82 (-180.864,-0.0211885,244.882) 22 -0.00333008 (0.000615125,7.31568e-08,-0.000853542) 166503 14612.7 0.0208333
face centroid = (-3.09287,0.250013,4.23737)
subcontact = (-2.95014,1.18441e-05,4.03079) 6938.15 (-361.726,-0.0423801,489.758) 21 -0.00333032 (0.000615121,7.31621e-08,-0.000853532) 166516 14612.6 0.0416667
face centroid = (-3.09287,0.250013,4.23737)
subcontact = (-2.94805,1.17812e-05,4.0336) 3465 (-180.869,-0.021213,244.887) 20 -0.0033264 (0.000615141,7.32351e-08,-0.00085356) 166322 14613.3 0.0208331
face centroid = (-3.09393,0.250013,4.2353)
subcontact = (-2.94805,0.500012,4.03359) 6929.48 (-361.74,-0.0424226,489.781) 19 -0.00332615 (0.000615145,7.32293e-08,-0.00085357) 166310 14613.4 0.0416661
face centroid = (-3.09393,0.250013,4.2353)
subcontact = (-3.2377,0.500013,4.44115) 815.512 (-184.094,-0.0251095,249.343) 18 -0.000782893 (0.000626182,8.67049e-08,-0.000869037) 39145.1 14877.3 0.0208331
face centroid = (-3.09393,0.250013,4.2353)
subcontact = (-3.2377,1.34779e-05,4.44115) 1631.54 (-368.188,-0.0502224,498.68) 17 -0.00078314 (0.000626177,8.67107e-08,-0.000869027) 39157.4 14877.2 0.0416661
face centroid = (-3.09393,0.250013,4.2353)
contact = 15 7 15 14 (-3.71231,0.25,3.71231) (0.707107,0,0.707107)
contact = 16 1 16 15 (-4.06415,2.09942e-06,2.94115) (0.596206,6.50739e-06,0.802831)
subcontact = (-4.46712,2.80929e-06,3.23716) 0 (0,0,0) 16 0.00326511 (0.000321621,8.44449e-07,-0.000235125) 0 0 0.0208333
face centroid = (-4.26618,0.250002,3.08914)
subcontact = (-4.46712,0.500003,3.23716) 0 (0,0,0) 15 0.00326224 (0.000322127,8.4444e-07,-0.000235508) 0 0 0.0416667
face centroid = (-4.26618,0.250002,3.08914)
subcontact = (-4.06571,0.500002,2.93905) 5440.54 (-100.325,-0.0569711,72.3376) 14 -0.00522294 (0.000344891,1.96945e-07,-0.000252384) 261146 5936.83 0.0208333
face centroid = (-4.26618,0.250002,3.08914)
subcontact = (-4.0657,2.08244e-06,2.93906) 10875.1 (-200.358,-0.113947,144.451) 13 -0.00522006 (0.000344385,1.96954e-07,-0.000252001) 261002 5928.03 0.0416667
face centroid = (-4.26618,0.250002,3.08914)
subcontact = (-4.06297,1.88542e-06,2.94352) 5429.21 (-100.17,-0.0573446,72.219) 12 -0.00521211 (0.000344359,1.98244e-07,-0.000251982) 260640 5928.34 0.0208303
face centroid = (-4.26641,0.250002,3.08811)
subcontact = (-4.06297,0.500002,2.94352) 10864.4 (-200.631,-0.114684,144.662) 11 -0.00521498 (0.000344865,1.98234e-07,-0.000252364) 260783 5937.15 0.0416607
face centroid = (-4.26641,0.250002,3.08811)
subcontact = (-4.46939,0.500002,3.23477) 0 (0,0,0) 10 0.00326982 (0.000322103,8.4557e-07,-0.00023549) 0 0 0.0208303
face centroid = (-4.26641,0.250002,3.08811)
subcontact = (-4.46939,1.96664e-06,3.23477) 0 (0,0,0) 9 0.0032727 (0.000321597,8.4558e-07,-0.000235107) 0 0 0.0416607
face centroid = (-4.26641,0.250002,3.08811)
contact = 17 7 17 16 (-4.67778,0.25,2.38345) (0.45399,0,0.891007)
contact = 18 7 18 17 (-4.99305,0.25,1.62234) (0.309017,0,0.951057)
contact = 19 1 19 18 (-5.18752,0.25,0.819077) (0.156434,0,0.987688)
subcontact = (-5.43659,-1.22269e-08,0.855981) 5241.37 (1015.69,0.00346596,-163.541) 8 -0.00503172 (-0.00351093,-1.19802e-08,0.000560695) 251591 49381.9 0.0208329
face centroid = (-5.18536,0.25,0.821281)
subcontact = (-5.43659,0.5,0.855981) 10483.5 (2031.43,0.00693199,-327.09) 7 -0.0050321 (-0.00351103,-1.19803e-08,0.000560709) 251610 49383.3 0.0416658
face centroid = (-5.18536,0.25,0.821281)
subcontact = (-4.94224,0.5,0.780986) 1844.96 (1019.02,-0.0249485,-164.07) 6 -0.00177116 (-0.00352245,8.62244e-08,0.00056252) 88560.1 49543.9 0.0208329
face centroid = (-5.18536,0.25,0.821281)
subcontact = (-4.94224,8.64485e-08,0.780986) 3689.15 (2037.98,-0.0498971,-328.131) 5 -0.00177079 (-0.00352235,8.62245e-08,0.000562506) 88541.4 49542.6 0.0416658
face centroid = (-5.18536,0.25,0.821281)
subcontact = (-4.93844,0,0.782172) 1824.01 (1019.01,-0.0252572,-164.069) 4 -0.00175106 (-0.00352242,8.72851e-08,0.000562517) 87552.7 49542.6 0.0208333
face centroid = (-5.18942,0.25,0.818484)
subcontact = (-4.93844,0.5,0.782172) 3648.81 (2038.08,-0.0505144,-328.146) 3 -0.00175143 (-0.00352252,8.72849e-08,0.000562531) 87571.4 49543.9 0.0416667
face centroid = (-5.18942,0.25,0.818484)
subcontact = (-5.43229,0.5,0.86039) 5221.23 (1015.74,0.00315982,-163.549) 2 -0.00501238 (-0.0035111,-1.09242e-08,0.00056072) 250619 49383.3 0.0208333
face centroid = (-5.18942,0.25,0.818484)
subcontact = (-5.43229,0,0.86039) 10441.7 (2031.42,0.00631953,-327.089) 1 -0.00501201 (-0.003511,-1.0924e-08,0.000560706) 250600 49381.9 0.0416667
face centroid = (-5.18942,0.25,0.818484)
3dec>log off
**********************************************
* Logging ended at Wed Mar 13 16:23:02 2024
**********************************************
**********************************************
* Logging started at Wed Mar 13 16:25:29 2024
* By 3dec Version 7.00 Release 159
* 
* 
* Job Title: 
**********************************************
3dec>log-file 'Displacement_step_1_distance_0.001m.txt'
**********************************************
* Logging ended at Wed Mar 13 16:25:29 2024
**********************************************
**********************************************
* Logging started at Wed Mar 13 16:25:29 2024
* By 3dec Version 7.00 Release 159
* 
* 
* Job Title: 
**********************************************
3dec>@contacts_output
contact = 1 1 1 0 (5.31089,0.250006,0.839969) (0.149411,-4.6716e-07,-0.988775)
subcontact = (5.43229,0,0.86092) 5369.93 (1042.66,0.180052,169.219) 112 -0.00515515 (-0.00360661,-6.22271e-07,-0.000565143) 257763 50704 0.0208328
face centroid = (5.1895,0.25,0.819018)
subcontact = (5.43229,0.5,0.86092) 10740.3 (2084.58,0.360103,338.308) 111 -0.00515538 (-0.00360533,-6.22268e-07,-0.000564933) 257775 50685.9 0.0416656
face centroid = (5.1895,0.25,0.819018)
subcontact = (4.93844,0.5,0.782702) 1668.6 (1042.53,-0.198956,169.193) 110 -0.00160184 (-0.00360615,6.87562e-07,-0.000565062) 80094.7 50697.5 0.0208328
face centroid = (5.1895,0.25,0.819018)
subcontact = (4.93844,0,0.782702) 3336.71 (2085.8,-0.397911,338.516) 109 -0.00160161 (-0.00360744,6.8756e-07,-0.000565272) 80083.1 50715.6 0.0416656
face centroid = (5.1895,0.25,0.819018)
subcontact = (4.94231,-6.8593e-07,0.781666) 1689.95 (1042.9,-0.19848,169.258) 108 -0.00162236 (-0.00360744,6.85929e-07,-0.000565272) 81117.7 50714.4 0.0208333
face centroid = (5.18536,0.25,0.821811)
subcontact = (4.9423,0.499999,0.781665) 3380.36 (2085.06,-0.396961,338.386) 107 -0.00162258 (-0.00360615,6.85931e-07,-0.000565062) 81128.6 50696.3 0.0416667
face centroid = (5.18536,0.25,0.821811)
subcontact = (5.43669,0.500001,0.856371) 5391.81 (1042.29,0.180515,169.154) 106 -0.00517614 (-0.00360532,-6.23879e-07,-0.000564932) 258807 50684.7 0.0208333
face centroid = (5.18536,0.25,0.821811)
subcontact = (5.43669,6.23882e-07,0.856371) 10783.2 (2085.33,0.361031,338.439) 105 -0.00517592 (-0.00360661,-6.23881e-07,-0.000565143) 258796 50702.8 0.0416667
face centroid = (5.18536,0.25,0.821811)
contact = 2 7 2 1 (4.99305,0.25,1.62234) (0.309017,0,-0.951057)
contact = 3 7 3 2 (4.67778,0.25,2.38345) (0.45399,0,-0.891007)
contact = 4 1 4 3 (4.26757,0.250009,3.09013) (0.590624,-0.00170896,-0.806945)
subcontact = (4.47089,2.19985e-07,3.23572) 110.865 (-31.9119,2.21217,-22.1569) 104 -0.000106405 (0.00010929,-7.64527e-06,7.79263e-05) 5321.82 1867.91 0.0208321
face centroid = (4.26901,0.250015,3.08803)
subcontact = (4.47089,0.5,3.23572) 221.37 (-58.6012,4.42418,-40.4913) 103 -0.000106232 (0.000100265,-7.64499e-06,7.13209e-05) 5313.18 1712.9 0.0416643
face centroid = (4.26901,0.250015,3.08803)
subcontact = (4.0643,0.499999,2.94471) 5313.82 (-34.3943,7.03949,-23.9919) 102 -0.00510131 (0.000117876,-2.43288e-05,8.42597e-05) 255078 2041.18 0.0208321
face centroid = (4.26901,0.250015,3.08803)
subcontact = (4.0643,-1.05311e-06,2.94471) 10628 (-74.0112,14.0791,-51.8063) 101 -0.00510149 (0.000126901,-2.43291e-05,9.08651e-05) 255087 2194.49 0.0416643
face centroid = (4.26901,0.250015,3.08803)
subcontact = (4.06718,1.95905e-05,2.9405) 5318.18 (-37.0063,7.04385,-25.9037) 100 -0.00510546 (0.000126913,-2.43436e-05,9.08737e-05) 255273 2194.44 0.0208333
face centroid = (4.26759,0.25,3.09022)
subcontact = (4.06719,0.50002,2.94051) 10635.9 (-68.7898,14.0874,-47.9847) 99 -0.00510525 (0.000117888,-2.43431e-05,8.4268e-05) 255262 2041.14 0.0416666
face centroid = (4.26759,0.25,3.09022)
subcontact = (4.47085,0.50001,3.23556) 114.69 (-29.3009,2.21614,-20.2458) 98 -0.000110102 (0.000100276,-7.65898e-06,7.13289e-05) 5505.14 1712.83 0.0208333
face centroid = (4.26759,0.25,3.09022)
subcontact = (4.47084,9.67596e-06,3.23556) 229.833 (-63.8246,4.43254,-44.3144) 97 -0.000110319 (0.000109301,-7.65945e-06,7.79345e-05) 5516.01 1867.84 0.0416666
face centroid = (4.26759,0.25,3.09022)
contact = 5 1 5 4 (3.90637,1.28194e-05,3.89089) (0.71499,-1.07237e-06,-0.699135)
subcontact = (3.90844,1.00416e-05,3.89021) 243.533 (-117.041,0.527993,-116.392) 96 -0.000233778 (0.00066822,-2.77045e-06,0.000673255) 11690 7923.32 0.0208326
face centroid = (3.73316,0.250015,3.71061)
subcontact = (3.90845,0.50001,3.89021) 485.948 (-233.237,1.05167,-231.982) 95 -0.000233242 (0.000671472,-2.77051e-06,0.000676569) 11663.2 7895.37 0.0416652
face centroid = (3.73316,0.250015,3.71061)
subcontact = (3.55592,0.50002,3.53564) 4580.54 (-195.584,-0.545162,-194.189) 94 -0.00439735 (0.000670966,1.88406e-06,0.000676108) 219874 13229.9 0.0208326
face centroid = (3.73316,0.250015,3.71061)
subcontact = (3.55591,1.99228e-05,3.53564) 9162.2 (-389.282,-1.09036,-386.465) 93 -0.00439788 (0.000667713,1.88412e-06,0.000672795) 219900 13165.4 0.0416652
face centroid = (3.73316,0.250015,3.71061)
subcontact = (3.55837,1.80495e-05,3.53186) 4587.22 (-194.642,-0.54718,-193.234) 92 -0.00440374 (0.000667714,1.891e-06,0.000672796) 220187 13165.1 0.0208333
face centroid = (3.73218,0.250015,3.71292)
subcontact = (3.55837,0.500018,3.53187) 9173.35 (-391.17,-1.09433,-388.382) 91 -0.00440321 (0.000670967,1.89096e-06,0.000676109) 220160 13229.5 0.0416667
face centroid = (3.73218,0.250015,3.71292)
subcontact = (3.90794,0.500013,3.88936) 249.033 (-119.655,0.531199,-118.992) 90 -0.000239073 (0.000671473,-2.76372e-06,0.00067657) 11953.6 8100.01 0.0208333
face centroid = (3.73218,0.250015,3.71292)
subcontact = (3.90794,1.2817e-05,3.88936) 499.163 (-240.144,1.06674,-238.774) 89 -0.000239599 (0.000668221,-2.76368e-06,0.000673256) 11979.9 8127.58 0.0416667
face centroid = (3.73218,0.250015,3.71292)
contact = 6 1 6 5 (3.24414,1.49943e-05,4.44206) (0.818391,-1.68971e-06,-0.574662)
subcontact = (3.24543,1.44483e-05,4.44247) 856.811 (-181.073,0.1644,-246.463) 88 -0.00082254 (0.000616632,-5.68338e-07,0.000858446) 41127.4 14680 0.0208331
face centroid = (3.10181,0.250017,4.23652)
subcontact = (3.24543,0.500014,4.44247) 1712.53 (-362.533,0.328798,-493.444) 87 -0.000822016 (0.000617286,-5.68336e-07,0.000859351) 41101.2 14695.5 0.0416662
face centroid = (3.10181,0.250017,4.23652)
subcontact = (2.95609,0.50002,4.0347) 3416.52 (-179.971,-0.178609,-244.918) 86 -0.00327987 (0.000612843,6.17104e-07,0.000853093) 163995 14588.9 0.0208331
face centroid = (3.10181,0.250017,4.23652)
subcontact = (2.95609,1.95325e-05,4.03469) 6834.13 (-359.556,-0.357217,-489.318) 85 -0.00328039 (0.000612188,6.17102e-07,0.000852189) 164021 14573.4 0.0416662
face centroid = (3.10181,0.250017,4.23652)
subcontact = (2.95815,1.89594e-05,4.03192) 3421.76 (-179.775,-0.178923,-244.656) 84 -0.0032849 (0.00061218,6.18198e-07,0.000852177) 164245 14573 0.0208333
face centroid = (3.10076,0.250017,4.23858)
subcontact = (2.95815,0.500019,4.03192) 6842.44 (-359.937,-0.357846,-489.829) 83 -0.00328438 (0.000612834,6.182e-07,0.000853081) 164219 14588.5 0.0416667
face centroid = (3.10076,0.250017,4.23858)
subcontact = (3.24548,0.500015,4.44112) 860.969 (-181.264,0.164085,-246.718) 82 -0.00082653 (0.000617278,-5.6724e-07,0.000859339) 41326.5 14695.1 0.0208333
face centroid = (3.10076,0.250017,4.23858)
subcontact = (3.24548,1.49915e-05,4.44112) 1723.02 (-362.141,0.328171,-492.919) 81 -0.000827049 (0.000616623,-5.67242e-07,0.000858434) 41352.4 14679.6 0.0416667
face centroid = (3.10076,0.250017,4.23858)
contact = 7 1 7 6 (2.39302,0.250019,4.65475) (0.898631,1.77649e-06,-0.438705)
subcontact = (2.50243,1.69827e-05,4.88013) 1656.09 (-138.986,0.130244,-270.028) 80 -0.00158985 (0.000470428,-4.50125e-07,0.000938265) 79492.4 14577.5 0.0208333
face centroid = (2.39371,0.250019,4.65381)
subcontact = (2.50243,0.500017,4.88014) 3311.01 (-278.24,0.260489,-540.569) 79 -0.00158929 (0.000470878,-4.50127e-07,0.000939158) 79464.4 14591.4 0.0416666
face centroid = (2.39371,0.250019,4.65381)
subcontact = (2.28265,0.500021,4.43103) 2146.64 (-140.041,-0.15851,-272.062) 78 -0.00206078 (0.000473988,5.47814e-07,0.00094534) 103039 14687.5 0.0208333
face centroid = (2.39371,0.250019,4.65381)
subcontact = (2.28265,2.07696e-05,4.43103) 4294.45 (-279.815,-0.317021,-543.612) 77 -0.00206134 (0.000473538,5.47816e-07,0.000944447) 103067 14673.6 0.0416666
face centroid = (2.39371,0.250019,4.65381)
subcontact = (2.28403,2.02247e-05,4.42915) 2149.26 (-139.908,-0.158757,-271.808) 76 -0.0020633 (0.000473541,5.48664e-07,0.000944453) 103165 14673.7 0.0208333
face centroid = (2.39254,0.250019,4.65558)
subcontact = (2.28403,0.50002,4.42915) 4297.37 (-280.084,-0.317512,-544.129) 75 -0.00206274 (0.000473991,5.48661e-07,0.000945346) 103137 14687.6 0.0416667
face centroid = (2.39254,0.250019,4.65558)
subcontact = (2.50339,0.500017,4.87847) 1657.55 (-139.121,0.13,-270.286) 74 -0.00159125 (0.000470881,-4.49283e-07,0.000939163) 79562.3 14591.5 0.0208333
face centroid = (2.39254,0.250019,4.65558)
subcontact = (2.50338,1.74345e-05,4.87846) 3316.26 (-277.974,0.26,-540.059) 73 -0.00159181 (0.000470431,-4.4928e-07,0.000938271) 79590.2 14577.6 0.0416667
face centroid = (2.39254,0.250019,4.65558)
contact = 8 1 8 7 (1.62767,0.250021,4.95548) (0.955417,2.48082e-07,-0.295259)
subcontact = (1.70051,1.93548e-05,5.19508) 2406.52 (-73.7684,0.108024,-224.834) 72 -0.00231026 (0.000248204,-3.73335e-07,0.000779185) 115513 11358.1 0.0208333
face centroid = (1.62865,0.250021,4.95473)
subcontact = (1.70051,0.500019,5.19508) 4811.82 (-147.689,0.216049,-450.124) 71 -0.00230968 (0.000248458,-3.73338e-07,0.000779977) 115484 11369.6 0.0416665
face centroid = (1.62865,0.250021,4.95473)
subcontact = (1.55414,0.500022,4.71699) 1036.69 (-75.8628,-0.130477,-231.248) 70 -0.000995228 (0.000255267,4.50925e-07,0.000801411) 49761.5 11682 0.0208333
face centroid = (1.62865,0.250021,4.95473)
subcontact = (1.55414,2.19704e-05,4.71698) 2074.61 (-151.574,-0.260955,-462.04) 69 -0.000995814 (0.000255013,4.50928e-07,0.000800619) 49790.8 11670.5 0.0416665
face centroid = (1.62865,0.250021,4.95473)
subcontact = (1.55484,2.15196e-05,4.71588) 1037.29 (-75.7892,-0.130634,-231.027) 68 -0.000995798 (0.000255019,4.51461e-07,0.000800641) 49789.9 11670.8 0.0208333
face centroid = (1.62733,0.250021,4.95603)
subcontact = (1.55484,0.500022,4.71588) 2073.36 (-151.73,-0.261266,-462.511) 67 -0.000995212 (0.000255273,4.51459e-07,0.000801433) 49760.6 11682.3 0.0416667
face centroid = (1.62733,0.250021,4.95603)
subcontact = (1.70247,0.50002,5.19359) 2405.9 (-73.8465,0.10787,-225.069) 66 -0.00230966 (0.000248465,-3.72807e-07,0.000779998) 115483 11370 0.0208333
face centroid = (1.62733,0.250021,4.95603)
subcontact = (1.70246,1.9728e-05,5.19359) 4813.02 (-147.541,0.215739,-449.681) 65 -0.00231025 (0.000248211,-3.72805e-07,0.000779206) 115512 11358.4 0.0416667
face centroid = (1.62733,0.250021,4.95603)
contact = 9 1 9 8 (0.824996,0.250022,5.13518) (0.989024,3.17513e-07,-0.147753)
subcontact = (0.860439,2.12229e-05,5.38292) 2936.15 (-22.6916,0.156967,-140.283) 64 -0.00281872 (7.54937e-05,-5.42486e-07,0.000485277) 140938 6821.23 0.020833
face centroid = (0.826351,0.250022,5.13472)
subcontact = (0.86044,0.500021,5.38292) 5871.05 (-45.5102,0.313937,-281.342) 63 -0.00281811 (7.57038e-05,-5.42493e-07,0.000486619) 140907 6840.1 0.041666
face centroid = (0.826351,0.250022,5.13472)
subcontact = (0.789362,0.500023,4.888) 281.433 (-19.0556,-0.179574,-118.541) 62 -0.000270172 (8.02642e-05,8.06843e-07,0.000516088) 13509 5763.12 0.020833
face centroid = (0.826351,0.250022,5.13472)
subcontact = (0.789361,2.28785e-05,4.888) 564.119 (-38.1579,-0.360496,-237.358) 61 -0.000270774 (8.00541e-05,8.0685e-07,0.000514746) 13539.1 5769.82 0.041666
face centroid = (0.826351,0.250022,5.13472)
subcontact = (0.789552,2.20699e-05,4.88744) 281.584 (-18.9998,-0.179757,-118.2) 60 -0.00027032 (8.00569e-05,8.07469e-07,0.000514764) 13516.1 5746.45 0.0208333
face centroid = (0.824901,0.250022,5.13546)
subcontact = (0.789552,0.500022,4.88744) 561.915 (-37.9526,-0.358151,-236.123) 59 -0.000269718 (8.0267e-05,8.07464e-07,0.000516107) 13486 5739.7 0.0416667
face centroid = (0.824901,0.250022,5.13546)
subcontact = (0.863151,0.500022,5.382) 2935.07 (-22.7562,0.156796,-140.678) 58 -0.00281767 (7.57066e-05,-5.41885e-07,0.000486637) 140884 6840.32 0.0208333
face centroid = (0.824901,0.250022,5.13546)
subcontact = (0.863151,2.17638e-05,5.382) 5871.4 (-45.3853,0.313589,-280.58) 57 -0.00281827 (7.54965e-05,-5.4188e-07,0.000485295) 140914 6821.45 0.0416667
face centroid = (0.824901,0.250022,5.13546)
contact = 10 1 10 9 (0.00309456,0.250022,5.3167) (0.999989,9.17784e-08,-0.00462899)
subcontact = (0.00216583,2.24747e-05,5.44167) 3139.07 (-0.106568,-0.0221715,19.1949) 56 -0.00301352 (3.06497e-08,7.66272e-08,-6.63297e-05) 150690 921.458 0.0208313
face centroid = (0.00292045,0.250021,5.19174)
subcontact = (0.00216626,0.500022,5.44167) 6277.44 (-0.215627,-0.0443368,37.141) 55 -0.00301318 (3.77964e-08,7.66165e-08,-6.41718e-05) 150673 891.486 0.0416626
face centroid = (0.00292045,0.250021,5.19174)
subcontact = (0.00683888,0.500023,4.94169) 0 (0,0,0) 54 0.0061793 (1.88828e-07,2.22796e-06,-3.11358e-05) 0 0 0.0208313
face centroid = (0.00292045,0.250021,5.19174)
subcontact = (0.00683845,2.27161e-05,4.94169) 0 (0,0,0) 53 0.00617896 (1.81681e-07,2.22797e-06,-3.32937e-05) 0 0 0.0416626
face centroid = (0.00292045,0.250021,5.19174)
subcontact = (0.000660376,2.04884e-05,4.94175) 0 (0,0,0) 52 0.00617677 (1.8164e-07,2.22717e-06,-3.33029e-05) 0 0 0.0208331
face centroid = (0.00450235,0.250023,5.19168)
subcontact = (0.000660447,0.50002,4.94175) 0 (0,0,0) 51 0.00617714 (1.88787e-07,2.22717e-06,-3.11449e-05) 0 0 0.0416663
face centroid = (0.00450235,0.250023,5.19168)
subcontact = (0.00518052,0.500022,5.44173) 3141.31 (-0.10781,-0.0219331,18.5717) 50 -0.00301566 (3.77479e-08,7.58002e-08,-6.41827e-05) 150784 891.467 0.0208331
face centroid = (0.00450235,0.250023,5.19168)
subcontact = (0.00518045,2.23982e-05,5.44173) 6283.38 (-0.213129,-0.0438698,38.3923) 49 -0.00301603 (3.06005e-08,7.58066e-08,-6.63407e-05) 150803 921.439 0.0416663
face centroid = (0.00450235,0.250023,5.19168)
contact = 11 1 11 10 (-0.818808,0.250021,5.13481) (0.989816,1.39674e-07,0.142351)
subcontact = (-0.855786,2.22906e-05,5.3818) 2923.38 (-23.0404,0.0399993,139.062) 48 -0.00280645 (7.44913e-05,-1.38235e-07,-0.00048142) 140324 6766.05 0.0208331
face centroid = (-0.817457,0.250021,5.13526)
subcontact = (-0.855786,0.500022,5.3818) 5845.6 (-46.0486,0.0799986,277.924) 47 -0.00280589 (7.44386e-05,-1.38235e-07,-0.000481075) 140296 6761.19 0.0416661
face centroid = (-0.817457,0.250021,5.13526)
subcontact = (-0.782036,0.50002,4.88726) 295.595 (-24.0529,-0.0622738,145.464) 46 -0.000283769 (7.78356e-05,2.15224e-07,-0.000503572) 14188.7 7077.19 0.0208331
face centroid = (-0.817457,0.250021,5.13526)
subcontact = (-0.782036,2.03906e-05,4.88727) 592.353 (-48.1381,-0.124548,291.128) 45 -0.000284327 (7.78883e-05,2.15224e-07,-0.000503917) 14216.7 7082.04 0.0416661
face centroid = (-0.817457,0.250021,5.13526)
subcontact = (-0.78183,2.01782e-05,4.88782) 297.144 (-24.0683,-0.0622192,145.559) 44 -0.000285257 (7.78858e-05,2.15032e-07,-0.0005039) 14262.9 7081.7 0.0208333
face centroid = (-0.818911,0.250021,5.13453)
subcontact = (-0.78183,0.50002,4.88782) 593.124 (-48.1043,-0.124438,290.918) 43 -0.000284698 (7.78331e-05,2.15032e-07,-0.000503555) 14235 7076.85 0.0416667
face centroid = (-0.818911,0.250021,5.13453)
subcontact = (-0.853084,0.500022,5.38271) 2923.76 (-23.0235,0.0400561,138.957) 42 -0.00280682 (7.44361e-05,-1.38431e-07,-0.000481058) 140341 6760.86 0.0208333
face centroid = (-0.818911,0.250021,5.13453)
subcontact = (-0.853084,2.24314e-05,5.38271) 5848.69 (-46.0793,0.0801121,278.113) 41 -0.00280738 (7.44888e-05,-1.38431e-07,-0.000481403) 140369 6765.71 0.0416667
face centroid = (-0.818911,0.250021,5.13453)
contact = 12 1 12 11 (-1.62079,0.25002,4.95482) (0.956188,5.51323e-07,0.292752)
subcontact = (-1.69504,2.08165e-05,5.19308) 2383.05 (-77.478,0.0179498,233.873) 40 -0.00228773 (0.000258534,-6.20264e-08,-0.000811269) 114387 11825.9 0.0208332
face centroid = (-1.61982,0.25002,4.95558)
subcontact = (-1.69504,0.500021,5.19308) 4765.08 (-154.919,0.0358994,467.636) 39 -0.00228724 (0.000258473,-6.2026e-08,-0.000811078) 114362 11823.1 0.0416665
face centroid = (-1.61982,0.25002,4.95558)
subcontact = (-1.54725,0.500019,4.71542) 1063.87 (-78.9156,-0.0416664,238.294) 38 -0.00102132 (0.00026337,1.44011e-07,-0.000826593) 51066.2 12049.1 0.0208332
face centroid = (-1.61982,0.25002,4.95558)
subcontact = (-1.54725,1.87101e-05,4.71542) 2128.77 (-157.868,-0.0833326,476.699) 37 -0.00102181 (0.000263432,1.4401e-07,-0.000826784) 51090.6 12051.9 0.0416665
face centroid = (-1.61982,0.25002,4.95558)
subcontact = (-1.54653,1.85705e-05,4.71657) 1064.95 (-78.9322,-0.0416217,238.344) 36 -0.00102236 (0.000263426,1.43854e-07,-0.000826766) 51117.8 12051.6 0.0208333
face centroid = (-1.62114,0.25002,4.95425)
subcontact = (-1.54653,0.500019,4.71656) 2128.89 (-157.828,-0.0832435,476.578) 35 -0.00102187 (0.000263365,1.43854e-07,-0.000826575) 51093.3 12048.8 0.0416667
face centroid = (-1.62114,0.25002,4.95425)
subcontact = (-1.69312,0.500021,5.19459) 2383.11 (-77.4579,0.0179952,233.812) 34 -0.00228779 (0.000258467,-6.2184e-08,-0.00081106) 114389 11822.8 0.0208333
face centroid = (-1.62114,0.25002,4.95425)
subcontact = (-1.69312,2.0883e-05,5.1946) 4767.23 (-154.952,0.0359906,467.735) 33 -0.00228828 (0.000258528,-6.21843e-08,-0.000811252) 114414 11825.6 0.0416667
face centroid = (-1.62114,0.25002,4.95425)
contact = 13 1 13 12 (-2.3856,0.250017,4.65384) (0.897958,1.50823e-06,0.440081)
subcontact = (-2.49585,1.78381e-05,4.87761) 1623.16 (-139.563,-0.0034652,272.179) 32 -0.00155824 (0.000473793,1.19983e-08,-0.000944988) 77911.9 14682 0.0208333
face centroid = (-2.3849,0.250017,4.65478)
subcontact = (-2.49585,0.500018,4.87761) 3245.53 (-279.107,-0.00693081,544.322) 31 -0.00155786 (0.000473761,1.1999e-08,-0.000944925) 77892.9 14681 0.0416666
face centroid = (-2.3849,0.250017,4.65478)
subcontact = (-2.27629,0.500016,4.4284) 2185.97 (-139.53,-0.0240613,272.084) 30 -0.00209854 (0.00047366,8.31771e-08,-0.00094467) 104927 14677.2 0.0208333
face centroid = (-2.3849,0.250017,4.65478)
subcontact = (-2.27629,1.58024e-05,4.4284) 4372.74 (-279.079,-0.0481222,544.205) 29 -0.00209892 (0.000473692,8.31764e-08,-0.000944734) 104946 14678.2 0.0416666
face centroid = (-2.3849,0.250017,4.65478)
subcontact = (-2.27488,1.57239e-05,4.4303) 2184.93 (-139.54,-0.024059,272.104) 28 -0.00209754 (0.000473694,8.31697e-08,-0.000944738) 104877 14678.3 0.0208333
face centroid = (-2.38607,0.250017,4.65301)
subcontact = (-2.27488,0.500016,4.43029) 4369.07 (-279.061,-0.0481182,544.171) 27 -0.00209716 (0.000473662,8.317e-08,-0.000944675) 104858 14677.3 0.0416667
face centroid = (-2.38607,0.250017,4.65301)
subcontact = (-2.49493,0.500018,4.87927) 1621.32 (-139.554,-0.00346363,272.162) 26 -0.00155647 (0.000473763,1.19926e-08,-0.000944929) 77823.5 14681.1 0.0208333
face centroid = (-2.38607,0.250017,4.65301)
subcontact = (-2.49493,1.78308e-05,4.87927) 3243.44 (-279.127,-0.00692704,544.361) 25 -0.00155686 (0.000473795,1.19922e-08,-0.000944992) 77842.6 14682.1 0.0416667
face centroid = (-2.38607,0.250017,4.65301)
contact = 14 1 14 13 (-3.23698,0.500013,4.44166) (0.81805,5.72234e-06,0.575147)
subcontact = (-3.23771,1.3563e-05,4.43981) 819.869 (-184.088,-0.0250919,249.332) 24 -0.000787072 (0.000626157,8.66439e-08,-0.000868999) 39353.7 14876.5 0.0208333
face centroid = (-3.09287,0.250013,4.23737)
subcontact = (-3.23771,0.500014,4.43981) 1639.22 (-368.177,-0.0501808,498.67) 23 -0.000786825 (0.000626161,8.66386e-08,-0.000869009) 39341.3 14876.6 0.0416667
face centroid = (-3.09287,0.250013,4.23737)
subcontact = (-2.95014,0.500012,4.03079) 3468.82 (-180.864,-0.0211885,244.882) 22 -0.00333008 (0.000615125,7.31568e-08,-0.000853542) 166503 14612.7 0.0208333
face centroid = (-3.09287,0.250013,4.23737)
subcontact = (-2.95014,1.18441e-05,4.03079) 6938.15 (-361.726,-0.0423801,489.758) 21 -0.00333032 (0.000615121,7.31621e-08,-0.000853532) 166516 14612.6 0.0416667
face centroid = (-3.09287,0.250013,4.23737)
subcontact = (-2.94805,1.17812e-05,4.0336) 3465 (-180.869,-0.021213,244.887) 20 -0.0033264 (0.000615141,7.32351e-08,-0.00085356) 166322 14613.3 0.0208331
face centroid = (-3.09393,0.250013,4.2353)
subcontact = (-2.94805,0.500012,4.03359) 6929.48 (-361.74,-0.0424226,489.781) 19 -0.00332615 (0.000615145,7.32293e-08,-0.00085357) 166310 14613.4 0.0416661
face centroid = (-3.09393,0.250013,4.2353)
subcontact = (-3.2377,0.500013,4.44115) 815.512 (-184.094,-0.0251095,249.343) 18 -0.000782893 (0.000626182,8.67049e-08,-0.000869037) 39145.1 14877.3 0.0208331
face centroid = (-3.09393,0.250013,4.2353)
subcontact = (-3.2377,1.34779e-05,4.44115) 1631.54 (-368.188,-0.0502224,498.68) 17 -0.00078314 (0.000626177,8.67107e-08,-0.000869027) 39157.4 14877.2 0.0416661
face centroid = (-3.09393,0.250013,4.2353)
contact = 15 7 15 14 (-3.71231,0.25,3.71231) (0.707107,0,0.707107)
contact = 16 1 16 15 (-4.06415,2.09942e-06,2.94115) (0.596206,6.50739e-06,0.802831)
subcontact = (-4.46712,2.80929e-06,3.23716) 0 (0,0,0) 16 0.00326511 (0.000321621,8.44449e-07,-0.000235125) 0 0 0.0208333
face centroid = (-4.26618,0.250002,3.08914)
subcontact = (-4.46712,0.500003,3.23716) 0 (0,0,0) 15 0.00326224 (0.000322127,8.4444e-07,-0.000235508) 0 0 0.0416667
face centroid = (-4.26618,0.250002,3.08914)
subcontact = (-4.06571,0.500002,2.93905) 5440.54 (-100.325,-0.0569711,72.3376) 14 -0.00522294 (0.000344891,1.96945e-07,-0.000252384) 261146 5936.83 0.0208333
face centroid = (-4.26618,0.250002,3.08914)
subcontact = (-4.0657,2.08244e-06,2.93906) 10875.1 (-200.358,-0.113947,144.451) 13 -0.00522006 (0.000344385,1.96954e-07,-0.000252001) 261002 5928.03 0.0416667
face centroid = (-4.26618,0.250002,3.08914)
subcontact = (-4.06297,1.88542e-06,2.94352) 5429.21 (-100.17,-0.0573446,72.219) 12 -0.00521211 (0.000344359,1.98244e-07,-0.000251982) 260640 5928.34 0.0208303
face centroid = (-4.26641,0.250002,3.08811)
subcontact = (-4.06297,0.500002,2.94352) 10864.4 (-200.631,-0.114684,144.662) 11 -0.00521498 (0.000344865,1.98234e-07,-0.000252364) 260783 5937.15 0.0416607
face centroid = (-4.26641,0.250002,3.08811)
subcontact = (-4.46939,0.500002,3.23477) 0 (0,0,0) 10 0.00326982 (0.000322103,8.4557e-07,-0.00023549) 0 0 0.0208303
face centroid = (-4.26641,0.250002,3.08811)
subcontact = (-4.46939,1.96664e-06,3.23477) 0 (0,0,0) 9 0.0032727 (0.000321597,8.4558e-07,-0.000235107) 0 0 0.0416607
face centroid = (-4.26641,0.250002,3.08811)
contact = 17 7 17 16 (-4.67778,0.25,2.38345) (0.45399,0,0.891007)
contact = 18 7 18 17 (-4.99305,0.25,1.62234) (0.309017,0,0.951057)
contact = 19 1 19 18 (-5.18752,0.25,0.819077) (0.156434,0,0.987688)
subcontact = (-5.43659,-1.22269e-08,0.855981) 5241.37 (1015.69,0.00346596,-163.541) 8 -0.00503172 (-0.00351093,-1.19802e-08,0.000560695) 251591 49381.9 0.0208329
face centroid = (-5.18536,0.25,0.821281)
subcontact = (-5.43659,0.5,0.855981) 10483.5 (2031.43,0.00693199,-327.09) 7 -0.0050321 (-0.00351103,-1.19803e-08,0.000560709) 251610 49383.3 0.0416658
face centroid = (-5.18536,0.25,0.821281)
subcontact = (-4.94224,0.5,0.780986) 1844.96 (1019.02,-0.0249485,-164.07) 6 -0.00177116 (-0.00352245,8.62244e-08,0.00056252) 88560.1 49543.9 0.0208329
face centroid = (-5.18536,0.25,0.821281)
subcontact = (-4.94224,8.64485e-08,0.780986) 3689.15 (2037.98,-0.0498971,-328.131) 5 -0.00177079 (-0.00352235,8.62245e-08,0.000562506) 88541.4 49542.6 0.0416658
face centroid = (-5.18536,0.25,0.821281)
subcontact = (-4.93844,0,0.782172) 1824.01 (1019.01,-0.0252572,-164.069) 4 -0.00175106 (-0.00352242,8.72851e-08,0.000562517) 87552.7 49542.6 0.0208333
face centroid = (-5.18942,0.25,0.818484)
subcontact = (-4.93844,0.5,0.782172) 3648.81 (2038.08,-0.0505144,-328.146) 3 -0.00175143 (-0.00352252,8.72849e-08,0.000562531) 87571.4 49543.9 0.0416667
face centroid = (-5.18942,0.25,0.818484)
subcontact = (-5.43229,0.5,0.86039) 5221.23 (1015.74,0.00315982,-163.549) 2 -0.00501238 (-0.0035111,-1.09242e-08,0.00056072) 250619 49383.3 0.0208333
face centroid = (-5.18942,0.25,0.818484)
subcontact = (-5.43229,0,0.86039) 10441.7 (2031.42,0.00631953,-327.089) 1 -0.00501201 (-0.003511,-1.0924e-08,0.000560706) 250600 49381.9 0.0416667
face centroid = (-5.18942,0.25,0.818484)
3dec>log off
**********************************************
* Logging ended at Wed Mar 13 16:25:29 2024
**********************************************
**********************************************
* Logging started at Wed Mar 13 16:26:16 2024
* By 3dec Version 7.00 Release 159
* 
* 
* Job Title: 
**********************************************
3dec>log-file 'Displacement_step_1_distance_0.001m.txt'
**********************************************
* Logging ended at Wed Mar 13 16:26:16 2024
**********************************************
**********************************************
* Logging started at Wed Mar 13 16:26:16 2024
* By 3dec Version 7.00 Release 159
* 
* 
* Job Title: 
**********************************************
3dec>@contacts_output
contact = 1 1 1 0 (5.31089,0.250006,0.839969) (0.149411,-4.6716e-07,-0.988775)
subcontact = (5.43229,0,0.86092) 5369.93 (1042.66,0.180052,169.219) 112 -0.00515515 (-0.00360661,-6.22271e-07,-0.000565143) 257763 50704 0.0208328
face centroid = (5.1895,0.25,0.819018)
subcontact = (5.43229,0.5,0.86092) 10740.3 (2084.58,0.360103,338.308) 111 -0.00515538 (-0.00360533,-6.22268e-07,-0.000564933) 257775 50685.9 0.0416656
face centroid = (5.1895,0.25,0.819018)
subcontact = (4.93844,0.5,0.782702) 1668.6 (1042.53,-0.198956,169.193) 110 -0.00160184 (-0.00360615,6.87562e-07,-0.000565062) 80094.7 50697.5 0.0208328
face centroid = (5.1895,0.25,0.819018)
subcontact = (4.93844,0,0.782702) 3336.71 (2085.8,-0.397911,338.516) 109 -0.00160161 (-0.00360744,6.8756e-07,-0.000565272) 80083.1 50715.6 0.0416656
face centroid = (5.1895,0.25,0.819018)
subcontact = (4.94231,-6.8593e-07,0.781666) 1689.95 (1042.9,-0.19848,169.258) 108 -0.00162236 (-0.00360744,6.85929e-07,-0.000565272) 81117.7 50714.4 0.0208333
face centroid = (5.18536,0.25,0.821811)
subcontact = (4.9423,0.499999,0.781665) 3380.36 (2085.06,-0.396961,338.386) 107 -0.00162258 (-0.00360615,6.85931e-07,-0.000565062) 81128.6 50696.3 0.0416667
face centroid = (5.18536,0.25,0.821811)
subcontact = (5.43669,0.500001,0.856371) 5391.81 (1042.29,0.180515,169.154) 106 -0.00517614 (-0.00360532,-6.23879e-07,-0.000564932) 258807 50684.7 0.0208333
face centroid = (5.18536,0.25,0.821811)
subcontact = (5.43669,6.23882e-07,0.856371) 10783.2 (2085.33,0.361031,338.439) 105 -0.00517592 (-0.00360661,-6.23881e-07,-0.000565143) 258796 50702.8 0.0416667
face centroid = (5.18536,0.25,0.821811)
contact = 2 7 2 1 (4.99305,0.25,1.62234) (0.309017,0,-0.951057)
contact = 3 7 3 2 (4.67778,0.25,2.38345) (0.45399,0,-0.891007)
contact = 4 1 4 3 (4.26757,0.250009,3.09013) (0.590624,-0.00170896,-0.806945)
subcontact = (4.47089,2.19985e-07,3.23572) 110.865 (-31.9119,2.21217,-22.1569) 104 -0.000106405 (0.00010929,-7.64527e-06,7.79263e-05) 5321.82 1867.91 0.0208321
face centroid = (4.26901,0.250015,3.08803)
subcontact = (4.47089,0.5,3.23572) 221.37 (-58.6012,4.42418,-40.4913) 103 -0.000106232 (0.000100265,-7.64499e-06,7.13209e-05) 5313.18 1712.9 0.0416643
face centroid = (4.26901,0.250015,3.08803)
subcontact = (4.0643,0.499999,2.94471) 5313.82 (-34.3943,7.03949,-23.9919) 102 -0.00510131 (0.000117876,-2.43288e-05,8.42597e-05) 255078 2041.18 0.0208321
face centroid = (4.26901,0.250015,3.08803)
subcontact = (4.0643,-1.05311e-06,2.94471) 10628 (-74.0112,14.0791,-51.8063) 101 -0.00510149 (0.000126901,-2.43291e-05,9.08651e-05) 255087 2194.49 0.0416643
face centroid = (4.26901,0.250015,3.08803)
subcontact = (4.06718,1.95905e-05,2.9405) 5318.18 (-37.0063,7.04385,-25.9037) 100 -0.00510546 (0.000126913,-2.43436e-05,9.08737e-05) 255273 2194.44 0.0208333
face centroid = (4.26759,0.25,3.09022)
subcontact = (4.06719,0.50002,2.94051) 10635.9 (-68.7898,14.0874,-47.9847) 99 -0.00510525 (0.000117888,-2.43431e-05,8.4268e-05) 255262 2041.14 0.0416666
face centroid = (4.26759,0.25,3.09022)
subcontact = (4.47085,0.50001,3.23556) 114.69 (-29.3009,2.21614,-20.2458) 98 -0.000110102 (0.000100276,-7.65898e-06,7.13289e-05) 5505.14 1712.83 0.0208333
face centroid = (4.26759,0.25,3.09022)
subcontact = (4.47084,9.67596e-06,3.23556) 229.833 (-63.8246,4.43254,-44.3144) 97 -0.000110319 (0.000109301,-7.65945e-06,7.79345e-05) 5516.01 1867.84 0.0416666
face centroid = (4.26759,0.25,3.09022)
contact = 5 1 5 4 (3.90637,1.28194e-05,3.89089) (0.71499,-1.07237e-06,-0.699135)
subcontact = (3.90844,1.00416e-05,3.89021) 243.533 (-117.041,0.527993,-116.392) 96 -0.000233778 (0.00066822,-2.77045e-06,0.000673255) 11690 7923.32 0.0208326
face centroid = (3.73316,0.250015,3.71061)
subcontact = (3.90845,0.50001,3.89021) 485.948 (-233.237,1.05167,-231.982) 95 -0.000233242 (0.000671472,-2.77051e-06,0.000676569) 11663.2 7895.37 0.0416652
face centroid = (3.73316,0.250015,3.71061)
subcontact = (3.55592,0.50002,3.53564) 4580.54 (-195.584,-0.545162,-194.189) 94 -0.00439735 (0.000670966,1.88406e-06,0.000676108) 219874 13229.9 0.0208326
face centroid = (3.73316,0.250015,3.71061)
subcontact = (3.55591,1.99228e-05,3.53564) 9162.2 (-389.282,-1.09036,-386.465) 93 -0.00439788 (0.000667713,1.88412e-06,0.000672795) 219900 13165.4 0.0416652
face centroid = (3.73316,0.250015,3.71061)
subcontact = (3.55837,1.80495e-05,3.53186) 4587.22 (-194.642,-0.54718,-193.234) 92 -0.00440374 (0.000667714,1.891e-06,0.000672796) 220187 13165.1 0.0208333
face centroid = (3.73218,0.250015,3.71292)
subcontact = (3.55837,0.500018,3.53187) 9173.35 (-391.17,-1.09433,-388.382) 91 -0.00440321 (0.000670967,1.89096e-06,0.000676109) 220160 13229.5 0.0416667
face centroid = (3.73218,0.250015,3.71292)
subcontact = (3.90794,0.500013,3.88936) 249.033 (-119.655,0.531199,-118.992) 90 -0.000239073 (0.000671473,-2.76372e-06,0.00067657) 11953.6 8100.01 0.0208333
face centroid = (3.73218,0.250015,3.71292)
subcontact = (3.90794,1.2817e-05,3.88936) 499.163 (-240.144,1.06674,-238.774) 89 -0.000239599 (0.000668221,-2.76368e-06,0.000673256) 11979.9 8127.58 0.0416667
face centroid = (3.73218,0.250015,3.71292)
contact = 6 1 6 5 (3.24414,1.49943e-05,4.44206) (0.818391,-1.68971e-06,-0.574662)
subcontact = (3.24543,1.44483e-05,4.44247) 856.811 (-181.073,0.1644,-246.463) 88 -0.00082254 (0.000616632,-5.68338e-07,0.000858446) 41127.4 14680 0.0208331
face centroid = (3.10181,0.250017,4.23652)
subcontact = (3.24543,0.500014,4.44247) 1712.53 (-362.533,0.328798,-493.444) 87 -0.000822016 (0.000617286,-5.68336e-07,0.000859351) 41101.2 14695.5 0.0416662
face centroid = (3.10181,0.250017,4.23652)
subcontact = (2.95609,0.50002,4.0347) 3416.52 (-179.971,-0.178609,-244.918) 86 -0.00327987 (0.000612843,6.17104e-07,0.000853093) 163995 14588.9 0.0208331
face centroid = (3.10181,0.250017,4.23652)
subcontact = (2.95609,1.95325e-05,4.03469) 6834.13 (-359.556,-0.357217,-489.318) 85 -0.00328039 (0.000612188,6.17102e-07,0.000852189) 164021 14573.4 0.0416662
face centroid = (3.10181,0.250017,4.23652)
subcontact = (2.95815,1.89594e-05,4.03192) 3421.76 (-179.775,-0.178923,-244.656) 84 -0.0032849 (0.00061218,6.18198e-07,0.000852177) 164245 14573 0.0208333
face centroid = (3.10076,0.250017,4.23858)
subcontact = (2.95815,0.500019,4.03192) 6842.44 (-359.937,-0.357846,-489.829) 83 -0.00328438 (0.000612834,6.182e-07,0.000853081) 164219 14588.5 0.0416667
face centroid = (3.10076,0.250017,4.23858)
subcontact = (3.24548,0.500015,4.44112) 860.969 (-181.264,0.164085,-246.718) 82 -0.00082653 (0.000617278,-5.6724e-07,0.000859339) 41326.5 14695.1 0.0208333
face centroid = (3.10076,0.250017,4.23858)
subcontact = (3.24548,1.49915e-05,4.44112) 1723.02 (-362.141,0.328171,-492.919) 81 -0.000827049 (0.000616623,-5.67242e-07,0.000858434) 41352.4 14679.6 0.0416667
face centroid = (3.10076,0.250017,4.23858)
contact = 7 1 7 6 (2.39302,0.250019,4.65475) (0.898631,1.77649e-06,-0.438705)
subcontact = (2.50243,1.69827e-05,4.88013) 1656.09 (-138.986,0.130244,-270.028) 80 -0.00158985 (0.000470428,-4.50125e-07,0.000938265) 79492.4 14577.5 0.0208333
face centroid = (2.39371,0.250019,4.65381)
subcontact = (2.50243,0.500017,4.88014) 3311.01 (-278.24,0.260489,-540.569) 79 -0.00158929 (0.000470878,-4.50127e-07,0.000939158) 79464.4 14591.4 0.0416666
face centroid = (2.39371,0.250019,4.65381)
subcontact = (2.28265,0.500021,4.43103) 2146.64 (-140.041,-0.15851,-272.062) 78 -0.00206078 (0.000473988,5.47814e-07,0.00094534) 103039 14687.5 0.0208333
face centroid = (2.39371,0.250019,4.65381)
subcontact = (2.28265,2.07696e-05,4.43103) 4294.45 (-279.815,-0.317021,-543.612) 77 -0.00206134 (0.000473538,5.47816e-07,0.000944447) 103067 14673.6 0.0416666
face centroid = (2.39371,0.250019,4.65381)
subcontact = (2.28403,2.02247e-05,4.42915) 2149.26 (-139.908,-0.158757,-271.808) 76 -0.0020633 (0.000473541,5.48664e-07,0.000944453) 103165 14673.7 0.0208333
face centroid = (2.39254,0.250019,4.65558)
subcontact = (2.28403,0.50002,4.42915) 4297.37 (-280.084,-0.317512,-544.129) 75 -0.00206274 (0.000473991,5.48661e-07,0.000945346) 103137 14687.6 0.0416667
face centroid = (2.39254,0.250019,4.65558)
subcontact = (2.50339,0.500017,4.87847) 1657.55 (-139.121,0.13,-270.286) 74 -0.00159125 (0.000470881,-4.49283e-07,0.000939163) 79562.3 14591.5 0.0208333
face centroid = (2.39254,0.250019,4.65558)
subcontact = (2.50338,1.74345e-05,4.87846) 3316.26 (-277.974,0.26,-540.059) 73 -0.00159181 (0.000470431,-4.4928e-07,0.000938271) 79590.2 14577.6 0.0416667
face centroid = (2.39254,0.250019,4.65558)
contact = 8 1 8 7 (1.62767,0.250021,4.95548) (0.955417,2.48082e-07,-0.295259)
subcontact = (1.70051,1.93548e-05,5.19508) 2406.52 (-73.7684,0.108024,-224.834) 72 -0.00231026 (0.000248204,-3.73335e-07,0.000779185) 115513 11358.1 0.0208333
face centroid = (1.62865,0.250021,4.95473)
subcontact = (1.70051,0.500019,5.19508) 4811.82 (-147.689,0.216049,-450.124) 71 -0.00230968 (0.000248458,-3.73338e-07,0.000779977) 115484 11369.6 0.0416665
face centroid = (1.62865,0.250021,4.95473)
subcontact = (1.55414,0.500022,4.71699) 1036.69 (-75.8628,-0.130477,-231.248) 70 -0.000995228 (0.000255267,4.50925e-07,0.000801411) 49761.5 11682 0.0208333
face centroid = (1.62865,0.250021,4.95473)
subcontact = (1.55414,2.19704e-05,4.71698) 2074.61 (-151.574,-0.260955,-462.04) 69 -0.000995814 (0.000255013,4.50928e-07,0.000800619) 49790.8 11670.5 0.0416665
face centroid = (1.62865,0.250021,4.95473)
subcontact = (1.55484,2.15196e-05,4.71588) 1037.29 (-75.7892,-0.130634,-231.027) 68 -0.000995798 (0.000255019,4.51461e-07,0.000800641) 49789.9 11670.8 0.0208333
face centroid = (1.62733,0.250021,4.95603)
subcontact = (1.55484,0.500022,4.71588) 2073.36 (-151.73,-0.261266,-462.511) 67 -0.000995212 (0.000255273,4.51459e-07,0.000801433) 49760.6 11682.3 0.0416667
face centroid = (1.62733,0.250021,4.95603)
subcontact = (1.70247,0.50002,5.19359) 2405.9 (-73.8465,0.10787,-225.069) 66 -0.00230966 (0.000248465,-3.72807e-07,0.000779998) 115483 11370 0.0208333
face centroid = (1.62733,0.250021,4.95603)
subcontact = (1.70246,1.9728e-05,5.19359) 4813.02 (-147.541,0.215739,-449.681) 65 -0.00231025 (0.000248211,-3.72805e-07,0.000779206) 115512 11358.4 0.0416667
face centroid = (1.62733,0.250021,4.95603)
contact = 9 1 9 8 (0.824996,0.250022,5.13518) (0.989024,3.17513e-07,-0.147753)
subcontact = (0.860439,2.12229e-05,5.38292) 2936.15 (-22.6916,0.156967,-140.283) 64 -0.00281872 (7.54937e-05,-5.42486e-07,0.000485277) 140938 6821.23 0.020833
face centroid = (0.826351,0.250022,5.13472)
subcontact = (0.86044,0.500021,5.38292) 5871.05 (-45.5102,0.313937,-281.342) 63 -0.00281811 (7.57038e-05,-5.42493e-07,0.000486619) 140907 6840.1 0.041666
face centroid = (0.826351,0.250022,5.13472)
subcontact = (0.789362,0.500023,4.888) 281.433 (-19.0556,-0.179574,-118.541) 62 -0.000270172 (8.02642e-05,8.06843e-07,0.000516088) 13509 5763.12 0.020833
face centroid = (0.826351,0.250022,5.13472)
subcontact = (0.789361,2.28785e-05,4.888) 564.119 (-38.1579,-0.360496,-237.358) 61 -0.000270774 (8.00541e-05,8.0685e-07,0.000514746) 13539.1 5769.82 0.041666
face centroid = (0.826351,0.250022,5.13472)
subcontact = (0.789552,2.20699e-05,4.88744) 281.584 (-18.9998,-0.179757,-118.2) 60 -0.00027032 (8.00569e-05,8.07469e-07,0.000514764) 13516.1 5746.45 0.0208333
face centroid = (0.824901,0.250022,5.13546)
subcontact = (0.789552,0.500022,4.88744) 561.915 (-37.9526,-0.358151,-236.123) 59 -0.000269718 (8.0267e-05,8.07464e-07,0.000516107) 13486 5739.7 0.0416667
face centroid = (0.824901,0.250022,5.13546)
subcontact = (0.863151,0.500022,5.382) 2935.07 (-22.7562,0.156796,-140.678) 58 -0.00281767 (7.57066e-05,-5.41885e-07,0.000486637) 140884 6840.32 0.0208333
face centroid = (0.824901,0.250022,5.13546)
subcontact = (0.863151,2.17638e-05,5.382) 5871.4 (-45.3853,0.313589,-280.58) 57 -0.00281827 (7.54965e-05,-5.4188e-07,0.000485295) 140914 6821.45 0.0416667
face centroid = (0.824901,0.250022,5.13546)
contact = 10 1 10 9 (0.00309456,0.250022,5.3167) (0.999989,9.17784e-08,-0.00462899)
subcontact = (0.00216583,2.24747e-05,5.44167) 3139.07 (-0.106568,-0.0221715,19.1949) 56 -0.00301352 (3.06497e-08,7.66272e-08,-6.63297e-05) 150690 921.458 0.0208313
face centroid = (0.00292045,0.250021,5.19174)
subcontact = (0.00216626,0.500022,5.44167) 6277.44 (-0.215627,-0.0443368,37.141) 55 -0.00301318 (3.77964e-08,7.66165e-08,-6.41718e-05) 150673 891.486 0.0416626
face centroid = (0.00292045,0.250021,5.19174)
subcontact = (0.00683888,0.500023,4.94169) 0 (0,0,0) 54 0.0061793 (1.88828e-07,2.22796e-06,-3.11358e-05) 0 0 0.0208313
face centroid = (0.00292045,0.250021,5.19174)
subcontact = (0.00683845,2.27161e-05,4.94169) 0 (0,0,0) 53 0.00617896 (1.81681e-07,2.22797e-06,-3.32937e-05) 0 0 0.0416626
face centroid = (0.00292045,0.250021,5.19174)
subcontact = (0.000660376,2.04884e-05,4.94175) 0 (0,0,0) 52 0.00617677 (1.8164e-07,2.22717e-06,-3.33029e-05) 0 0 0.0208331
face centroid = (0.00450235,0.250023,5.19168)
subcontact = (0.000660447,0.50002,4.94175) 0 (0,0,0) 51 0.00617714 (1.88787e-07,2.22717e-06,-3.11449e-05) 0 0 0.0416663
face centroid = (0.00450235,0.250023,5.19168)
subcontact = (0.00518052,0.500022,5.44173) 3141.31 (-0.10781,-0.0219331,18.5717) 50 -0.00301566 (3.77479e-08,7.58002e-08,-6.41827e-05) 150784 891.467 0.0208331
face centroid = (0.00450235,0.250023,5.19168)
subcontact = (0.00518045,2.23982e-05,5.44173) 6283.38 (-0.213129,-0.0438698,38.3923) 49 -0.00301603 (3.06005e-08,7.58066e-08,-6.63407e-05) 150803 921.439 0.0416663
face centroid = (0.00450235,0.250023,5.19168)
contact = 11 1 11 10 (-0.818808,0.250021,5.13481) (0.989816,1.39674e-07,0.142351)
subcontact = (-0.855786,2.22906e-05,5.3818) 2923.38 (-23.0404,0.0399993,139.062) 48 -0.00280645 (7.44913e-05,-1.38235e-07,-0.00048142) 140324 6766.05 0.0208331
face centroid = (-0.817457,0.250021,5.13526)
subcontact = (-0.855786,0.500022,5.3818) 5845.6 (-46.0486,0.0799986,277.924) 47 -0.00280589 (7.44386e-05,-1.38235e-07,-0.000481075) 140296 6761.19 0.0416661
face centroid = (-0.817457,0.250021,5.13526)
subcontact = (-0.782036,0.50002,4.88726) 295.595 (-24.0529,-0.0622738,145.464) 46 -0.000283769 (7.78356e-05,2.15224e-07,-0.000503572) 14188.7 7077.19 0.0208331
face centroid = (-0.817457,0.250021,5.13526)
subcontact = (-0.782036,2.03906e-05,4.88727) 592.353 (-48.1381,-0.124548,291.128) 45 -0.000284327 (7.78883e-05,2.15224e-07,-0.000503917) 14216.7 7082.04 0.0416661
face centroid = (-0.817457,0.250021,5.13526)
subcontact = (-0.78183,2.01782e-05,4.88782) 297.144 (-24.0683,-0.0622192,145.559) 44 -0.000285257 (7.78858e-05,2.15032e-07,-0.0005039) 14262.9 7081.7 0.0208333
face centroid = (-0.818911,0.250021,5.13453)
subcontact = (-0.78183,0.50002,4.88782) 593.124 (-48.1043,-0.124438,290.918) 43 -0.000284698 (7.78331e-05,2.15032e-07,-0.000503555) 14235 7076.85 0.0416667
face centroid = (-0.818911,0.250021,5.13453)
subcontact = (-0.853084,0.500022,5.38271) 2923.76 (-23.0235,0.0400561,138.957) 42 -0.00280682 (7.44361e-05,-1.38431e-07,-0.000481058) 140341 6760.86 0.0208333
face centroid = (-0.818911,0.250021,5.13453)
subcontact = (-0.853084,2.24314e-05,5.38271) 5848.69 (-46.0793,0.0801121,278.113) 41 -0.00280738 (7.44888e-05,-1.38431e-07,-0.000481403) 140369 6765.71 0.0416667
face centroid = (-0.818911,0.250021,5.13453)
contact = 12 1 12 11 (-1.62079,0.25002,4.95482) (0.956188,5.51323e-07,0.292752)
subcontact = (-1.69504,2.08165e-05,5.19308) 2383.05 (-77.478,0.0179498,233.873) 40 -0.00228773 (0.000258534,-6.20264e-08,-0.000811269) 114387 11825.9 0.0208332
face centroid = (-1.61982,0.25002,4.95558)
subcontact = (-1.69504,0.500021,5.19308) 4765.08 (-154.919,0.0358994,467.636) 39 -0.00228724 (0.000258473,-6.2026e-08,-0.000811078) 114362 11823.1 0.0416665
face centroid = (-1.61982,0.25002,4.95558)
subcontact = (-1.54725,0.500019,4.71542) 1063.87 (-78.9156,-0.0416664,238.294) 38 -0.00102132 (0.00026337,1.44011e-07,-0.000826593) 51066.2 12049.1 0.0208332
face centroid = (-1.61982,0.25002,4.95558)
subcontact = (-1.54725,1.87101e-05,4.71542) 2128.77 (-157.868,-0.0833326,476.699) 37 -0.00102181 (0.000263432,1.4401e-07,-0.000826784) 51090.6 12051.9 0.0416665
face centroid = (-1.61982,0.25002,4.95558)
subcontact = (-1.54653,1.85705e-05,4.71657) 1064.95 (-78.9322,-0.0416217,238.344) 36 -0.00102236 (0.000263426,1.43854e-07,-0.000826766) 51117.8 12051.6 0.0208333
face centroid = (-1.62114,0.25002,4.95425)
subcontact = (-1.54653,0.500019,4.71656) 2128.89 (-157.828,-0.0832435,476.578) 35 -0.00102187 (0.000263365,1.43854e-07,-0.000826575) 51093.3 12048.8 0.0416667
face centroid = (-1.62114,0.25002,4.95425)
subcontact = (-1.69312,0.500021,5.19459) 2383.11 (-77.4579,0.0179952,233.812) 34 -0.00228779 (0.000258467,-6.2184e-08,-0.00081106) 114389 11822.8 0.0208333
face centroid = (-1.62114,0.25002,4.95425)
subcontact = (-1.69312,2.0883e-05,5.1946) 4767.23 (-154.952,0.0359906,467.735) 33 -0.00228828 (0.000258528,-6.21843e-08,-0.000811252) 114414 11825.6 0.0416667
face centroid = (-1.62114,0.25002,4.95425)
contact = 13 1 13 12 (-2.3856,0.250017,4.65384) (0.897958,1.50823e-06,0.440081)
subcontact = (-2.49585,1.78381e-05,4.87761) 1623.16 (-139.563,-0.0034652,272.179) 32 -0.00155824 (0.000473793,1.19983e-08,-0.000944988) 77911.9 14682 0.0208333
face centroid = (-2.3849,0.250017,4.65478)
subcontact = (-2.49585,0.500018,4.87761) 3245.53 (-279.107,-0.00693081,544.322) 31 -0.00155786 (0.000473761,1.1999e-08,-0.000944925) 77892.9 14681 0.0416666
face centroid = (-2.3849,0.250017,4.65478)
subcontact = (-2.27629,0.500016,4.4284) 2185.97 (-139.53,-0.0240613,272.084) 30 -0.00209854 (0.00047366,8.31771e-08,-0.00094467) 104927 14677.2 0.0208333
face centroid = (-2.3849,0.250017,4.65478)
subcontact = (-2.27629,1.58024e-05,4.4284) 4372.74 (-279.079,-0.0481222,544.205) 29 -0.00209892 (0.000473692,8.31764e-08,-0.000944734) 104946 14678.2 0.0416666
face centroid = (-2.3849,0.250017,4.65478)
subcontact = (-2.27488,1.57239e-05,4.4303) 2184.93 (-139.54,-0.024059,272.104) 28 -0.00209754 (0.000473694,8.31697e-08,-0.000944738) 104877 14678.3 0.0208333
face centroid = (-2.38607,0.250017,4.65301)
subcontact = (-2.27488,0.500016,4.43029) 4369.07 (-279.061,-0.0481182,544.171) 27 -0.00209716 (0.000473662,8.317e-08,-0.000944675) 104858 14677.3 0.0416667
face centroid = (-2.38607,0.250017,4.65301)
subcontact = (-2.49493,0.500018,4.87927) 1621.32 (-139.554,-0.00346363,272.162) 26 -0.00155647 (0.000473763,1.19926e-08,-0.000944929) 77823.5 14681.1 0.0208333
face centroid = (-2.38607,0.250017,4.65301)
subcontact = (-2.49493,1.78308e-05,4.87927) 3243.44 (-279.127,-0.00692704,544.361) 25 -0.00155686 (0.000473795,1.19922e-08,-0.000944992) 77842.6 14682.1 0.0416667
face centroid = (-2.38607,0.250017,4.65301)
contact = 14 1 14 13 (-3.23698,0.500013,4.44166) (0.81805,5.72234e-06,0.575147)
subcontact = (-3.23771,1.3563e-05,4.43981) 819.869 (-184.088,-0.0250919,249.332) 24 -0.000787072 (0.000626157,8.66439e-08,-0.000868999) 39353.7 14876.5 0.0208333
face centroid = (-3.09287,0.250013,4.23737)
subcontact = (-3.23771,0.500014,4.43981) 1639.22 (-368.177,-0.0501808,498.67) 23 -0.000786825 (0.000626161,8.66386e-08,-0.000869009) 39341.3 14876.6 0.0416667
face centroid = (-3.09287,0.250013,4.23737)
subcontact = (-2.95014,0.500012,4.03079) 3468.82 (-180.864,-0.0211885,244.882) 22 -0.00333008 (0.000615125,7.31568e-08,-0.000853542) 166503 14612.7 0.0208333
face centroid = (-3.09287,0.250013,4.23737)
subcontact = (-2.95014,1.18441e-05,4.03079) 6938.15 (-361.726,-0.0423801,489.758) 21 -0.00333032 (0.000615121,7.31621e-08,-0.000853532) 166516 14612.6 0.0416667
face centroid = (-3.09287,0.250013,4.23737)
subcontact = (-2.94805,1.17812e-05,4.0336) 3465 (-180.869,-0.021213,244.887) 20 -0.0033264 (0.000615141,7.32351e-08,-0.00085356) 166322 14613.3 0.0208331
face centroid = (-3.09393,0.250013,4.2353)
subcontact = (-2.94805,0.500012,4.03359) 6929.48 (-361.74,-0.0424226,489.781) 19 -0.00332615 (0.000615145,7.32293e-08,-0.00085357) 166310 14613.4 0.0416661
face centroid = (-3.09393,0.250013,4.2353)
subcontact = (-3.2377,0.500013,4.44115) 815.512 (-184.094,-0.0251095,249.343) 18 -0.000782893 (0.000626182,8.67049e-08,-0.000869037) 39145.1 14877.3 0.0208331
face centroid = (-3.09393,0.250013,4.2353)
subcontact = (-3.2377,1.34779e-05,4.44115) 1631.54 (-368.188,-0.0502224,498.68) 17 -0.00078314 (0.000626177,8.67107e-08,-0.000869027) 39157.4 14877.2 0.0416661
face centroid = (-3.09393,0.250013,4.2353)
contact = 15 7 15 14 (-3.71231,0.25,3.71231) (0.707107,0,0.707107)
contact = 16 1 16 15 (-4.06415,2.09942e-06,2.94115) (0.596206,6.50739e-06,0.802831)
subcontact = (-4.46712,2.80929e-06,3.23716) 0 (0,0,0) 16 0.00326511 (0.000321621,8.44449e-07,-0.000235125) 0 0 0.0208333
face centroid = (-4.26618,0.250002,3.08914)
subcontact = (-4.46712,0.500003,3.23716) 0 (0,0,0) 15 0.00326224 (0.000322127,8.4444e-07,-0.000235508) 0 0 0.0416667
face centroid = (-4.26618,0.250002,3.08914)
subcontact = (-4.06571,0.500002,2.93905) 5440.54 (-100.325,-0.0569711,72.3376) 14 -0.00522294 (0.000344891,1.96945e-07,-0.000252384) 261146 5936.83 0.0208333
face centroid = (-4.26618,0.250002,3.08914)
subcontact = (-4.0657,2.08244e-06,2.93906) 10875.1 (-200.358,-0.113947,144.451) 13 -0.00522006 (0.000344385,1.96954e-07,-0.000252001) 261002 5928.03 0.0416667
face centroid = (-4.26618,0.250002,3.08914)
subcontact = (-4.06297,1.88542e-06,2.94352) 5429.21 (-100.17,-0.0573446,72.219) 12 -0.00521211 (0.000344359,1.98244e-07,-0.000251982) 260640 5928.34 0.0208303
face centroid = (-4.26641,0.250002,3.08811)
subcontact = (-4.06297,0.500002,2.94352) 10864.4 (-200.631,-0.114684,144.662) 11 -0.00521498 (0.000344865,1.98234e-07,-0.000252364) 260783 5937.15 0.0416607
face centroid = (-4.26641,0.250002,3.08811)
subcontact = (-4.46939,0.500002,3.23477) 0 (0,0,0) 10 0.00326982 (0.000322103,8.4557e-07,-0.00023549) 0 0 0.0208303
face centroid = (-4.26641,0.250002,3.08811)
subcontact = (-4.46939,1.96664e-06,3.23477) 0 (0,0,0) 9 0.0032727 (0.000321597,8.4558e-07,-0.000235107) 0 0 0.0416607
face centroid = (-4.26641,0.250002,3.08811)
contact = 17 7 17 16 (-4.67778,0.25,2.38345) (0.45399,0,0.891007)
contact = 18 7 18 17 (-4.99305,0.25,1.62234) (0.309017,0,0.951057)
contact = 19 1 19 18 (-5.18752,0.25,0.819077) (0.156434,0,0.987688)
subcontact = (-5.43659,-1.22269e-08,0.855981) 5241.37 (1015.69,0.00346596,-163.541) 8 -0.00503172 (-0.00351093,-1.19802e-08,0.000560695) 251591 49381.9 0.0208329
face centroid = (-5.18536,0.25,0.821281)
subcontact = (-5.43659,0.5,0.855981) 10483.5 (2031.43,0.00693199,-327.09) 7 -0.0050321 (-0.00351103,-1.19803e-08,0.000560709) 251610 49383.3 0.0416658
face centroid = (-5.18536,0.25,0.821281)
subcontact = (-4.94224,0.5,0.780986) 1844.96 (1019.02,-0.0249485,-164.07) 6 -0.00177116 (-0.00352245,8.62244e-08,0.00056252) 88560.1 49543.9 0.0208329
face centroid = (-5.18536,0.25,0.821281)
subcontact = (-4.94224,8.64485e-08,0.780986) 3689.15 (2037.98,-0.0498971,-328.131) 5 -0.00177079 (-0.00352235,8.62245e-08,0.000562506) 88541.4 49542.6 0.0416658
face centroid = (-5.18536,0.25,0.821281)
subcontact = (-4.93844,0,0.782172) 1824.01 (1019.01,-0.0252572,-164.069) 4 -0.00175106 (-0.00352242,8.72851e-08,0.000562517) 87552.7 49542.6 0.0208333
face centroid = (-5.18942,0.25,0.818484)
subcontact = (-4.93844,0.5,0.782172) 3648.81 (2038.08,-0.0505144,-328.146) 3 -0.00175143 (-0.00352252,8.72849e-08,0.000562531) 87571.4 49543.9 0.0416667
face centroid = (-5.18942,0.25,0.818484)
subcontact = (-5.43229,0.5,0.86039) 5221.23 (1015.74,0.00315982,-163.549) 2 -0.00501238 (-0.0035111,-1.09242e-08,0.00056072) 250619 49383.3 0.0208333
face centroid = (-5.18942,0.25,0.818484)
subcontact = (-5.43229,0,0.86039) 10441.7 (2031.42,0.00631953,-327.089) 1 -0.00501201 (-0.003511,-1.0924e-08,0.000560706) 250600 49381.9 0.0416667
face centroid = (-5.18942,0.25,0.818484)
3dec>log off
**********************************************
* Logging ended at Wed Mar 13 16:26:16 2024
**********************************************
**********************************************
* Logging started at Wed Mar 13 16:26:55 2024
* By 3dec Version 7.00 Release 159
* 
* 
* Job Title: 
**********************************************
3dec>log-file 'Displacement_step_1_distance_0.001m.txt'
**********************************************
* Logging ended at Wed Mar 13 16:26:55 2024
**********************************************
**********************************************
* Logging started at Wed Mar 13 16:26:55 2024
* By 3dec Version 7.00 Release 159
* 
* 
* Job Title: 
**********************************************
3dec>@contacts_output
contact = 1 1 1 0 (5.31089,0.250006,0.839969) (0.149411,-4.6716e-07,-0.988775)
subcontact = (5.43229,0,0.86092) 5369.93 (1042.66,0.180052,169.219) 112 -0.00515515 (-0.00360661,-6.22271e-07,-0.000565143) 257763 50704 0.0208328
face centroid = (5.1895,0.25,0.819018)
subcontact = (5.43229,0.5,0.86092) 10740.3 (2084.58,0.360103,338.308) 111 -0.00515538 (-0.00360533,-6.22268e-07,-0.000564933) 257775 50685.9 0.0416656
face centroid = (5.1895,0.25,0.819018)
subcontact = (4.93844,0.5,0.782702) 1668.6 (1042.53,-0.198956,169.193) 110 -0.00160184 (-0.00360615,6.87562e-07,-0.000565062) 80094.7 50697.5 0.0208328
face centroid = (5.1895,0.25,0.819018)
subcontact = (4.93844,0,0.782702) 3336.71 (2085.8,-0.397911,338.516) 109 -0.00160161 (-0.00360744,6.8756e-07,-0.000565272) 80083.1 50715.6 0.0416656
face centroid = (5.1895,0.25,0.819018)
subcontact = (4.94231,-6.8593e-07,0.781666) 1689.95 (1042.9,-0.19848,169.258) 108 -0.00162236 (-0.00360744,6.85929e-07,-0.000565272) 81117.7 50714.4 0.0208333
face centroid = (5.18536,0.25,0.821811)
subcontact = (4.9423,0.499999,0.781665) 3380.36 (2085.06,-0.396961,338.386) 107 -0.00162258 (-0.00360615,6.85931e-07,-0.000565062) 81128.6 50696.3 0.0416667
face centroid = (5.18536,0.25,0.821811)
subcontact = (5.43669,0.500001,0.856371) 5391.81 (1042.29,0.180515,169.154) 106 -0.00517614 (-0.00360532,-6.23879e-07,-0.000564932) 258807 50684.7 0.0208333
face centroid = (5.18536,0.25,0.821811)
subcontact = (5.43669,6.23882e-07,0.856371) 10783.2 (2085.33,0.361031,338.439) 105 -0.00517592 (-0.00360661,-6.23881e-07,-0.000565143) 258796 50702.8 0.0416667
face centroid = (5.18536,0.25,0.821811)
contact = 2 7 2 1 (4.99305,0.25,1.62234) (0.309017,0,-0.951057)
contact = 3 7 3 2 (4.67778,0.25,2.38345) (0.45399,0,-0.891007)
contact = 4 1 4 3 (4.26757,0.250009,3.09013) (0.590624,-0.00170896,-0.806945)
subcontact = (4.47089,2.19985e-07,3.23572) 110.865 (-31.9119,2.21217,-22.1569) 104 -0.000106405 (0.00010929,-7.64527e-06,7.79263e-05) 5321.82 1867.91 0.0208321
face centroid = (4.26901,0.250015,3.08803)
subcontact = (4.47089,0.5,3.23572) 221.37 (-58.6012,4.42418,-40.4913) 103 -0.000106232 (0.000100265,-7.64499e-06,7.13209e-05) 5313.18 1712.9 0.0416643
face centroid = (4.26901,0.250015,3.08803)
subcontact = (4.0643,0.499999,2.94471) 5313.82 (-34.3943,7.03949,-23.9919) 102 -0.00510131 (0.000117876,-2.43288e-05,8.42597e-05) 255078 2041.18 0.0208321
face centroid = (4.26901,0.250015,3.08803)
subcontact = (4.0643,-1.05311e-06,2.94471) 10628 (-74.0112,14.0791,-51.8063) 101 -0.00510149 (0.000126901,-2.43291e-05,9.08651e-05) 255087 2194.49 0.0416643
face centroid = (4.26901,0.250015,3.08803)
subcontact = (4.06718,1.95905e-05,2.9405) 5318.18 (-37.0063,7.04385,-25.9037) 100 -0.00510546 (0.000126913,-2.43436e-05,9.08737e-05) 255273 2194.44 0.0208333
face centroid = (4.26759,0.25,3.09022)
subcontact = (4.06719,0.50002,2.94051) 10635.9 (-68.7898,14.0874,-47.9847) 99 -0.00510525 (0.000117888,-2.43431e-05,8.4268e-05) 255262 2041.14 0.0416666
face centroid = (4.26759,0.25,3.09022)
subcontact = (4.47085,0.50001,3.23556) 114.69 (-29.3009,2.21614,-20.2458) 98 -0.000110102 (0.000100276,-7.65898e-06,7.13289e-05) 5505.14 1712.83 0.0208333
face centroid = (4.26759,0.25,3.09022)
subcontact = (4.47084,9.67596e-06,3.23556) 229.833 (-63.8246,4.43254,-44.3144) 97 -0.000110319 (0.000109301,-7.65945e-06,7.79345e-05) 5516.01 1867.84 0.0416666
face centroid = (4.26759,0.25,3.09022)
contact = 5 1 5 4 (3.90637,1.28194e-05,3.89089) (0.71499,-1.07237e-06,-0.699135)
subcontact = (3.90844,1.00416e-05,3.89021) 243.533 (-117.041,0.527993,-116.392) 96 -0.000233778 (0.00066822,-2.77045e-06,0.000673255) 11690 7923.32 0.0208326
face centroid = (3.73316,0.250015,3.71061)
subcontact = (3.90845,0.50001,3.89021) 485.948 (-233.237,1.05167,-231.982) 95 -0.000233242 (0.000671472,-2.77051e-06,0.000676569) 11663.2 7895.37 0.0416652
face centroid = (3.73316,0.250015,3.71061)
subcontact = (3.55592,0.50002,3.53564) 4580.54 (-195.584,-0.545162,-194.189) 94 -0.00439735 (0.000670966,1.88406e-06,0.000676108) 219874 13229.9 0.0208326
face centroid = (3.73316,0.250015,3.71061)
subcontact = (3.55591,1.99228e-05,3.53564) 9162.2 (-389.282,-1.09036,-386.465) 93 -0.00439788 (0.000667713,1.88412e-06,0.000672795) 219900 13165.4 0.0416652
face centroid = (3.73316,0.250015,3.71061)
subcontact = (3.55837,1.80495e-05,3.53186) 4587.22 (-194.642,-0.54718,-193.234) 92 -0.00440374 (0.000667714,1.891e-06,0.000672796) 220187 13165.1 0.0208333
face centroid = (3.73218,0.250015,3.71292)
subcontact = (3.55837,0.500018,3.53187) 9173.35 (-391.17,-1.09433,-388.382) 91 -0.00440321 (0.000670967,1.89096e-06,0.000676109) 220160 13229.5 0.0416667
face centroid = (3.73218,0.250015,3.71292)
subcontact = (3.90794,0.500013,3.88936) 249.033 (-119.655,0.531199,-118.992) 90 -0.000239073 (0.000671473,-2.76372e-06,0.00067657) 11953.6 8100.01 0.0208333
face centroid = (3.73218,0.250015,3.71292)
subcontact = (3.90794,1.2817e-05,3.88936) 499.163 (-240.144,1.06674,-238.774) 89 -0.000239599 (0.000668221,-2.76368e-06,0.000673256) 11979.9 8127.58 0.0416667
face centroid = (3.73218,0.250015,3.71292)
contact = 6 1 6 5 (3.24414,1.49943e-05,4.44206) (0.818391,-1.68971e-06,-0.574662)
subcontact = (3.24543,1.44483e-05,4.44247) 856.811 (-181.073,0.1644,-246.463) 88 -0.00082254 (0.000616632,-5.68338e-07,0.000858446) 41127.4 14680 0.0208331
face centroid = (3.10181,0.250017,4.23652)
subcontact = (3.24543,0.500014,4.44247) 1712.53 (-362.533,0.328798,-493.444) 87 -0.000822016 (0.000617286,-5.68336e-07,0.000859351) 41101.2 14695.5 0.0416662
face centroid = (3.10181,0.250017,4.23652)
subcontact = (2.95609,0.50002,4.0347) 3416.52 (-179.971,-0.178609,-244.918) 86 -0.00327987 (0.000612843,6.17104e-07,0.000853093) 163995 14588.9 0.0208331
face centroid = (3.10181,0.250017,4.23652)
subcontact = (2.95609,1.95325e-05,4.03469) 6834.13 (-359.556,-0.357217,-489.318) 85 -0.00328039 (0.000612188,6.17102e-07,0.000852189) 164021 14573.4 0.0416662
face centroid = (3.10181,0.250017,4.23652)
subcontact = (2.95815,1.89594e-05,4.03192) 3421.76 (-179.775,-0.178923,-244.656) 84 -0.0032849 (0.00061218,6.18198e-07,0.000852177) 164245 14573 0.0208333
face centroid = (3.10076,0.250017,4.23858)
subcontact = (2.95815,0.500019,4.03192) 6842.44 (-359.937,-0.357846,-489.829) 83 -0.00328438 (0.000612834,6.182e-07,0.000853081) 164219 14588.5 0.0416667
face centroid = (3.10076,0.250017,4.23858)
subcontact = (3.24548,0.500015,4.44112) 860.969 (-181.264,0.164085,-246.718) 82 -0.00082653 (0.000617278,-5.6724e-07,0.000859339) 41326.5 14695.1 0.0208333
face centroid = (3.10076,0.250017,4.23858)
subcontact = (3.24548,1.49915e-05,4.44112) 1723.02 (-362.141,0.328171,-492.919) 81 -0.000827049 (0.000616623,-5.67242e-07,0.000858434) 41352.4 14679.6 0.0416667
face centroid = (3.10076,0.250017,4.23858)
contact = 7 1 7 6 (2.39302,0.250019,4.65475) (0.898631,1.77649e-06,-0.438705)
subcontact = (2.50243,1.69827e-05,4.88013) 1656.09 (-138.986,0.130244,-270.028) 80 -0.00158985 (0.000470428,-4.50125e-07,0.000938265) 79492.4 14577.5 0.0208333
face centroid = (2.39371,0.250019,4.65381)
subcontact = (2.50243,0.500017,4.88014) 3311.01 (-278.24,0.260489,-540.569) 79 -0.00158929 (0.000470878,-4.50127e-07,0.000939158) 79464.4 14591.4 0.0416666
face centroid = (2.39371,0.250019,4.65381)
subcontact = (2.28265,0.500021,4.43103) 2146.64 (-140.041,-0.15851,-272.062) 78 -0.00206078 (0.000473988,5.47814e-07,0.00094534) 103039 14687.5 0.0208333
face centroid = (2.39371,0.250019,4.65381)
subcontact = (2.28265,2.07696e-05,4.43103) 4294.45 (-279.815,-0.317021,-543.612) 77 -0.00206134 (0.000473538,5.47816e-07,0.000944447) 103067 14673.6 0.0416666
face centroid = (2.39371,0.250019,4.65381)
subcontact = (2.28403,2.02247e-05,4.42915) 2149.26 (-139.908,-0.158757,-271.808) 76 -0.0020633 (0.000473541,5.48664e-07,0.000944453) 103165 14673.7 0.0208333
face centroid = (2.39254,0.250019,4.65558)
subcontact = (2.28403,0.50002,4.42915) 4297.37 (-280.084,-0.317512,-544.129) 75 -0.00206274 (0.000473991,5.48661e-07,0.000945346) 103137 14687.6 0.0416667
face centroid = (2.39254,0.250019,4.65558)
subcontact = (2.50339,0.500017,4.87847) 1657.55 (-139.121,0.13,-270.286) 74 -0.00159125 (0.000470881,-4.49283e-07,0.000939163) 79562.3 14591.5 0.0208333
face centroid = (2.39254,0.250019,4.65558)
subcontact = (2.50338,1.74345e-05,4.87846) 3316.26 (-277.974,0.26,-540.059) 73 -0.00159181 (0.000470431,-4.4928e-07,0.000938271) 79590.2 14577.6 0.0416667
face centroid = (2.39254,0.250019,4.65558)
contact = 8 1 8 7 (1.62767,0.250021,4.95548) (0.955417,2.48082e-07,-0.295259)
subcontact = (1.70051,1.93548e-05,5.19508) 2406.52 (-73.7684,0.108024,-224.834) 72 -0.00231026 (0.000248204,-3.73335e-07,0.000779185) 115513 11358.1 0.0208333
face centroid = (1.62865,0.250021,4.95473)
subcontact = (1.70051,0.500019,5.19508) 4811.82 (-147.689,0.216049,-450.124) 71 -0.00230968 (0.000248458,-3.73338e-07,0.000779977) 115484 11369.6 0.0416665
face centroid = (1.62865,0.250021,4.95473)
subcontact = (1.55414,0.500022,4.71699) 1036.69 (-75.8628,-0.130477,-231.248) 70 -0.000995228 (0.000255267,4.50925e-07,0.000801411) 49761.5 11682 0.0208333
face centroid = (1.62865,0.250021,4.95473)
subcontact = (1.55414,2.19704e-05,4.71698) 2074.61 (-151.574,-0.260955,-462.04) 69 -0.000995814 (0.000255013,4.50928e-07,0.000800619) 49790.8 11670.5 0.0416665
face centroid = (1.62865,0.250021,4.95473)
subcontact = (1.55484,2.15196e-05,4.71588) 1037.29 (-75.7892,-0.130634,-231.027) 68 -0.000995798 (0.000255019,4.51461e-07,0.000800641) 49789.9 11670.8 0.0208333
face centroid = (1.62733,0.250021,4.95603)
subcontact = (1.55484,0.500022,4.71588) 2073.36 (-151.73,-0.261266,-462.511) 67 -0.000995212 (0.000255273,4.51459e-07,0.000801433) 49760.6 11682.3 0.0416667
face centroid = (1.62733,0.250021,4.95603)
subcontact = (1.70247,0.50002,5.19359) 2405.9 (-73.8465,0.10787,-225.069) 66 -0.00230966 (0.000248465,-3.72807e-07,0.000779998) 115483 11370 0.0208333
face centroid = (1.62733,0.250021,4.95603)
subcontact = (1.70246,1.9728e-05,5.19359) 4813.02 (-147.541,0.215739,-449.681) 65 -0.00231025 (0.000248211,-3.72805e-07,0.000779206) 115512 11358.4 0.0416667
face centroid = (1.62733,0.250021,4.95603)
contact = 9 1 9 8 (0.824996,0.250022,5.13518) (0.989024,3.17513e-07,-0.147753)
subcontact = (0.860439,2.12229e-05,5.38292) 2936.15 (-22.6916,0.156967,-140.283) 64 -0.00281872 (7.54937e-05,-5.42486e-07,0.000485277) 140938 6821.23 0.020833
face centroid = (0.826351,0.250022,5.13472)
subcontact = (0.86044,0.500021,5.38292) 5871.05 (-45.5102,0.313937,-281.342) 63 -0.00281811 (7.57038e-05,-5.42493e-07,0.000486619) 140907 6840.1 0.041666
face centroid = (0.826351,0.250022,5.13472)
subcontact = (0.789362,0.500023,4.888) 281.433 (-19.0556,-0.179574,-118.541) 62 -0.000270172 (8.02642e-05,8.06843e-07,0.000516088) 13509 5763.12 0.020833
face centroid = (0.826351,0.250022,5.13472)
subcontact = (0.789361,2.28785e-05,4.888) 564.119 (-38.1579,-0.360496,-237.358) 61 -0.000270774 (8.00541e-05,8.0685e-07,0.000514746) 13539.1 5769.82 0.041666
face centroid = (0.826351,0.250022,5.13472)
subcontact = (0.789552,2.20699e-05,4.88744) 281.584 (-18.9998,-0.179757,-118.2) 60 -0.00027032 (8.00569e-05,8.07469e-07,0.000514764) 13516.1 5746.45 0.0208333
face centroid = (0.824901,0.250022,5.13546)
subcontact = (0.789552,0.500022,4.88744) 561.915 (-37.9526,-0.358151,-236.123) 59 -0.000269718 (8.0267e-05,8.07464e-07,0.000516107) 13486 5739.7 0.0416667
face centroid = (0.824901,0.250022,5.13546)
subcontact = (0.863151,0.500022,5.382) 2935.07 (-22.7562,0.156796,-140.678) 58 -0.00281767 (7.57066e-05,-5.41885e-07,0.000486637) 140884 6840.32 0.0208333
face centroid = (0.824901,0.250022,5.13546)
subcontact = (0.863151,2.17638e-05,5.382) 5871.4 (-45.3853,0.313589,-280.58) 57 -0.00281827 (7.54965e-05,-5.4188e-07,0.000485295) 140914 6821.45 0.0416667
face centroid = (0.824901,0.250022,5.13546)
contact = 10 1 10 9 (0.00309456,0.250022,5.3167) (0.999989,9.17784e-08,-0.00462899)
subcontact = (0.00216583,2.24747e-05,5.44167) 3139.07 (-0.106568,-0.0221715,19.1949) 56 -0.00301352 (3.06497e-08,7.66272e-08,-6.63297e-05) 150690 921.458 0.0208313
face centroid = (0.00292045,0.250021,5.19174)
subcontact = (0.00216626,0.500022,5.44167) 6277.44 (-0.215627,-0.0443368,37.141) 55 -0.00301318 (3.77964e-08,7.66165e-08,-6.41718e-05) 150673 891.486 0.0416626
face centroid = (0.00292045,0.250021,5.19174)
subcontact = (0.00683888,0.500023,4.94169) 0 (0,0,0) 54 0.0061793 (1.88828e-07,2.22796e-06,-3.11358e-05) 0 0 0.0208313
face centroid = (0.00292045,0.250021,5.19174)
subcontact = (0.00683845,2.27161e-05,4.94169) 0 (0,0,0) 53 0.00617896 (1.81681e-07,2.22797e-06,-3.32937e-05) 0 0 0.0416626
face centroid = (0.00292045,0.250021,5.19174)
subcontact = (0.000660376,2.04884e-05,4.94175) 0 (0,0,0) 52 0.00617677 (1.8164e-07,2.22717e-06,-3.33029e-05) 0 0 0.0208331
face centroid = (0.00450235,0.250023,5.19168)
subcontact = (0.000660447,0.50002,4.94175) 0 (0,0,0) 51 0.00617714 (1.88787e-07,2.22717e-06,-3.11449e-05) 0 0 0.0416663
face centroid = (0.00450235,0.250023,5.19168)
subcontact = (0.00518052,0.500022,5.44173) 3141.31 (-0.10781,-0.0219331,18.5717) 50 -0.00301566 (3.77479e-08,7.58002e-08,-6.41827e-05) 150784 891.467 0.0208331
face centroid = (0.00450235,0.250023,5.19168)
subcontact = (0.00518045,2.23982e-05,5.44173) 6283.38 (-0.213129,-0.0438698,38.3923) 49 -0.00301603 (3.06005e-08,7.58066e-08,-6.63407e-05) 150803 921.439 0.0416663
face centroid = (0.00450235,0.250023,5.19168)
contact = 11 1 11 10 (-0.818808,0.250021,5.13481) (0.989816,1.39674e-07,0.142351)
subcontact = (-0.855786,2.22906e-05,5.3818) 2923.38 (-23.0404,0.0399993,139.062) 48 -0.00280645 (7.44913e-05,-1.38235e-07,-0.00048142) 140324 6766.05 0.0208331
face centroid = (-0.817457,0.250021,5.13526)
subcontact = (-0.855786,0.500022,5.3818) 5845.6 (-46.0486,0.0799986,277.924) 47 -0.00280589 (7.44386e-05,-1.38235e-07,-0.000481075) 140296 6761.19 0.0416661
face centroid = (-0.817457,0.250021,5.13526)
subcontact = (-0.782036,0.50002,4.88726) 295.595 (-24.0529,-0.0622738,145.464) 46 -0.000283769 (7.78356e-05,2.15224e-07,-0.000503572) 14188.7 7077.19 0.0208331
face centroid = (-0.817457,0.250021,5.13526)
subcontact = (-0.782036,2.03906e-05,4.88727) 592.353 (-48.1381,-0.124548,291.128) 45 -0.000284327 (7.78883e-05,2.15224e-07,-0.000503917) 14216.7 7082.04 0.0416661
face centroid = (-0.817457,0.250021,5.13526)
subcontact = (-0.78183,2.01782e-05,4.88782) 297.144 (-24.0683,-0.0622192,145.559) 44 -0.000285257 (7.78858e-05,2.15032e-07,-0.0005039) 14262.9 7081.7 0.0208333
face centroid = (-0.818911,0.250021,5.13453)
subcontact = (-0.78183,0.50002,4.88782) 593.124 (-48.1043,-0.124438,290.918) 43 -0.000284698 (7.78331e-05,2.15032e-07,-0.000503555) 14235 7076.85 0.0416667
face centroid = (-0.818911,0.250021,5.13453)
subcontact = (-0.853084,0.500022,5.38271) 2923.76 (-23.0235,0.0400561,138.957) 42 -0.00280682 (7.44361e-05,-1.38431e-07,-0.000481058) 140341 6760.86 0.0208333
face centroid = (-0.818911,0.250021,5.13453)
subcontact = (-0.853084,2.24314e-05,5.38271) 5848.69 (-46.0793,0.0801121,278.113) 41 -0.00280738 (7.44888e-05,-1.38431e-07,-0.000481403) 140369 6765.71 0.0416667
face centroid = (-0.818911,0.250021,5.13453)
contact = 12 1 12 11 (-1.62079,0.25002,4.95482) (0.956188,5.51323e-07,0.292752)
subcontact = (-1.69504,2.08165e-05,5.19308) 2383.05 (-77.478,0.0179498,233.873) 40 -0.00228773 (0.000258534,-6.20264e-08,-0.000811269) 114387 11825.9 0.0208332
face centroid = (-1.61982,0.25002,4.95558)
subcontact = (-1.69504,0.500021,5.19308) 4765.08 (-154.919,0.0358994,467.636) 39 -0.00228724 (0.000258473,-6.2026e-08,-0.000811078) 114362 11823.1 0.0416665
face centroid = (-1.61982,0.25002,4.95558)
subcontact = (-1.54725,0.500019,4.71542) 1063.87 (-78.9156,-0.0416664,238.294) 38 -0.00102132 (0.00026337,1.44011e-07,-0.000826593) 51066.2 12049.1 0.0208332
face centroid = (-1.61982,0.25002,4.95558)
subcontact = (-1.54725,1.87101e-05,4.71542) 2128.77 (-157.868,-0.0833326,476.699) 37 -0.00102181 (0.000263432,1.4401e-07,-0.000826784) 51090.6 12051.9 0.0416665
face centroid = (-1.61982,0.25002,4.95558)
subcontact = (-1.54653,1.85705e-05,4.71657) 1064.95 (-78.9322,-0.0416217,238.344) 36 -0.00102236 (0.000263426,1.43854e-07,-0.000826766) 51117.8 12051.6 0.0208333
face centroid = (-1.62114,0.25002,4.95425)
subcontact = (-1.54653,0.500019,4.71656) 2128.89 (-157.828,-0.0832435,476.578) 35 -0.00102187 (0.000263365,1.43854e-07,-0.000826575) 51093.3 12048.8 0.0416667
face centroid = (-1.62114,0.25002,4.95425)
subcontact = (-1.69312,0.500021,5.19459) 2383.11 (-77.4579,0.0179952,233.812) 34 -0.00228779 (0.000258467,-6.2184e-08,-0.00081106) 114389 11822.8 0.0208333
face centroid = (-1.62114,0.25002,4.95425)
subcontact = (-1.69312,2.0883e-05,5.1946) 4767.23 (-154.952,0.0359906,467.735) 33 -0.00228828 (0.000258528,-6.21843e-08,-0.000811252) 114414 11825.6 0.0416667
face centroid = (-1.62114,0.25002,4.95425)
contact = 13 1 13 12 (-2.3856,0.250017,4.65384) (0.897958,1.50823e-06,0.440081)
subcontact = (-2.49585,1.78381e-05,4.87761) 1623.16 (-139.563,-0.0034652,272.179) 32 -0.00155824 (0.000473793,1.19983e-08,-0.000944988) 77911.9 14682 0.0208333
face centroid = (-2.3849,0.250017,4.65478)
subcontact = (-2.49585,0.500018,4.87761) 3245.53 (-279.107,-0.00693081,544.322) 31 -0.00155786 (0.000473761,1.1999e-08,-0.000944925) 77892.9 14681 0.0416666
face centroid = (-2.3849,0.250017,4.65478)
subcontact = (-2.27629,0.500016,4.4284) 2185.97 (-139.53,-0.0240613,272.084) 30 -0.00209854 (0.00047366,8.31771e-08,-0.00094467) 104927 14677.2 0.0208333
face centroid = (-2.3849,0.250017,4.65478)
subcontact = (-2.27629,1.58024e-05,4.4284) 4372.74 (-279.079,-0.0481222,544.205) 29 -0.00209892 (0.000473692,8.31764e-08,-0.000944734) 104946 14678.2 0.0416666
face centroid = (-2.3849,0.250017,4.65478)
subcontact = (-2.27488,1.57239e-05,4.4303) 2184.93 (-139.54,-0.024059,272.104) 28 -0.00209754 (0.000473694,8.31697e-08,-0.000944738) 104877 14678.3 0.0208333
face centroid = (-2.38607,0.250017,4.65301)
subcontact = (-2.27488,0.500016,4.43029) 4369.07 (-279.061,-0.0481182,544.171) 27 -0.00209716 (0.000473662,8.317e-08,-0.000944675) 104858 14677.3 0.0416667
face centroid = (-2.38607,0.250017,4.65301)
subcontact = (-2.49493,0.500018,4.87927) 1621.32 (-139.554,-0.00346363,272.162) 26 -0.00155647 (0.000473763,1.19926e-08,-0.000944929) 77823.5 14681.1 0.0208333
face centroid = (-2.38607,0.250017,4.65301)
subcontact = (-2.49493,1.78308e-05,4.87927) 3243.44 (-279.127,-0.00692704,544.361) 25 -0.00155686 (0.000473795,1.19922e-08,-0.000944992) 77842.6 14682.1 0.0416667
face centroid = (-2.38607,0.250017,4.65301)
contact = 14 1 14 13 (-3.23698,0.500013,4.44166) (0.81805,5.72234e-06,0.575147)
subcontact = (-3.23771,1.3563e-05,4.43981) 819.869 (-184.088,-0.0250919,249.332) 24 -0.000787072 (0.000626157,8.66439e-08,-0.000868999) 39353.7 14876.5 0.0208333
face centroid = (-3.09287,0.250013,4.23737)
subcontact = (-3.23771,0.500014,4.43981) 1639.22 (-368.177,-0.0501808,498.67) 23 -0.000786825 (0.000626161,8.66386e-08,-0.000869009) 39341.3 14876.6 0.0416667
face centroid = (-3.09287,0.250013,4.23737)
subcontact = (-2.95014,0.500012,4.03079) 3468.82 (-180.864,-0.0211885,244.882) 22 -0.00333008 (0.000615125,7.31568e-08,-0.000853542) 166503 14612.7 0.0208333
face centroid = (-3.09287,0.250013,4.23737)
subcontact = (-2.95014,1.18441e-05,4.03079) 6938.15 (-361.726,-0.0423801,489.758) 21 -0.00333032 (0.000615121,7.31621e-08,-0.000853532) 166516 14612.6 0.0416667
face centroid = (-3.09287,0.250013,4.23737)
subcontact = (-2.94805,1.17812e-05,4.0336) 3465 (-180.869,-0.021213,244.887) 20 -0.0033264 (0.000615141,7.32351e-08,-0.00085356) 166322 14613.3 0.0208331
face centroid = (-3.09393,0.250013,4.2353)
subcontact = (-2.94805,0.500012,4.03359) 6929.48 (-361.74,-0.0424226,489.781) 19 -0.00332615 (0.000615145,7.32293e-08,-0.00085357) 166310 14613.4 0.0416661
face centroid = (-3.09393,0.250013,4.2353)
subcontact = (-3.2377,0.500013,4.44115) 815.512 (-184.094,-0.0251095,249.343) 18 -0.000782893 (0.000626182,8.67049e-08,-0.000869037) 39145.1 14877.3 0.0208331
face centroid = (-3.09393,0.250013,4.2353)
subcontact = (-3.2377,1.34779e-05,4.44115) 1631.54 (-368.188,-0.0502224,498.68) 17 -0.00078314 (0.000626177,8.67107e-08,-0.000869027) 39157.4 14877.2 0.0416661
face centroid = (-3.09393,0.250013,4.2353)
contact = 15 7 15 14 (-3.71231,0.25,3.71231) (0.707107,0,0.707107)
contact = 16 1 16 15 (-4.06415,2.09942e-06,2.94115) (0.596206,6.50739e-06,0.802831)
subcontact = (-4.46712,2.80929e-06,3.23716) 0 (0,0,0) 16 0.00326511 (0.000321621,8.44449e-07,-0.000235125) 0 0 0.0208333
face centroid = (-4.26618,0.250002,3.08914)
subcontact = (-4.46712,0.500003,3.23716) 0 (0,0,0) 15 0.00326224 (0.000322127,8.4444e-07,-0.000235508) 0 0 0.0416667
face centroid = (-4.26618,0.250002,3.08914)
subcontact = (-4.06571,0.500002,2.93905) 5440.54 (-100.325,-0.0569711,72.3376) 14 -0.00522294 (0.000344891,1.96945e-07,-0.000252384) 261146 5936.83 0.0208333
face centroid = (-4.26618,0.250002,3.08914)
subcontact = (-4.0657,2.08244e-06,2.93906) 10875.1 (-200.358,-0.113947,144.451) 13 -0.00522006 (0.000344385,1.96954e-07,-0.000252001) 261002 5928.03 0.0416667
face centroid = (-4.26618,0.250002,3.08914)
subcontact = (-4.06297,1.88542e-06,2.94352) 5429.21 (-100.17,-0.0573446,72.219) 12 -0.00521211 (0.000344359,1.98244e-07,-0.000251982) 260640 5928.34 0.0208303
face centroid = (-4.26641,0.250002,3.08811)
subcontact = (-4.06297,0.500002,2.94352) 10864.4 (-200.631,-0.114684,144.662) 11 -0.00521498 (0.000344865,1.98234e-07,-0.000252364) 260783 5937.15 0.0416607
face centroid = (-4.26641,0.250002,3.08811)
subcontact = (-4.46939,0.500002,3.23477) 0 (0,0,0) 10 0.00326982 (0.000322103,8.4557e-07,-0.00023549) 0 0 0.0208303
face centroid = (-4.26641,0.250002,3.08811)
subcontact = (-4.46939,1.96664e-06,3.23477) 0 (0,0,0) 9 0.0032727 (0.000321597,8.4558e-07,-0.000235107) 0 0 0.0416607
face centroid = (-4.26641,0.250002,3.08811)
contact = 17 7 17 16 (-4.67778,0.25,2.38345) (0.45399,0,0.891007)
contact = 18 7 18 17 (-4.99305,0.25,1.62234) (0.309017,0,0.951057)
contact = 19 1 19 18 (-5.18752,0.25,0.819077) (0.156434,0,0.987688)
subcontact = (-5.43659,-1.22269e-08,0.855981) 5241.37 (1015.69,0.00346596,-163.541) 8 -0.00503172 (-0.00351093,-1.19802e-08,0.000560695) 251591 49381.9 0.0208329
face centroid = (-5.18536,0.25,0.821281)
subcontact = (-5.43659,0.5,0.855981) 10483.5 (2031.43,0.00693199,-327.09) 7 -0.0050321 (-0.00351103,-1.19803e-08,0.000560709) 251610 49383.3 0.0416658
face centroid = (-5.18536,0.25,0.821281)
subcontact = (-4.94224,0.5,0.780986) 1844.96 (1019.02,-0.0249485,-164.07) 6 -0.00177116 (-0.00352245,8.62244e-08,0.00056252) 88560.1 49543.9 0.0208329
face centroid = (-5.18536,0.25,0.821281)
subcontact = (-4.94224,8.64485e-08,0.780986) 3689.15 (2037.98,-0.0498971,-328.131) 5 -0.00177079 (-0.00352235,8.62245e-08,0.000562506) 88541.4 49542.6 0.0416658
face centroid = (-5.18536,0.25,0.821281)
subcontact = (-4.93844,0,0.782172) 1824.01 (1019.01,-0.0252572,-164.069) 4 -0.00175106 (-0.00352242,8.72851e-08,0.000562517) 87552.7 49542.6 0.0208333
face centroid = (-5.18942,0.25,0.818484)
subcontact = (-4.93844,0.5,0.782172) 3648.81 (2038.08,-0.0505144,-328.146) 3 -0.00175143 (-0.00352252,8.72849e-08,0.000562531) 87571.4 49543.9 0.0416667
face centroid = (-5.18942,0.25,0.818484)
subcontact = (-5.43229,0.5,0.86039) 5221.23 (1015.74,0.00315982,-163.549) 2 -0.00501238 (-0.0035111,-1.09242e-08,0.00056072) 250619 49383.3 0.0208333
face centroid = (-5.18942,0.25,0.818484)
subcontact = (-5.43229,0,0.86039) 10441.7 (2031.42,0.00631953,-327.089) 1 -0.00501201 (-0.003511,-1.0924e-08,0.000560706) 250600 49381.9 0.0416667
face centroid = (-5.18942,0.25,0.818484)
3dec>log off
**********************************************
* Logging ended at Wed Mar 13 16:26:56 2024
**********************************************
**********************************************
* Logging started at Wed Mar 13 16:27:18 2024
* By 3dec Version 7.00 Release 159
* 
* 
* Job Title: 
**********************************************
3dec>log-file 'Displacement_step_1_distance_0.001m.txt'
**********************************************
* Logging ended at Wed Mar 13 16:27:18 2024
**********************************************
**********************************************
* Logging started at Wed Mar 13 16:27:19 2024
* By 3dec Version 7.00 Release 159
* 
* 
* Job Title: 
**********************************************
3dec>@contacts_output
contact = 1 1 1 0 (5.31089,0.250006,0.839969) (0.149411,-4.6716e-07,-0.988775)
subcontact = (5.43229,0,0.86092) 5369.93 (1042.66,0.180052,169.219) 112 -0.00515515 (-0.00360661,-6.22271e-07,-0.000565143) 257763 50704 0.0208328
face centroid = (5.1895,0.25,0.819018)
subcontact = (5.43229,0.5,0.86092) 10740.3 (2084.58,0.360103,338.308) 111 -0.00515538 (-0.00360533,-6.22268e-07,-0.000564933) 257775 50685.9 0.0416656
face centroid = (5.1895,0.25,0.819018)
subcontact = (4.93844,0.5,0.782702) 1668.6 (1042.53,-0.198956,169.193) 110 -0.00160184 (-0.00360615,6.87562e-07,-0.000565062) 80094.7 50697.5 0.0208328
face centroid = (5.1895,0.25,0.819018)
subcontact = (4.93844,0,0.782702) 3336.71 (2085.8,-0.397911,338.516) 109 -0.00160161 (-0.00360744,6.8756e-07,-0.000565272) 80083.1 50715.6 0.0416656
face centroid = (5.1895,0.25,0.819018)
subcontact = (4.94231,-6.8593e-07,0.781666) 1689.95 (1042.9,-0.19848,169.258) 108 -0.00162236 (-0.00360744,6.85929e-07,-0.000565272) 81117.7 50714.4 0.0208333
face centroid = (5.18536,0.25,0.821811)
subcontact = (4.9423,0.499999,0.781665) 3380.36 (2085.06,-0.396961,338.386) 107 -0.00162258 (-0.00360615,6.85931e-07,-0.000565062) 81128.6 50696.3 0.0416667
face centroid = (5.18536,0.25,0.821811)
subcontact = (5.43669,0.500001,0.856371) 5391.81 (1042.29,0.180515,169.154) 106 -0.00517614 (-0.00360532,-6.23879e-07,-0.000564932) 258807 50684.7 0.0208333
face centroid = (5.18536,0.25,0.821811)
subcontact = (5.43669,6.23882e-07,0.856371) 10783.2 (2085.33,0.361031,338.439) 105 -0.00517592 (-0.00360661,-6.23881e-07,-0.000565143) 258796 50702.8 0.0416667
face centroid = (5.18536,0.25,0.821811)
contact = 2 7 2 1 (4.99305,0.25,1.62234) (0.309017,0,-0.951057)
contact = 3 7 3 2 (4.67778,0.25,2.38345) (0.45399,0,-0.891007)
contact = 4 1 4 3 (4.26757,0.250009,3.09013) (0.590624,-0.00170896,-0.806945)
subcontact = (4.47089,2.19985e-07,3.23572) 110.865 (-31.9119,2.21217,-22.1569) 104 -0.000106405 (0.00010929,-7.64527e-06,7.79263e-05) 5321.82 1867.91 0.0208321
face centroid = (4.26901,0.250015,3.08803)
subcontact = (4.47089,0.5,3.23572) 221.37 (-58.6012,4.42418,-40.4913) 103 -0.000106232 (0.000100265,-7.64499e-06,7.13209e-05) 5313.18 1712.9 0.0416643
face centroid = (4.26901,0.250015,3.08803)
subcontact = (4.0643,0.499999,2.94471) 5313.82 (-34.3943,7.03949,-23.9919) 102 -0.00510131 (0.000117876,-2.43288e-05,8.42597e-05) 255078 2041.18 0.0208321
face centroid = (4.26901,0.250015,3.08803)
subcontact = (4.0643,-1.05311e-06,2.94471) 10628 (-74.0112,14.0791,-51.8063) 101 -0.00510149 (0.000126901,-2.43291e-05,9.08651e-05) 255087 2194.49 0.0416643
face centroid = (4.26901,0.250015,3.08803)
subcontact = (4.06718,1.95905e-05,2.9405) 5318.18 (-37.0063,7.04385,-25.9037) 100 -0.00510546 (0.000126913,-2.43436e-05,9.08737e-05) 255273 2194.44 0.0208333
face centroid = (4.26759,0.25,3.09022)
subcontact = (4.06719,0.50002,2.94051) 10635.9 (-68.7898,14.0874,-47.9847) 99 -0.00510525 (0.000117888,-2.43431e-05,8.4268e-05) 255262 2041.14 0.0416666
face centroid = (4.26759,0.25,3.09022)
subcontact = (4.47085,0.50001,3.23556) 114.69 (-29.3009,2.21614,-20.2458) 98 -0.000110102 (0.000100276,-7.65898e-06,7.13289e-05) 5505.14 1712.83 0.0208333
face centroid = (4.26759,0.25,3.09022)
subcontact = (4.47084,9.67596e-06,3.23556) 229.833 (-63.8246,4.43254,-44.3144) 97 -0.000110319 (0.000109301,-7.65945e-06,7.79345e-05) 5516.01 1867.84 0.0416666
face centroid = (4.26759,0.25,3.09022)
contact = 5 1 5 4 (3.90637,1.28194e-05,3.89089) (0.71499,-1.07237e-06,-0.699135)
subcontact = (3.90844,1.00416e-05,3.89021) 243.533 (-117.041,0.527993,-116.392) 96 -0.000233778 (0.00066822,-2.77045e-06,0.000673255) 11690 7923.32 0.0208326
face centroid = (3.73316,0.250015,3.71061)
subcontact = (3.90845,0.50001,3.89021) 485.948 (-233.237,1.05167,-231.982) 95 -0.000233242 (0.000671472,-2.77051e-06,0.000676569) 11663.2 7895.37 0.0416652
face centroid = (3.73316,0.250015,3.71061)
subcontact = (3.55592,0.50002,3.53564) 4580.54 (-195.584,-0.545162,-194.189) 94 -0.00439735 (0.000670966,1.88406e-06,0.000676108) 219874 13229.9 0.0208326
face centroid = (3.73316,0.250015,3.71061)
subcontact = (3.55591,1.99228e-05,3.53564) 9162.2 (-389.282,-1.09036,-386.465) 93 -0.00439788 (0.000667713,1.88412e-06,0.000672795) 219900 13165.4 0.0416652
face centroid = (3.73316,0.250015,3.71061)
subcontact = (3.55837,1.80495e-05,3.53186) 4587.22 (-194.642,-0.54718,-193.234) 92 -0.00440374 (0.000667714,1.891e-06,0.000672796) 220187 13165.1 0.0208333
face centroid = (3.73218,0.250015,3.71292)
subcontact = (3.55837,0.500018,3.53187) 9173.35 (-391.17,-1.09433,-388.382) 91 -0.00440321 (0.000670967,1.89096e-06,0.000676109) 220160 13229.5 0.0416667
face centroid = (3.73218,0.250015,3.71292)
subcontact = (3.90794,0.500013,3.88936) 249.033 (-119.655,0.531199,-118.992) 90 -0.000239073 (0.000671473,-2.76372e-06,0.00067657) 11953.6 8100.01 0.0208333
face centroid = (3.73218,0.250015,3.71292)
subcontact = (3.90794,1.2817e-05,3.88936) 499.163 (-240.144,1.06674,-238.774) 89 -0.000239599 (0.000668221,-2.76368e-06,0.000673256) 11979.9 8127.58 0.0416667
face centroid = (3.73218,0.250015,3.71292)
contact = 6 1 6 5 (3.24414,1.49943e-05,4.44206) (0.818391,-1.68971e-06,-0.574662)
subcontact = (3.24543,1.44483e-05,4.44247) 856.811 (-181.073,0.1644,-246.463) 88 -0.00082254 (0.000616632,-5.68338e-07,0.000858446) 41127.4 14680 0.0208331
face centroid = (3.10181,0.250017,4.23652)
subcontact = (3.24543,0.500014,4.44247) 1712.53 (-362.533,0.328798,-493.444) 87 -0.000822016 (0.000617286,-5.68336e-07,0.000859351) 41101.2 14695.5 0.0416662
face centroid = (3.10181,0.250017,4.23652)
subcontact = (2.95609,0.50002,4.0347) 3416.52 (-179.971,-0.178609,-244.918) 86 -0.00327987 (0.000612843,6.17104e-07,0.000853093) 163995 14588.9 0.0208331
face centroid = (3.10181,0.250017,4.23652)
subcontact = (2.95609,1.95325e-05,4.03469) 6834.13 (-359.556,-0.357217,-489.318) 85 -0.00328039 (0.000612188,6.17102e-07,0.000852189) 164021 14573.4 0.0416662
face centroid = (3.10181,0.250017,4.23652)
subcontact = (2.95815,1.89594e-05,4.03192) 3421.76 (-179.775,-0.178923,-244.656) 84 -0.0032849 (0.00061218,6.18198e-07,0.000852177) 164245 14573 0.0208333
face centroid = (3.10076,0.250017,4.23858)
subcontact = (2.95815,0.500019,4.03192) 6842.44 (-359.937,-0.357846,-489.829) 83 -0.00328438 (0.000612834,6.182e-07,0.000853081) 164219 14588.5 0.0416667
face centroid = (3.10076,0.250017,4.23858)
subcontact = (3.24548,0.500015,4.44112) 860.969 (-181.264,0.164085,-246.718) 82 -0.00082653 (0.000617278,-5.6724e-07,0.000859339) 41326.5 14695.1 0.0208333
face centroid = (3.10076,0.250017,4.23858)
subcontact = (3.24548,1.49915e-05,4.44112) 1723.02 (-362.141,0.328171,-492.919) 81 -0.000827049 (0.000616623,-5.67242e-07,0.000858434) 41352.4 14679.6 0.0416667
face centroid = (3.10076,0.250017,4.23858)
contact = 7 1 7 6 (2.39302,0.250019,4.65475) (0.898631,1.77649e-06,-0.438705)
subcontact = (2.50243,1.69827e-05,4.88013) 1656.09 (-138.986,0.130244,-270.028) 80 -0.00158985 (0.000470428,-4.50125e-07,0.000938265) 79492.4 14577.5 0.0208333
face centroid = (2.39371,0.250019,4.65381)
subcontact = (2.50243,0.500017,4.88014) 3311.01 (-278.24,0.260489,-540.569) 79 -0.00158929 (0.000470878,-4.50127e-07,0.000939158) 79464.4 14591.4 0.0416666
face centroid = (2.39371,0.250019,4.65381)
subcontact = (2.28265,0.500021,4.43103) 2146.64 (-140.041,-0.15851,-272.062) 78 -0.00206078 (0.000473988,5.47814e-07,0.00094534) 103039 14687.5 0.0208333
face centroid = (2.39371,0.250019,4.65381)
subcontact = (2.28265,2.07696e-05,4.43103) 4294.45 (-279.815,-0.317021,-543.612) 77 -0.00206134 (0.000473538,5.47816e-07,0.000944447) 103067 14673.6 0.0416666
face centroid = (2.39371,0.250019,4.65381)
subcontact = (2.28403,2.02247e-05,4.42915) 2149.26 (-139.908,-0.158757,-271.808) 76 -0.0020633 (0.000473541,5.48664e-07,0.000944453) 103165 14673.7 0.0208333
face centroid = (2.39254,0.250019,4.65558)
subcontact = (2.28403,0.50002,4.42915) 4297.37 (-280.084,-0.317512,-544.129) 75 -0.00206274 (0.000473991,5.48661e-07,0.000945346) 103137 14687.6 0.0416667
face centroid = (2.39254,0.250019,4.65558)
subcontact = (2.50339,0.500017,4.87847) 1657.55 (-139.121,0.13,-270.286) 74 -0.00159125 (0.000470881,-4.49283e-07,0.000939163) 79562.3 14591.5 0.0208333
face centroid = (2.39254,0.250019,4.65558)
subcontact = (2.50338,1.74345e-05,4.87846) 3316.26 (-277.974,0.26,-540.059) 73 -0.00159181 (0.000470431,-4.4928e-07,0.000938271) 79590.2 14577.6 0.0416667
face centroid = (2.39254,0.250019,4.65558)
contact = 8 1 8 7 (1.62767,0.250021,4.95548) (0.955417,2.48082e-07,-0.295259)
subcontact = (1.70051,1.93548e-05,5.19508) 2406.52 (-73.7684,0.108024,-224.834) 72 -0.00231026 (0.000248204,-3.73335e-07,0.000779185) 115513 11358.1 0.0208333
face centroid = (1.62865,0.250021,4.95473)
subcontact = (1.70051,0.500019,5.19508) 4811.82 (-147.689,0.216049,-450.124) 71 -0.00230968 (0.000248458,-3.73338e-07,0.000779977) 115484 11369.6 0.0416665
face centroid = (1.62865,0.250021,4.95473)
subcontact = (1.55414,0.500022,4.71699) 1036.69 (-75.8628,-0.130477,-231.248) 70 -0.000995228 (0.000255267,4.50925e-07,0.000801411) 49761.5 11682 0.0208333
face centroid = (1.62865,0.250021,4.95473)
subcontact = (1.55414,2.19704e-05,4.71698) 2074.61 (-151.574,-0.260955,-462.04) 69 -0.000995814 (0.000255013,4.50928e-07,0.000800619) 49790.8 11670.5 0.0416665
face centroid = (1.62865,0.250021,4.95473)
subcontact = (1.55484,2.15196e-05,4.71588) 1037.29 (-75.7892,-0.130634,-231.027) 68 -0.000995798 (0.000255019,4.51461e-07,0.000800641) 49789.9 11670.8 0.0208333
face centroid = (1.62733,0.250021,4.95603)
subcontact = (1.55484,0.500022,4.71588) 2073.36 (-151.73,-0.261266,-462.511) 67 -0.000995212 (0.000255273,4.51459e-07,0.000801433) 49760.6 11682.3 0.0416667
face centroid = (1.62733,0.250021,4.95603)
subcontact = (1.70247,0.50002,5.19359) 2405.9 (-73.8465,0.10787,-225.069) 66 -0.00230966 (0.000248465,-3.72807e-07,0.000779998) 115483 11370 0.0208333
face centroid = (1.62733,0.250021,4.95603)
subcontact = (1.70246,1.9728e-05,5.19359) 4813.02 (-147.541,0.215739,-449.681) 65 -0.00231025 (0.000248211,-3.72805e-07,0.000779206) 115512 11358.4 0.0416667
face centroid = (1.62733,0.250021,4.95603)
contact = 9 1 9 8 (0.824996,0.250022,5.13518) (0.989024,3.17513e-07,-0.147753)
subcontact = (0.860439,2.12229e-05,5.38292) 2936.15 (-22.6916,0.156967,-140.283) 64 -0.00281872 (7.54937e-05,-5.42486e-07,0.000485277) 140938 6821.23 0.020833
face centroid = (0.826351,0.250022,5.13472)
subcontact = (0.86044,0.500021,5.38292) 5871.05 (-45.5102,0.313937,-281.342) 63 -0.00281811 (7.57038e-05,-5.42493e-07,0.000486619) 140907 6840.1 0.041666
face centroid = (0.826351,0.250022,5.13472)
subcontact = (0.789362,0.500023,4.888) 281.433 (-19.0556,-0.179574,-118.541) 62 -0.000270172 (8.02642e-05,8.06843e-07,0.000516088) 13509 5763.12 0.020833
face centroid = (0.826351,0.250022,5.13472)
subcontact = (0.789361,2.28785e-05,4.888) 564.119 (-38.1579,-0.360496,-237.358) 61 -0.000270774 (8.00541e-05,8.0685e-07,0.000514746) 13539.1 5769.82 0.041666
face centroid = (0.826351,0.250022,5.13472)
subcontact = (0.789552,2.20699e-05,4.88744) 281.584 (-18.9998,-0.179757,-118.2) 60 -0.00027032 (8.00569e-05,8.07469e-07,0.000514764) 13516.1 5746.45 0.0208333
face centroid = (0.824901,0.250022,5.13546)
subcontact = (0.789552,0.500022,4.88744) 561.915 (-37.9526,-0.358151,-236.123) 59 -0.000269718 (8.0267e-05,8.07464e-07,0.000516107) 13486 5739.7 0.0416667
face centroid = (0.824901,0.250022,5.13546)
subcontact = (0.863151,0.500022,5.382) 2935.07 (-22.7562,0.156796,-140.678) 58 -0.00281767 (7.57066e-05,-5.41885e-07,0.000486637) 140884 6840.32 0.0208333
face centroid = (0.824901,0.250022,5.13546)
subcontact = (0.863151,2.17638e-05,5.382) 5871.4 (-45.3853,0.313589,-280.58) 57 -0.00281827 (7.54965e-05,-5.4188e-07,0.000485295) 140914 6821.45 0.0416667
face centroid = (0.824901,0.250022,5.13546)
contact = 10 1 10 9 (0.00309456,0.250022,5.3167) (0.999989,9.17784e-08,-0.00462899)
subcontact = (0.00216583,2.24747e-05,5.44167) 3139.07 (-0.106568,-0.0221715,19.1949) 56 -0.00301352 (3.06497e-08,7.66272e-08,-6.63297e-05) 150690 921.458 0.0208313
face centroid = (0.00292045,0.250021,5.19174)
subcontact = (0.00216626,0.500022,5.44167) 6277.44 (-0.215627,-0.0443368,37.141) 55 -0.00301318 (3.77964e-08,7.66165e-08,-6.41718e-05) 150673 891.486 0.0416626
face centroid = (0.00292045,0.250021,5.19174)
subcontact = (0.00683888,0.500023,4.94169) 0 (0,0,0) 54 0.0061793 (1.88828e-07,2.22796e-06,-3.11358e-05) 0 0 0.0208313
face centroid = (0.00292045,0.250021,5.19174)
subcontact = (0.00683845,2.27161e-05,4.94169) 0 (0,0,0) 53 0.00617896 (1.81681e-07,2.22797e-06,-3.32937e-05) 0 0 0.0416626
face centroid = (0.00292045,0.250021,5.19174)
subcontact = (0.000660376,2.04884e-05,4.94175) 0 (0,0,0) 52 0.00617677 (1.8164e-07,2.22717e-06,-3.33029e-05) 0 0 0.0208331
face centroid = (0.00450235,0.250023,5.19168)
subcontact = (0.000660447,0.50002,4.94175) 0 (0,0,0) 51 0.00617714 (1.88787e-07,2.22717e-06,-3.11449e-05) 0 0 0.0416663
face centroid = (0.00450235,0.250023,5.19168)
subcontact = (0.00518052,0.500022,5.44173) 3141.31 (-0.10781,-0.0219331,18.5717) 50 -0.00301566 (3.77479e-08,7.58002e-08,-6.41827e-05) 150784 891.467 0.0208331
face centroid = (0.00450235,0.250023,5.19168)
subcontact = (0.00518045,2.23982e-05,5.44173) 6283.38 (-0.213129,-0.0438698,38.3923) 49 -0.00301603 (3.06005e-08,7.58066e-08,-6.63407e-05) 150803 921.439 0.0416663
face centroid = (0.00450235,0.250023,5.19168)
contact = 11 1 11 10 (-0.818808,0.250021,5.13481) (0.989816,1.39674e-07,0.142351)
subcontact = (-0.855786,2.22906e-05,5.3818) 2923.38 (-23.0404,0.0399993,139.062) 48 -0.00280645 (7.44913e-05,-1.38235e-07,-0.00048142) 140324 6766.05 0.0208331
face centroid = (-0.817457,0.250021,5.13526)
subcontact = (-0.855786,0.500022,5.3818) 5845.6 (-46.0486,0.0799986,277.924) 47 -0.00280589 (7.44386e-05,-1.38235e-07,-0.000481075) 140296 6761.19 0.0416661
face centroid = (-0.817457,0.250021,5.13526)
subcontact = (-0.782036,0.50002,4.88726) 295.595 (-24.0529,-0.0622738,145.464) 46 -0.000283769 (7.78356e-05,2.15224e-07,-0.000503572) 14188.7 7077.19 0.0208331
face centroid = (-0.817457,0.250021,5.13526)
subcontact = (-0.782036,2.03906e-05,4.88727) 592.353 (-48.1381,-0.124548,291.128) 45 -0.000284327 (7.78883e-05,2.15224e-07,-0.000503917) 14216.7 7082.04 0.0416661
face centroid = (-0.817457,0.250021,5.13526)
subcontact = (-0.78183,2.01782e-05,4.88782) 297.144 (-24.0683,-0.0622192,145.559) 44 -0.000285257 (7.78858e-05,2.15032e-07,-0.0005039) 14262.9 7081.7 0.0208333
face centroid = (-0.818911,0.250021,5.13453)
subcontact = (-0.78183,0.50002,4.88782) 593.124 (-48.1043,-0.124438,290.918) 43 -0.000284698 (7.78331e-05,2.15032e-07,-0.000503555) 14235 7076.85 0.0416667
face centroid = (-0.818911,0.250021,5.13453)
subcontact = (-0.853084,0.500022,5.38271) 2923.76 (-23.0235,0.0400561,138.957) 42 -0.00280682 (7.44361e-05,-1.38431e-07,-0.000481058) 140341 6760.86 0.0208333
face centroid = (-0.818911,0.250021,5.13453)
subcontact = (-0.853084,2.24314e-05,5.38271) 5848.69 (-46.0793,0.0801121,278.113) 41 -0.00280738 (7.44888e-05,-1.38431e-07,-0.000481403) 140369 6765.71 0.0416667
face centroid = (-0.818911,0.250021,5.13453)
contact = 12 1 12 11 (-1.62079,0.25002,4.95482) (0.956188,5.51323e-07,0.292752)
subcontact = (-1.69504,2.08165e-05,5.19308) 2383.05 (-77.478,0.0179498,233.873) 40 -0.00228773 (0.000258534,-6.20264e-08,-0.000811269) 114387 11825.9 0.0208332
face centroid = (-1.61982,0.25002,4.95558)
subcontact = (-1.69504,0.500021,5.19308) 4765.08 (-154.919,0.0358994,467.636) 39 -0.00228724 (0.000258473,-6.2026e-08,-0.000811078) 114362 11823.1 0.0416665
face centroid = (-1.61982,0.25002,4.95558)
subcontact = (-1.54725,0.500019,4.71542) 1063.87 (-78.9156,-0.0416664,238.294) 38 -0.00102132 (0.00026337,1.44011e-07,-0.000826593) 51066.2 12049.1 0.0208332
face centroid = (-1.61982,0.25002,4.95558)
subcontact = (-1.54725,1.87101e-05,4.71542) 2128.77 (-157.868,-0.0833326,476.699) 37 -0.00102181 (0.000263432,1.4401e-07,-0.000826784) 51090.6 12051.9 0.0416665
face centroid = (-1.61982,0.25002,4.95558)
subcontact = (-1.54653,1.85705e-05,4.71657) 1064.95 (-78.9322,-0.0416217,238.344) 36 -0.00102236 (0.000263426,1.43854e-07,-0.000826766) 51117.8 12051.6 0.0208333
face centroid = (-1.62114,0.25002,4.95425)
subcontact = (-1.54653,0.500019,4.71656) 2128.89 (-157.828,-0.0832435,476.578) 35 -0.00102187 (0.000263365,1.43854e-07,-0.000826575) 51093.3 12048.8 0.0416667
face centroid = (-1.62114,0.25002,4.95425)
subcontact = (-1.69312,0.500021,5.19459) 2383.11 (-77.4579,0.0179952,233.812) 34 -0.00228779 (0.000258467,-6.2184e-08,-0.00081106) 114389 11822.8 0.0208333
face centroid = (-1.62114,0.25002,4.95425)
subcontact = (-1.69312,2.0883e-05,5.1946) 4767.23 (-154.952,0.0359906,467.735) 33 -0.00228828 (0.000258528,-6.21843e-08,-0.000811252) 114414 11825.6 0.0416667
face centroid = (-1.62114,0.25002,4.95425)
contact = 13 1 13 12 (-2.3856,0.250017,4.65384) (0.897958,1.50823e-06,0.440081)
subcontact = (-2.49585,1.78381e-05,4.87761) 1623.16 (-139.563,-0.0034652,272.179) 32 -0.00155824 (0.000473793,1.19983e-08,-0.000944988) 77911.9 14682 0.0208333
face centroid = (-2.3849,0.250017,4.65478)
subcontact = (-2.49585,0.500018,4.87761) 3245.53 (-279.107,-0.00693081,544.322) 31 -0.00155786 (0.000473761,1.1999e-08,-0.000944925) 77892.9 14681 0.0416666
face centroid = (-2.3849,0.250017,4.65478)
subcontact = (-2.27629,0.500016,4.4284) 2185.97 (-139.53,-0.0240613,272.084) 30 -0.00209854 (0.00047366,8.31771e-08,-0.00094467) 104927 14677.2 0.0208333
face centroid = (-2.3849,0.250017,4.65478)
subcontact = (-2.27629,1.58024e-05,4.4284) 4372.74 (-279.079,-0.0481222,544.205) 29 -0.00209892 (0.000473692,8.31764e-08,-0.000944734) 104946 14678.2 0.0416666
face centroid = (-2.3849,0.250017,4.65478)
subcontact = (-2.27488,1.57239e-05,4.4303) 2184.93 (-139.54,-0.024059,272.104) 28 -0.00209754 (0.000473694,8.31697e-08,-0.000944738) 104877 14678.3 0.0208333
face centroid = (-2.38607,0.250017,4.65301)
subcontact = (-2.27488,0.500016,4.43029) 4369.07 (-279.061,-0.0481182,544.171) 27 -0.00209716 (0.000473662,8.317e-08,-0.000944675) 104858 14677.3 0.0416667
face centroid = (-2.38607,0.250017,4.65301)
subcontact = (-2.49493,0.500018,4.87927) 1621.32 (-139.554,-0.00346363,272.162) 26 -0.00155647 (0.000473763,1.19926e-08,-0.000944929) 77823.5 14681.1 0.0208333
face centroid = (-2.38607,0.250017,4.65301)
subcontact = (-2.49493,1.78308e-05,4.87927) 3243.44 (-279.127,-0.00692704,544.361) 25 -0.00155686 (0.000473795,1.19922e-08,-0.000944992) 77842.6 14682.1 0.0416667
face centroid = (-2.38607,0.250017,4.65301)
contact = 14 1 14 13 (-3.23698,0.500013,4.44166) (0.81805,5.72234e-06,0.575147)
subcontact = (-3.23771,1.3563e-05,4.43981) 819.869 (-184.088,-0.0250919,249.332) 24 -0.000787072 (0.000626157,8.66439e-08,-0.000868999) 39353.7 14876.5 0.0208333
face centroid = (-3.09287,0.250013,4.23737)
subcontact = (-3.23771,0.500014,4.43981) 1639.22 (-368.177,-0.0501808,498.67) 23 -0.000786825 (0.000626161,8.66386e-08,-0.000869009) 39341.3 14876.6 0.0416667
face centroid = (-3.09287,0.250013,4.23737)
subcontact = (-2.95014,0.500012,4.03079) 3468.82 (-180.864,-0.0211885,244.882) 22 -0.00333008 (0.000615125,7.31568e-08,-0.000853542) 166503 14612.7 0.0208333
face centroid = (-3.09287,0.250013,4.23737)
subcontact = (-2.95014,1.18441e-05,4.03079) 6938.15 (-361.726,-0.0423801,489.758) 21 -0.00333032 (0.000615121,7.31621e-08,-0.000853532) 166516 14612.6 0.0416667
face centroid = (-3.09287,0.250013,4.23737)
subcontact = (-2.94805,1.17812e-05,4.0336) 3465 (-180.869,-0.021213,244.887) 20 -0.0033264 (0.000615141,7.32351e-08,-0.00085356) 166322 14613.3 0.0208331
face centroid = (-3.09393,0.250013,4.2353)
subcontact = (-2.94805,0.500012,4.03359) 6929.48 (-361.74,-0.0424226,489.781) 19 -0.00332615 (0.000615145,7.32293e-08,-0.00085357) 166310 14613.4 0.0416661
face centroid = (-3.09393,0.250013,4.2353)
subcontact = (-3.2377,0.500013,4.44115) 815.512 (-184.094,-0.0251095,249.343) 18 -0.000782893 (0.000626182,8.67049e-08,-0.000869037) 39145.1 14877.3 0.0208331
face centroid = (-3.09393,0.250013,4.2353)
subcontact = (-3.2377,1.34779e-05,4.44115) 1631.54 (-368.188,-0.0502224,498.68) 17 -0.00078314 (0.000626177,8.67107e-08,-0.000869027) 39157.4 14877.2 0.0416661
face centroid = (-3.09393,0.250013,4.2353)
contact = 15 7 15 14 (-3.71231,0.25,3.71231) (0.707107,0,0.707107)
contact = 16 1 16 15 (-4.06415,2.09942e-06,2.94115) (0.596206,6.50739e-06,0.802831)
subcontact = (-4.46712,2.80929e-06,3.23716) 0 (0,0,0) 16 0.00326511 (0.000321621,8.44449e-07,-0.000235125) 0 0 0.0208333
face centroid = (-4.26618,0.250002,3.08914)
subcontact = (-4.46712,0.500003,3.23716) 0 (0,0,0) 15 0.00326224 (0.000322127,8.4444e-07,-0.000235508) 0 0 0.0416667
face centroid = (-4.26618,0.250002,3.08914)
subcontact = (-4.06571,0.500002,2.93905) 5440.54 (-100.325,-0.0569711,72.3376) 14 -0.00522294 (0.000344891,1.96945e-07,-0.000252384) 261146 5936.83 0.0208333
face centroid = (-4.26618,0.250002,3.08914)
subcontact = (-4.0657,2.08244e-06,2.93906) 10875.1 (-200.358,-0.113947,144.451) 13 -0.00522006 (0.000344385,1.96954e-07,-0.000252001) 261002 5928.03 0.0416667
face centroid = (-4.26618,0.250002,3.08914)
subcontact = (-4.06297,1.88542e-06,2.94352) 5429.21 (-100.17,-0.0573446,72.219) 12 -0.00521211 (0.000344359,1.98244e-07,-0.000251982) 260640 5928.34 0.0208303
face centroid = (-4.26641,0.250002,3.08811)
subcontact = (-4.06297,0.500002,2.94352) 10864.4 (-200.631,-0.114684,144.662) 11 -0.00521498 (0.000344865,1.98234e-07,-0.000252364) 260783 5937.15 0.0416607
face centroid = (-4.26641,0.250002,3.08811)
subcontact = (-4.46939,0.500002,3.23477) 0 (0,0,0) 10 0.00326982 (0.000322103,8.4557e-07,-0.00023549) 0 0 0.0208303
face centroid = (-4.26641,0.250002,3.08811)
subcontact = (-4.46939,1.96664e-06,3.23477) 0 (0,0,0) 9 0.0032727 (0.000321597,8.4558e-07,-0.000235107) 0 0 0.0416607
face centroid = (-4.26641,0.250002,3.08811)
contact = 17 7 17 16 (-4.67778,0.25,2.38345) (0.45399,0,0.891007)
contact = 18 7 18 17 (-4.99305,0.25,1.62234) (0.309017,0,0.951057)
contact = 19 1 19 18 (-5.18752,0.25,0.819077) (0.156434,0,0.987688)
subcontact = (-5.43659,-1.22269e-08,0.855981) 5241.37 (1015.69,0.00346596,-163.541) 8 -0.00503172 (-0.00351093,-1.19802e-08,0.000560695) 251591 49381.9 0.0208329
face centroid = (-5.18536,0.25,0.821281)
subcontact = (-5.43659,0.5,0.855981) 10483.5 (2031.43,0.00693199,-327.09) 7 -0.0050321 (-0.00351103,-1.19803e-08,0.000560709) 251610 49383.3 0.0416658
face centroid = (-5.18536,0.25,0.821281)
subcontact = (-4.94224,0.5,0.780986) 1844.96 (1019.02,-0.0249485,-164.07) 6 -0.00177116 (-0.00352245,8.62244e-08,0.00056252) 88560.1 49543.9 0.0208329
face centroid = (-5.18536,0.25,0.821281)
subcontact = (-4.94224,8.64485e-08,0.780986) 3689.15 (2037.98,-0.0498971,-328.131) 5 -0.00177079 (-0.00352235,8.62245e-08,0.000562506) 88541.4 49542.6 0.0416658
face centroid = (-5.18536,0.25,0.821281)
subcontact = (-4.93844,0,0.782172) 1824.01 (1019.01,-0.0252572,-164.069) 4 -0.00175106 (-0.00352242,8.72851e-08,0.000562517) 87552.7 49542.6 0.0208333
face centroid = (-5.18942,0.25,0.818484)
subcontact = (-4.93844,0.5,0.782172) 3648.81 (2038.08,-0.0505144,-328.146) 3 -0.00175143 (-0.00352252,8.72849e-08,0.000562531) 87571.4 49543.9 0.0416667
face centroid = (-5.18942,0.25,0.818484)
subcontact = (-5.43229,0.5,0.86039) 5221.23 (1015.74,0.00315982,-163.549) 2 -0.00501238 (-0.0035111,-1.09242e-08,0.00056072) 250619 49383.3 0.0208333
face centroid = (-5.18942,0.25,0.818484)
subcontact = (-5.43229,0,0.86039) 10441.7 (2031.42,0.00631953,-327.089) 1 -0.00501201 (-0.003511,-1.0924e-08,0.000560706) 250600 49381.9 0.0416667
face centroid = (-5.18942,0.25,0.818484)
3dec>log off
**********************************************
* Logging ended at Wed Mar 13 16:27:19 2024
**********************************************
**********************************************
* Logging started at Wed Mar 13 16:28:05 2024
* By 3dec Version 7.00 Release 159
* 
* 
* Job Title: 
**********************************************
3dec>log-file 'Displacement_step_1_distance_0.001m.txt'
**********************************************
* Logging ended at Wed Mar 13 16:28:05 2024
**********************************************
**********************************************
* Logging started at Wed Mar 13 16:28:06 2024
* By 3dec Version 7.00 Release 159
* 
* 
* Job Title: 
**********************************************
3dec>@contacts_output
contact = 1 1 1 0 (5.31089,0.250006,0.839969) (0.149411,-4.6716e-07,-0.988775)
subcontact = (5.43229,0,0.86092) 5369.93 (1042.66,0.180052,169.219) 112 -0.00515515 (-0.00360661,-6.22271e-07,-0.000565143) 257763 50704 0.0208328
face centroid = (5.1895,0.25,0.819018)
subcontact = (5.43229,0.5,0.86092) 10740.3 (2084.58,0.360103,338.308) 111 -0.00515538 (-0.00360533,-6.22268e-07,-0.000564933) 257775 50685.9 0.0416656
face centroid = (5.1895,0.25,0.819018)
subcontact = (4.93844,0.5,0.782702) 1668.6 (1042.53,-0.198956,169.193) 110 -0.00160184 (-0.00360615,6.87562e-07,-0.000565062) 80094.7 50697.5 0.0208328
face centroid = (5.1895,0.25,0.819018)
subcontact = (4.93844,0,0.782702) 3336.71 (2085.8,-0.397911,338.516) 109 -0.00160161 (-0.00360744,6.8756e-07,-0.000565272) 80083.1 50715.6 0.0416656
face centroid = (5.1895,0.25,0.819018)
subcontact = (4.94231,-6.8593e-07,0.781666) 1689.95 (1042.9,-0.19848,169.258) 108 -0.00162236 (-0.00360744,6.85929e-07,-0.000565272) 81117.7 50714.4 0.0208333
face centroid = (5.18536,0.25,0.821811)
subcontact = (4.9423,0.499999,0.781665) 3380.36 (2085.06,-0.396961,338.386) 107 -0.00162258 (-0.00360615,6.85931e-07,-0.000565062) 81128.6 50696.3 0.0416667
face centroid = (5.18536,0.25,0.821811)
subcontact = (5.43669,0.500001,0.856371) 5391.81 (1042.29,0.180515,169.154) 106 -0.00517614 (-0.00360532,-6.23879e-07,-0.000564932) 258807 50684.7 0.0208333
face centroid = (5.18536,0.25,0.821811)
subcontact = (5.43669,6.23882e-07,0.856371) 10783.2 (2085.33,0.361031,338.439) 105 -0.00517592 (-0.00360661,-6.23881e-07,-0.000565143) 258796 50702.8 0.0416667
face centroid = (5.18536,0.25,0.821811)
contact = 2 7 2 1 (4.99305,0.25,1.62234) (0.309017,0,-0.951057)
contact = 3 7 3 2 (4.67778,0.25,2.38345) (0.45399,0,-0.891007)
contact = 4 1 4 3 (4.26757,0.250009,3.09013) (0.590624,-0.00170896,-0.806945)
subcontact = (4.47089,2.19985e-07,3.23572) 110.865 (-31.9119,2.21217,-22.1569) 104 -0.000106405 (0.00010929,-7.64527e-06,7.79263e-05) 5321.82 1867.91 0.0208321
face centroid = (4.26901,0.250015,3.08803)
subcontact = (4.47089,0.5,3.23572) 221.37 (-58.6012,4.42418,-40.4913) 103 -0.000106232 (0.000100265,-7.64499e-06,7.13209e-05) 5313.18 1712.9 0.0416643
face centroid = (4.26901,0.250015,3.08803)
subcontact = (4.0643,0.499999,2.94471) 5313.82 (-34.3943,7.03949,-23.9919) 102 -0.00510131 (0.000117876,-2.43288e-05,8.42597e-05) 255078 2041.18 0.0208321
face centroid = (4.26901,0.250015,3.08803)
subcontact = (4.0643,-1.05311e-06,2.94471) 10628 (-74.0112,14.0791,-51.8063) 101 -0.00510149 (0.000126901,-2.43291e-05,9.08651e-05) 255087 2194.49 0.0416643
face centroid = (4.26901,0.250015,3.08803)
subcontact = (4.06718,1.95905e-05,2.9405) 5318.18 (-37.0063,7.04385,-25.9037) 100 -0.00510546 (0.000126913,-2.43436e-05,9.08737e-05) 255273 2194.44 0.0208333
face centroid = (4.26759,0.25,3.09022)
subcontact = (4.06719,0.50002,2.94051) 10635.9 (-68.7898,14.0874,-47.9847) 99 -0.00510525 (0.000117888,-2.43431e-05,8.4268e-05) 255262 2041.14 0.0416666
face centroid = (4.26759,0.25,3.09022)
subcontact = (4.47085,0.50001,3.23556) 114.69 (-29.3009,2.21614,-20.2458) 98 -0.000110102 (0.000100276,-7.65898e-06,7.13289e-05) 5505.14 1712.83 0.0208333
face centroid = (4.26759,0.25,3.09022)
subcontact = (4.47084,9.67596e-06,3.23556) 229.833 (-63.8246,4.43254,-44.3144) 97 -0.000110319 (0.000109301,-7.65945e-06,7.79345e-05) 5516.01 1867.84 0.0416666
face centroid = (4.26759,0.25,3.09022)
contact = 5 1 5 4 (3.90637,1.28194e-05,3.89089) (0.71499,-1.07237e-06,-0.699135)
subcontact = (3.90844,1.00416e-05,3.89021) 243.533 (-117.041,0.527993,-116.392) 96 -0.000233778 (0.00066822,-2.77045e-06,0.000673255) 11690 7923.32 0.0208326
face centroid = (3.73316,0.250015,3.71061)
subcontact = (3.90845,0.50001,3.89021) 485.948 (-233.237,1.05167,-231.982) 95 -0.000233242 (0.000671472,-2.77051e-06,0.000676569) 11663.2 7895.37 0.0416652
face centroid = (3.73316,0.250015,3.71061)
subcontact = (3.55592,0.50002,3.53564) 4580.54 (-195.584,-0.545162,-194.189) 94 -0.00439735 (0.000670966,1.88406e-06,0.000676108) 219874 13229.9 0.0208326
face centroid = (3.73316,0.250015,3.71061)
subcontact = (3.55591,1.99228e-05,3.53564) 9162.2 (-389.282,-1.09036,-386.465) 93 -0.00439788 (0.000667713,1.88412e-06,0.000672795) 219900 13165.4 0.0416652
face centroid = (3.73316,0.250015,3.71061)
subcontact = (3.55837,1.80495e-05,3.53186) 4587.22 (-194.642,-0.54718,-193.234) 92 -0.00440374 (0.000667714,1.891e-06,0.000672796) 220187 13165.1 0.0208333
face centroid = (3.73218,0.250015,3.71292)
subcontact = (3.55837,0.500018,3.53187) 9173.35 (-391.17,-1.09433,-388.382) 91 -0.00440321 (0.000670967,1.89096e-06,0.000676109) 220160 13229.5 0.0416667
face centroid = (3.73218,0.250015,3.71292)
subcontact = (3.90794,0.500013,3.88936) 249.033 (-119.655,0.531199,-118.992) 90 -0.000239073 (0.000671473,-2.76372e-06,0.00067657) 11953.6 8100.01 0.0208333
face centroid = (3.73218,0.250015,3.71292)
subcontact = (3.90794,1.2817e-05,3.88936) 499.163 (-240.144,1.06674,-238.774) 89 -0.000239599 (0.000668221,-2.76368e-06,0.000673256) 11979.9 8127.58 0.0416667
face centroid = (3.73218,0.250015,3.71292)
contact = 6 1 6 5 (3.24414,1.49943e-05,4.44206) (0.818391,-1.68971e-06,-0.574662)
subcontact = (3.24543,1.44483e-05,4.44247) 856.811 (-181.073,0.1644,-246.463) 88 -0.00082254 (0.000616632,-5.68338e-07,0.000858446) 41127.4 14680 0.0208331
face centroid = (3.10181,0.250017,4.23652)
subcontact = (3.24543,0.500014,4.44247) 1712.53 (-362.533,0.328798,-493.444) 87 -0.000822016 (0.000617286,-5.68336e-07,0.000859351) 41101.2 14695.5 0.0416662
face centroid = (3.10181,0.250017,4.23652)
subcontact = (2.95609,0.50002,4.0347) 3416.52 (-179.971,-0.178609,-244.918) 86 -0.00327987 (0.000612843,6.17104e-07,0.000853093) 163995 14588.9 0.0208331
face centroid = (3.10181,0.250017,4.23652)
subcontact = (2.95609,1.95325e-05,4.03469) 6834.13 (-359.556,-0.357217,-489.318) 85 -0.00328039 (0.000612188,6.17102e-07,0.000852189) 164021 14573.4 0.0416662
face centroid = (3.10181,0.250017,4.23652)
subcontact = (2.95815,1.89594e-05,4.03192) 3421.76 (-179.775,-0.178923,-244.656) 84 -0.0032849 (0.00061218,6.18198e-07,0.000852177) 164245 14573 0.0208333
face centroid = (3.10076,0.250017,4.23858)
subcontact = (2.95815,0.500019,4.03192) 6842.44 (-359.937,-0.357846,-489.829) 83 -0.00328438 (0.000612834,6.182e-07,0.000853081) 164219 14588.5 0.0416667
face centroid = (3.10076,0.250017,4.23858)
subcontact = (3.24548,0.500015,4.44112) 860.969 (-181.264,0.164085,-246.718) 82 -0.00082653 (0.000617278,-5.6724e-07,0.000859339) 41326.5 14695.1 0.0208333
face centroid = (3.10076,0.250017,4.23858)
subcontact = (3.24548,1.49915e-05,4.44112) 1723.02 (-362.141,0.328171,-492.919) 81 -0.000827049 (0.000616623,-5.67242e-07,0.000858434) 41352.4 14679.6 0.0416667
face centroid = (3.10076,0.250017,4.23858)
contact = 7 1 7 6 (2.39302,0.250019,4.65475) (0.898631,1.77649e-06,-0.438705)
subcontact = (2.50243,1.69827e-05,4.88013) 1656.09 (-138.986,0.130244,-270.028) 80 -0.00158985 (0.000470428,-4.50125e-07,0.000938265) 79492.4 14577.5 0.0208333
face centroid = (2.39371,0.250019,4.65381)
subcontact = (2.50243,0.500017,4.88014) 3311.01 (-278.24,0.260489,-540.569) 79 -0.00158929 (0.000470878,-4.50127e-07,0.000939158) 79464.4 14591.4 0.0416666
face centroid = (2.39371,0.250019,4.65381)
subcontact = (2.28265,0.500021,4.43103) 2146.64 (-140.041,-0.15851,-272.062) 78 -0.00206078 (0.000473988,5.47814e-07,0.00094534) 103039 14687.5 0.0208333
face centroid = (2.39371,0.250019,4.65381)
subcontact = (2.28265,2.07696e-05,4.43103) 4294.45 (-279.815,-0.317021,-543.612) 77 -0.00206134 (0.000473538,5.47816e-07,0.000944447) 103067 14673.6 0.0416666
face centroid = (2.39371,0.250019,4.65381)
subcontact = (2.28403,2.02247e-05,4.42915) 2149.26 (-139.908,-0.158757,-271.808) 76 -0.0020633 (0.000473541,5.48664e-07,0.000944453) 103165 14673.7 0.0208333
face centroid = (2.39254,0.250019,4.65558)
subcontact = (2.28403,0.50002,4.42915) 4297.37 (-280.084,-0.317512,-544.129) 75 -0.00206274 (0.000473991,5.48661e-07,0.000945346) 103137 14687.6 0.0416667
face centroid = (2.39254,0.250019,4.65558)
subcontact = (2.50339,0.500017,4.87847) 1657.55 (-139.121,0.13,-270.286) 74 -0.00159125 (0.000470881,-4.49283e-07,0.000939163) 79562.3 14591.5 0.0208333
face centroid = (2.39254,0.250019,4.65558)
subcontact = (2.50338,1.74345e-05,4.87846) 3316.26 (-277.974,0.26,-540.059) 73 -0.00159181 (0.000470431,-4.4928e-07,0.000938271) 79590.2 14577.6 0.0416667
face centroid = (2.39254,0.250019,4.65558)
contact = 8 1 8 7 (1.62767,0.250021,4.95548) (0.955417,2.48082e-07,-0.295259)
subcontact = (1.70051,1.93548e-05,5.19508) 2406.52 (-73.7684,0.108024,-224.834) 72 -0.00231026 (0.000248204,-3.73335e-07,0.000779185) 115513 11358.1 0.0208333
face centroid = (1.62865,0.250021,4.95473)
subcontact = (1.70051,0.500019,5.19508) 4811.82 (-147.689,0.216049,-450.124) 71 -0.00230968 (0.000248458,-3.73338e-07,0.000779977) 115484 11369.6 0.0416665
face centroid = (1.62865,0.250021,4.95473)
subcontact = (1.55414,0.500022,4.71699) 1036.69 (-75.8628,-0.130477,-231.248) 70 -0.000995228 (0.000255267,4.50925e-07,0.000801411) 49761.5 11682 0.0208333
face centroid = (1.62865,0.250021,4.95473)
subcontact = (1.55414,2.19704e-05,4.71698) 2074.61 (-151.574,-0.260955,-462.04) 69 -0.000995814 (0.000255013,4.50928e-07,0.000800619) 49790.8 11670.5 0.0416665
face centroid = (1.62865,0.250021,4.95473)
subcontact = (1.55484,2.15196e-05,4.71588) 1037.29 (-75.7892,-0.130634,-231.027) 68 -0.000995798 (0.000255019,4.51461e-07,0.000800641) 49789.9 11670.8 0.0208333
face centroid = (1.62733,0.250021,4.95603)
subcontact = (1.55484,0.500022,4.71588) 2073.36 (-151.73,-0.261266,-462.511) 67 -0.000995212 (0.000255273,4.51459e-07,0.000801433) 49760.6 11682.3 0.0416667
face centroid = (1.62733,0.250021,4.95603)
subcontact = (1.70247,0.50002,5.19359) 2405.9 (-73.8465,0.10787,-225.069) 66 -0.00230966 (0.000248465,-3.72807e-07,0.000779998) 115483 11370 0.0208333
face centroid = (1.62733,0.250021,4.95603)
subcontact = (1.70246,1.9728e-05,5.19359) 4813.02 (-147.541,0.215739,-449.681) 65 -0.00231025 (0.000248211,-3.72805e-07,0.000779206) 115512 11358.4 0.0416667
face centroid = (1.62733,0.250021,4.95603)
contact = 9 1 9 8 (0.824996,0.250022,5.13518) (0.989024,3.17513e-07,-0.147753)
subcontact = (0.860439,2.12229e-05,5.38292) 2936.15 (-22.6916,0.156967,-140.283) 64 -0.00281872 (7.54937e-05,-5.42486e-07,0.000485277) 140938 6821.23 0.020833
face centroid = (0.826351,0.250022,5.13472)
subcontact = (0.86044,0.500021,5.38292) 5871.05 (-45.5102,0.313937,-281.342) 63 -0.00281811 (7.57038e-05,-5.42493e-07,0.000486619) 140907 6840.1 0.041666
face centroid = (0.826351,0.250022,5.13472)
subcontact = (0.789362,0.500023,4.888) 281.433 (-19.0556,-0.179574,-118.541) 62 -0.000270172 (8.02642e-05,8.06843e-07,0.000516088) 13509 5763.12 0.020833
face centroid = (0.826351,0.250022,5.13472)
subcontact = (0.789361,2.28785e-05,4.888) 564.119 (-38.1579,-0.360496,-237.358) 61 -0.000270774 (8.00541e-05,8.0685e-07,0.000514746) 13539.1 5769.82 0.041666
face centroid = (0.826351,0.250022,5.13472)
subcontact = (0.789552,2.20699e-05,4.88744) 281.584 (-18.9998,-0.179757,-118.2) 60 -0.00027032 (8.00569e-05,8.07469e-07,0.000514764) 13516.1 5746.45 0.0208333
face centroid = (0.824901,0.250022,5.13546)
subcontact = (0.789552,0.500022,4.88744) 561.915 (-37.9526,-0.358151,-236.123) 59 -0.000269718 (8.0267e-05,8.07464e-07,0.000516107) 13486 5739.7 0.0416667
face centroid = (0.824901,0.250022,5.13546)
subcontact = (0.863151,0.500022,5.382) 2935.07 (-22.7562,0.156796,-140.678) 58 -0.00281767 (7.57066e-05,-5.41885e-07,0.000486637) 140884 6840.32 0.0208333
face centroid = (0.824901,0.250022,5.13546)
subcontact = (0.863151,2.17638e-05,5.382) 5871.4 (-45.3853,0.313589,-280.58) 57 -0.00281827 (7.54965e-05,-5.4188e-07,0.000485295) 140914 6821.45 0.0416667
face centroid = (0.824901,0.250022,5.13546)
contact = 10 1 10 9 (0.00309456,0.250022,5.3167) (0.999989,9.17784e-08,-0.00462899)
subcontact = (0.00216583,2.24747e-05,5.44167) 3139.07 (-0.106568,-0.0221715,19.1949) 56 -0.00301352 (3.06497e-08,7.66272e-08,-6.63297e-05) 150690 921.458 0.0208313
face centroid = (0.00292045,0.250021,5.19174)
subcontact = (0.00216626,0.500022,5.44167) 6277.44 (-0.215627,-0.0443368,37.141) 55 -0.00301318 (3.77964e-08,7.66165e-08,-6.41718e-05) 150673 891.486 0.0416626
face centroid = (0.00292045,0.250021,5.19174)
subcontact = (0.00683888,0.500023,4.94169) 0 (0,0,0) 54 0.0061793 (1.88828e-07,2.22796e-06,-3.11358e-05) 0 0 0.0208313
face centroid = (0.00292045,0.250021,5.19174)
subcontact = (0.00683845,2.27161e-05,4.94169) 0 (0,0,0) 53 0.00617896 (1.81681e-07,2.22797e-06,-3.32937e-05) 0 0 0.0416626
face centroid = (0.00292045,0.250021,5.19174)
subcontact = (0.000660376,2.04884e-05,4.94175) 0 (0,0,0) 52 0.00617677 (1.8164e-07,2.22717e-06,-3.33029e-05) 0 0 0.0208331
face centroid = (0.00450235,0.250023,5.19168)
subcontact = (0.000660447,0.50002,4.94175) 0 (0,0,0) 51 0.00617714 (1.88787e-07,2.22717e-06,-3.11449e-05) 0 0 0.0416663
face centroid = (0.00450235,0.250023,5.19168)
subcontact = (0.00518052,0.500022,5.44173) 3141.31 (-0.10781,-0.0219331,18.5717) 50 -0.00301566 (3.77479e-08,7.58002e-08,-6.41827e-05) 150784 891.467 0.0208331
face centroid = (0.00450235,0.250023,5.19168)
subcontact = (0.00518045,2.23982e-05,5.44173) 6283.38 (-0.213129,-0.0438698,38.3923) 49 -0.00301603 (3.06005e-08,7.58066e-08,-6.63407e-05) 150803 921.439 0.0416663
face centroid = (0.00450235,0.250023,5.19168)
contact = 11 1 11 10 (-0.818808,0.250021,5.13481) (0.989816,1.39674e-07,0.142351)
subcontact = (-0.855786,2.22906e-05,5.3818) 2923.38 (-23.0404,0.0399993,139.062) 48 -0.00280645 (7.44913e-05,-1.38235e-07,-0.00048142) 140324 6766.05 0.0208331
face centroid = (-0.817457,0.250021,5.13526)
subcontact = (-0.855786,0.500022,5.3818) 5845.6 (-46.0486,0.0799986,277.924) 47 -0.00280589 (7.44386e-05,-1.38235e-07,-0.000481075) 140296 6761.19 0.0416661
face centroid = (-0.817457,0.250021,5.13526)
subcontact = (-0.782036,0.50002,4.88726) 295.595 (-24.0529,-0.0622738,145.464) 46 -0.000283769 (7.78356e-05,2.15224e-07,-0.000503572) 14188.7 7077.19 0.0208331
face centroid = (-0.817457,0.250021,5.13526)
subcontact = (-0.782036,2.03906e-05,4.88727) 592.353 (-48.1381,-0.124548,291.128) 45 -0.000284327 (7.78883e-05,2.15224e-07,-0.000503917) 14216.7 7082.04 0.0416661
face centroid = (-0.817457,0.250021,5.13526)
subcontact = (-0.78183,2.01782e-05,4.88782) 297.144 (-24.0683,-0.0622192,145.559) 44 -0.000285257 (7.78858e-05,2.15032e-07,-0.0005039) 14262.9 7081.7 0.0208333
face centroid = (-0.818911,0.250021,5.13453)
subcontact = (-0.78183,0.50002,4.88782) 593.124 (-48.1043,-0.124438,290.918) 43 -0.000284698 (7.78331e-05,2.15032e-07,-0.000503555) 14235 7076.85 0.0416667
face centroid = (-0.818911,0.250021,5.13453)
subcontact = (-0.853084,0.500022,5.38271) 2923.76 (-23.0235,0.0400561,138.957) 42 -0.00280682 (7.44361e-05,-1.38431e-07,-0.000481058) 140341 6760.86 0.0208333
face centroid = (-0.818911,0.250021,5.13453)
subcontact = (-0.853084,2.24314e-05,5.38271) 5848.69 (-46.0793,0.0801121,278.113) 41 -0.00280738 (7.44888e-05,-1.38431e-07,-0.000481403) 140369 6765.71 0.0416667
face centroid = (-0.818911,0.250021,5.13453)
contact = 12 1 12 11 (-1.62079,0.25002,4.95482) (0.956188,5.51323e-07,0.292752)
subcontact = (-1.69504,2.08165e-05,5.19308) 2383.05 (-77.478,0.0179498,233.873) 40 -0.00228773 (0.000258534,-6.20264e-08,-0.000811269) 114387 11825.9 0.0208332
face centroid = (-1.61982,0.25002,4.95558)
subcontact = (-1.69504,0.500021,5.19308) 4765.08 (-154.919,0.0358994,467.636) 39 -0.00228724 (0.000258473,-6.2026e-08,-0.000811078) 114362 11823.1 0.0416665
face centroid = (-1.61982,0.25002,4.95558)
subcontact = (-1.54725,0.500019,4.71542) 1063.87 (-78.9156,-0.0416664,238.294) 38 -0.00102132 (0.00026337,1.44011e-07,-0.000826593) 51066.2 12049.1 0.0208332
face centroid = (-1.61982,0.25002,4.95558)
subcontact = (-1.54725,1.87101e-05,4.71542) 2128.77 (-157.868,-0.0833326,476.699) 37 -0.00102181 (0.000263432,1.4401e-07,-0.000826784) 51090.6 12051.9 0.0416665
face centroid = (-1.61982,0.25002,4.95558)
subcontact = (-1.54653,1.85705e-05,4.71657) 1064.95 (-78.9322,-0.0416217,238.344) 36 -0.00102236 (0.000263426,1.43854e-07,-0.000826766) 51117.8 12051.6 0.0208333
face centroid = (-1.62114,0.25002,4.95425)
subcontact = (-1.54653,0.500019,4.71656) 2128.89 (-157.828,-0.0832435,476.578) 35 -0.00102187 (0.000263365,1.43854e-07,-0.000826575) 51093.3 12048.8 0.0416667
face centroid = (-1.62114,0.25002,4.95425)
subcontact = (-1.69312,0.500021,5.19459) 2383.11 (-77.4579,0.0179952,233.812) 34 -0.00228779 (0.000258467,-6.2184e-08,-0.00081106) 114389 11822.8 0.0208333
face centroid = (-1.62114,0.25002,4.95425)
subcontact = (-1.69312,2.0883e-05,5.1946) 4767.23 (-154.952,0.0359906,467.735) 33 -0.00228828 (0.000258528,-6.21843e-08,-0.000811252) 114414 11825.6 0.0416667
face centroid = (-1.62114,0.25002,4.95425)
contact = 13 1 13 12 (-2.3856,0.250017,4.65384) (0.897958,1.50823e-06,0.440081)
subcontact = (-2.49585,1.78381e-05,4.87761) 1623.16 (-139.563,-0.0034652,272.179) 32 -0.00155824 (0.000473793,1.19983e-08,-0.000944988) 77911.9 14682 0.0208333
face centroid = (-2.3849,0.250017,4.65478)
subcontact = (-2.49585,0.500018,4.87761) 3245.53 (-279.107,-0.00693081,544.322) 31 -0.00155786 (0.000473761,1.1999e-08,-0.000944925) 77892.9 14681 0.0416666
face centroid = (-2.3849,0.250017,4.65478)
subcontact = (-2.27629,0.500016,4.4284) 2185.97 (-139.53,-0.0240613,272.084) 30 -0.00209854 (0.00047366,8.31771e-08,-0.00094467) 104927 14677.2 0.0208333
face centroid = (-2.3849,0.250017,4.65478)
subcontact = (-2.27629,1.58024e-05,4.4284) 4372.74 (-279.079,-0.0481222,544.205) 29 -0.00209892 (0.000473692,8.31764e-08,-0.000944734) 104946 14678.2 0.0416666
face centroid = (-2.3849,0.250017,4.65478)
subcontact = (-2.27488,1.57239e-05,4.4303) 2184.93 (-139.54,-0.024059,272.104) 28 -0.00209754 (0.000473694,8.31697e-08,-0.000944738) 104877 14678.3 0.0208333
face centroid = (-2.38607,0.250017,4.65301)
subcontact = (-2.27488,0.500016,4.43029) 4369.07 (-279.061,-0.0481182,544.171) 27 -0.00209716 (0.000473662,8.317e-08,-0.000944675) 104858 14677.3 0.0416667
face centroid = (-2.38607,0.250017,4.65301)
subcontact = (-2.49493,0.500018,4.87927) 1621.32 (-139.554,-0.00346363,272.162) 26 -0.00155647 (0.000473763,1.19926e-08,-0.000944929) 77823.5 14681.1 0.0208333
face centroid = (-2.38607,0.250017,4.65301)
subcontact = (-2.49493,1.78308e-05,4.87927) 3243.44 (-279.127,-0.00692704,544.361) 25 -0.00155686 (0.000473795,1.19922e-08,-0.000944992) 77842.6 14682.1 0.0416667
face centroid = (-2.38607,0.250017,4.65301)
contact = 14 1 14 13 (-3.23698,0.500013,4.44166) (0.81805,5.72234e-06,0.575147)
subcontact = (-3.23771,1.3563e-05,4.43981) 819.869 (-184.088,-0.0250919,249.332) 24 -0.000787072 (0.000626157,8.66439e-08,-0.000868999) 39353.7 14876.5 0.0208333
face centroid = (-3.09287,0.250013,4.23737)
subcontact = (-3.23771,0.500014,4.43981) 1639.22 (-368.177,-0.0501808,498.67) 23 -0.000786825 (0.000626161,8.66386e-08,-0.000869009) 39341.3 14876.6 0.0416667
face centroid = (-3.09287,0.250013,4.23737)
subcontact = (-2.95014,0.500012,4.03079) 3468.82 (-180.864,-0.0211885,244.882) 22 -0.00333008 (0.000615125,7.31568e-08,-0.000853542) 166503 14612.7 0.0208333
face centroid = (-3.09287,0.250013,4.23737)
subcontact = (-2.95014,1.18441e-05,4.03079) 6938.15 (-361.726,-0.0423801,489.758) 21 -0.00333032 (0.000615121,7.31621e-08,-0.000853532) 166516 14612.6 0.0416667
face centroid = (-3.09287,0.250013,4.23737)
subcontact = (-2.94805,1.17812e-05,4.0336) 3465 (-180.869,-0.021213,244.887) 20 -0.0033264 (0.000615141,7.32351e-08,-0.00085356) 166322 14613.3 0.0208331
face centroid = (-3.09393,0.250013,4.2353)
subcontact = (-2.94805,0.500012,4.03359) 6929.48 (-361.74,-0.0424226,489.781) 19 -0.00332615 (0.000615145,7.32293e-08,-0.00085357) 166310 14613.4 0.0416661
face centroid = (-3.09393,0.250013,4.2353)
subcontact = (-3.2377,0.500013,4.44115) 815.512 (-184.094,-0.0251095,249.343) 18 -0.000782893 (0.000626182,8.67049e-08,-0.000869037) 39145.1 14877.3 0.0208331
face centroid = (-3.09393,0.250013,4.2353)
subcontact = (-3.2377,1.34779e-05,4.44115) 1631.54 (-368.188,-0.0502224,498.68) 17 -0.00078314 (0.000626177,8.67107e-08,-0.000869027) 39157.4 14877.2 0.0416661
face centroid = (-3.09393,0.250013,4.2353)
contact = 15 7 15 14 (-3.71231,0.25,3.71231) (0.707107,0,0.707107)
contact = 16 1 16 15 (-4.06415,2.09942e-06,2.94115) (0.596206,6.50739e-06,0.802831)
subcontact = (-4.46712,2.80929e-06,3.23716) 0 (0,0,0) 16 0.00326511 (0.000321621,8.44449e-07,-0.000235125) 0 0 0.0208333
face centroid = (-4.26618,0.250002,3.08914)
subcontact = (-4.46712,0.500003,3.23716) 0 (0,0,0) 15 0.00326224 (0.000322127,8.4444e-07,-0.000235508) 0 0 0.0416667
face centroid = (-4.26618,0.250002,3.08914)
subcontact = (-4.06571,0.500002,2.93905) 5440.54 (-100.325,-0.0569711,72.3376) 14 -0.00522294 (0.000344891,1.96945e-07,-0.000252384) 261146 5936.83 0.0208333
face centroid = (-4.26618,0.250002,3.08914)
subcontact = (-4.0657,2.08244e-06,2.93906) 10875.1 (-200.358,-0.113947,144.451) 13 -0.00522006 (0.000344385,1.96954e-07,-0.000252001) 261002 5928.03 0.0416667
face centroid = (-4.26618,0.250002,3.08914)
subcontact = (-4.06297,1.88542e-06,2.94352) 5429.21 (-100.17,-0.0573446,72.219) 12 -0.00521211 (0.000344359,1.98244e-07,-0.000251982) 260640 5928.34 0.0208303
face centroid = (-4.26641,0.250002,3.08811)
subcontact = (-4.06297,0.500002,2.94352) 10864.4 (-200.631,-0.114684,144.662) 11 -0.00521498 (0.000344865,1.98234e-07,-0.000252364) 260783 5937.15 0.0416607
face centroid = (-4.26641,0.250002,3.08811)
subcontact = (-4.46939,0.500002,3.23477) 0 (0,0,0) 10 0.00326982 (0.000322103,8.4557e-07,-0.00023549) 0 0 0.0208303
face centroid = (-4.26641,0.250002,3.08811)
subcontact = (-4.46939,1.96664e-06,3.23477) 0 (0,0,0) 9 0.0032727 (0.000321597,8.4558e-07,-0.000235107) 0 0 0.0416607
face centroid = (-4.26641,0.250002,3.08811)
contact = 17 7 17 16 (-4.67778,0.25,2.38345) (0.45399,0,0.891007)
contact = 18 7 18 17 (-4.99305,0.25,1.62234) (0.309017,0,0.951057)
contact = 19 1 19 18 (-5.18752,0.25,0.819077) (0.156434,0,0.987688)
subcontact = (-5.43659,-1.22269e-08,0.855981) 5241.37 (1015.69,0.00346596,-163.541) 8 -0.00503172 (-0.00351093,-1.19802e-08,0.000560695) 251591 49381.9 0.0208329
face centroid = (-5.18536,0.25,0.821281)
subcontact = (-5.43659,0.5,0.855981) 10483.5 (2031.43,0.00693199,-327.09) 7 -0.0050321 (-0.00351103,-1.19803e-08,0.000560709) 251610 49383.3 0.0416658
face centroid = (-5.18536,0.25,0.821281)
subcontact = (-4.94224,0.5,0.780986) 1844.96 (1019.02,-0.0249485,-164.07) 6 -0.00177116 (-0.00352245,8.62244e-08,0.00056252) 88560.1 49543.9 0.0208329
face centroid = (-5.18536,0.25,0.821281)
subcontact = (-4.94224,8.64485e-08,0.780986) 3689.15 (2037.98,-0.0498971,-328.131) 5 -0.00177079 (-0.00352235,8.62245e-08,0.000562506) 88541.4 49542.6 0.0416658
face centroid = (-5.18536,0.25,0.821281)
subcontact = (-4.93844,0,0.782172) 1824.01 (1019.01,-0.0252572,-164.069) 4 -0.00175106 (-0.00352242,8.72851e-08,0.000562517) 87552.7 49542.6 0.0208333
face centroid = (-5.18942,0.25,0.818484)
subcontact = (-4.93844,0.5,0.782172) 3648.81 (2038.08,-0.0505144,-328.146) 3 -0.00175143 (-0.00352252,8.72849e-08,0.000562531) 87571.4 49543.9 0.0416667
face centroid = (-5.18942,0.25,0.818484)
subcontact = (-5.43229,0.5,0.86039) 5221.23 (1015.74,0.00315982,-163.549) 2 -0.00501238 (-0.0035111,-1.09242e-08,0.00056072) 250619 49383.3 0.0208333
face centroid = (-5.18942,0.25,0.818484)
subcontact = (-5.43229,0,0.86039) 10441.7 (2031.42,0.00631953,-327.089) 1 -0.00501201 (-0.003511,-1.0924e-08,0.000560706) 250600 49381.9 0.0416667
face centroid = (-5.18942,0.25,0.818484)
3dec>log off
**********************************************
* Logging ended at Wed Mar 13 16:28:06 2024
**********************************************
**********************************************
* Logging started at Wed Mar 13 16:28:56 2024
* By 3dec Version 7.00 Release 159
* 
* 
* Job Title: 
**********************************************
3dec>log-file 'Displacement_step_1_distance_0.001m.txt'
**********************************************
* Logging ended at Wed Mar 13 16:28:56 2024
**********************************************
**********************************************
* Logging started at Wed Mar 13 16:28:56 2024
* By 3dec Version 7.00 Release 159
* 
* 
* Job Title: 
**********************************************
3dec>@contacts_output
contact = 1 1 1 0 (5.31089,0.250006,0.839969) (0.149411,-4.6716e-07,-0.988775)
subcontact = (5.43229,0,0.86092) 5369.93 (1042.66,0.180052,169.219) 112 -0.00515515 (-0.00360661,-6.22271e-07,-0.000565143) 257763 50704 0.0208328
face centroid = (5.1895,0.25,0.819018)
subcontact = (5.43229,0.5,0.86092) 10740.3 (2084.58,0.360103,338.308) 111 -0.00515538 (-0.00360533,-6.22268e-07,-0.000564933) 257775 50685.9 0.0416656
face centroid = (5.1895,0.25,0.819018)
subcontact = (4.93844,0.5,0.782702) 1668.6 (1042.53,-0.198956,169.193) 110 -0.00160184 (-0.00360615,6.87562e-07,-0.000565062) 80094.7 50697.5 0.0208328
face centroid = (5.1895,0.25,0.819018)
subcontact = (4.93844,0,0.782702) 3336.71 (2085.8,-0.397911,338.516) 109 -0.00160161 (-0.00360744,6.8756e-07,-0.000565272) 80083.1 50715.6 0.0416656
face centroid = (5.1895,0.25,0.819018)
subcontact = (4.94231,-6.8593e-07,0.781666) 1689.95 (1042.9,-0.19848,169.258) 108 -0.00162236 (-0.00360744,6.85929e-07,-0.000565272) 81117.7 50714.4 0.0208333
face centroid = (5.18536,0.25,0.821811)
subcontact = (4.9423,0.499999,0.781665) 3380.36 (2085.06,-0.396961,338.386) 107 -0.00162258 (-0.00360615,6.85931e-07,-0.000565062) 81128.6 50696.3 0.0416667
face centroid = (5.18536,0.25,0.821811)
subcontact = (5.43669,0.500001,0.856371) 5391.81 (1042.29,0.180515,169.154) 106 -0.00517614 (-0.00360532,-6.23879e-07,-0.000564932) 258807 50684.7 0.0208333
face centroid = (5.18536,0.25,0.821811)
subcontact = (5.43669,6.23882e-07,0.856371) 10783.2 (2085.33,0.361031,338.439) 105 -0.00517592 (-0.00360661,-6.23881e-07,-0.000565143) 258796 50702.8 0.0416667
face centroid = (5.18536,0.25,0.821811)
contact = 2 7 2 1 (4.99305,0.25,1.62234) (0.309017,0,-0.951057)
contact = 3 7 3 2 (4.67778,0.25,2.38345) (0.45399,0,-0.891007)
contact = 4 1 4 3 (4.26757,0.250009,3.09013) (0.590624,-0.00170896,-0.806945)
subcontact = (4.47089,2.19985e-07,3.23572) 110.865 (-31.9119,2.21217,-22.1569) 104 -0.000106405 (0.00010929,-7.64527e-06,7.79263e-05) 5321.82 1867.91 0.0208321
face centroid = (4.26901,0.250015,3.08803)
subcontact = (4.47089,0.5,3.23572) 221.37 (-58.6012,4.42418,-40.4913) 103 -0.000106232 (0.000100265,-7.64499e-06,7.13209e-05) 5313.18 1712.9 0.0416643
face centroid = (4.26901,0.250015,3.08803)
subcontact = (4.0643,0.499999,2.94471) 5313.82 (-34.3943,7.03949,-23.9919) 102 -0.00510131 (0.000117876,-2.43288e-05,8.42597e-05) 255078 2041.18 0.0208321
face centroid = (4.26901,0.250015,3.08803)
subcontact = (4.0643,-1.05311e-06,2.94471) 10628 (-74.0112,14.0791,-51.8063) 101 -0.00510149 (0.000126901,-2.43291e-05,9.08651e-05) 255087 2194.49 0.0416643
face centroid = (4.26901,0.250015,3.08803)
subcontact = (4.06718,1.95905e-05,2.9405) 5318.18 (-37.0063,7.04385,-25.9037) 100 -0.00510546 (0.000126913,-2.43436e-05,9.08737e-05) 255273 2194.44 0.0208333
face centroid = (4.26759,0.25,3.09022)
subcontact = (4.06719,0.50002,2.94051) 10635.9 (-68.7898,14.0874,-47.9847) 99 -0.00510525 (0.000117888,-2.43431e-05,8.4268e-05) 255262 2041.14 0.0416666
face centroid = (4.26759,0.25,3.09022)
subcontact = (4.47085,0.50001,3.23556) 114.69 (-29.3009,2.21614,-20.2458) 98 -0.000110102 (0.000100276,-7.65898e-06,7.13289e-05) 5505.14 1712.83 0.0208333
face centroid = (4.26759,0.25,3.09022)
subcontact = (4.47084,9.67596e-06,3.23556) 229.833 (-63.8246,4.43254,-44.3144) 97 -0.000110319 (0.000109301,-7.65945e-06,7.79345e-05) 5516.01 1867.84 0.0416666
face centroid = (4.26759,0.25,3.09022)
contact = 5 1 5 4 (3.90637,1.28194e-05,3.89089) (0.71499,-1.07237e-06,-0.699135)
subcontact = (3.90844,1.00416e-05,3.89021) 243.533 (-117.041,0.527993,-116.392) 96 -0.000233778 (0.00066822,-2.77045e-06,0.000673255) 11690 7923.32 0.0208326
face centroid = (3.73316,0.250015,3.71061)
subcontact = (3.90845,0.50001,3.89021) 485.948 (-233.237,1.05167,-231.982) 95 -0.000233242 (0.000671472,-2.77051e-06,0.000676569) 11663.2 7895.37 0.0416652
face centroid = (3.73316,0.250015,3.71061)
subcontact = (3.55592,0.50002,3.53564) 4580.54 (-195.584,-0.545162,-194.189) 94 -0.00439735 (0.000670966,1.88406e-06,0.000676108) 219874 13229.9 0.0208326
face centroid = (3.73316,0.250015,3.71061)
subcontact = (3.55591,1.99228e-05,3.53564) 9162.2 (-389.282,-1.09036,-386.465) 93 -0.00439788 (0.000667713,1.88412e-06,0.000672795) 219900 13165.4 0.0416652
face centroid = (3.73316,0.250015,3.71061)
subcontact = (3.55837,1.80495e-05,3.53186) 4587.22 (-194.642,-0.54718,-193.234) 92 -0.00440374 (0.000667714,1.891e-06,0.000672796) 220187 13165.1 0.0208333
face centroid = (3.73218,0.250015,3.71292)
subcontact = (3.55837,0.500018,3.53187) 9173.35 (-391.17,-1.09433,-388.382) 91 -0.00440321 (0.000670967,1.89096e-06,0.000676109) 220160 13229.5 0.0416667
face centroid = (3.73218,0.250015,3.71292)
subcontact = (3.90794,0.500013,3.88936) 249.033 (-119.655,0.531199,-118.992) 90 -0.000239073 (0.000671473,-2.76372e-06,0.00067657) 11953.6 8100.01 0.0208333
face centroid = (3.73218,0.250015,3.71292)
subcontact = (3.90794,1.2817e-05,3.88936) 499.163 (-240.144,1.06674,-238.774) 89 -0.000239599 (0.000668221,-2.76368e-06,0.000673256) 11979.9 8127.58 0.0416667
face centroid = (3.73218,0.250015,3.71292)
contact = 6 1 6 5 (3.24414,1.49943e-05,4.44206) (0.818391,-1.68971e-06,-0.574662)
subcontact = (3.24543,1.44483e-05,4.44247) 856.811 (-181.073,0.1644,-246.463) 88 -0.00082254 (0.000616632,-5.68338e-07,0.000858446) 41127.4 14680 0.0208331
face centroid = (3.10181,0.250017,4.23652)
subcontact = (3.24543,0.500014,4.44247) 1712.53 (-362.533,0.328798,-493.444) 87 -0.000822016 (0.000617286,-5.68336e-07,0.000859351) 41101.2 14695.5 0.0416662
face centroid = (3.10181,0.250017,4.23652)
subcontact = (2.95609,0.50002,4.0347) 3416.52 (-179.971,-0.178609,-244.918) 86 -0.00327987 (0.000612843,6.17104e-07,0.000853093) 163995 14588.9 0.0208331
face centroid = (3.10181,0.250017,4.23652)
subcontact = (2.95609,1.95325e-05,4.03469) 6834.13 (-359.556,-0.357217,-489.318) 85 -0.00328039 (0.000612188,6.17102e-07,0.000852189) 164021 14573.4 0.0416662
face centroid = (3.10181,0.250017,4.23652)
subcontact = (2.95815,1.89594e-05,4.03192) 3421.76 (-179.775,-0.178923,-244.656) 84 -0.0032849 (0.00061218,6.18198e-07,0.000852177) 164245 14573 0.0208333
face centroid = (3.10076,0.250017,4.23858)
subcontact = (2.95815,0.500019,4.03192) 6842.44 (-359.937,-0.357846,-489.829) 83 -0.00328438 (0.000612834,6.182e-07,0.000853081) 164219 14588.5 0.0416667
face centroid = (3.10076,0.250017,4.23858)
subcontact = (3.24548,0.500015,4.44112) 860.969 (-181.264,0.164085,-246.718) 82 -0.00082653 (0.000617278,-5.6724e-07,0.000859339) 41326.5 14695.1 0.0208333
face centroid = (3.10076,0.250017,4.23858)
subcontact = (3.24548,1.49915e-05,4.44112) 1723.02 (-362.141,0.328171,-492.919) 81 -0.000827049 (0.000616623,-5.67242e-07,0.000858434) 41352.4 14679.6 0.0416667
face centroid = (3.10076,0.250017,4.23858)
contact = 7 1 7 6 (2.39302,0.250019,4.65475) (0.898631,1.77649e-06,-0.438705)
subcontact = (2.50243,1.69827e-05,4.88013) 1656.09 (-138.986,0.130244,-270.028) 80 -0.00158985 (0.000470428,-4.50125e-07,0.000938265) 79492.4 14577.5 0.0208333
face centroid = (2.39371,0.250019,4.65381)
subcontact = (2.50243,0.500017,4.88014) 3311.01 (-278.24,0.260489,-540.569) 79 -0.00158929 (0.000470878,-4.50127e-07,0.000939158) 79464.4 14591.4 0.0416666
face centroid = (2.39371,0.250019,4.65381)
subcontact = (2.28265,0.500021,4.43103) 2146.64 (-140.041,-0.15851,-272.062) 78 -0.00206078 (0.000473988,5.47814e-07,0.00094534) 103039 14687.5 0.0208333
face centroid = (2.39371,0.250019,4.65381)
subcontact = (2.28265,2.07696e-05,4.43103) 4294.45 (-279.815,-0.317021,-543.612) 77 -0.00206134 (0.000473538,5.47816e-07,0.000944447) 103067 14673.6 0.0416666
face centroid = (2.39371,0.250019,4.65381)
subcontact = (2.28403,2.02247e-05,4.42915) 2149.26 (-139.908,-0.158757,-271.808) 76 -0.0020633 (0.000473541,5.48664e-07,0.000944453) 103165 14673.7 0.0208333
face centroid = (2.39254,0.250019,4.65558)
subcontact = (2.28403,0.50002,4.42915) 4297.37 (-280.084,-0.317512,-544.129) 75 -0.00206274 (0.000473991,5.48661e-07,0.000945346) 103137 14687.6 0.0416667
face centroid = (2.39254,0.250019,4.65558)
subcontact = (2.50339,0.500017,4.87847) 1657.55 (-139.121,0.13,-270.286) 74 -0.00159125 (0.000470881,-4.49283e-07,0.000939163) 79562.3 14591.5 0.0208333
face centroid = (2.39254,0.250019,4.65558)
subcontact = (2.50338,1.74345e-05,4.87846) 3316.26 (-277.974,0.26,-540.059) 73 -0.00159181 (0.000470431,-4.4928e-07,0.000938271) 79590.2 14577.6 0.0416667
face centroid = (2.39254,0.250019,4.65558)
contact = 8 1 8 7 (1.62767,0.250021,4.95548) (0.955417,2.48082e-07,-0.295259)
subcontact = (1.70051,1.93548e-05,5.19508) 2406.52 (-73.7684,0.108024,-224.834) 72 -0.00231026 (0.000248204,-3.73335e-07,0.000779185) 115513 11358.1 0.0208333
face centroid = (1.62865,0.250021,4.95473)
subcontact = (1.70051,0.500019,5.19508) 4811.82 (-147.689,0.216049,-450.124) 71 -0.00230968 (0.000248458,-3.73338e-07,0.000779977) 115484 11369.6 0.0416665
face centroid = (1.62865,0.250021,4.95473)
subcontact = (1.55414,0.500022,4.71699) 1036.69 (-75.8628,-0.130477,-231.248) 70 -0.000995228 (0.000255267,4.50925e-07,0.000801411) 49761.5 11682 0.0208333
face centroid = (1.62865,0.250021,4.95473)
subcontact = (1.55414,2.19704e-05,4.71698) 2074.61 (-151.574,-0.260955,-462.04) 69 -0.000995814 (0.000255013,4.50928e-07,0.000800619) 49790.8 11670.5 0.0416665
face centroid = (1.62865,0.250021,4.95473)
subcontact = (1.55484,2.15196e-05,4.71588) 1037.29 (-75.7892,-0.130634,-231.027) 68 -0.000995798 (0.000255019,4.51461e-07,0.000800641) 49789.9 11670.8 0.0208333
face centroid = (1.62733,0.250021,4.95603)
subcontact = (1.55484,0.500022,4.71588) 2073.36 (-151.73,-0.261266,-462.511) 67 -0.000995212 (0.000255273,4.51459e-07,0.000801433) 49760.6 11682.3 0.0416667
face centroid = (1.62733,0.250021,4.95603)
subcontact = (1.70247,0.50002,5.19359) 2405.9 (-73.8465,0.10787,-225.069) 66 -0.00230966 (0.000248465,-3.72807e-07,0.000779998) 115483 11370 0.0208333
face centroid = (1.62733,0.250021,4.95603)
subcontact = (1.70246,1.9728e-05,5.19359) 4813.02 (-147.541,0.215739,-449.681) 65 -0.00231025 (0.000248211,-3.72805e-07,0.000779206) 115512 11358.4 0.0416667
face centroid = (1.62733,0.250021,4.95603)
contact = 9 1 9 8 (0.824996,0.250022,5.13518) (0.989024,3.17513e-07,-0.147753)
subcontact = (0.860439,2.12229e-05,5.38292) 2936.15 (-22.6916,0.156967,-140.283) 64 -0.00281872 (7.54937e-05,-5.42486e-07,0.000485277) 140938 6821.23 0.020833
face centroid = (0.826351,0.250022,5.13472)
subcontact = (0.86044,0.500021,5.38292) 5871.05 (-45.5102,0.313937,-281.342) 63 -0.00281811 (7.57038e-05,-5.42493e-07,0.000486619) 140907 6840.1 0.041666
face centroid = (0.826351,0.250022,5.13472)
subcontact = (0.789362,0.500023,4.888) 281.433 (-19.0556,-0.179574,-118.541) 62 -0.000270172 (8.02642e-05,8.06843e-07,0.000516088) 13509 5763.12 0.020833
face centroid = (0.826351,0.250022,5.13472)
subcontact = (0.789361,2.28785e-05,4.888) 564.119 (-38.1579,-0.360496,-237.358) 61 -0.000270774 (8.00541e-05,8.0685e-07,0.000514746) 13539.1 5769.82 0.041666
face centroid = (0.826351,0.250022,5.13472)
subcontact = (0.789552,2.20699e-05,4.88744) 281.584 (-18.9998,-0.179757,-118.2) 60 -0.00027032 (8.00569e-05,8.07469e-07,0.000514764) 13516.1 5746.45 0.0208333
face centroid = (0.824901,0.250022,5.13546)
subcontact = (0.789552,0.500022,4.88744) 561.915 (-37.9526,-0.358151,-236.123) 59 -0.000269718 (8.0267e-05,8.07464e-07,0.000516107) 13486 5739.7 0.0416667
face centroid = (0.824901,0.250022,5.13546)
subcontact = (0.863151,0.500022,5.382) 2935.07 (-22.7562,0.156796,-140.678) 58 -0.00281767 (7.57066e-05,-5.41885e-07,0.000486637) 140884 6840.32 0.0208333
face centroid = (0.824901,0.250022,5.13546)
subcontact = (0.863151,2.17638e-05,5.382) 5871.4 (-45.3853,0.313589,-280.58) 57 -0.00281827 (7.54965e-05,-5.4188e-07,0.000485295) 140914 6821.45 0.0416667
face centroid = (0.824901,0.250022,5.13546)
contact = 10 1 10 9 (0.00309456,0.250022,5.3167) (0.999989,9.17784e-08,-0.00462899)
subcontact = (0.00216583,2.24747e-05,5.44167) 3139.07 (-0.106568,-0.0221715,19.1949) 56 -0.00301352 (3.06497e-08,7.66272e-08,-6.63297e-05) 150690 921.458 0.0208313
face centroid = (0.00292045,0.250021,5.19174)
subcontact = (0.00216626,0.500022,5.44167) 6277.44 (-0.215627,-0.0443368,37.141) 55 -0.00301318 (3.77964e-08,7.66165e-08,-6.41718e-05) 150673 891.486 0.0416626
face centroid = (0.00292045,0.250021,5.19174)
subcontact = (0.00683888,0.500023,4.94169) 0 (0,0,0) 54 0.0061793 (1.88828e-07,2.22796e-06,-3.11358e-05) 0 0 0.0208313
face centroid = (0.00292045,0.250021,5.19174)
subcontact = (0.00683845,2.27161e-05,4.94169) 0 (0,0,0) 53 0.00617896 (1.81681e-07,2.22797e-06,-3.32937e-05) 0 0 0.0416626
face centroid = (0.00292045,0.250021,5.19174)
subcontact = (0.000660376,2.04884e-05,4.94175) 0 (0,0,0) 52 0.00617677 (1.8164e-07,2.22717e-06,-3.33029e-05) 0 0 0.0208331
face centroid = (0.00450235,0.250023,5.19168)
subcontact = (0.000660447,0.50002,4.94175) 0 (0,0,0) 51 0.00617714 (1.88787e-07,2.22717e-06,-3.11449e-05) 0 0 0.0416663
face centroid = (0.00450235,0.250023,5.19168)
subcontact = (0.00518052,0.500022,5.44173) 3141.31 (-0.10781,-0.0219331,18.5717) 50 -0.00301566 (3.77479e-08,7.58002e-08,-6.41827e-05) 150784 891.467 0.0208331
face centroid = (0.00450235,0.250023,5.19168)
subcontact = (0.00518045,2.23982e-05,5.44173) 6283.38 (-0.213129,-0.0438698,38.3923) 49 -0.00301603 (3.06005e-08,7.58066e-08,-6.63407e-05) 150803 921.439 0.0416663
face centroid = (0.00450235,0.250023,5.19168)
contact = 11 1 11 10 (-0.818808,0.250021,5.13481) (0.989816,1.39674e-07,0.142351)
subcontact = (-0.855786,2.22906e-05,5.3818) 2923.38 (-23.0404,0.0399993,139.062) 48 -0.00280645 (7.44913e-05,-1.38235e-07,-0.00048142) 140324 6766.05 0.0208331
face centroid = (-0.817457,0.250021,5.13526)
subcontact = (-0.855786,0.500022,5.3818) 5845.6 (-46.0486,0.0799986,277.924) 47 -0.00280589 (7.44386e-05,-1.38235e-07,-0.000481075) 140296 6761.19 0.0416661
face centroid = (-0.817457,0.250021,5.13526)
subcontact = (-0.782036,0.50002,4.88726) 295.595 (-24.0529,-0.0622738,145.464) 46 -0.000283769 (7.78356e-05,2.15224e-07,-0.000503572) 14188.7 7077.19 0.0208331
face centroid = (-0.817457,0.250021,5.13526)
subcontact = (-0.782036,2.03906e-05,4.88727) 592.353 (-48.1381,-0.124548,291.128) 45 -0.000284327 (7.78883e-05,2.15224e-07,-0.000503917) 14216.7 7082.04 0.0416661
face centroid = (-0.817457,0.250021,5.13526)
subcontact = (-0.78183,2.01782e-05,4.88782) 297.144 (-24.0683,-0.0622192,145.559) 44 -0.000285257 (7.78858e-05,2.15032e-07,-0.0005039) 14262.9 7081.7 0.0208333
face centroid = (-0.818911,0.250021,5.13453)
subcontact = (-0.78183,0.50002,4.88782) 593.124 (-48.1043,-0.124438,290.918) 43 -0.000284698 (7.78331e-05,2.15032e-07,-0.000503555) 14235 7076.85 0.0416667
face centroid = (-0.818911,0.250021,5.13453)
subcontact = (-0.853084,0.500022,5.38271) 2923.76 (-23.0235,0.0400561,138.957) 42 -0.00280682 (7.44361e-05,-1.38431e-07,-0.000481058) 140341 6760.86 0.0208333
face centroid = (-0.818911,0.250021,5.13453)
subcontact = (-0.853084,2.24314e-05,5.38271) 5848.69 (-46.0793,0.0801121,278.113) 41 -0.00280738 (7.44888e-05,-1.38431e-07,-0.000481403) 140369 6765.71 0.0416667
face centroid = (-0.818911,0.250021,5.13453)
contact = 12 1 12 11 (-1.62079,0.25002,4.95482) (0.956188,5.51323e-07,0.292752)
subcontact = (-1.69504,2.08165e-05,5.19308) 2383.05 (-77.478,0.0179498,233.873) 40 -0.00228773 (0.000258534,-6.20264e-08,-0.000811269) 114387 11825.9 0.0208332
face centroid = (-1.61982,0.25002,4.95558)
subcontact = (-1.69504,0.500021,5.19308) 4765.08 (-154.919,0.0358994,467.636) 39 -0.00228724 (0.000258473,-6.2026e-08,-0.000811078) 114362 11823.1 0.0416665
face centroid = (-1.61982,0.25002,4.95558)
subcontact = (-1.54725,0.500019,4.71542) 1063.87 (-78.9156,-0.0416664,238.294) 38 -0.00102132 (0.00026337,1.44011e-07,-0.000826593) 51066.2 12049.1 0.0208332
face centroid = (-1.61982,0.25002,4.95558)
subcontact = (-1.54725,1.87101e-05,4.71542) 2128.77 (-157.868,-0.0833326,476.699) 37 -0.00102181 (0.000263432,1.4401e-07,-0.000826784) 51090.6 12051.9 0.0416665
face centroid = (-1.61982,0.25002,4.95558)
subcontact = (-1.54653,1.85705e-05,4.71657) 1064.95 (-78.9322,-0.0416217,238.344) 36 -0.00102236 (0.000263426,1.43854e-07,-0.000826766) 51117.8 12051.6 0.0208333
face centroid = (-1.62114,0.25002,4.95425)
subcontact = (-1.54653,0.500019,4.71656) 2128.89 (-157.828,-0.0832435,476.578) 35 -0.00102187 (0.000263365,1.43854e-07,-0.000826575) 51093.3 12048.8 0.0416667
face centroid = (-1.62114,0.25002,4.95425)
subcontact = (-1.69312,0.500021,5.19459) 2383.11 (-77.4579,0.0179952,233.812) 34 -0.00228779 (0.000258467,-6.2184e-08,-0.00081106) 114389 11822.8 0.0208333
face centroid = (-1.62114,0.25002,4.95425)
subcontact = (-1.69312,2.0883e-05,5.1946) 4767.23 (-154.952,0.0359906,467.735) 33 -0.00228828 (0.000258528,-6.21843e-08,-0.000811252) 114414 11825.6 0.0416667
face centroid = (-1.62114,0.25002,4.95425)
contact = 13 1 13 12 (-2.3856,0.250017,4.65384) (0.897958,1.50823e-06,0.440081)
subcontact = (-2.49585,1.78381e-05,4.87761) 1623.16 (-139.563,-0.0034652,272.179) 32 -0.00155824 (0.000473793,1.19983e-08,-0.000944988) 77911.9 14682 0.0208333
face centroid = (-2.3849,0.250017,4.65478)
subcontact = (-2.49585,0.500018,4.87761) 3245.53 (-279.107,-0.00693081,544.322) 31 -0.00155786 (0.000473761,1.1999e-08,-0.000944925) 77892.9 14681 0.0416666
face centroid = (-2.3849,0.250017,4.65478)
subcontact = (-2.27629,0.500016,4.4284) 2185.97 (-139.53,-0.0240613,272.084) 30 -0.00209854 (0.00047366,8.31771e-08,-0.00094467) 104927 14677.2 0.0208333
face centroid = (-2.3849,0.250017,4.65478)
subcontact = (-2.27629,1.58024e-05,4.4284) 4372.74 (-279.079,-0.0481222,544.205) 29 -0.00209892 (0.000473692,8.31764e-08,-0.000944734) 104946 14678.2 0.0416666
face centroid = (-2.3849,0.250017,4.65478)
subcontact = (-2.27488,1.57239e-05,4.4303) 2184.93 (-139.54,-0.024059,272.104) 28 -0.00209754 (0.000473694,8.31697e-08,-0.000944738) 104877 14678.3 0.0208333
face centroid = (-2.38607,0.250017,4.65301)
subcontact = (-2.27488,0.500016,4.43029) 4369.07 (-279.061,-0.0481182,544.171) 27 -0.00209716 (0.000473662,8.317e-08,-0.000944675) 104858 14677.3 0.0416667
face centroid = (-2.38607,0.250017,4.65301)
subcontact = (-2.49493,0.500018,4.87927) 1621.32 (-139.554,-0.00346363,272.162) 26 -0.00155647 (0.000473763,1.19926e-08,-0.000944929) 77823.5 14681.1 0.0208333
face centroid = (-2.38607,0.250017,4.65301)
subcontact = (-2.49493,1.78308e-05,4.87927) 3243.44 (-279.127,-0.00692704,544.361) 25 -0.00155686 (0.000473795,1.19922e-08,-0.000944992) 77842.6 14682.1 0.0416667
face centroid = (-2.38607,0.250017,4.65301)
contact = 14 1 14 13 (-3.23698,0.500013,4.44166) (0.81805,5.72234e-06,0.575147)
subcontact = (-3.23771,1.3563e-05,4.43981) 819.869 (-184.088,-0.0250919,249.332) 24 -0.000787072 (0.000626157,8.66439e-08,-0.000868999) 39353.7 14876.5 0.0208333
face centroid = (-3.09287,0.250013,4.23737)
subcontact = (-3.23771,0.500014,4.43981) 1639.22 (-368.177,-0.0501808,498.67) 23 -0.000786825 (0.000626161,8.66386e-08,-0.000869009) 39341.3 14876.6 0.0416667
face centroid = (-3.09287,0.250013,4.23737)
subcontact = (-2.95014,0.500012,4.03079) 3468.82 (-180.864,-0.0211885,244.882) 22 -0.00333008 (0.000615125,7.31568e-08,-0.000853542) 166503 14612.7 0.0208333
face centroid = (-3.09287,0.250013,4.23737)
subcontact = (-2.95014,1.18441e-05,4.03079) 6938.15 (-361.726,-0.0423801,489.758) 21 -0.00333032 (0.000615121,7.31621e-08,-0.000853532) 166516 14612.6 0.0416667
face centroid = (-3.09287,0.250013,4.23737)
subcontact = (-2.94805,1.17812e-05,4.0336) 3465 (-180.869,-0.021213,244.887) 20 -0.0033264 (0.000615141,7.32351e-08,-0.00085356) 166322 14613.3 0.0208331
face centroid = (-3.09393,0.250013,4.2353)
subcontact = (-2.94805,0.500012,4.03359) 6929.48 (-361.74,-0.0424226,489.781) 19 -0.00332615 (0.000615145,7.32293e-08,-0.00085357) 166310 14613.4 0.0416661
face centroid = (-3.09393,0.250013,4.2353)
subcontact = (-3.2377,0.500013,4.44115) 815.512 (-184.094,-0.0251095,249.343) 18 -0.000782893 (0.000626182,8.67049e-08,-0.000869037) 39145.1 14877.3 0.0208331
face centroid = (-3.09393,0.250013,4.2353)
subcontact = (-3.2377,1.34779e-05,4.44115) 1631.54 (-368.188,-0.0502224,498.68) 17 -0.00078314 (0.000626177,8.67107e-08,-0.000869027) 39157.4 14877.2 0.0416661
face centroid = (-3.09393,0.250013,4.2353)
contact = 15 7 15 14 (-3.71231,0.25,3.71231) (0.707107,0,0.707107)
contact = 16 1 16 15 (-4.06415,2.09942e-06,2.94115) (0.596206,6.50739e-06,0.802831)
subcontact = (-4.46712,2.80929e-06,3.23716) 0 (0,0,0) 16 0.00326511 (0.000321621,8.44449e-07,-0.000235125) 0 0 0.0208333
face centroid = (-4.26618,0.250002,3.08914)
subcontact = (-4.46712,0.500003,3.23716) 0 (0,0,0) 15 0.00326224 (0.000322127,8.4444e-07,-0.000235508) 0 0 0.0416667
face centroid = (-4.26618,0.250002,3.08914)
subcontact = (-4.06571,0.500002,2.93905) 5440.54 (-100.325,-0.0569711,72.3376) 14 -0.00522294 (0.000344891,1.96945e-07,-0.000252384) 261146 5936.83 0.0208333
face centroid = (-4.26618,0.250002,3.08914)
subcontact = (-4.0657,2.08244e-06,2.93906) 10875.1 (-200.358,-0.113947,144.451) 13 -0.00522006 (0.000344385,1.96954e-07,-0.000252001) 261002 5928.03 0.0416667
face centroid = (-4.26618,0.250002,3.08914)
subcontact = (-4.06297,1.88542e-06,2.94352) 5429.21 (-100.17,-0.0573446,72.219) 12 -0.00521211 (0.000344359,1.98244e-07,-0.000251982) 260640 5928.34 0.0208303
face centroid = (-4.26641,0.250002,3.08811)
subcontact = (-4.06297,0.500002,2.94352) 10864.4 (-200.631,-0.114684,144.662) 11 -0.00521498 (0.000344865,1.98234e-07,-0.000252364) 260783 5937.15 0.0416607
face centroid = (-4.26641,0.250002,3.08811)
subcontact = (-4.46939,0.500002,3.23477) 0 (0,0,0) 10 0.00326982 (0.000322103,8.4557e-07,-0.00023549) 0 0 0.0208303
face centroid = (-4.26641,0.250002,3.08811)
subcontact = (-4.46939,1.96664e-06,3.23477) 0 (0,0,0) 9 0.0032727 (0.000321597,8.4558e-07,-0.000235107) 0 0 0.0416607
face centroid = (-4.26641,0.250002,3.08811)
contact = 17 7 17 16 (-4.67778,0.25,2.38345) (0.45399,0,0.891007)
contact = 18 7 18 17 (-4.99305,0.25,1.62234) (0.309017,0,0.951057)
contact = 19 1 19 18 (-5.18752,0.25,0.819077) (0.156434,0,0.987688)
subcontact = (-5.43659,-1.22269e-08,0.855981) 5241.37 (1015.69,0.00346596,-163.541) 8 -0.00503172 (-0.00351093,-1.19802e-08,0.000560695) 251591 49381.9 0.0208329
face centroid = (-5.18536,0.25,0.821281)
subcontact = (-5.43659,0.5,0.855981) 10483.5 (2031.43,0.00693199,-327.09) 7 -0.0050321 (-0.00351103,-1.19803e-08,0.000560709) 251610 49383.3 0.0416658
face centroid = (-5.18536,0.25,0.821281)
subcontact = (-4.94224,0.5,0.780986) 1844.96 (1019.02,-0.0249485,-164.07) 6 -0.00177116 (-0.00352245,8.62244e-08,0.00056252) 88560.1 49543.9 0.0208329
face centroid = (-5.18536,0.25,0.821281)
subcontact = (-4.94224,8.64485e-08,0.780986) 3689.15 (2037.98,-0.0498971,-328.131) 5 -0.00177079 (-0.00352235,8.62245e-08,0.000562506) 88541.4 49542.6 0.0416658
face centroid = (-5.18536,0.25,0.821281)
subcontact = (-4.93844,0,0.782172) 1824.01 (1019.01,-0.0252572,-164.069) 4 -0.00175106 (-0.00352242,8.72851e-08,0.000562517) 87552.7 49542.6 0.0208333
face centroid = (-5.18942,0.25,0.818484)
subcontact = (-4.93844,0.5,0.782172) 3648.81 (2038.08,-0.0505144,-328.146) 3 -0.00175143 (-0.00352252,8.72849e-08,0.000562531) 87571.4 49543.9 0.0416667
face centroid = (-5.18942,0.25,0.818484)
subcontact = (-5.43229,0.5,0.86039) 5221.23 (1015.74,0.00315982,-163.549) 2 -0.00501238 (-0.0035111,-1.09242e-08,0.00056072) 250619 49383.3 0.0208333
face centroid = (-5.18942,0.25,0.818484)
subcontact = (-5.43229,0,0.86039) 10441.7 (2031.42,0.00631953,-327.089) 1 -0.00501201 (-0.003511,-1.0924e-08,0.000560706) 250600 49381.9 0.0416667
face centroid = (-5.18942,0.25,0.818484)
3dec>log off
**********************************************
* Logging ended at Wed Mar 13 16:28:56 2024
**********************************************
**********************************************
* Logging started at Wed Mar 13 16:33:46 2024
* By 3dec Version 7.00 Release 159
* 
* 
* Job Title: 
**********************************************
3dec>log-file 'Displacement_step_1_distance_0.001m.txt'
**********************************************
* Logging ended at Wed Mar 13 16:33:46 2024
**********************************************
**********************************************
* Logging started at Wed Mar 13 16:33:46 2024
* By 3dec Version 7.00 Release 159
* 
* 
* Job Title: 
**********************************************
3dec>@contacts_output
contact = 1 1 1 0 (5.31089,0.250006,0.839969) (0.149411,-4.6716e-07,-0.988775)
subcontact = (5.43229,0,0.86092) 5369.93 (1042.66,0.180052,169.219) 112 -0.00515515 (-0.00360661,-6.22271e-07,-0.000565143) 257763 50704 0.0208328
face centroid = (5.1895,0.25,0.819018)
subcontact = (5.43229,0.5,0.86092) 10740.3 (2084.58,0.360103,338.308) 111 -0.00515538 (-0.00360533,-6.22268e-07,-0.000564933) 257775 50685.9 0.0416656
face centroid = (5.1895,0.25,0.819018)
subcontact = (4.93844,0.5,0.782702) 1668.6 (1042.53,-0.198956,169.193) 110 -0.00160184 (-0.00360615,6.87562e-07,-0.000565062) 80094.7 50697.5 0.0208328
face centroid = (5.1895,0.25,0.819018)
subcontact = (4.93844,0,0.782702) 3336.71 (2085.8,-0.397911,338.516) 109 -0.00160161 (-0.00360744,6.8756e-07,-0.000565272) 80083.1 50715.6 0.0416656
face centroid = (5.1895,0.25,0.819018)
subcontact = (4.94231,-6.8593e-07,0.781666) 1689.95 (1042.9,-0.19848,169.258) 108 -0.00162236 (-0.00360744,6.85929e-07,-0.000565272) 81117.7 50714.4 0.0208333
face centroid = (5.18536,0.25,0.821811)
subcontact = (4.9423,0.499999,0.781665) 3380.36 (2085.06,-0.396961,338.386) 107 -0.00162258 (-0.00360615,6.85931e-07,-0.000565062) 81128.6 50696.3 0.0416667
face centroid = (5.18536,0.25,0.821811)
subcontact = (5.43669,0.500001,0.856371) 5391.81 (1042.29,0.180515,169.154) 106 -0.00517614 (-0.00360532,-6.23879e-07,-0.000564932) 258807 50684.7 0.0208333
face centroid = (5.18536,0.25,0.821811)
subcontact = (5.43669,6.23882e-07,0.856371) 10783.2 (2085.33,0.361031,338.439) 105 -0.00517592 (-0.00360661,-6.23881e-07,-0.000565143) 258796 50702.8 0.0416667
face centroid = (5.18536,0.25,0.821811)
contact = 2 7 2 1 (4.99305,0.25,1.62234) (0.309017,0,-0.951057)
contact = 3 7 3 2 (4.67778,0.25,2.38345) (0.45399,0,-0.891007)
contact = 4 1 4 3 (4.26757,0.250009,3.09013) (0.590624,-0.00170896,-0.806945)
subcontact = (4.47089,2.19985e-07,3.23572) 110.865 (-31.9119,2.21217,-22.1569) 104 -0.000106405 (0.00010929,-7.64527e-06,7.79263e-05) 5321.82 1867.91 0.0208321
face centroid = (4.26901,0.250015,3.08803)
subcontact = (4.47089,0.5,3.23572) 221.37 (-58.6012,4.42418,-40.4913) 103 -0.000106232 (0.000100265,-7.64499e-06,7.13209e-05) 5313.18 1712.9 0.0416643
face centroid = (4.26901,0.250015,3.08803)
subcontact = (4.0643,0.499999,2.94471) 5313.82 (-34.3943,7.03949,-23.9919) 102 -0.00510131 (0.000117876,-2.43288e-05,8.42597e-05) 255078 2041.18 0.0208321
face centroid = (4.26901,0.250015,3.08803)
subcontact = (4.0643,-1.05311e-06,2.94471) 10628 (-74.0112,14.0791,-51.8063) 101 -0.00510149 (0.000126901,-2.43291e-05,9.08651e-05) 255087 2194.49 0.0416643
face centroid = (4.26901,0.250015,3.08803)
subcontact = (4.06718,1.95905e-05,2.9405) 5318.18 (-37.0063,7.04385,-25.9037) 100 -0.00510546 (0.000126913,-2.43436e-05,9.08737e-05) 255273 2194.44 0.0208333
face centroid = (4.26759,0.25,3.09022)
subcontact = (4.06719,0.50002,2.94051) 10635.9 (-68.7898,14.0874,-47.9847) 99 -0.00510525 (0.000117888,-2.43431e-05,8.4268e-05) 255262 2041.14 0.0416666
face centroid = (4.26759,0.25,3.09022)
subcontact = (4.47085,0.50001,3.23556) 114.69 (-29.3009,2.21614,-20.2458) 98 -0.000110102 (0.000100276,-7.65898e-06,7.13289e-05) 5505.14 1712.83 0.0208333
face centroid = (4.26759,0.25,3.09022)
subcontact = (4.47084,9.67596e-06,3.23556) 229.833 (-63.8246,4.43254,-44.3144) 97 -0.000110319 (0.000109301,-7.65945e-06,7.79345e-05) 5516.01 1867.84 0.0416666
face centroid = (4.26759,0.25,3.09022)
contact = 5 1 5 4 (3.90637,1.28194e-05,3.89089) (0.71499,-1.07237e-06,-0.699135)
subcontact = (3.90844,1.00416e-05,3.89021) 243.533 (-117.041,0.527993,-116.392) 96 -0.000233778 (0.00066822,-2.77045e-06,0.000673255) 11690 7923.32 0.0208326
face centroid = (3.73316,0.250015,3.71061)
subcontact = (3.90845,0.50001,3.89021) 485.948 (-233.237,1.05167,-231.982) 95 -0.000233242 (0.000671472,-2.77051e-06,0.000676569) 11663.2 7895.37 0.0416652
face centroid = (3.73316,0.250015,3.71061)
subcontact = (3.55592,0.50002,3.53564) 4580.54 (-195.584,-0.545162,-194.189) 94 -0.00439735 (0.000670966,1.88406e-06,0.000676108) 219874 13229.9 0.0208326
face centroid = (3.73316,0.250015,3.71061)
subcontact = (3.55591,1.99228e-05,3.53564) 9162.2 (-389.282,-1.09036,-386.465) 93 -0.00439788 (0.000667713,1.88412e-06,0.000672795) 219900 13165.4 0.0416652
face centroid = (3.73316,0.250015,3.71061)
subcontact = (3.55837,1.80495e-05,3.53186) 4587.22 (-194.642,-0.54718,-193.234) 92 -0.00440374 (0.000667714,1.891e-06,0.000672796) 220187 13165.1 0.0208333
face centroid = (3.73218,0.250015,3.71292)
subcontact = (3.55837,0.500018,3.53187) 9173.35 (-391.17,-1.09433,-388.382) 91 -0.00440321 (0.000670967,1.89096e-06,0.000676109) 220160 13229.5 0.0416667
face centroid = (3.73218,0.250015,3.71292)
subcontact = (3.90794,0.500013,3.88936) 249.033 (-119.655,0.531199,-118.992) 90 -0.000239073 (0.000671473,-2.76372e-06,0.00067657) 11953.6 8100.01 0.0208333
face centroid = (3.73218,0.250015,3.71292)
subcontact = (3.90794,1.2817e-05,3.88936) 499.163 (-240.144,1.06674,-238.774) 89 -0.000239599 (0.000668221,-2.76368e-06,0.000673256) 11979.9 8127.58 0.0416667
face centroid = (3.73218,0.250015,3.71292)
contact = 6 1 6 5 (3.24414,1.49943e-05,4.44206) (0.818391,-1.68971e-06,-0.574662)
subcontact = (3.24543,1.44483e-05,4.44247) 856.811 (-181.073,0.1644,-246.463) 88 -0.00082254 (0.000616632,-5.68338e-07,0.000858446) 41127.4 14680 0.0208331
face centroid = (3.10181,0.250017,4.23652)
subcontact = (3.24543,0.500014,4.44247) 1712.53 (-362.533,0.328798,-493.444) 87 -0.000822016 (0.000617286,-5.68336e-07,0.000859351) 41101.2 14695.5 0.0416662
face centroid = (3.10181,0.250017,4.23652)
subcontact = (2.95609,0.50002,4.0347) 3416.52 (-179.971,-0.178609,-244.918) 86 -0.00327987 (0.000612843,6.17104e-07,0.000853093) 163995 14588.9 0.0208331
face centroid = (3.10181,0.250017,4.23652)
subcontact = (2.95609,1.95325e-05,4.03469) 6834.13 (-359.556,-0.357217,-489.318) 85 -0.00328039 (0.000612188,6.17102e-07,0.000852189) 164021 14573.4 0.0416662
face centroid = (3.10181,0.250017,4.23652)
subcontact = (2.95815,1.89594e-05,4.03192) 3421.76 (-179.775,-0.178923,-244.656) 84 -0.0032849 (0.00061218,6.18198e-07,0.000852177) 164245 14573 0.0208333
face centroid = (3.10076,0.250017,4.23858)
subcontact = (2.95815,0.500019,4.03192) 6842.44 (-359.937,-0.357846,-489.829) 83 -0.00328438 (0.000612834,6.182e-07,0.000853081) 164219 14588.5 0.0416667
face centroid = (3.10076,0.250017,4.23858)
subcontact = (3.24548,0.500015,4.44112) 860.969 (-181.264,0.164085,-246.718) 82 -0.00082653 (0.000617278,-5.6724e-07,0.000859339) 41326.5 14695.1 0.0208333
face centroid = (3.10076,0.250017,4.23858)
subcontact = (3.24548,1.49915e-05,4.44112) 1723.02 (-362.141,0.328171,-492.919) 81 -0.000827049 (0.000616623,-5.67242e-07,0.000858434) 41352.4 14679.6 0.0416667
face centroid = (3.10076,0.250017,4.23858)
contact = 7 1 7 6 (2.39302,0.250019,4.65475) (0.898631,1.77649e-06,-0.438705)
subcontact = (2.50243,1.69827e-05,4.88013) 1656.09 (-138.986,0.130244,-270.028) 80 -0.00158985 (0.000470428,-4.50125e-07,0.000938265) 79492.4 14577.5 0.0208333
face centroid = (2.39371,0.250019,4.65381)
subcontact = (2.50243,0.500017,4.88014) 3311.01 (-278.24,0.260489,-540.569) 79 -0.00158929 (0.000470878,-4.50127e-07,0.000939158) 79464.4 14591.4 0.0416666
face centroid = (2.39371,0.250019,4.65381)
subcontact = (2.28265,0.500021,4.43103) 2146.64 (-140.041,-0.15851,-272.062) 78 -0.00206078 (0.000473988,5.47814e-07,0.00094534) 103039 14687.5 0.0208333
face centroid = (2.39371,0.250019,4.65381)
subcontact = (2.28265,2.07696e-05,4.43103) 4294.45 (-279.815,-0.317021,-543.612) 77 -0.00206134 (0.000473538,5.47816e-07,0.000944447) 103067 14673.6 0.0416666
face centroid = (2.39371,0.250019,4.65381)
subcontact = (2.28403,2.02247e-05,4.42915) 2149.26 (-139.908,-0.158757,-271.808) 76 -0.0020633 (0.000473541,5.48664e-07,0.000944453) 103165 14673.7 0.0208333
face centroid = (2.39254,0.250019,4.65558)
subcontact = (2.28403,0.50002,4.42915) 4297.37 (-280.084,-0.317512,-544.129) 75 -0.00206274 (0.000473991,5.48661e-07,0.000945346) 103137 14687.6 0.0416667
face centroid = (2.39254,0.250019,4.65558)
subcontact = (2.50339,0.500017,4.87847) 1657.55 (-139.121,0.13,-270.286) 74 -0.00159125 (0.000470881,-4.49283e-07,0.000939163) 79562.3 14591.5 0.0208333
face centroid = (2.39254,0.250019,4.65558)
subcontact = (2.50338,1.74345e-05,4.87846) 3316.26 (-277.974,0.26,-540.059) 73 -0.00159181 (0.000470431,-4.4928e-07,0.000938271) 79590.2 14577.6 0.0416667
face centroid = (2.39254,0.250019,4.65558)
contact = 8 1 8 7 (1.62767,0.250021,4.95548) (0.955417,2.48082e-07,-0.295259)
subcontact = (1.70051,1.93548e-05,5.19508) 2406.52 (-73.7684,0.108024,-224.834) 72 -0.00231026 (0.000248204,-3.73335e-07,0.000779185) 115513 11358.1 0.0208333
face centroid = (1.62865,0.250021,4.95473)
subcontact = (1.70051,0.500019,5.19508) 4811.82 (-147.689,0.216049,-450.124) 71 -0.00230968 (0.000248458,-3.73338e-07,0.000779977) 115484 11369.6 0.0416665
face centroid = (1.62865,0.250021,4.95473)
subcontact = (1.55414,0.500022,4.71699) 1036.69 (-75.8628,-0.130477,-231.248) 70 -0.000995228 (0.000255267,4.50925e-07,0.000801411) 49761.5 11682 0.0208333
face centroid = (1.62865,0.250021,4.95473)
subcontact = (1.55414,2.19704e-05,4.71698) 2074.61 (-151.574,-0.260955,-462.04) 69 -0.000995814 (0.000255013,4.50928e-07,0.000800619) 49790.8 11670.5 0.0416665
face centroid = (1.62865,0.250021,4.95473)
subcontact = (1.55484,2.15196e-05,4.71588) 1037.29 (-75.7892,-0.130634,-231.027) 68 -0.000995798 (0.000255019,4.51461e-07,0.000800641) 49789.9 11670.8 0.0208333
face centroid = (1.62733,0.250021,4.95603)
subcontact = (1.55484,0.500022,4.71588) 2073.36 (-151.73,-0.261266,-462.511) 67 -0.000995212 (0.000255273,4.51459e-07,0.000801433) 49760.6 11682.3 0.0416667
face centroid = (1.62733,0.250021,4.95603)
subcontact = (1.70247,0.50002,5.19359) 2405.9 (-73.8465,0.10787,-225.069) 66 -0.00230966 (0.000248465,-3.72807e-07,0.000779998) 115483 11370 0.0208333
face centroid = (1.62733,0.250021,4.95603)
subcontact = (1.70246,1.9728e-05,5.19359) 4813.02 (-147.541,0.215739,-449.681) 65 -0.00231025 (0.000248211,-3.72805e-07,0.000779206) 115512 11358.4 0.0416667
face centroid = (1.62733,0.250021,4.95603)
contact = 9 1 9 8 (0.824996,0.250022,5.13518) (0.989024,3.17513e-07,-0.147753)
subcontact = (0.860439,2.12229e-05,5.38292) 2936.15 (-22.6916,0.156967,-140.283) 64 -0.00281872 (7.54937e-05,-5.42486e-07,0.000485277) 140938 6821.23 0.020833
face centroid = (0.826351,0.250022,5.13472)
subcontact = (0.86044,0.500021,5.38292) 5871.05 (-45.5102,0.313937,-281.342) 63 -0.00281811 (7.57038e-05,-5.42493e-07,0.000486619) 140907 6840.1 0.041666
face centroid = (0.826351,0.250022,5.13472)
subcontact = (0.789362,0.500023,4.888) 281.433 (-19.0556,-0.179574,-118.541) 62 -0.000270172 (8.02642e-05,8.06843e-07,0.000516088) 13509 5763.12 0.020833
face centroid = (0.826351,0.250022,5.13472)
subcontact = (0.789361,2.28785e-05,4.888) 564.119 (-38.1579,-0.360496,-237.358) 61 -0.000270774 (8.00541e-05,8.0685e-07,0.000514746) 13539.1 5769.82 0.041666
face centroid = (0.826351,0.250022,5.13472)
subcontact = (0.789552,2.20699e-05,4.88744) 281.584 (-18.9998,-0.179757,-118.2) 60 -0.00027032 (8.00569e-05,8.07469e-07,0.000514764) 13516.1 5746.45 0.0208333
face centroid = (0.824901,0.250022,5.13546)
subcontact = (0.789552,0.500022,4.88744) 561.915 (-37.9526,-0.358151,-236.123) 59 -0.000269718 (8.0267e-05,8.07464e-07,0.000516107) 13486 5739.7 0.0416667
face centroid = (0.824901,0.250022,5.13546)
subcontact = (0.863151,0.500022,5.382) 2935.07 (-22.7562,0.156796,-140.678) 58 -0.00281767 (7.57066e-05,-5.41885e-07,0.000486637) 140884 6840.32 0.0208333
face centroid = (0.824901,0.250022,5.13546)
subcontact = (0.863151,2.17638e-05,5.382) 5871.4 (-45.3853,0.313589,-280.58) 57 -0.00281827 (7.54965e-05,-5.4188e-07,0.000485295) 140914 6821.45 0.0416667
face centroid = (0.824901,0.250022,5.13546)
contact = 10 1 10 9 (0.00309456,0.250022,5.3167) (0.999989,9.17784e-08,-0.00462899)
subcontact = (0.00216583,2.24747e-05,5.44167) 3139.07 (-0.106568,-0.0221715,19.1949) 56 -0.00301352 (3.06497e-08,7.66272e-08,-6.63297e-05) 150690 921.458 0.0208313
face centroid = (0.00292045,0.250021,5.19174)
subcontact = (0.00216626,0.500022,5.44167) 6277.44 (-0.215627,-0.0443368,37.141) 55 -0.00301318 (3.77964e-08,7.66165e-08,-6.41718e-05) 150673 891.486 0.0416626
face centroid = (0.00292045,0.250021,5.19174)
subcontact = (0.00683888,0.500023,4.94169) 0 (0,0,0) 54 0.0061793 (1.88828e-07,2.22796e-06,-3.11358e-05) 0 0 0.0208313
face centroid = (0.00292045,0.250021,5.19174)
subcontact = (0.00683845,2.27161e-05,4.94169) 0 (0,0,0) 53 0.00617896 (1.81681e-07,2.22797e-06,-3.32937e-05) 0 0 0.0416626
face centroid = (0.00292045,0.250021,5.19174)
subcontact = (0.000660376,2.04884e-05,4.94175) 0 (0,0,0) 52 0.00617677 (1.8164e-07,2.22717e-06,-3.33029e-05) 0 0 0.0208331
face centroid = (0.00450235,0.250023,5.19168)
subcontact = (0.000660447,0.50002,4.94175) 0 (0,0,0) 51 0.00617714 (1.88787e-07,2.22717e-06,-3.11449e-05) 0 0 0.0416663
face centroid = (0.00450235,0.250023,5.19168)
subcontact = (0.00518052,0.500022,5.44173) 3141.31 (-0.10781,-0.0219331,18.5717) 50 -0.00301566 (3.77479e-08,7.58002e-08,-6.41827e-05) 150784 891.467 0.0208331
face centroid = (0.00450235,0.250023,5.19168)
subcontact = (0.00518045,2.23982e-05,5.44173) 6283.38 (-0.213129,-0.0438698,38.3923) 49 -0.00301603 (3.06005e-08,7.58066e-08,-6.63407e-05) 150803 921.439 0.0416663
face centroid = (0.00450235,0.250023,5.19168)
contact = 11 1 11 10 (-0.818808,0.250021,5.13481) (0.989816,1.39674e-07,0.142351)
subcontact = (-0.855786,2.22906e-05,5.3818) 2923.38 (-23.0404,0.0399993,139.062) 48 -0.00280645 (7.44913e-05,-1.38235e-07,-0.00048142) 140324 6766.05 0.0208331
face centroid = (-0.817457,0.250021,5.13526)
subcontact = (-0.855786,0.500022,5.3818) 5845.6 (-46.0486,0.0799986,277.924) 47 -0.00280589 (7.44386e-05,-1.38235e-07,-0.000481075) 140296 6761.19 0.0416661
face centroid = (-0.817457,0.250021,5.13526)
subcontact = (-0.782036,0.50002,4.88726) 295.595 (-24.0529,-0.0622738,145.464) 46 -0.000283769 (7.78356e-05,2.15224e-07,-0.000503572) 14188.7 7077.19 0.0208331
face centroid = (-0.817457,0.250021,5.13526)
subcontact = (-0.782036,2.03906e-05,4.88727) 592.353 (-48.1381,-0.124548,291.128) 45 -0.000284327 (7.78883e-05,2.15224e-07,-0.000503917) 14216.7 7082.04 0.0416661
face centroid = (-0.817457,0.250021,5.13526)
subcontact = (-0.78183,2.01782e-05,4.88782) 297.144 (-24.0683,-0.0622192,145.559) 44 -0.000285257 (7.78858e-05,2.15032e-07,-0.0005039) 14262.9 7081.7 0.0208333
face centroid = (-0.818911,0.250021,5.13453)
subcontact = (-0.78183,0.50002,4.88782) 593.124 (-48.1043,-0.124438,290.918) 43 -0.000284698 (7.78331e-05,2.15032e-07,-0.000503555) 14235 7076.85 0.0416667
face centroid = (-0.818911,0.250021,5.13453)
subcontact = (-0.853084,0.500022,5.38271) 2923.76 (-23.0235,0.0400561,138.957) 42 -0.00280682 (7.44361e-05,-1.38431e-07,-0.000481058) 140341 6760.86 0.0208333
face centroid = (-0.818911,0.250021,5.13453)
subcontact = (-0.853084,2.24314e-05,5.38271) 5848.69 (-46.0793,0.0801121,278.113) 41 -0.00280738 (7.44888e-05,-1.38431e-07,-0.000481403) 140369 6765.71 0.0416667
face centroid = (-0.818911,0.250021,5.13453)
contact = 12 1 12 11 (-1.62079,0.25002,4.95482) (0.956188,5.51323e-07,0.292752)
subcontact = (-1.69504,2.08165e-05,5.19308) 2383.05 (-77.478,0.0179498,233.873) 40 -0.00228773 (0.000258534,-6.20264e-08,-0.000811269) 114387 11825.9 0.0208332
face centroid = (-1.61982,0.25002,4.95558)
subcontact = (-1.69504,0.500021,5.19308) 4765.08 (-154.919,0.0358994,467.636) 39 -0.00228724 (0.000258473,-6.2026e-08,-0.000811078) 114362 11823.1 0.0416665
face centroid = (-1.61982,0.25002,4.95558)
subcontact = (-1.54725,0.500019,4.71542) 1063.87 (-78.9156,-0.0416664,238.294) 38 -0.00102132 (0.00026337,1.44011e-07,-0.000826593) 51066.2 12049.1 0.0208332
face centroid = (-1.61982,0.25002,4.95558)
subcontact = (-1.54725,1.87101e-05,4.71542) 2128.77 (-157.868,-0.0833326,476.699) 37 -0.00102181 (0.000263432,1.4401e-07,-0.000826784) 51090.6 12051.9 0.0416665
face centroid = (-1.61982,0.25002,4.95558)
subcontact = (-1.54653,1.85705e-05,4.71657) 1064.95 (-78.9322,-0.0416217,238.344) 36 -0.00102236 (0.000263426,1.43854e-07,-0.000826766) 51117.8 12051.6 0.0208333
face centroid = (-1.62114,0.25002,4.95425)
subcontact = (-1.54653,0.500019,4.71656) 2128.89 (-157.828,-0.0832435,476.578) 35 -0.00102187 (0.000263365,1.43854e-07,-0.000826575) 51093.3 12048.8 0.0416667
face centroid = (-1.62114,0.25002,4.95425)
subcontact = (-1.69312,0.500021,5.19459) 2383.11 (-77.4579,0.0179952,233.812) 34 -0.00228779 (0.000258467,-6.2184e-08,-0.00081106) 114389 11822.8 0.0208333
face centroid = (-1.62114,0.25002,4.95425)
subcontact = (-1.69312,2.0883e-05,5.1946) 4767.23 (-154.952,0.0359906,467.735) 33 -0.00228828 (0.000258528,-6.21843e-08,-0.000811252) 114414 11825.6 0.0416667
face centroid = (-1.62114,0.25002,4.95425)
contact = 13 1 13 12 (-2.3856,0.250017,4.65384) (0.897958,1.50823e-06,0.440081)
subcontact = (-2.49585,1.78381e-05,4.87761) 1623.16 (-139.563,-0.0034652,272.179) 32 -0.00155824 (0.000473793,1.19983e-08,-0.000944988) 77911.9 14682 0.0208333
face centroid = (-2.3849,0.250017,4.65478)
subcontact = (-2.49585,0.500018,4.87761) 3245.53 (-279.107,-0.00693081,544.322) 31 -0.00155786 (0.000473761,1.1999e-08,-0.000944925) 77892.9 14681 0.0416666
face centroid = (-2.3849,0.250017,4.65478)
subcontact = (-2.27629,0.500016,4.4284) 2185.97 (-139.53,-0.0240613,272.084) 30 -0.00209854 (0.00047366,8.31771e-08,-0.00094467) 104927 14677.2 0.0208333
face centroid = (-2.3849,0.250017,4.65478)
subcontact = (-2.27629,1.58024e-05,4.4284) 4372.74 (-279.079,-0.0481222,544.205) 29 -0.00209892 (0.000473692,8.31764e-08,-0.000944734) 104946 14678.2 0.0416666
face centroid = (-2.3849,0.250017,4.65478)
subcontact = (-2.27488,1.57239e-05,4.4303) 2184.93 (-139.54,-0.024059,272.104) 28 -0.00209754 (0.000473694,8.31697e-08,-0.000944738) 104877 14678.3 0.0208333
face centroid = (-2.38607,0.250017,4.65301)
subcontact = (-2.27488,0.500016,4.43029) 4369.07 (-279.061,-0.0481182,544.171) 27 -0.00209716 (0.000473662,8.317e-08,-0.000944675) 104858 14677.3 0.0416667
face centroid = (-2.38607,0.250017,4.65301)
subcontact = (-2.49493,0.500018,4.87927) 1621.32 (-139.554,-0.00346363,272.162) 26 -0.00155647 (0.000473763,1.19926e-08,-0.000944929) 77823.5 14681.1 0.0208333
face centroid = (-2.38607,0.250017,4.65301)
subcontact = (-2.49493,1.78308e-05,4.87927) 3243.44 (-279.127,-0.00692704,544.361) 25 -0.00155686 (0.000473795,1.19922e-08,-0.000944992) 77842.6 14682.1 0.0416667
face centroid = (-2.38607,0.250017,4.65301)
contact = 14 1 14 13 (-3.23698,0.500013,4.44166) (0.81805,5.72234e-06,0.575147)
subcontact = (-3.23771,1.3563e-05,4.43981) 819.869 (-184.088,-0.0250919,249.332) 24 -0.000787072 (0.000626157,8.66439e-08,-0.000868999) 39353.7 14876.5 0.0208333
face centroid = (-3.09287,0.250013,4.23737)
subcontact = (-3.23771,0.500014,4.43981) 1639.22 (-368.177,-0.0501808,498.67) 23 -0.000786825 (0.000626161,8.66386e-08,-0.000869009) 39341.3 14876.6 0.0416667
face centroid = (-3.09287,0.250013,4.23737)
subcontact = (-2.95014,0.500012,4.03079) 3468.82 (-180.864,-0.0211885,244.882) 22 -0.00333008 (0.000615125,7.31568e-08,-0.000853542) 166503 14612.7 0.0208333
face centroid = (-3.09287,0.250013,4.23737)
subcontact = (-2.95014,1.18441e-05,4.03079) 6938.15 (-361.726,-0.0423801,489.758) 21 -0.00333032 (0.000615121,7.31621e-08,-0.000853532) 166516 14612.6 0.0416667
face centroid = (-3.09287,0.250013,4.23737)
subcontact = (-2.94805,1.17812e-05,4.0336) 3465 (-180.869,-0.021213,244.887) 20 -0.0033264 (0.000615141,7.32351e-08,-0.00085356) 166322 14613.3 0.0208331
face centroid = (-3.09393,0.250013,4.2353)
subcontact = (-2.94805,0.500012,4.03359) 6929.48 (-361.74,-0.0424226,489.781) 19 -0.00332615 (0.000615145,7.32293e-08,-0.00085357) 166310 14613.4 0.0416661
face centroid = (-3.09393,0.250013,4.2353)
subcontact = (-3.2377,0.500013,4.44115) 815.512 (-184.094,-0.0251095,249.343) 18 -0.000782893 (0.000626182,8.67049e-08,-0.000869037) 39145.1 14877.3 0.0208331
face centroid = (-3.09393,0.250013,4.2353)
subcontact = (-3.2377,1.34779e-05,4.44115) 1631.54 (-368.188,-0.0502224,498.68) 17 -0.00078314 (0.000626177,8.67107e-08,-0.000869027) 39157.4 14877.2 0.0416661
face centroid = (-3.09393,0.250013,4.2353)
contact = 15 7 15 14 (-3.71231,0.25,3.71231) (0.707107,0,0.707107)
contact = 16 1 16 15 (-4.06415,2.09942e-06,2.94115) (0.596206,6.50739e-06,0.802831)
subcontact = (-4.46712,2.80929e-06,3.23716) 0 (0,0,0) 16 0.00326511 (0.000321621,8.44449e-07,-0.000235125) 0 0 0.0208333
face centroid = (-4.26618,0.250002,3.08914)
subcontact = (-4.46712,0.500003,3.23716) 0 (0,0,0) 15 0.00326224 (0.000322127,8.4444e-07,-0.000235508) 0 0 0.0416667
face centroid = (-4.26618,0.250002,3.08914)
subcontact = (-4.06571,0.500002,2.93905) 5440.54 (-100.325,-0.0569711,72.3376) 14 -0.00522294 (0.000344891,1.96945e-07,-0.000252384) 261146 5936.83 0.0208333
face centroid = (-4.26618,0.250002,3.08914)
subcontact = (-4.0657,2.08244e-06,2.93906) 10875.1 (-200.358,-0.113947,144.451) 13 -0.00522006 (0.000344385,1.96954e-07,-0.000252001) 261002 5928.03 0.0416667
face centroid = (-4.26618,0.250002,3.08914)
subcontact = (-4.06297,1.88542e-06,2.94352) 5429.21 (-100.17,-0.0573446,72.219) 12 -0.00521211 (0.000344359,1.98244e-07,-0.000251982) 260640 5928.34 0.0208303
face centroid = (-4.26641,0.250002,3.08811)
subcontact = (-4.06297,0.500002,2.94352) 10864.4 (-200.631,-0.114684,144.662) 11 -0.00521498 (0.000344865,1.98234e-07,-0.000252364) 260783 5937.15 0.0416607
face centroid = (-4.26641,0.250002,3.08811)
subcontact = (-4.46939,0.500002,3.23477) 0 (0,0,0) 10 0.00326982 (0.000322103,8.4557e-07,-0.00023549) 0 0 0.0208303
face centroid = (-4.26641,0.250002,3.08811)
subcontact = (-4.46939,1.96664e-06,3.23477) 0 (0,0,0) 9 0.0032727 (0.000321597,8.4558e-07,-0.000235107) 0 0 0.0416607
face centroid = (-4.26641,0.250002,3.08811)
contact = 17 7 17 16 (-4.67778,0.25,2.38345) (0.45399,0,0.891007)
contact = 18 7 18 17 (-4.99305,0.25,1.62234) (0.309017,0,0.951057)
contact = 19 1 19 18 (-5.18752,0.25,0.819077) (0.156434,0,0.987688)
subcontact = (-5.43659,-1.22269e-08,0.855981) 5241.37 (1015.69,0.00346596,-163.541) 8 -0.00503172 (-0.00351093,-1.19802e-08,0.000560695) 251591 49381.9 0.0208329
face centroid = (-5.18536,0.25,0.821281)
subcontact = (-5.43659,0.5,0.855981) 10483.5 (2031.43,0.00693199,-327.09) 7 -0.0050321 (-0.00351103,-1.19803e-08,0.000560709) 251610 49383.3 0.0416658
face centroid = (-5.18536,0.25,0.821281)
subcontact = (-4.94224,0.5,0.780986) 1844.96 (1019.02,-0.0249485,-164.07) 6 -0.00177116 (-0.00352245,8.62244e-08,0.00056252) 88560.1 49543.9 0.0208329
face centroid = (-5.18536,0.25,0.821281)
subcontact = (-4.94224,8.64485e-08,0.780986) 3689.15 (2037.98,-0.0498971,-328.131) 5 -0.00177079 (-0.00352235,8.62245e-08,0.000562506) 88541.4 49542.6 0.0416658
face centroid = (-5.18536,0.25,0.821281)
subcontact = (-4.93844,0,0.782172) 1824.01 (1019.01,-0.0252572,-164.069) 4 -0.00175106 (-0.00352242,8.72851e-08,0.000562517) 87552.7 49542.6 0.0208333
face centroid = (-5.18942,0.25,0.818484)
subcontact = (-4.93844,0.5,0.782172) 3648.81 (2038.08,-0.0505144,-328.146) 3 -0.00175143 (-0.00352252,8.72849e-08,0.000562531) 87571.4 49543.9 0.0416667
face centroid = (-5.18942,0.25,0.818484)
subcontact = (-5.43229,0.5,0.86039) 5221.23 (1015.74,0.00315982,-163.549) 2 -0.00501238 (-0.0035111,-1.09242e-08,0.00056072) 250619 49383.3 0.0208333
face centroid = (-5.18942,0.25,0.818484)
subcontact = (-5.43229,0,0.86039) 10441.7 (2031.42,0.00631953,-327.089) 1 -0.00501201 (-0.003511,-1.0924e-08,0.000560706) 250600 49381.9 0.0416667
face centroid = (-5.18942,0.25,0.818484)
3dec>log off
**********************************************
* Logging ended at Wed Mar 13 16:33:46 2024
**********************************************
**********************************************
* Logging started at Wed Mar 13 16:43:34 2024
* By 3dec Version 7.00 Release 159
* 
* 
* Job Title: 
**********************************************
3dec>log-file 'init_state.txt'
**********************************************
* Logging ended at Wed Mar 13 16:43:34 2024
**********************************************
**********************************************
* Logging started at Wed Mar 13 16:47:47 2024
* By 3dec Version 7.00 Release 159
* 
* 
* Job Title: 
**********************************************
3dec>@contacts_output
contact = 1 1 1 0 (5.31089,0.250006,0.839969) (0.149411,-4.6716e-07,-0.988775)
subcontact = (5.43229,0,0.86092) 5369.93 (1042.66,0.180052,169.219) 112 -0.00515515 (-0.00360661,-6.22271e-07,-0.000565143) 257763 50704 0.0208328
face centroid = (5.1895,0.25,0.819018)
subcontact = (5.43229,0.5,0.86092) 10740.3 (2084.58,0.360103,338.308) 111 -0.00515538 (-0.00360533,-6.22268e-07,-0.000564933) 257775 50685.9 0.0416656
face centroid = (5.1895,0.25,0.819018)
subcontact = (4.93844,0.5,0.782702) 1668.6 (1042.53,-0.198956,169.193) 110 -0.00160184 (-0.00360615,6.87562e-07,-0.000565062) 80094.7 50697.5 0.0208328
face centroid = (5.1895,0.25,0.819018)
subcontact = (4.93844,0,0.782702) 3336.71 (2085.8,-0.397911,338.516) 109 -0.00160161 (-0.00360744,6.8756e-07,-0.000565272) 80083.1 50715.6 0.0416656
face centroid = (5.1895,0.25,0.819018)
subcontact = (4.94231,-6.8593e-07,0.781666) 1689.95 (1042.9,-0.19848,169.258) 108 -0.00162236 (-0.00360744,6.85929e-07,-0.000565272) 81117.7 50714.4 0.0208333
face centroid = (5.18536,0.25,0.821811)
subcontact = (4.9423,0.499999,0.781665) 3380.36 (2085.06,-0.396961,338.386) 107 -0.00162258 (-0.00360615,6.85931e-07,-0.000565062) 81128.6 50696.3 0.0416667
face centroid = (5.18536,0.25,0.821811)
subcontact = (5.43669,0.500001,0.856371) 5391.81 (1042.29,0.180515,169.154) 106 -0.00517614 (-0.00360532,-6.23879e-07,-0.000564932) 258807 50684.7 0.0208333
face centroid = (5.18536,0.25,0.821811)
subcontact = (5.43669,6.23882e-07,0.856371) 10783.2 (2085.33,0.361031,338.439) 105 -0.00517592 (-0.00360661,-6.23881e-07,-0.000565143) 258796 50702.8 0.0416667
face centroid = (5.18536,0.25,0.821811)
contact = 2 7 2 1 (4.99305,0.25,1.62234) (0.309017,0,-0.951057)
contact = 3 7 3 2 (4.67778,0.25,2.38345) (0.45399,0,-0.891007)
contact = 4 1 4 3 (4.26757,0.250009,3.09013) (0.590624,-0.00170896,-0.806945)
subcontact = (4.47089,2.19985e-07,3.23572) 110.865 (-31.9119,2.21217,-22.1569) 104 -0.000106405 (0.00010929,-7.64527e-06,7.79263e-05) 5321.82 1867.91 0.0208321
face centroid = (4.26901,0.250015,3.08803)
subcontact = (4.47089,0.5,3.23572) 221.37 (-58.6012,4.42418,-40.4913) 103 -0.000106232 (0.000100265,-7.64499e-06,7.13209e-05) 5313.18 1712.9 0.0416643
face centroid = (4.26901,0.250015,3.08803)
subcontact = (4.0643,0.499999,2.94471) 5313.82 (-34.3943,7.03949,-23.9919) 102 -0.00510131 (0.000117876,-2.43288e-05,8.42597e-05) 255078 2041.18 0.0208321
face centroid = (4.26901,0.250015,3.08803)
subcontact = (4.0643,-1.05311e-06,2.94471) 10628 (-74.0112,14.0791,-51.8063) 101 -0.00510149 (0.000126901,-2.43291e-05,9.08651e-05) 255087 2194.49 0.0416643
face centroid = (4.26901,0.250015,3.08803)
subcontact = (4.06718,1.95905e-05,2.9405) 5318.18 (-37.0063,7.04385,-25.9037) 100 -0.00510546 (0.000126913,-2.43436e-05,9.08737e-05) 255273 2194.44 0.0208333
face centroid = (4.26759,0.25,3.09022)
subcontact = (4.06719,0.50002,2.94051) 10635.9 (-68.7898,14.0874,-47.9847) 99 -0.00510525 (0.000117888,-2.43431e-05,8.4268e-05) 255262 2041.14 0.0416666
face centroid = (4.26759,0.25,3.09022)
subcontact = (4.47085,0.50001,3.23556) 114.69 (-29.3009,2.21614,-20.2458) 98 -0.000110102 (0.000100276,-7.65898e-06,7.13289e-05) 5505.14 1712.83 0.0208333
face centroid = (4.26759,0.25,3.09022)
subcontact = (4.47084,9.67596e-06,3.23556) 229.833 (-63.8246,4.43254,-44.3144) 97 -0.000110319 (0.000109301,-7.65945e-06,7.79345e-05) 5516.01 1867.84 0.0416666
face centroid = (4.26759,0.25,3.09022)
contact = 5 1 5 4 (3.90637,1.28194e-05,3.89089) (0.71499,-1.07237e-06,-0.699135)
subcontact = (3.90844,1.00416e-05,3.89021) 243.533 (-117.041,0.527993,-116.392) 96 -0.000233778 (0.00066822,-2.77045e-06,0.000673255) 11690 7923.32 0.0208326
face centroid = (3.73316,0.250015,3.71061)
subcontact = (3.90845,0.50001,3.89021) 485.948 (-233.237,1.05167,-231.982) 95 -0.000233242 (0.000671472,-2.77051e-06,0.000676569) 11663.2 7895.37 0.0416652
face centroid = (3.73316,0.250015,3.71061)
subcontact = (3.55592,0.50002,3.53564) 4580.54 (-195.584,-0.545162,-194.189) 94 -0.00439735 (0.000670966,1.88406e-06,0.000676108) 219874 13229.9 0.0208326
face centroid = (3.73316,0.250015,3.71061)
subcontact = (3.55591,1.99228e-05,3.53564) 9162.2 (-389.282,-1.09036,-386.465) 93 -0.00439788 (0.000667713,1.88412e-06,0.000672795) 219900 13165.4 0.0416652
face centroid = (3.73316,0.250015,3.71061)
subcontact = (3.55837,1.80495e-05,3.53186) 4587.22 (-194.642,-0.54718,-193.234) 92 -0.00440374 (0.000667714,1.891e-06,0.000672796) 220187 13165.1 0.0208333
face centroid = (3.73218,0.250015,3.71292)
subcontact = (3.55837,0.500018,3.53187) 9173.35 (-391.17,-1.09433,-388.382) 91 -0.00440321 (0.000670967,1.89096e-06,0.000676109) 220160 13229.5 0.0416667
face centroid = (3.73218,0.250015,3.71292)
subcontact = (3.90794,0.500013,3.88936) 249.033 (-119.655,0.531199,-118.992) 90 -0.000239073 (0.000671473,-2.76372e-06,0.00067657) 11953.6 8100.01 0.0208333
face centroid = (3.73218,0.250015,3.71292)
subcontact = (3.90794,1.2817e-05,3.88936) 499.163 (-240.144,1.06674,-238.774) 89 -0.000239599 (0.000668221,-2.76368e-06,0.000673256) 11979.9 8127.58 0.0416667
face centroid = (3.73218,0.250015,3.71292)
contact = 6 1 6 5 (3.24414,1.49943e-05,4.44206) (0.818391,-1.68971e-06,-0.574662)
subcontact = (3.24543,1.44483e-05,4.44247) 856.811 (-181.073,0.1644,-246.463) 88 -0.00082254 (0.000616632,-5.68338e-07,0.000858446) 41127.4 14680 0.0208331
face centroid = (3.10181,0.250017,4.23652)
subcontact = (3.24543,0.500014,4.44247) 1712.53 (-362.533,0.328798,-493.444) 87 -0.000822016 (0.000617286,-5.68336e-07,0.000859351) 41101.2 14695.5 0.0416662
face centroid = (3.10181,0.250017,4.23652)
subcontact = (2.95609,0.50002,4.0347) 3416.52 (-179.971,-0.178609,-244.918) 86 -0.00327987 (0.000612843,6.17104e-07,0.000853093) 163995 14588.9 0.0208331
face centroid = (3.10181,0.250017,4.23652)
subcontact = (2.95609,1.95325e-05,4.03469) 6834.13 (-359.556,-0.357217,-489.318) 85 -0.00328039 (0.000612188,6.17102e-07,0.000852189) 164021 14573.4 0.0416662
face centroid = (3.10181,0.250017,4.23652)
subcontact = (2.95815,1.89594e-05,4.03192) 3421.76 (-179.775,-0.178923,-244.656) 84 -0.0032849 (0.00061218,6.18198e-07,0.000852177) 164245 14573 0.0208333
face centroid = (3.10076,0.250017,4.23858)
subcontact = (2.95815,0.500019,4.03192) 6842.44 (-359.937,-0.357846,-489.829) 83 -0.00328438 (0.000612834,6.182e-07,0.000853081) 164219 14588.5 0.0416667
face centroid = (3.10076,0.250017,4.23858)
subcontact = (3.24548,0.500015,4.44112) 860.969 (-181.264,0.164085,-246.718) 82 -0.00082653 (0.000617278,-5.6724e-07,0.000859339) 41326.5 14695.1 0.0208333
face centroid = (3.10076,0.250017,4.23858)
subcontact = (3.24548,1.49915e-05,4.44112) 1723.02 (-362.141,0.328171,-492.919) 81 -0.000827049 (0.000616623,-5.67242e-07,0.000858434) 41352.4 14679.6 0.0416667
face centroid = (3.10076,0.250017,4.23858)
contact = 7 1 7 6 (2.39302,0.250019,4.65475) (0.898631,1.77649e-06,-0.438705)
subcontact = (2.50243,1.69827e-05,4.88013) 1656.09 (-138.986,0.130244,-270.028) 80 -0.00158985 (0.000470428,-4.50125e-07,0.000938265) 79492.4 14577.5 0.0208333
face centroid = (2.39371,0.250019,4.65381)
subcontact = (2.50243,0.500017,4.88014) 3311.01 (-278.24,0.260489,-540.569) 79 -0.00158929 (0.000470878,-4.50127e-07,0.000939158) 79464.4 14591.4 0.0416666
face centroid = (2.39371,0.250019,4.65381)
subcontact = (2.28265,0.500021,4.43103) 2146.64 (-140.041,-0.15851,-272.062) 78 -0.00206078 (0.000473988,5.47814e-07,0.00094534) 103039 14687.5 0.0208333
face centroid = (2.39371,0.250019,4.65381)
subcontact = (2.28265,2.07696e-05,4.43103) 4294.45 (-279.815,-0.317021,-543.612) 77 -0.00206134 (0.000473538,5.47816e-07,0.000944447) 103067 14673.6 0.0416666
face centroid = (2.39371,0.250019,4.65381)
subcontact = (2.28403,2.02247e-05,4.42915) 2149.26 (-139.908,-0.158757,-271.808) 76 -0.0020633 (0.000473541,5.48664e-07,0.000944453) 103165 14673.7 0.0208333
face centroid = (2.39254,0.250019,4.65558)
subcontact = (2.28403,0.50002,4.42915) 4297.37 (-280.084,-0.317512,-544.129) 75 -0.00206274 (0.000473991,5.48661e-07,0.000945346) 103137 14687.6 0.0416667
face centroid = (2.39254,0.250019,4.65558)
subcontact = (2.50339,0.500017,4.87847) 1657.55 (-139.121,0.13,-270.286) 74 -0.00159125 (0.000470881,-4.49283e-07,0.000939163) 79562.3 14591.5 0.0208333
face centroid = (2.39254,0.250019,4.65558)
subcontact = (2.50338,1.74345e-05,4.87846) 3316.26 (-277.974,0.26,-540.059) 73 -0.00159181 (0.000470431,-4.4928e-07,0.000938271) 79590.2 14577.6 0.0416667
face centroid = (2.39254,0.250019,4.65558)
contact = 8 1 8 7 (1.62767,0.250021,4.95548) (0.955417,2.48082e-07,-0.295259)
subcontact = (1.70051,1.93548e-05,5.19508) 2406.52 (-73.7684,0.108024,-224.834) 72 -0.00231026 (0.000248204,-3.73335e-07,0.000779185) 115513 11358.1 0.0208333
face centroid = (1.62865,0.250021,4.95473)
subcontact = (1.70051,0.500019,5.19508) 4811.82 (-147.689,0.216049,-450.124) 71 -0.00230968 (0.000248458,-3.73338e-07,0.000779977) 115484 11369.6 0.0416665
face centroid = (1.62865,0.250021,4.95473)
subcontact = (1.55414,0.500022,4.71699) 1036.69 (-75.8628,-0.130477,-231.248) 70 -0.000995228 (0.000255267,4.50925e-07,0.000801411) 49761.5 11682 0.0208333
face centroid = (1.62865,0.250021,4.95473)
subcontact = (1.55414,2.19704e-05,4.71698) 2074.61 (-151.574,-0.260955,-462.04) 69 -0.000995814 (0.000255013,4.50928e-07,0.000800619) 49790.8 11670.5 0.0416665
face centroid = (1.62865,0.250021,4.95473)
subcontact = (1.55484,2.15196e-05,4.71588) 1037.29 (-75.7892,-0.130634,-231.027) 68 -0.000995798 (0.000255019,4.51461e-07,0.000800641) 49789.9 11670.8 0.0208333
face centroid = (1.62733,0.250021,4.95603)
subcontact = (1.55484,0.500022,4.71588) 2073.36 (-151.73,-0.261266,-462.511) 67 -0.000995212 (0.000255273,4.51459e-07,0.000801433) 49760.6 11682.3 0.0416667
face centroid = (1.62733,0.250021,4.95603)
subcontact = (1.70247,0.50002,5.19359) 2405.9 (-73.8465,0.10787,-225.069) 66 -0.00230966 (0.000248465,-3.72807e-07,0.000779998) 115483 11370 0.0208333
face centroid = (1.62733,0.250021,4.95603)
subcontact = (1.70246,1.9728e-05,5.19359) 4813.02 (-147.541,0.215739,-449.681) 65 -0.00231025 (0.000248211,-3.72805e-07,0.000779206) 115512 11358.4 0.0416667
face centroid = (1.62733,0.250021,4.95603)
contact = 9 1 9 8 (0.824996,0.250022,5.13518) (0.989024,3.17513e-07,-0.147753)
subcontact = (0.860439,2.12229e-05,5.38292) 2936.15 (-22.6916,0.156967,-140.283) 64 -0.00281872 (7.54937e-05,-5.42486e-07,0.000485277) 140938 6821.23 0.020833
face centroid = (0.826351,0.250022,5.13472)
subcontact = (0.86044,0.500021,5.38292) 5871.05 (-45.5102,0.313937,-281.342) 63 -0.00281811 (7.57038e-05,-5.42493e-07,0.000486619) 140907 6840.1 0.041666
face centroid = (0.826351,0.250022,5.13472)
subcontact = (0.789362,0.500023,4.888) 281.433 (-19.0556,-0.179574,-118.541) 62 -0.000270172 (8.02642e-05,8.06843e-07,0.000516088) 13509 5763.12 0.020833
face centroid = (0.826351,0.250022,5.13472)
subcontact = (0.789361,2.28785e-05,4.888) 564.119 (-38.1579,-0.360496,-237.358) 61 -0.000270774 (8.00541e-05,8.0685e-07,0.000514746) 13539.1 5769.82 0.041666
face centroid = (0.826351,0.250022,5.13472)
subcontact = (0.789552,2.20699e-05,4.88744) 281.584 (-18.9998,-0.179757,-118.2) 60 -0.00027032 (8.00569e-05,8.07469e-07,0.000514764) 13516.1 5746.45 0.0208333
face centroid = (0.824901,0.250022,5.13546)
subcontact = (0.789552,0.500022,4.88744) 561.915 (-37.9526,-0.358151,-236.123) 59 -0.000269718 (8.0267e-05,8.07464e-07,0.000516107) 13486 5739.7 0.0416667
face centroid = (0.824901,0.250022,5.13546)
subcontact = (0.863151,0.500022,5.382) 2935.07 (-22.7562,0.156796,-140.678) 58 -0.00281767 (7.57066e-05,-5.41885e-07,0.000486637) 140884 6840.32 0.0208333
face centroid = (0.824901,0.250022,5.13546)
subcontact = (0.863151,2.17638e-05,5.382) 5871.4 (-45.3853,0.313589,-280.58) 57 -0.00281827 (7.54965e-05,-5.4188e-07,0.000485295) 140914 6821.45 0.0416667
face centroid = (0.824901,0.250022,5.13546)
contact = 10 1 10 9 (0.00309456,0.250022,5.3167) (0.999989,9.17784e-08,-0.00462899)
subcontact = (0.00216583,2.24747e-05,5.44167) 3139.07 (-0.106568,-0.0221715,19.1949) 56 -0.00301352 (3.06497e-08,7.66272e-08,-6.63297e-05) 150690 921.458 0.0208313
face centroid = (0.00292045,0.250021,5.19174)
subcontact = (0.00216626,0.500022,5.44167) 6277.44 (-0.215627,-0.0443368,37.141) 55 -0.00301318 (3.77964e-08,7.66165e-08,-6.41718e-05) 150673 891.486 0.0416626
face centroid = (0.00292045,0.250021,5.19174)
subcontact = (0.00683888,0.500023,4.94169) 0 (0,0,0) 54 0.0061793 (1.88828e-07,2.22796e-06,-3.11358e-05) 0 0 0.0208313
face centroid = (0.00292045,0.250021,5.19174)
subcontact = (0.00683845,2.27161e-05,4.94169) 0 (0,0,0) 53 0.00617896 (1.81681e-07,2.22797e-06,-3.32937e-05) 0 0 0.0416626
face centroid = (0.00292045,0.250021,5.19174)
subcontact = (0.000660376,2.04884e-05,4.94175) 0 (0,0,0) 52 0.00617677 (1.8164e-07,2.22717e-06,-3.33029e-05) 0 0 0.0208331
face centroid = (0.00450235,0.250023,5.19168)
subcontact = (0.000660447,0.50002,4.94175) 0 (0,0,0) 51 0.00617714 (1.88787e-07,2.22717e-06,-3.11449e-05) 0 0 0.0416663
face centroid = (0.00450235,0.250023,5.19168)
subcontact = (0.00518052,0.500022,5.44173) 3141.31 (-0.10781,-0.0219331,18.5717) 50 -0.00301566 (3.77479e-08,7.58002e-08,-6.41827e-05) 150784 891.467 0.0208331
face centroid = (0.00450235,0.250023,5.19168)
subcontact = (0.00518045,2.23982e-05,5.44173) 6283.38 (-0.213129,-0.0438698,38.3923) 49 -0.00301603 (3.06005e-08,7.58066e-08,-6.63407e-05) 150803 921.439 0.0416663
face centroid = (0.00450235,0.250023,5.19168)
contact = 11 1 11 10 (-0.818808,0.250021,5.13481) (0.989816,1.39674e-07,0.142351)
subcontact = (-0.855786,2.22906e-05,5.3818) 2923.38 (-23.0404,0.0399993,139.062) 48 -0.00280645 (7.44913e-05,-1.38235e-07,-0.00048142) 140324 6766.05 0.0208331
face centroid = (-0.817457,0.250021,5.13526)
subcontact = (-0.855786,0.500022,5.3818) 5845.6 (-46.0486,0.0799986,277.924) 47 -0.00280589 (7.44386e-05,-1.38235e-07,-0.000481075) 140296 6761.19 0.0416661
face centroid = (-0.817457,0.250021,5.13526)
subcontact = (-0.782036,0.50002,4.88726) 295.595 (-24.0529,-0.0622738,145.464) 46 -0.000283769 (7.78356e-05,2.15224e-07,-0.000503572) 14188.7 7077.19 0.0208331
face centroid = (-0.817457,0.250021,5.13526)
subcontact = (-0.782036,2.03906e-05,4.88727) 592.353 (-48.1381,-0.124548,291.128) 45 -0.000284327 (7.78883e-05,2.15224e-07,-0.000503917) 14216.7 7082.04 0.0416661
face centroid = (-0.817457,0.250021,5.13526)
subcontact = (-0.78183,2.01782e-05,4.88782) 297.144 (-24.0683,-0.0622192,145.559) 44 -0.000285257 (7.78858e-05,2.15032e-07,-0.0005039) 14262.9 7081.7 0.0208333
face centroid = (-0.818911,0.250021,5.13453)
subcontact = (-0.78183,0.50002,4.88782) 593.124 (-48.1043,-0.124438,290.918) 43 -0.000284698 (7.78331e-05,2.15032e-07,-0.000503555) 14235 7076.85 0.0416667
face centroid = (-0.818911,0.250021,5.13453)
subcontact = (-0.853084,0.500022,5.38271) 2923.76 (-23.0235,0.0400561,138.957) 42 -0.00280682 (7.44361e-05,-1.38431e-07,-0.000481058) 140341 6760.86 0.0208333
face centroid = (-0.818911,0.250021,5.13453)
subcontact = (-0.853084,2.24314e-05,5.38271) 5848.69 (-46.0793,0.0801121,278.113) 41 -0.00280738 (7.44888e-05,-1.38431e-07,-0.000481403) 140369 6765.71 0.0416667
face centroid = (-0.818911,0.250021,5.13453)
contact = 12 1 12 11 (-1.62079,0.25002,4.95482) (0.956188,5.51323e-07,0.292752)
subcontact = (-1.69504,2.08165e-05,5.19308) 2383.05 (-77.478,0.0179498,233.873) 40 -0.00228773 (0.000258534,-6.20264e-08,-0.000811269) 114387 11825.9 0.0208332
face centroid = (-1.61982,0.25002,4.95558)
subcontact = (-1.69504,0.500021,5.19308) 4765.08 (-154.919,0.0358994,467.636) 39 -0.00228724 (0.000258473,-6.2026e-08,-0.000811078) 114362 11823.1 0.0416665
face centroid = (-1.61982,0.25002,4.95558)
subcontact = (-1.54725,0.500019,4.71542) 1063.87 (-78.9156,-0.0416664,238.294) 38 -0.00102132 (0.00026337,1.44011e-07,-0.000826593) 51066.2 12049.1 0.0208332
face centroid = (-1.61982,0.25002,4.95558)
subcontact = (-1.54725,1.87101e-05,4.71542) 2128.77 (-157.868,-0.0833326,476.699) 37 -0.00102181 (0.000263432,1.4401e-07,-0.000826784) 51090.6 12051.9 0.0416665
face centroid = (-1.61982,0.25002,4.95558)
subcontact = (-1.54653,1.85705e-05,4.71657) 1064.95 (-78.9322,-0.0416217,238.344) 36 -0.00102236 (0.000263426,1.43854e-07,-0.000826766) 51117.8 12051.6 0.0208333
face centroid = (-1.62114,0.25002,4.95425)
subcontact = (-1.54653,0.500019,4.71656) 2128.89 (-157.828,-0.0832435,476.578) 35 -0.00102187 (0.000263365,1.43854e-07,-0.000826575) 51093.3 12048.8 0.0416667
face centroid = (-1.62114,0.25002,4.95425)
subcontact = (-1.69312,0.500021,5.19459) 2383.11 (-77.4579,0.0179952,233.812) 34 -0.00228779 (0.000258467,-6.2184e-08,-0.00081106) 114389 11822.8 0.0208333
face centroid = (-1.62114,0.25002,4.95425)
subcontact = (-1.69312,2.0883e-05,5.1946) 4767.23 (-154.952,0.0359906,467.735) 33 -0.00228828 (0.000258528,-6.21843e-08,-0.000811252) 114414 11825.6 0.0416667
face centroid = (-1.62114,0.25002,4.95425)
contact = 13 1 13 12 (-2.3856,0.250017,4.65384) (0.897958,1.50823e-06,0.440081)
subcontact = (-2.49585,1.78381e-05,4.87761) 1623.16 (-139.563,-0.0034652,272.179) 32 -0.00155824 (0.000473793,1.19983e-08,-0.000944988) 77911.9 14682 0.0208333
face centroid = (-2.3849,0.250017,4.65478)
subcontact = (-2.49585,0.500018,4.87761) 3245.53 (-279.107,-0.00693081,544.322) 31 -0.00155786 (0.000473761,1.1999e-08,-0.000944925) 77892.9 14681 0.0416666
face centroid = (-2.3849,0.250017,4.65478)
subcontact = (-2.27629,0.500016,4.4284) 2185.97 (-139.53,-0.0240613,272.084) 30 -0.00209854 (0.00047366,8.31771e-08,-0.00094467) 104927 14677.2 0.0208333
face centroid = (-2.3849,0.250017,4.65478)
subcontact = (-2.27629,1.58024e-05,4.4284) 4372.74 (-279.079,-0.0481222,544.205) 29 -0.00209892 (0.000473692,8.31764e-08,-0.000944734) 104946 14678.2 0.0416666
face centroid = (-2.3849,0.250017,4.65478)
subcontact = (-2.27488,1.57239e-05,4.4303) 2184.93 (-139.54,-0.024059,272.104) 28 -0.00209754 (0.000473694,8.31697e-08,-0.000944738) 104877 14678.3 0.0208333
face centroid = (-2.38607,0.250017,4.65301)
subcontact = (-2.27488,0.500016,4.43029) 4369.07 (-279.061,-0.0481182,544.171) 27 -0.00209716 (0.000473662,8.317e-08,-0.000944675) 104858 14677.3 0.0416667
face centroid = (-2.38607,0.250017,4.65301)
subcontact = (-2.49493,0.500018,4.87927) 1621.32 (-139.554,-0.00346363,272.162) 26 -0.00155647 (0.000473763,1.19926e-08,-0.000944929) 77823.5 14681.1 0.0208333
face centroid = (-2.38607,0.250017,4.65301)
subcontact = (-2.49493,1.78308e-05,4.87927) 3243.44 (-279.127,-0.00692704,544.361) 25 -0.00155686 (0.000473795,1.19922e-08,-0.000944992) 77842.6 14682.1 0.0416667
face centroid = (-2.38607,0.250017,4.65301)
contact = 14 1 14 13 (-3.23698,0.500013,4.44166) (0.81805,5.72234e-06,0.575147)
subcontact = (-3.23771,1.3563e-05,4.43981) 819.869 (-184.088,-0.0250919,249.332) 24 -0.000787072 (0.000626157,8.66439e-08,-0.000868999) 39353.7 14876.5 0.0208333
face centroid = (-3.09287,0.250013,4.23737)
subcontact = (-3.23771,0.500014,4.43981) 1639.22 (-368.177,-0.0501808,498.67) 23 -0.000786825 (0.000626161,8.66386e-08,-0.000869009) 39341.3 14876.6 0.0416667
face centroid = (-3.09287,0.250013,4.23737)
subcontact = (-2.95014,0.500012,4.03079) 3468.82 (-180.864,-0.0211885,244.882) 22 -0.00333008 (0.000615125,7.31568e-08,-0.000853542) 166503 14612.7 0.0208333
face centroid = (-3.09287,0.250013,4.23737)
subcontact = (-2.95014,1.18441e-05,4.03079) 6938.15 (-361.726,-0.0423801,489.758) 21 -0.00333032 (0.000615121,7.31621e-08,-0.000853532) 166516 14612.6 0.0416667
face centroid = (-3.09287,0.250013,4.23737)
subcontact = (-2.94805,1.17812e-05,4.0336) 3465 (-180.869,-0.021213,244.887) 20 -0.0033264 (0.000615141,7.32351e-08,-0.00085356) 166322 14613.3 0.0208331
face centroid = (-3.09393,0.250013,4.2353)
subcontact = (-2.94805,0.500012,4.03359) 6929.48 (-361.74,-0.0424226,489.781) 19 -0.00332615 (0.000615145,7.32293e-08,-0.00085357) 166310 14613.4 0.0416661
face centroid = (-3.09393,0.250013,4.2353)
subcontact = (-3.2377,0.500013,4.44115) 815.512 (-184.094,-0.0251095,249.343) 18 -0.000782893 (0.000626182,8.67049e-08,-0.000869037) 39145.1 14877.3 0.0208331
face centroid = (-3.09393,0.250013,4.2353)
subcontact = (-3.2377,1.34779e-05,4.44115) 1631.54 (-368.188,-0.0502224,498.68) 17 -0.00078314 (0.000626177,8.67107e-08,-0.000869027) 39157.4 14877.2 0.0416661
face centroid = (-3.09393,0.250013,4.2353)
contact = 15 7 15 14 (-3.71231,0.25,3.71231) (0.707107,0,0.707107)
contact = 16 1 16 15 (-4.06415,2.09942e-06,2.94115) (0.596206,6.50739e-06,0.802831)
subcontact = (-4.46712,2.80929e-06,3.23716) 0 (0,0,0) 16 0.00326511 (0.000321621,8.44449e-07,-0.000235125) 0 0 0.0208333
face centroid = (-4.26618,0.250002,3.08914)
subcontact = (-4.46712,0.500003,3.23716) 0 (0,0,0) 15 0.00326224 (0.000322127,8.4444e-07,-0.000235508) 0 0 0.0416667
face centroid = (-4.26618,0.250002,3.08914)
subcontact = (-4.06571,0.500002,2.93905) 5440.54 (-100.325,-0.0569711,72.3376) 14 -0.00522294 (0.000344891,1.96945e-07,-0.000252384) 261146 5936.83 0.0208333
face centroid = (-4.26618,0.250002,3.08914)
subcontact = (-4.0657,2.08244e-06,2.93906) 10875.1 (-200.358,-0.113947,144.451) 13 -0.00522006 (0.000344385,1.96954e-07,-0.000252001) 261002 5928.03 0.0416667
face centroid = (-4.26618,0.250002,3.08914)
subcontact = (-4.06297,1.88542e-06,2.94352) 5429.21 (-100.17,-0.0573446,72.219) 12 -0.00521211 (0.000344359,1.98244e-07,-0.000251982) 260640 5928.34 0.0208303
face centroid = (-4.26641,0.250002,3.08811)
subcontact = (-4.06297,0.500002,2.94352) 10864.4 (-200.631,-0.114684,144.662) 11 -0.00521498 (0.000344865,1.98234e-07,-0.000252364) 260783 5937.15 0.0416607
face centroid = (-4.26641,0.250002,3.08811)
subcontact = (-4.46939,0.500002,3.23477) 0 (0,0,0) 10 0.00326982 (0.000322103,8.4557e-07,-0.00023549) 0 0 0.0208303
face centroid = (-4.26641,0.250002,3.08811)
subcontact = (-4.46939,1.96664e-06,3.23477) 0 (0,0,0) 9 0.0032727 (0.000321597,8.4558e-07,-0.000235107) 0 0 0.0416607
face centroid = (-4.26641,0.250002,3.08811)
contact = 17 7 17 16 (-4.67778,0.25,2.38345) (0.45399,0,0.891007)
contact = 18 7 18 17 (-4.99305,0.25,1.62234) (0.309017,0,0.951057)
contact = 19 1 19 18 (-5.18752,0.25,0.819077) (0.156434,0,0.987688)
subcontact = (-5.43659,-1.22269e-08,0.855981) 5241.37 (1015.69,0.00346596,-163.541) 8 -0.00503172 (-0.00351093,-1.19802e-08,0.000560695) 251591 49381.9 0.0208329
face centroid = (-5.18536,0.25,0.821281)
subcontact = (-5.43659,0.5,0.855981) 10483.5 (2031.43,0.00693199,-327.09) 7 -0.0050321 (-0.00351103,-1.19803e-08,0.000560709) 251610 49383.3 0.0416658
face centroid = (-5.18536,0.25,0.821281)
subcontact = (-4.94224,0.5,0.780986) 1844.96 (1019.02,-0.0249485,-164.07) 6 -0.00177116 (-0.00352245,8.62244e-08,0.00056252) 88560.1 49543.9 0.0208329
face centroid = (-5.18536,0.25,0.821281)
subcontact = (-4.94224,8.64485e-08,0.780986) 3689.15 (2037.98,-0.0498971,-328.131) 5 -0.00177079 (-0.00352235,8.62245e-08,0.000562506) 88541.4 49542.6 0.0416658
face centroid = (-5.18536,0.25,0.821281)
subcontact = (-4.93844,0,0.782172) 1824.01 (1019.01,-0.0252572,-164.069) 4 -0.00175106 (-0.00352242,8.72851e-08,0.000562517) 87552.7 49542.6 0.0208333
face centroid = (-5.18942,0.25,0.818484)
subcontact = (-4.93844,0.5,0.782172) 3648.81 (2038.08,-0.0505144,-328.146) 3 -0.00175143 (-0.00352252,8.72849e-08,0.000562531) 87571.4 49543.9 0.0416667
face centroid = (-5.18942,0.25,0.818484)
subcontact = (-5.43229,0.5,0.86039) 5221.23 (1015.74,0.00315982,-163.549) 2 -0.00501238 (-0.0035111,-1.09242e-08,0.00056072) 250619 49383.3 0.0208333
face centroid = (-5.18942,0.25,0.818484)
subcontact = (-5.43229,0,0.86039) 10441.7 (2031.42,0.00631953,-327.089) 1 -0.00501201 (-0.003511,-1.0924e-08,0.000560706) 250600 49381.9 0.0416667
face centroid = (-5.18942,0.25,0.818484)
3dec>log off
**********************************************
* Logging ended at Wed Mar 13 16:47:48 2024
**********************************************
**********************************************
* Logging started at Wed Mar 13 16:49:46 2024
* By 3dec Version 7.00 Release 159
* 
* 
* Job Title: 
**********************************************
3dec>log-file 'Displacement_step_1_distance_0.001m.txt'
**********************************************
* Logging ended at Wed Mar 13 16:49:46 2024
**********************************************
**********************************************
* Logging started at Wed Mar 13 16:49:46 2024
* By 3dec Version 7.00 Release 159
* 
* 
* Job Title: 
**********************************************
3dec>@contacts_output
contact = 1 1 1 0 (5.31089,0.250006,0.839969) (0.149411,-4.6716e-07,-0.988775)
subcontact = (5.43229,0,0.86092) 5369.93 (1042.66,0.180052,169.219) 112 -0.00515515 (-0.00360661,-6.22271e-07,-0.000565143) 257763 50704 0.0208328
face centroid = (5.1895,0.25,0.819018)
subcontact = (5.43229,0.5,0.86092) 10740.3 (2084.58,0.360103,338.308) 111 -0.00515538 (-0.00360533,-6.22268e-07,-0.000564933) 257775 50685.9 0.0416656
face centroid = (5.1895,0.25,0.819018)
subcontact = (4.93844,0.5,0.782702) 1668.6 (1042.53,-0.198956,169.193) 110 -0.00160184 (-0.00360615,6.87562e-07,-0.000565062) 80094.7 50697.5 0.0208328
face centroid = (5.1895,0.25,0.819018)
subcontact = (4.93844,0,0.782702) 3336.71 (2085.8,-0.397911,338.516) 109 -0.00160161 (-0.00360744,6.8756e-07,-0.000565272) 80083.1 50715.6 0.0416656
face centroid = (5.1895,0.25,0.819018)
subcontact = (4.94231,-6.8593e-07,0.781666) 1689.95 (1042.9,-0.19848,169.258) 108 -0.00162236 (-0.00360744,6.85929e-07,-0.000565272) 81117.7 50714.4 0.0208333
face centroid = (5.18536,0.25,0.821811)
subcontact = (4.9423,0.499999,0.781665) 3380.36 (2085.06,-0.396961,338.386) 107 -0.00162258 (-0.00360615,6.85931e-07,-0.000565062) 81128.6 50696.3 0.0416667
face centroid = (5.18536,0.25,0.821811)
subcontact = (5.43669,0.500001,0.856371) 5391.81 (1042.29,0.180515,169.154) 106 -0.00517614 (-0.00360532,-6.23879e-07,-0.000564932) 258807 50684.7 0.0208333
face centroid = (5.18536,0.25,0.821811)
subcontact = (5.43669,6.23882e-07,0.856371) 10783.2 (2085.33,0.361031,338.439) 105 -0.00517592 (-0.00360661,-6.23881e-07,-0.000565143) 258796 50702.8 0.0416667
face centroid = (5.18536,0.25,0.821811)
contact = 2 7 2 1 (4.99305,0.25,1.62234) (0.309017,0,-0.951057)
contact = 3 7 3 2 (4.67778,0.25,2.38345) (0.45399,0,-0.891007)
contact = 4 1 4 3 (4.26757,0.250009,3.09013) (0.590624,-0.00170896,-0.806945)
subcontact = (4.47089,2.19985e-07,3.23572) 110.865 (-31.9119,2.21217,-22.1569) 104 -0.000106405 (0.00010929,-7.64527e-06,7.79263e-05) 5321.82 1867.91 0.0208321
face centroid = (4.26901,0.250015,3.08803)
subcontact = (4.47089,0.5,3.23572) 221.37 (-58.6012,4.42418,-40.4913) 103 -0.000106232 (0.000100265,-7.64499e-06,7.13209e-05) 5313.18 1712.9 0.0416643
face centroid = (4.26901,0.250015,3.08803)
subcontact = (4.0643,0.499999,2.94471) 5313.82 (-34.3943,7.03949,-23.9919) 102 -0.00510131 (0.000117876,-2.43288e-05,8.42597e-05) 255078 2041.18 0.0208321
face centroid = (4.26901,0.250015,3.08803)
subcontact = (4.0643,-1.05311e-06,2.94471) 10628 (-74.0112,14.0791,-51.8063) 101 -0.00510149 (0.000126901,-2.43291e-05,9.08651e-05) 255087 2194.49 0.0416643
face centroid = (4.26901,0.250015,3.08803)
subcontact = (4.06718,1.95905e-05,2.9405) 5318.18 (-37.0063,7.04385,-25.9037) 100 -0.00510546 (0.000126913,-2.43436e-05,9.08737e-05) 255273 2194.44 0.0208333
face centroid = (4.26759,0.25,3.09022)
subcontact = (4.06719,0.50002,2.94051) 10635.9 (-68.7898,14.0874,-47.9847) 99 -0.00510525 (0.000117888,-2.43431e-05,8.4268e-05) 255262 2041.14 0.0416666
face centroid = (4.26759,0.25,3.09022)
subcontact = (4.47085,0.50001,3.23556) 114.69 (-29.3009,2.21614,-20.2458) 98 -0.000110102 (0.000100276,-7.65898e-06,7.13289e-05) 5505.14 1712.83 0.0208333
face centroid = (4.26759,0.25,3.09022)
subcontact = (4.47084,9.67596e-06,3.23556) 229.833 (-63.8246,4.43254,-44.3144) 97 -0.000110319 (0.000109301,-7.65945e-06,7.79345e-05) 5516.01 1867.84 0.0416666
face centroid = (4.26759,0.25,3.09022)
contact = 5 1 5 4 (3.90637,1.28194e-05,3.89089) (0.71499,-1.07237e-06,-0.699135)
subcontact = (3.90844,1.00416e-05,3.89021) 243.533 (-117.041,0.527993,-116.392) 96 -0.000233778 (0.00066822,-2.77045e-06,0.000673255) 11690 7923.32 0.0208326
face centroid = (3.73316,0.250015,3.71061)
subcontact = (3.90845,0.50001,3.89021) 485.948 (-233.237,1.05167,-231.982) 95 -0.000233242 (0.000671472,-2.77051e-06,0.000676569) 11663.2 7895.37 0.0416652
face centroid = (3.73316,0.250015,3.71061)
subcontact = (3.55592,0.50002,3.53564) 4580.54 (-195.584,-0.545162,-194.189) 94 -0.00439735 (0.000670966,1.88406e-06,0.000676108) 219874 13229.9 0.0208326
face centroid = (3.73316,0.250015,3.71061)
subcontact = (3.55591,1.99228e-05,3.53564) 9162.2 (-389.282,-1.09036,-386.465) 93 -0.00439788 (0.000667713,1.88412e-06,0.000672795) 219900 13165.4 0.0416652
face centroid = (3.73316,0.250015,3.71061)
subcontact = (3.55837,1.80495e-05,3.53186) 4587.22 (-194.642,-0.54718,-193.234) 92 -0.00440374 (0.000667714,1.891e-06,0.000672796) 220187 13165.1 0.0208333
face centroid = (3.73218,0.250015,3.71292)
subcontact = (3.55837,0.500018,3.53187) 9173.35 (-391.17,-1.09433,-388.382) 91 -0.00440321 (0.000670967,1.89096e-06,0.000676109) 220160 13229.5 0.0416667
face centroid = (3.73218,0.250015,3.71292)
subcontact = (3.90794,0.500013,3.88936) 249.033 (-119.655,0.531199,-118.992) 90 -0.000239073 (0.000671473,-2.76372e-06,0.00067657) 11953.6 8100.01 0.0208333
face centroid = (3.73218,0.250015,3.71292)
subcontact = (3.90794,1.2817e-05,3.88936) 499.163 (-240.144,1.06674,-238.774) 89 -0.000239599 (0.000668221,-2.76368e-06,0.000673256) 11979.9 8127.58 0.0416667
face centroid = (3.73218,0.250015,3.71292)
contact = 6 1 6 5 (3.24414,1.49943e-05,4.44206) (0.818391,-1.68971e-06,-0.574662)
subcontact = (3.24543,1.44483e-05,4.44247) 856.811 (-181.073,0.1644,-246.463) 88 -0.00082254 (0.000616632,-5.68338e-07,0.000858446) 41127.4 14680 0.0208331
face centroid = (3.10181,0.250017,4.23652)
subcontact = (3.24543,0.500014,4.44247) 1712.53 (-362.533,0.328798,-493.444) 87 -0.000822016 (0.000617286,-5.68336e-07,0.000859351) 41101.2 14695.5 0.0416662
face centroid = (3.10181,0.250017,4.23652)
subcontact = (2.95609,0.50002,4.0347) 3416.52 (-179.971,-0.178609,-244.918) 86 -0.00327987 (0.000612843,6.17104e-07,0.000853093) 163995 14588.9 0.0208331
face centroid = (3.10181,0.250017,4.23652)
subcontact = (2.95609,1.95325e-05,4.03469) 6834.13 (-359.556,-0.357217,-489.318) 85 -0.00328039 (0.000612188,6.17102e-07,0.000852189) 164021 14573.4 0.0416662
face centroid = (3.10181,0.250017,4.23652)
subcontact = (2.95815,1.89594e-05,4.03192) 3421.76 (-179.775,-0.178923,-244.656) 84 -0.0032849 (0.00061218,6.18198e-07,0.000852177) 164245 14573 0.0208333
face centroid = (3.10076,0.250017,4.23858)
subcontact = (2.95815,0.500019,4.03192) 6842.44 (-359.937,-0.357846,-489.829) 83 -0.00328438 (0.000612834,6.182e-07,0.000853081) 164219 14588.5 0.0416667
face centroid = (3.10076,0.250017,4.23858)
subcontact = (3.24548,0.500015,4.44112) 860.969 (-181.264,0.164085,-246.718) 82 -0.00082653 (0.000617278,-5.6724e-07,0.000859339) 41326.5 14695.1 0.0208333
face centroid = (3.10076,0.250017,4.23858)
subcontact = (3.24548,1.49915e-05,4.44112) 1723.02 (-362.141,0.328171,-492.919) 81 -0.000827049 (0.000616623,-5.67242e-07,0.000858434) 41352.4 14679.6 0.0416667
face centroid = (3.10076,0.250017,4.23858)
contact = 7 1 7 6 (2.39302,0.250019,4.65475) (0.898631,1.77649e-06,-0.438705)
subcontact = (2.50243,1.69827e-05,4.88013) 1656.09 (-138.986,0.130244,-270.028) 80 -0.00158985 (0.000470428,-4.50125e-07,0.000938265) 79492.4 14577.5 0.0208333
face centroid = (2.39371,0.250019,4.65381)
subcontact = (2.50243,0.500017,4.88014) 3311.01 (-278.24,0.260489,-540.569) 79 -0.00158929 (0.000470878,-4.50127e-07,0.000939158) 79464.4 14591.4 0.0416666
face centroid = (2.39371,0.250019,4.65381)
subcontact = (2.28265,0.500021,4.43103) 2146.64 (-140.041,-0.15851,-272.062) 78 -0.00206078 (0.000473988,5.47814e-07,0.00094534) 103039 14687.5 0.0208333
face centroid = (2.39371,0.250019,4.65381)
subcontact = (2.28265,2.07696e-05,4.43103) 4294.45 (-279.815,-0.317021,-543.612) 77 -0.00206134 (0.000473538,5.47816e-07,0.000944447) 103067 14673.6 0.0416666
face centroid = (2.39371,0.250019,4.65381)
subcontact = (2.28403,2.02247e-05,4.42915) 2149.26 (-139.908,-0.158757,-271.808) 76 -0.0020633 (0.000473541,5.48664e-07,0.000944453) 103165 14673.7 0.0208333
face centroid = (2.39254,0.250019,4.65558)
subcontact = (2.28403,0.50002,4.42915) 4297.37 (-280.084,-0.317512,-544.129) 75 -0.00206274 (0.000473991,5.48661e-07,0.000945346) 103137 14687.6 0.0416667
face centroid = (2.39254,0.250019,4.65558)
subcontact = (2.50339,0.500017,4.87847) 1657.55 (-139.121,0.13,-270.286) 74 -0.00159125 (0.000470881,-4.49283e-07,0.000939163) 79562.3 14591.5 0.0208333
face centroid = (2.39254,0.250019,4.65558)
subcontact = (2.50338,1.74345e-05,4.87846) 3316.26 (-277.974,0.26,-540.059) 73 -0.00159181 (0.000470431,-4.4928e-07,0.000938271) 79590.2 14577.6 0.0416667
face centroid = (2.39254,0.250019,4.65558)
contact = 8 1 8 7 (1.62767,0.250021,4.95548) (0.955417,2.48082e-07,-0.295259)
subcontact = (1.70051,1.93548e-05,5.19508) 2406.52 (-73.7684,0.108024,-224.834) 72 -0.00231026 (0.000248204,-3.73335e-07,0.000779185) 115513 11358.1 0.0208333
face centroid = (1.62865,0.250021,4.95473)
subcontact = (1.70051,0.500019,5.19508) 4811.82 (-147.689,0.216049,-450.124) 71 -0.00230968 (0.000248458,-3.73338e-07,0.000779977) 115484 11369.6 0.0416665
face centroid = (1.62865,0.250021,4.95473)
subcontact = (1.55414,0.500022,4.71699) 1036.69 (-75.8628,-0.130477,-231.248) 70 -0.000995228 (0.000255267,4.50925e-07,0.000801411) 49761.5 11682 0.0208333
face centroid = (1.62865,0.250021,4.95473)
subcontact = (1.55414,2.19704e-05,4.71698) 2074.61 (-151.574,-0.260955,-462.04) 69 -0.000995814 (0.000255013,4.50928e-07,0.000800619) 49790.8 11670.5 0.0416665
face centroid = (1.62865,0.250021,4.95473)
subcontact = (1.55484,2.15196e-05,4.71588) 1037.29 (-75.7892,-0.130634,-231.027) 68 -0.000995798 (0.000255019,4.51461e-07,0.000800641) 49789.9 11670.8 0.0208333
face centroid = (1.62733,0.250021,4.95603)
subcontact = (1.55484,0.500022,4.71588) 2073.36 (-151.73,-0.261266,-462.511) 67 -0.000995212 (0.000255273,4.51459e-07,0.000801433) 49760.6 11682.3 0.0416667
face centroid = (1.62733,0.250021,4.95603)
subcontact = (1.70247,0.50002,5.19359) 2405.9 (-73.8465,0.10787,-225.069) 66 -0.00230966 (0.000248465,-3.72807e-07,0.000779998) 115483 11370 0.0208333
face centroid = (1.62733,0.250021,4.95603)
subcontact = (1.70246,1.9728e-05,5.19359) 4813.02 (-147.541,0.215739,-449.681) 65 -0.00231025 (0.000248211,-3.72805e-07,0.000779206) 115512 11358.4 0.0416667
face centroid = (1.62733,0.250021,4.95603)
contact = 9 1 9 8 (0.824996,0.250022,5.13518) (0.989024,3.17513e-07,-0.147753)
subcontact = (0.860439,2.12229e-05,5.38292) 2936.15 (-22.6916,0.156967,-140.283) 64 -0.00281872 (7.54937e-05,-5.42486e-07,0.000485277) 140938 6821.23 0.020833
face centroid = (0.826351,0.250022,5.13472)
subcontact = (0.86044,0.500021,5.38292) 5871.05 (-45.5102,0.313937,-281.342) 63 -0.00281811 (7.57038e-05,-5.42493e-07,0.000486619) 140907 6840.1 0.041666
face centroid = (0.826351,0.250022,5.13472)
subcontact = (0.789362,0.500023,4.888) 281.433 (-19.0556,-0.179574,-118.541) 62 -0.000270172 (8.02642e-05,8.06843e-07,0.000516088) 13509 5763.12 0.020833
face centroid = (0.826351,0.250022,5.13472)
subcontact = (0.789361,2.28785e-05,4.888) 564.119 (-38.1579,-0.360496,-237.358) 61 -0.000270774 (8.00541e-05,8.0685e-07,0.000514746) 13539.1 5769.82 0.041666
face centroid = (0.826351,0.250022,5.13472)
subcontact = (0.789552,2.20699e-05,4.88744) 281.584 (-18.9998,-0.179757,-118.2) 60 -0.00027032 (8.00569e-05,8.07469e-07,0.000514764) 13516.1 5746.45 0.0208333
face centroid = (0.824901,0.250022,5.13546)
subcontact = (0.789552,0.500022,4.88744) 561.915 (-37.9526,-0.358151,-236.123) 59 -0.000269718 (8.0267e-05,8.07464e-07,0.000516107) 13486 5739.7 0.0416667
face centroid = (0.824901,0.250022,5.13546)
subcontact = (0.863151,0.500022,5.382) 2935.07 (-22.7562,0.156796,-140.678) 58 -0.00281767 (7.57066e-05,-5.41885e-07,0.000486637) 140884 6840.32 0.0208333
face centroid = (0.824901,0.250022,5.13546)
subcontact = (0.863151,2.17638e-05,5.382) 5871.4 (-45.3853,0.313589,-280.58) 57 -0.00281827 (7.54965e-05,-5.4188e-07,0.000485295) 140914 6821.45 0.0416667
face centroid = (0.824901,0.250022,5.13546)
contact = 10 1 10 9 (0.00309456,0.250022,5.3167) (0.999989,9.17784e-08,-0.00462899)
subcontact = (0.00216583,2.24747e-05,5.44167) 3139.07 (-0.106568,-0.0221715,19.1949) 56 -0.00301352 (3.06497e-08,7.66272e-08,-6.63297e-05) 150690 921.458 0.0208313
face centroid = (0.00292045,0.250021,5.19174)
subcontact = (0.00216626,0.500022,5.44167) 6277.44 (-0.215627,-0.0443368,37.141) 55 -0.00301318 (3.77964e-08,7.66165e-08,-6.41718e-05) 150673 891.486 0.0416626
face centroid = (0.00292045,0.250021,5.19174)
subcontact = (0.00683888,0.500023,4.94169) 0 (0,0,0) 54 0.0061793 (1.88828e-07,2.22796e-06,-3.11358e-05) 0 0 0.0208313
face centroid = (0.00292045,0.250021,5.19174)
subcontact = (0.00683845,2.27161e-05,4.94169) 0 (0,0,0) 53 0.00617896 (1.81681e-07,2.22797e-06,-3.32937e-05) 0 0 0.0416626
face centroid = (0.00292045,0.250021,5.19174)
subcontact = (0.000660376,2.04884e-05,4.94175) 0 (0,0,0) 52 0.00617677 (1.8164e-07,2.22717e-06,-3.33029e-05) 0 0 0.0208331
face centroid = (0.00450235,0.250023,5.19168)
subcontact = (0.000660447,0.50002,4.94175) 0 (0,0,0) 51 0.00617714 (1.88787e-07,2.22717e-06,-3.11449e-05) 0 0 0.0416663
face centroid = (0.00450235,0.250023,5.19168)
subcontact = (0.00518052,0.500022,5.44173) 3141.31 (-0.10781,-0.0219331,18.5717) 50 -0.00301566 (3.77479e-08,7.58002e-08,-6.41827e-05) 150784 891.467 0.0208331
face centroid = (0.00450235,0.250023,5.19168)
subcontact = (0.00518045,2.23982e-05,5.44173) 6283.38 (-0.213129,-0.0438698,38.3923) 49 -0.00301603 (3.06005e-08,7.58066e-08,-6.63407e-05) 150803 921.439 0.0416663
face centroid = (0.00450235,0.250023,5.19168)
contact = 11 1 11 10 (-0.818808,0.250021,5.13481) (0.989816,1.39674e-07,0.142351)
subcontact = (-0.855786,2.22906e-05,5.3818) 2923.38 (-23.0404,0.0399993,139.062) 48 -0.00280645 (7.44913e-05,-1.38235e-07,-0.00048142) 140324 6766.05 0.0208331
face centroid = (-0.817457,0.250021,5.13526)
subcontact = (-0.855786,0.500022,5.3818) 5845.6 (-46.0486,0.0799986,277.924) 47 -0.00280589 (7.44386e-05,-1.38235e-07,-0.000481075) 140296 6761.19 0.0416661
face centroid = (-0.817457,0.250021,5.13526)
subcontact = (-0.782036,0.50002,4.88726) 295.595 (-24.0529,-0.0622738,145.464) 46 -0.000283769 (7.78356e-05,2.15224e-07,-0.000503572) 14188.7 7077.19 0.0208331
face centroid = (-0.817457,0.250021,5.13526)
subcontact = (-0.782036,2.03906e-05,4.88727) 592.353 (-48.1381,-0.124548,291.128) 45 -0.000284327 (7.78883e-05,2.15224e-07,-0.000503917) 14216.7 7082.04 0.0416661
face centroid = (-0.817457,0.250021,5.13526)
subcontact = (-0.78183,2.01782e-05,4.88782) 297.144 (-24.0683,-0.0622192,145.559) 44 -0.000285257 (7.78858e-05,2.15032e-07,-0.0005039) 14262.9 7081.7 0.0208333
face centroid = (-0.818911,0.250021,5.13453)
subcontact = (-0.78183,0.50002,4.88782) 593.124 (-48.1043,-0.124438,290.918) 43 -0.000284698 (7.78331e-05,2.15032e-07,-0.000503555) 14235 7076.85 0.0416667
face centroid = (-0.818911,0.250021,5.13453)
subcontact = (-0.853084,0.500022,5.38271) 2923.76 (-23.0235,0.0400561,138.957) 42 -0.00280682 (7.44361e-05,-1.38431e-07,-0.000481058) 140341 6760.86 0.0208333
face centroid = (-0.818911,0.250021,5.13453)
subcontact = (-0.853084,2.24314e-05,5.38271) 5848.69 (-46.0793,0.0801121,278.113) 41 -0.00280738 (7.44888e-05,-1.38431e-07,-0.000481403) 140369 6765.71 0.0416667
face centroid = (-0.818911,0.250021,5.13453)
contact = 12 1 12 11 (-1.62079,0.25002,4.95482) (0.956188,5.51323e-07,0.292752)
subcontact = (-1.69504,2.08165e-05,5.19308) 2383.05 (-77.478,0.0179498,233.873) 40 -0.00228773 (0.000258534,-6.20264e-08,-0.000811269) 114387 11825.9 0.0208332
face centroid = (-1.61982,0.25002,4.95558)
subcontact = (-1.69504,0.500021,5.19308) 4765.08 (-154.919,0.0358994,467.636) 39 -0.00228724 (0.000258473,-6.2026e-08,-0.000811078) 114362 11823.1 0.0416665
face centroid = (-1.61982,0.25002,4.95558)
subcontact = (-1.54725,0.500019,4.71542) 1063.87 (-78.9156,-0.0416664,238.294) 38 -0.00102132 (0.00026337,1.44011e-07,-0.000826593) 51066.2 12049.1 0.0208332
face centroid = (-1.61982,0.25002,4.95558)
subcontact = (-1.54725,1.87101e-05,4.71542) 2128.77 (-157.868,-0.0833326,476.699) 37 -0.00102181 (0.000263432,1.4401e-07,-0.000826784) 51090.6 12051.9 0.0416665
face centroid = (-1.61982,0.25002,4.95558)
subcontact = (-1.54653,1.85705e-05,4.71657) 1064.95 (-78.9322,-0.0416217,238.344) 36 -0.00102236 (0.000263426,1.43854e-07,-0.000826766) 51117.8 12051.6 0.0208333
face centroid = (-1.62114,0.25002,4.95425)
subcontact = (-1.54653,0.500019,4.71656) 2128.89 (-157.828,-0.0832435,476.578) 35 -0.00102187 (0.000263365,1.43854e-07,-0.000826575) 51093.3 12048.8 0.0416667
face centroid = (-1.62114,0.25002,4.95425)
subcontact = (-1.69312,0.500021,5.19459) 2383.11 (-77.4579,0.0179952,233.812) 34 -0.00228779 (0.000258467,-6.2184e-08,-0.00081106) 114389 11822.8 0.0208333
face centroid = (-1.62114,0.25002,4.95425)
subcontact = (-1.69312,2.0883e-05,5.1946) 4767.23 (-154.952,0.0359906,467.735) 33 -0.00228828 (0.000258528,-6.21843e-08,-0.000811252) 114414 11825.6 0.0416667
face centroid = (-1.62114,0.25002,4.95425)
contact = 13 1 13 12 (-2.3856,0.250017,4.65384) (0.897958,1.50823e-06,0.440081)
subcontact = (-2.49585,1.78381e-05,4.87761) 1623.16 (-139.563,-0.0034652,272.179) 32 -0.00155824 (0.000473793,1.19983e-08,-0.000944988) 77911.9 14682 0.0208333
face centroid = (-2.3849,0.250017,4.65478)
subcontact = (-2.49585,0.500018,4.87761) 3245.53 (-279.107,-0.00693081,544.322) 31 -0.00155786 (0.000473761,1.1999e-08,-0.000944925) 77892.9 14681 0.0416666
face centroid = (-2.3849,0.250017,4.65478)
subcontact = (-2.27629,0.500016,4.4284) 2185.97 (-139.53,-0.0240613,272.084) 30 -0.00209854 (0.00047366,8.31771e-08,-0.00094467) 104927 14677.2 0.0208333
face centroid = (-2.3849,0.250017,4.65478)
subcontact = (-2.27629,1.58024e-05,4.4284) 4372.74 (-279.079,-0.0481222,544.205) 29 -0.00209892 (0.000473692,8.31764e-08,-0.000944734) 104946 14678.2 0.0416666
face centroid = (-2.3849,0.250017,4.65478)
subcontact = (-2.27488,1.57239e-05,4.4303) 2184.93 (-139.54,-0.024059,272.104) 28 -0.00209754 (0.000473694,8.31697e-08,-0.000944738) 104877 14678.3 0.0208333
face centroid = (-2.38607,0.250017,4.65301)
subcontact = (-2.27488,0.500016,4.43029) 4369.07 (-279.061,-0.0481182,544.171) 27 -0.00209716 (0.000473662,8.317e-08,-0.000944675) 104858 14677.3 0.0416667
face centroid = (-2.38607,0.250017,4.65301)
subcontact = (-2.49493,0.500018,4.87927) 1621.32 (-139.554,-0.00346363,272.162) 26 -0.00155647 (0.000473763,1.19926e-08,-0.000944929) 77823.5 14681.1 0.0208333
face centroid = (-2.38607,0.250017,4.65301)
subcontact = (-2.49493,1.78308e-05,4.87927) 3243.44 (-279.127,-0.00692704,544.361) 25 -0.00155686 (0.000473795,1.19922e-08,-0.000944992) 77842.6 14682.1 0.0416667
face centroid = (-2.38607,0.250017,4.65301)
contact = 14 1 14 13 (-3.23698,0.500013,4.44166) (0.81805,5.72234e-06,0.575147)
subcontact = (-3.23771,1.3563e-05,4.43981) 819.869 (-184.088,-0.0250919,249.332) 24 -0.000787072 (0.000626157,8.66439e-08,-0.000868999) 39353.7 14876.5 0.0208333
face centroid = (-3.09287,0.250013,4.23737)
subcontact = (-3.23771,0.500014,4.43981) 1639.22 (-368.177,-0.0501808,498.67) 23 -0.000786825 (0.000626161,8.66386e-08,-0.000869009) 39341.3 14876.6 0.0416667
face centroid = (-3.09287,0.250013,4.23737)
subcontact = (-2.95014,0.500012,4.03079) 3468.82 (-180.864,-0.0211885,244.882) 22 -0.00333008 (0.000615125,7.31568e-08,-0.000853542) 166503 14612.7 0.0208333
face centroid = (-3.09287,0.250013,4.23737)
subcontact = (-2.95014,1.18441e-05,4.03079) 6938.15 (-361.726,-0.0423801,489.758) 21 -0.00333032 (0.000615121,7.31621e-08,-0.000853532) 166516 14612.6 0.0416667
face centroid = (-3.09287,0.250013,4.23737)
subcontact = (-2.94805,1.17812e-05,4.0336) 3465 (-180.869,-0.021213,244.887) 20 -0.0033264 (0.000615141,7.32351e-08,-0.00085356) 166322 14613.3 0.0208331
face centroid = (-3.09393,0.250013,4.2353)
subcontact = (-2.94805,0.500012,4.03359) 6929.48 (-361.74,-0.0424226,489.781) 19 -0.00332615 (0.000615145,7.32293e-08,-0.00085357) 166310 14613.4 0.0416661
face centroid = (-3.09393,0.250013,4.2353)
subcontact = (-3.2377,0.500013,4.44115) 815.512 (-184.094,-0.0251095,249.343) 18 -0.000782893 (0.000626182,8.67049e-08,-0.000869037) 39145.1 14877.3 0.0208331
face centroid = (-3.09393,0.250013,4.2353)
subcontact = (-3.2377,1.34779e-05,4.44115) 1631.54 (-368.188,-0.0502224,498.68) 17 -0.00078314 (0.000626177,8.67107e-08,-0.000869027) 39157.4 14877.2 0.0416661
face centroid = (-3.09393,0.250013,4.2353)
contact = 15 7 15 14 (-3.71231,0.25,3.71231) (0.707107,0,0.707107)
contact = 16 1 16 15 (-4.06415,2.09942e-06,2.94115) (0.596206,6.50739e-06,0.802831)
subcontact = (-4.46712,2.80929e-06,3.23716) 0 (0,0,0) 16 0.00326511 (0.000321621,8.44449e-07,-0.000235125) 0 0 0.0208333
face centroid = (-4.26618,0.250002,3.08914)
subcontact = (-4.46712,0.500003,3.23716) 0 (0,0,0) 15 0.00326224 (0.000322127,8.4444e-07,-0.000235508) 0 0 0.0416667
face centroid = (-4.26618,0.250002,3.08914)
subcontact = (-4.06571,0.500002,2.93905) 5440.54 (-100.325,-0.0569711,72.3376) 14 -0.00522294 (0.000344891,1.96945e-07,-0.000252384) 261146 5936.83 0.0208333
face centroid = (-4.26618,0.250002,3.08914)
subcontact = (-4.0657,2.08244e-06,2.93906) 10875.1 (-200.358,-0.113947,144.451) 13 -0.00522006 (0.000344385,1.96954e-07,-0.000252001) 261002 5928.03 0.0416667
face centroid = (-4.26618,0.250002,3.08914)
subcontact = (-4.06297,1.88542e-06,2.94352) 5429.21 (-100.17,-0.0573446,72.219) 12 -0.00521211 (0.000344359,1.98244e-07,-0.000251982) 260640 5928.34 0.0208303
face centroid = (-4.26641,0.250002,3.08811)
subcontact = (-4.06297,0.500002,2.94352) 10864.4 (-200.631,-0.114684,144.662) 11 -0.00521498 (0.000344865,1.98234e-07,-0.000252364) 260783 5937.15 0.0416607
face centroid = (-4.26641,0.250002,3.08811)
subcontact = (-4.46939,0.500002,3.23477) 0 (0,0,0) 10 0.00326982 (0.000322103,8.4557e-07,-0.00023549) 0 0 0.0208303
face centroid = (-4.26641,0.250002,3.08811)
subcontact = (-4.46939,1.96664e-06,3.23477) 0 (0,0,0) 9 0.0032727 (0.000321597,8.4558e-07,-0.000235107) 0 0 0.0416607
face centroid = (-4.26641,0.250002,3.08811)
contact = 17 7 17 16 (-4.67778,0.25,2.38345) (0.45399,0,0.891007)
contact = 18 7 18 17 (-4.99305,0.25,1.62234) (0.309017,0,0.951057)
contact = 19 1 19 18 (-5.18752,0.25,0.819077) (0.156434,0,0.987688)
subcontact = (-5.43659,-1.22269e-08,0.855981) 5241.37 (1015.69,0.00346596,-163.541) 8 -0.00503172 (-0.00351093,-1.19802e-08,0.000560695) 251591 49381.9 0.0208329
face centroid = (-5.18536,0.25,0.821281)
subcontact = (-5.43659,0.5,0.855981) 10483.5 (2031.43,0.00693199,-327.09) 7 -0.0050321 (-0.00351103,-1.19803e-08,0.000560709) 251610 49383.3 0.0416658
face centroid = (-5.18536,0.25,0.821281)
subcontact = (-4.94224,0.5,0.780986) 1844.96 (1019.02,-0.0249485,-164.07) 6 -0.00177116 (-0.00352245,8.62244e-08,0.00056252) 88560.1 49543.9 0.0208329
face centroid = (-5.18536,0.25,0.821281)
subcontact = (-4.94224,8.64485e-08,0.780986) 3689.15 (2037.98,-0.0498971,-328.131) 5 -0.00177079 (-0.00352235,8.62245e-08,0.000562506) 88541.4 49542.6 0.0416658
face centroid = (-5.18536,0.25,0.821281)
subcontact = (-4.93844,0,0.782172) 1824.01 (1019.01,-0.0252572,-164.069) 4 -0.00175106 (-0.00352242,8.72851e-08,0.000562517) 87552.7 49542.6 0.0208333
face centroid = (-5.18942,0.25,0.818484)
subcontact = (-4.93844,0.5,0.782172) 3648.81 (2038.08,-0.0505144,-328.146) 3 -0.00175143 (-0.00352252,8.72849e-08,0.000562531) 87571.4 49543.9 0.0416667
face centroid = (-5.18942,0.25,0.818484)
subcontact = (-5.43229,0.5,0.86039) 5221.23 (1015.74,0.00315982,-163.549) 2 -0.00501238 (-0.0035111,-1.09242e-08,0.00056072) 250619 49383.3 0.0208333
face centroid = (-5.18942,0.25,0.818484)
subcontact = (-5.43229,0,0.86039) 10441.7 (2031.42,0.00631953,-327.089) 1 -0.00501201 (-0.003511,-1.0924e-08,0.000560706) 250600 49381.9 0.0416667
face centroid = (-5.18942,0.25,0.818484)
3dec>log off
**********************************************
* Logging ended at Wed Mar 13 16:49:47 2024
**********************************************
**********************************************
* Logging started at Wed Mar 13 16:53:32 2024
* By 3dec Version 7.00 Release 159
* 
* 
* Job Title: 
**********************************************
3dec>log-file 'init_state.txt'
**********************************************
* Logging ended at Wed Mar 13 16:53:32 2024
**********************************************
**********************************************
* Logging started at Wed Mar 13 16:56:48 2024
* By 3dec Version 7.00 Release 159
* 
* 
* Job Title: 
**********************************************
3dec>@contacts_output
contact = 1 1 1 0 (4.94192,0.500195,0.784174) (0.149416,0,-0.988774)
subcontact = (5.43229,0.000196856,0.860882) 5369.55 (1043.09,0.601177,169.278) 112 -0.00515478 (-0.00360808,-2.0777e-06,-0.000565365) 257745 50724.6 0.0208328
face centroid = (5.1895,0.250197,0.81898)
subcontact = (5.43229,0.500197,0.860882) 10736.4 (2083.69,1.20237,338.163) 111 -0.00515348 (-0.00360377,-2.07773e-06,-0.000564698) 257680 50664.1 0.0416656
face centroid = (5.1895,0.250197,0.81898)
subcontact = (4.93844,0.500197,0.782664) 1669.08 (1042.08,-0.661308,169.12) 110 -0.00160231 (-0.0036046,2.28551e-06,-0.000564828) 80118 50675.7 0.0208328
face centroid = (5.1895,0.250197,0.81898)
subcontact = (4.93844,0.000196856,0.782664) 3340.87 (2086.66,-1.32264,338.634) 109 -0.00160361 (-0.00360891,2.28554e-06,-0.000565494) 80183 50736.2 0.0416656
face centroid = (5.1895,0.250197,0.81898)
subcontact = (4.94231,0.000194595,0.781626) 1692.01 (1043.33,-0.65436,169.318) 108 -0.00162434 (-0.0036089,2.26147e-06,-0.000565494) 81216.7 50735 0.0208333
face centroid = (5.18536,0.250197,0.821773)
subcontact = (4.9423,0.500195,0.781627) 3381.29 (2084.17,-1.3087,338.241) 107 -0.00162302 (-0.0036046,2.26143e-06,-0.000564827) 81151 50674.5 0.0416667
face centroid = (5.18536,0.250197,0.821773)
subcontact = (5.43669,0.500199,0.856335) 5389.81 (1041.85,0.608178,169.082) 106 -0.00517422 (-0.00360377,-2.10186e-06,-0.000564698) 258711 50662.9 0.0208333
face centroid = (5.18536,0.250197,0.821773)
subcontact = (5.4367,0.000198958,0.856334) 10782.4 (2086.18,1.21634,338.557) 105 -0.00517554 (-0.00360808,-2.10183e-06,-0.000565364) 258777 50723.4 0.0416667
face centroid = (5.18536,0.250197,0.821773)
contact = 2 7 2 1 (4.99305,0.25,1.62234) (0.309017,0,-0.951057)
contact = 3 7 3 2 (4.67778,0.25,2.38345) (0.45399,0,-0.891007)
contact = 4 1 4 3 (4.26755,0.250195,3.09009) (0.590624,-0.00170896,-0.806945)
subcontact = (4.47088,0.000187246,3.23568) 110.698 (-31.7379,2.42866,-22.03) 104 -0.000106245 (0.000108689,-8.39351e-06,7.74879e-05) 5313.83 1858.22 0.0208321
face centroid = (4.269,0.250201,3.08799)
subcontact = (4.47087,0.500187,3.23568) 217.795 (-59.0146,4.85562,-40.7948) 103 -0.000104516 (0.00010098,-8.39055e-06,7.18454e-05) 5227.37 1725.85 0.0416643
face centroid = (4.269,0.250201,3.08799)
subcontact = (4.06429,0.500184,2.94467) 5314.07 (-34.5963,6.79222,-24.1392) 102 -0.00510155 (0.000118574,-2.34742e-05,8.47687e-05) 255090 2051.09 0.0208321
face centroid = (4.269,0.250201,3.08799)
subcontact = (4.06429,0.000183947,2.94467) 10631.7 (-73.6538,13.5862,-51.5437) 101 -0.00510328 (0.000126283,-2.34772e-05,9.04112e-05) 255176 2182.18 0.0416643
face centroid = (4.269,0.250201,3.08799)
subcontact = (4.06717,0.000203735,2.94046) 5320.05 (-36.8276,6.79719,-25.7724) 100 -0.00510726 (0.000126295,-2.34911e-05,9.04198e-05) 255363 2182.13 0.0208333
face centroid = (4.26758,0.250186,3.09018)
subcontact = (4.06717,0.500204,2.94046) 10636.4 (-69.1938,13.5926,-48.2793) 99 -0.00510549 (0.000118586,-2.3488e-05,8.47771e-05) 255274 2051.05 0.0416666
face centroid = (4.26758,0.250186,3.09018)
subcontact = (4.47083,0.500197,3.23552) 112.903 (-29.5076,2.43175,-20.3976) 98 -0.000108386 (0.000100991,-8.40413e-06,7.18534e-05) 5419.36 1725.78 0.0208333
face centroid = (4.26758,0.250186,3.09018)
subcontact = (4.47083,0.000197449,3.23552) 229.502 (-63.4767,4.8653,-44.0607) 97 -0.00011016 (0.0001087,-8.40725e-06,7.74961e-05) 5508.05 1858.15 0.0416666
face centroid = (4.26758,0.250186,3.09018)
contact = 5 1 5 4 (3.64454,0.250139,3.6231) (0.714998,1.15208e-05,-0.699126)
subcontact = (3.90843,0.000189879,3.89016) 243.441 (-116.964,0.682892,-116.311) 96 -0.00023369 (0.00066795,-3.3057e-06,0.000672979) 11685.6 7918 0.0208326
face centroid = (3.73314,0.250194,3.71056)
subcontact = (3.90843,0.50019,3.89017) 482.781 (-233.461,1.36108,-232.211) 95 -0.000231722 (0.0006722,-3.30586e-06,0.000677313) 11587.2 7903.09 0.0416652
face centroid = (3.73314,0.250194,3.71056)
subcontact = (3.5559,0.500197,3.53559) 4580.71 (-195.789,-0.791107,-194.395) 94 -0.00439751 (0.000671669,2.73425e-06,0.000676826) 219882 13243.9 0.0208326
face centroid = (3.73314,0.250194,3.71056)
subcontact = (3.5559,0.000196853,3.53559) 9165.52 (-389.116,-1.58231,-386.286) 93 -0.00439948 (0.000667419,2.73441e-06,0.000672493) 219980 13159.6 0.0416652
face centroid = (3.73314,0.250194,3.71056)
subcontact = (3.55836,0.000194121,3.53181) 4588.89 (-194.559,-0.793945,-193.144) 92 -0.00440534 (0.00066742,2.744e-06,0.000672494) 220267 13159.2 0.0208333
face centroid = (3.73216,0.250193,3.71288)
subcontact = (3.55836,0.500194,3.53182) 9173.69 (-391.582,-1.58781,-388.793) 91 -0.00440338 (0.000671669,2.74386e-06,0.000676827) 220169 13243.5 0.0416667
face centroid = (3.73216,0.250193,3.71288)
subcontact = (3.90792,0.500193,3.88932) 247.454 (-119.757,0.685115,-119.096) 90 -0.000237556 (0.000672201,-3.2964e-06,0.000677313) 11877.8 8107.04 0.0208333
face centroid = (3.73216,0.250193,3.71288)
subcontact = (3.90792,0.000193182,3.88931) 498.986 (-239.991,1.37501,-238.611) 89 -0.000239514 (0.000667951,-3.29627e-06,0.00067298) 11975.7 8122.25 0.0416667
face centroid = (3.73216,0.250193,3.71288)
contact = 6 1 6 5 (3.24411,0.000184175,4.44201) (0.818399,1.46029e-05,-0.57465)
subcontact = (3.2454,0.000183396,4.44242) 856.801 (-181.038,0.242062,-246.406) 88 -0.00082253 (0.000616499,-8.36375e-07,0.000858257) 41126.9 14676.8 0.0208331
face centroid = (3.10179,0.250184,4.23646)
subcontact = (3.2454,0.500183,4.44242) 1709.93 (-362.768,0.484168,-493.763) 87 -0.000820766 (0.000617681,-8.36449e-07,0.000859913) 41038.7 14705 0.0416662
face centroid = (3.10179,0.250184,4.23646)
subcontact = (2.95607,0.500185,4.03464) 3416.61 (-180.084,-0.356556,-245.071) 86 -0.00327995 (0.000613221,1.23246e-06,0.000853631) 163999 14598 0.0208331
face centroid = (3.10179,0.250184,4.23646)
subcontact = (2.95607,0.000185225,4.03464) 6836.89 (-359.476,-0.713156,-489.189) 85 -0.00328171 (0.000612039,1.23254e-06,0.000851975) 164087 14569.8 0.0416662
face centroid = (3.10179,0.250184,4.23646)
subcontact = (2.95813,0.000184027,4.03186) 3423.14 (-179.736,-0.357444,-244.591) 84 -0.00328622 (0.00061203,1.23554e-06,0.000851963) 164311 14569.4 0.0208333
face centroid = (3.10074,0.250184,4.23853)
subcontact = (2.95813,0.500184,4.03187) 6842.62 (-360.163,-0.714844,-490.135) 83 -0.00328446 (0.000613212,1.23546e-06,0.000853618) 164223 14597.6 0.0416667
face centroid = (3.10074,0.250184,4.23853)
subcontact = (3.24545,0.500184,4.44107) 859.67 (-181.382,0.241224,-246.878) 82 -0.000825284 (0.000617672,-8.33465e-07,0.0008599) 41264.2 14704.6 0.0208333
face centroid = (3.10074,0.250184,4.23853)
subcontact = (3.24546,0.000184199,4.44106) 1723 (-362.072,0.482404,-492.804) 81 -0.000827042 (0.00061649,-8.33388e-07,0.000858245) 41352.1 14676.4 0.0416667
face centroid = (3.10074,0.250184,4.23853)
contact = 7 1 7 6 (2.39299,0.250172,4.65468) (0.898631,1.77649e-06,-0.438705)
subcontact = (2.5024,0.000171611,4.88007) 1656.15 (-138.966,0.196413,-269.986) 80 -0.00158991 (0.000470358,-6.78804e-07,0.00093812) 79495.4 14575.3 0.0208333
face centroid = (2.39368,0.250172,4.65374)
subcontact = (2.5024,0.500172,4.88007) 3309.05 (-278.344,0.392808,-540.782) 79 -0.00158835 (0.000471059,-6.78774e-07,0.000939527) 79417.3 14597.1 0.0416666
face centroid = (2.39368,0.250172,4.65374)
subcontact = (2.28262,0.500173,4.43096) 2146.64 (-140.092,-0.255347,-272.167) 78 -0.00206078 (0.000474166,8.82483e-07,0.000945703) 103039 14693.1 0.0208333
face centroid = (2.39368,0.250172,4.65374)
subcontact = (2.28263,0.000172584,4.43096) 4296.53 (-279.772,-0.510677,-543.524) 77 -0.00206234 (0.000473465,8.82453e-07,0.000944297) 103117 14671.3 0.0416666
face centroid = (2.39368,0.250172,4.65374)
subcontact = (2.28401,0.000171698,4.42908) 2150.31 (-139.887,-0.255936,-271.764) 76 -0.0020643 (0.000473467,8.84517e-07,0.000944302) 103215 14671.4 0.0208333
face centroid = (2.39251,0.250172,4.65552)
subcontact = (2.284,0.500172,4.42909) 4297.36 (-280.186,-0.511891,-544.338) 75 -0.00206273 (0.000474168,8.84548e-07,0.000945708) 103137 14693.2 0.0416667
face centroid = (2.39251,0.250172,4.65552)
subcontact = (2.50335,0.500172,4.8784) 1656.57 (-139.173,0.195808,-270.393) 74 -0.00159031 (0.000471061,-6.76713e-07,0.000939532) 79515.3 14597.2 0.0208333
face centroid = (2.39251,0.250172,4.65552)
subcontact = (2.50336,0.000172285,4.8784) 3316.39 (-277.933,0.391633,-539.976) 73 -0.00159187 (0.00047036,-6.76743e-07,0.000938126) 79593.3 14575.4 0.0416667
face centroid = (2.39251,0.250172,4.65552)
contact = 8 1 8 7 (1.62764,0.250157,4.9554) (0.955413,3.61446e-07,-0.295272)
subcontact = (1.70048,0.000157059,5.195) 2406.65 (-73.7522,0.150663,-224.796) 72 -0.00231039 (0.000248161,-5.20696e-07,0.00077905) 115520 11356.1 0.0208333
face centroid = (1.62862,0.250157,4.95465)
subcontact = (1.70047,0.500157,5.19501) 4810.57 (-147.72,0.301304,-450.256) 71 -0.00230908 (0.000248525,-5.20656e-07,0.000780201) 115454 11372.9 0.0416665
face centroid = (1.62862,0.250157,4.95465)
subcontact = (1.55411,0.500158,4.71691) 1036.6 (-75.8805,-0.204164,-231.32) 70 -0.000995139 (0.00025534,7.0559e-07,0.000801655) 49757.1 11685.5 0.0208333
face centroid = (1.62862,0.250157,4.95465)
subcontact = (1.55411,0.000157856,4.7169) 2075.94 (-151.545,-0.408304,-461.976) 69 -0.000996451 (0.000254975,7.0555e-07,0.000800505) 49822.6 11668.8 0.0416665
face centroid = (1.62862,0.250157,4.95465)
subcontact = (1.55482,0.000157147,4.7158) 1037.95 (-75.7748,-0.204507,-230.995) 68 -0.000996436 (0.000254982,7.0677e-07,0.000800526) 49821.8 11669.1 0.0208333
face centroid = (1.62729,0.250157,4.95596)
subcontact = (1.55481,0.500157,4.7158) 2073.17 (-151.766,-0.409036,-462.655) 67 -0.000995124 (0.000255347,7.06808e-07,0.000801677) 49756.2 11685.9 0.0416667
face centroid = (1.62729,0.250157,4.95596)
subcontact = (1.70242,0.500158,5.19351) 2405.27 (-73.8625,0.1503,-225.135) 66 -0.00230907 (0.000248532,-5.19443e-07,0.000780222) 115453 11373.2 0.0208333
face centroid = (1.62729,0.250157,4.95596)
subcontact = (1.70243,0.000157576,5.19351) 4813.28 (-147.509,0.300622,-449.605) 65 -0.00231038 (0.000248167,-5.19481e-07,0.000779072) 115519 11356.4 0.0416667
face centroid = (1.62729,0.250157,4.95596)
contact = 9 1 9 8 (0.824959,0.250141,5.13509) (0.989024,3.17513e-07,-0.147753)
subcontact = (0.860403,0.000140137,5.38283) 2936.35 (-22.6915,0.186307,-140.282) 64 -0.00281891 (7.54933e-05,-6.43888e-07,0.000485274) 140947 6821.19 0.020833
face centroid = (0.826314,0.250141,5.13463)
subcontact = (0.860393,0.50014,5.38283) 5870.57 (-45.5316,0.37259,-281.486) 63 -0.00281789 (7.57408e-05,-6.43846e-07,0.000486867) 140896 6843.58 0.041666
face centroid = (0.826314,0.250141,5.13463)
subcontact = (0.789324,0.500141,4.88791) 281.265 (-19.0682,-0.23968,-118.626) 62 -0.000270011 (8.03078e-05,1.01457e-06,0.00051638) 13500.9 5767.23 0.020833
face centroid = (0.826314,0.250141,5.13463)
subcontact = (0.789334,0.000141294,4.88791) 564.667 (-38.1615,-0.48068,-237.382) 61 -0.000271036 (8.00603e-05,1.01453e-06,0.000514788) 13552.2 5770.41 0.041666
face centroid = (0.826314,0.250141,5.13463)
subcontact = (0.789525,0.000140276,4.88735) 281.858 (-19.0016,-0.239944,-118.212) 60 -0.000270583 (8.00632e-05,1.01547e-06,0.000514806) 13529.2 5747.04 0.0208333
face centroid = (0.824864,0.250141,5.13537)
subcontact = (0.789514,0.50014,4.88735) 561.578 (-37.9778,-0.478552,-236.292) 59 -0.000269557 (8.03106e-05,1.01552e-06,0.000516399) 13477.9 5743.81 0.0416667
face centroid = (0.824864,0.250141,5.13537)
subcontact = (0.863104,0.500141,5.3819) 2934.83 (-22.7669,0.186031,-140.75) 58 -0.00281744 (7.57436e-05,-6.42921e-07,0.000486885) 140872 6843.8 0.0208333
face centroid = (0.824864,0.250141,5.13537)
subcontact = (0.863115,0.000140779,5.3819) 5871.81 (-45.3851,0.372086,-280.578) 57 -0.00281847 (7.54961e-05,-6.42962e-07,0.000485292) 140923 6821.41 0.0416667
face centroid = (0.824864,0.250141,5.13537)
contact = 10 1 10 9 (0.00250431,0.250121,5.31662) (0.999959,-2.27298e-06,-0.00901421)
subcontact = (0.00212898,0.000121654,5.44156) 3139.25 (-0.0558495,-0.0456625,33.0406) 56 -0.00301369 (-4.18201e-07,1.57862e-07,-0.00011419) 150709 1586.22 0.0208298
face centroid = (0.00287405,0.25012,5.19168)
subcontact = (0.00211796,0.500122,5.44156) 6277.33 (-0.101518,-0.091343,64.1735) 55 -0.00301313 (-4.1214e-07,1.57893e-07,-0.000110893) 150681 1540.43 0.0416596
face centroid = (0.00287405,0.25012,5.19168)
subcontact = (0.00679943,0.500123,4.94158) 0 (0,0,0) 54 0.00619688 (-2.60803e-07,3.6504e-06,-7.78536e-05) 0 0 0.0208298
face centroid = (0.00287405,0.25012,5.19168)
subcontact = (0.00681046,0.00012289,4.94158) 0 (0,0,0) 53 0.00619632 (-2.66863e-07,3.65037e-06,-8.11501e-05) 0 0 0.0416596
face centroid = (0.00287405,0.25012,5.19168)
subcontact = (0.000615475,0.00011924,4.94169) 0 (0,0,0) 52 0.00619413 (-2.66904e-07,3.64958e-06,-8.11593e-05) 0 0 0.0208333
face centroid = (0.00446421,0.250122,5.19157)
subcontact = (0.000603868,0.500119,4.94169) 0 (0,0,0) 51 0.00619472 (-2.60843e-07,3.64961e-06,-7.78627e-05) 0 0 0.0416667
face centroid = (0.00446421,0.250122,5.19157)
subcontact = (0.00513262,0.500121,5.44167) 3141.25 (-0.0507406,-0.045451,32.0901) 50 -0.00301561 (-4.12189e-07,1.57071e-07,-0.000110904) 150780 1540.33 0.0208333
face centroid = (0.00446421,0.250122,5.19157)
subcontact = (0.00514422,0.000121497,5.44167) 6283.74 (-0.111663,-0.0908829,66.088) 49 -0.0030162 (-4.1825e-07,1.57038e-07,-0.000114201) 150810 1586.12 0.0416667
face centroid = (0.00446421,0.250122,5.19157)
contact = 11 1 11 10 (-0.818855,0.250101,5.13476) (0.989816,1.39674e-07,0.142351)
subcontact = (-0.855823,0.000101251,5.38175) 2923.16 (-23.0369,0.0605457,139.037) 48 -0.00280623 (7.44793e-05,-2.09244e-07,-0.000481336) 140313 6764.87 0.0208331
face centroid = (-0.817504,0.250101,5.13522)
subcontact = (-0.855835,0.500101,5.38175) 5845.6 (-46.026,0.121078,277.766) 47 -0.00280589 (7.43995e-05,-2.0922e-07,-0.000480803) 140296 6757.38 0.0416661
face centroid = (-0.817504,0.250101,5.13522)
subcontact = (-0.782094,0.500101,4.88722) 295.831 (-24.0434,-0.113576,145.398) 46 -0.000283996 (7.78028e-05,3.92528e-07,-0.000503344) 14200.1 7073.98 0.0208331
face centroid = (-0.817504,0.250101,5.13522)
subcontact = (-0.782082,0.000100835,4.88722) 592.377 (-48.1347,-0.227139,291.104) 45 -0.000284339 (7.78825e-05,3.92505e-07,-0.000503877) 14217.2 7081.47 0.0416661
face centroid = (-0.817504,0.250101,5.13522)
subcontact = (-0.781876,0.000100444,4.88777) 297.156 (-24.0666,-0.113442,145.547) 44 -0.000285268 (7.788e-05,3.92057e-07,-0.00050386) 14263.5 7081.13 0.0208333
face centroid = (-0.818959,0.250101,5.13449)
subcontact = (-0.781887,0.5001,4.88777) 593.596 (-48.0853,-0.226896,290.786) 43 -0.000284925 (7.78002e-05,3.92079e-07,-0.000503327) 14246.3 7073.64 0.0416667
face centroid = (-0.818959,0.250101,5.13449)
subcontact = (-0.853133,0.500101,5.38267) 2923.76 (-23.0122,0.0606709,138.878) 42 -0.00280682 (7.4397e-05,-2.09676e-07,-0.000480786) 140341 6757.05 0.0208333
face centroid = (-0.818959,0.250101,5.13449)
subcontact = (-0.853121,0.000101462,5.38267) 5848.24 (-46.0723,0.121354,278.065) 41 -0.00280716 (7.44767e-05,-2.09698e-07,-0.000481319) 140358 6764.53 0.0416667
face centroid = (-0.818959,0.250101,5.13449)
contact = 12 1 12 11 (-1.62084,0.250081,4.95479) (0.956188,5.51323e-07,0.292752)
subcontact = (-1.69508,8.04357e-05,5.19305) 2382.71 (-77.4744,0.0434041,233.861) 40 -0.00228741 (0.000258522,-1.49997e-07,-0.000811229) 114371 11825.3 0.0208332
face centroid = (-1.61987,0.250081,4.95555)
subcontact = (-1.69509,0.50008,5.19305) 4765.51 (-154.869,0.0867986,467.471) 39 -0.00228745 (0.000258386,-1.4998e-07,-0.000810794) 114373 11819 0.0416665
face centroid = (-1.61987,0.250081,4.95555)
subcontact = (-1.54731,0.500081,4.71539) 1064.21 (-78.8923,-0.0980889,238.218) 38 -0.00102164 (0.00026329,3.39008e-07,-0.000826329) 51082.1 12045.3 0.0208332
face centroid = (-1.61987,0.250081,4.95555)
subcontact = (-1.5473,8.13297e-05,4.71539) 2128.33 (-157.864,-0.196168,476.688) 37 -0.0010216 (0.000263425,3.38991e-07,-0.000826764) 51080.1 12051.6 0.0416665
face centroid = (-1.61987,0.250081,4.95555)
subcontact = (-1.54658,8.09904e-05,4.71653) 1064.73 (-78.9305,-0.0978955,238.338) 36 -0.00102215 (0.00026342,3.38337e-07,-0.000826746) 51107.3 12051.3 0.0208333
face centroid = (-1.62119,0.250081,4.95422)
subcontact = (-1.54659,0.500081,4.71653) 2129.55 (-157.781,-0.1958,476.426) 35 -0.00102219 (0.000263284,3.38351e-07,-0.000826312) 51109.3 12044.9 0.0416667
face centroid = (-1.62119,0.250081,4.95422)
subcontact = (-1.69317,0.500081,5.19456) 2383.32 (-77.4327,0.0435898,233.73) 34 -0.00228799 (0.00025838,-1.50639e-07,-0.000810776) 114399 11818.7 0.0208333
face centroid = (-1.62119,0.250081,4.95422)
subcontact = (-1.69316,8.05854e-05,5.19456) 4766.56 (-154.945,0.0871882,467.712) 33 -0.00228795 (0.000258516,-1.50654e-07,-0.000811211) 114397 11825 0.0416667
face centroid = (-1.62119,0.250081,4.95422)
contact = 13 1 13 12 (-2.38566,0.250061,4.65382) (0.897958,1.50823e-06,0.440081)
subcontact = (-2.49589,5.98001e-05,4.8776) 1622.72 (-139.569,0.0374214,272.192) 32 -0.00155781 (0.000473814,-1.29306e-07,-0.000945032) 77890.7 14682.7 0.0208333
face centroid = (-2.38496,0.250061,4.65476)
subcontact = (-2.49591,0.50006,4.87759) 3246.36 (-279.017,0.0748384,544.139) 31 -0.00155825 (0.000473606,-1.29298e-07,-0.000944609) 77912.6 14676.1 0.0416666
face centroid = (-2.38496,0.250061,4.65476)
subcontact = (-2.27635,0.500062,4.42838) 2186.4 (-139.484,-0.0958559,271.991) 30 -0.00209895 (0.000473502,3.31299e-07,-0.000944346) 104947 14672.2 0.0208333
face centroid = (-2.38496,0.250061,4.65476)
subcontact = (-2.27634,6.20946e-05,4.42838) 4371.88 (-279.089,-0.191707,544.226) 29 -0.00209851 (0.00047371,3.31292e-07,-0.000944769) 104925 14678.8 0.0416666
face centroid = (-2.38496,0.250061,4.65476)
subcontact = (-2.27493,6.17595e-05,4.43027) 2184.5 (-139.545,-0.0956075,272.114) 28 -0.00209712 (0.000473712,3.30441e-07,-0.000944773) 104856 14678.8 0.0208333
face centroid = (-2.38612,0.250061,4.65299)
subcontact = (-2.27494,0.500062,4.43027) 4369.92 (-278.969,-0.191218,543.984) 27 -0.00209756 (0.000473504,3.30447e-07,-0.00094435) 104878 14672.3 0.0416667
face centroid = (-2.38612,0.250061,4.65299)
subcontact = (-2.49498,0.50006,4.87925) 1621.74 (-139.509,0.0376658,272.071) 26 -0.00155687 (0.000473608,-1.30151e-07,-0.000944613) 77843.3 14676.2 0.0208333
face centroid = (-2.38612,0.250061,4.65299)
subcontact = (-2.49497,5.99256e-05,4.87925) 3242.56 (-279.139,0.0753348,544.386) 25 -0.00155643 (0.000473816,-1.30156e-07,-0.000945036) 77821.3 14682.7 0.0416667
face centroid = (-2.38612,0.250061,4.65299)
contact = 14 1 14 13 (-2.94884,4.40989e-05,4.03174) (0.81806,2.20585e-05,0.575133)
subcontact = (-3.23777,4.04587e-05,4.43981) 819.325 (-184.149,0.0198686,249.41) 24 -0.00078655 (0.000626355,-6.83338e-08,-0.00086928) 39327.6 14881.3 0.0208333
face centroid = (-3.09294,0.250042,4.23737)
subcontact = (-3.23778,0.50004,4.43981) 1640.39 (-368.068,0.0397442,498.497) 23 -0.000787384 (0.000625958,-6.83459e-08,-0.00086872) 39369.3 14871.7 0.0416667
face centroid = (-3.09294,0.250042,4.23737)
subcontact = (-2.95021,0.500044,4.03078) 3469.34 (-180.802,-0.166987,244.785) 22 -0.00333058 (0.000614898,5.77438e-07,-0.000853218) 166528 14607.3 0.0208333
face centroid = (-3.09294,0.250042,4.23737)
subcontact = (-2.9502,4.40623e-05,4.03078) 6936.94 (-361.835,-0.333981,489.894) 21 -0.00332974 (0.000615294,5.7745e-07,-0.000853778) 166487 14616.8 0.0416667
face centroid = (-3.09294,0.250042,4.23737)
subcontact = (-2.94811,4.34849e-05,4.03359) 3464.39 (-180.924,-0.166594,244.955) 20 -0.00332582 (0.000615315,5.76079e-07,-0.000853807) 166293 14617.5 0.0208331
face centroid = (-3.09399,0.250042,4.23529)
subcontact = (-2.94812,0.500043,4.03358) 6930.52 (-361.617,-0.333179,489.588) 19 -0.00332666 (0.000614918,5.76065e-07,-0.000853247) 166335 14607.9 0.0416661
face centroid = (-3.09399,0.250042,4.23529)
subcontact = (-3.23776,0.500041,4.44114) 816.095 (-184.04,0.020268,249.257) 18 -0.000783452 (0.000625979,-6.97161e-08,-0.000868749) 39173 14872.4 0.0208331
face centroid = (-3.09399,0.250042,4.23529)
subcontact = (-3.23775,4.05184e-05,4.44115) 1630.45 (-368.31,0.0405282,498.837) 17 -0.000782618 (0.000626375,-6.97025e-08,-0.000869309) 39131.3 14881.9 0.0416661
face centroid = (-3.09399,0.250042,4.23529)
contact = 15 7 15 14 (-3.71231,0.25,3.71231) (0.707107,0,0.707107)
contact = 16 1 16 15 (-4.06423,1.35271e-05,2.94116) (0.596219,1.75285e-05,0.802821)
subcontact = (-4.46719,7.51453e-06,3.23717) 0 (0,0,0) 16 0.0032771 (0.000323661,-3.81383e-06,-0.000236638) 0 0 0.0208333
face centroid = (-4.26627,0.250012,3.08915)
subcontact = (-4.4672,0.500008,3.23717) 0 (0,0,0) 15 0.00327129 (0.00032014,-3.81391e-06,-0.00023403) 0 0 0.0416667
face centroid = (-4.26627,0.250012,3.08915)
subcontact = (-4.06579,0.500013,2.93906) 5442.02 (-99.7592,-0.147631,71.9137) 14 -0.00522435 (0.000342932,5.10332e-07,-0.000250926) 261217 5902.93 0.0208333
face centroid = (-4.26627,0.250012,3.08915)
subcontact = (-4.06578,1.34814e-05,2.93906) 10871.9 (-201.558,-0.295307,145.334) 13 -0.00521855 (0.000346453,5.10409e-07,-0.000253534) 260927 5963.77 0.0416667
face centroid = (-4.26627,0.250012,3.08915)
subcontact = (-4.06306,1.29693e-05,2.94353) 5427.63 (-100.77,-0.146677,72.6604) 12 -0.00521058 (0.000346426,5.07088e-07,-0.000253515) 260564 5964.09 0.0208303
face centroid = (-4.26649,0.25001,3.08812)
subcontact = (-4.06306,0.500013,2.94353) 10867.3 (-199.5,-0.293313,143.814) 11 -0.00521639 (0.000342906,5.07016e-07,-0.000250907) 260854 5903.24 0.0416607
face centroid = (-4.26649,0.25001,3.08812)
subcontact = (-4.46948,0.500011,3.23477) 0 (0,0,0) 10 0.00327889 (0.000320116,-3.81666e-06,-0.000234012) 0 0 0.0208303
face centroid = (-4.26649,0.25001,3.08812)
subcontact = (-4.46947,1.13287e-05,3.23478) 0 (0,0,0) 9 0.00328469 (0.000323637,-3.81659e-06,-0.00023662) 0 0 0.0416607
face centroid = (-4.26649,0.25001,3.08812)
contact = 17 7 17 16 (-4.67778,0.25,2.38345) (0.45399,0,0.891007)
contact = 18 7 18 17 (-4.99305,0.25,1.62234) (0.309017,0,0.951057)
contact = 19 1 19 18 (-5.18731,0.25,0.820647) (0.150159,0,0.988662)
subcontact = (-5.43666,-1.31355e-06,0.855984) 5246.19 (1036.66,0.379999,-171.383) 8 -0.00503635 (-0.00358363,-1.3133e-06,0.000568342) 251817 50435.2 0.0208333
face centroid = (-5.18536,0.25,0.821281)
subcontact = (-5.43667,0.499999,0.855983) 10496.3 (2074.92,0.760005,-343.016) 7 -0.00503822 (-0.00358639,-1.31331e-06,0.000568768) 251911 50473.9 0.0416667
face centroid = (-5.18536,0.25,0.821281)
subcontact = (-4.94232,0.500001,0.78099) 1849.17 (1041.05,-0.427108,-172.102) 6 -0.00177519 (-0.00359881,1.4761e-06,0.000570737) 88760 50648.7 0.0208333
face centroid = (-5.18536,0.25,0.821281)
subcontact = (-4.94232,1.47634e-06,0.780992) 3694.44 (2080.51,-0.854222,-343.953) 5 -0.00177333 (-0.00359605,1.47611e-06,0.000570312) 88666.6 50610 0.0416667
face centroid = (-5.18536,0.25,0.821281)
subcontact = (-4.93844,0,0.782172) 1826.64 (1040.28,-0.43306,-171.98) 4 -0.00175358 (-0.00359613,1.49666e-06,0.000570324) 87680.5 50612.2 0.0208329
face centroid = (-5.18949,0.25,0.818487)
subcontact = (-4.93844,0.5,0.782172) 3657.18 (2082.15,-0.866117,-344.211) 3 -0.00175545 (-0.00359889,1.49666e-06,0.000570749) 87774.1 50650.9 0.0416658
face centroid = (-5.18949,0.25,0.818487)
subcontact = (-5.43229,0.5,0.86039) 5227.59 (1037.48,0.374061,-171.512) 2 -0.00501849 (-0.00358647,-1.29277e-06,0.00056878) 250929 50476.1 0.0208329
face centroid = (-5.18949,0.25,0.818487)
subcontact = (-5.43229,0,0.86039) 10451.3 (2073.37,0.74812,-342.773) 1 -0.00501662 (-0.00358371,-1.29277e-06,0.000568354) 250836 50437.4 0.0416658
face centroid = (-5.18949,0.25,0.818487)
3dec>log off
**********************************************
* Logging ended at Wed Mar 13 16:56:48 2024
**********************************************
**********************************************
* Logging started at Wed Mar 13 16:56:50 2024
* By 3dec Version 7.00 Release 159
* 
* 
* Job Title: 
**********************************************
3dec>log-file 'Displacement_step_2_distance_0.002m.txt'
**********************************************
* Logging ended at Wed Mar 13 16:56:50 2024
**********************************************
**********************************************
* Logging started at Thu Mar 14 08:51:54 2024
* By 3dec Version 7.00 Release 159
* 
* 
* Job Title: 
**********************************************
3dec>@contacts_output
contact = 1 1 1 0 (4.94192,0.500195,0.784174) (0.149416,0,-0.988774)
subcontact = (5.43229,0.000196856,0.860882) 5369.55 (1043.09,0.601177,169.278) 112 -0.00515478 (-0.00360808,-2.0777e-06,-0.000565365) 257745 50724.6 0.0208328
face centroid = (5.1895,0.250197,0.81898)
subcontact = (5.43229,0.500197,0.860882) 10736.4 (2083.69,1.20237,338.163) 111 -0.00515348 (-0.00360377,-2.07773e-06,-0.000564698) 257680 50664.1 0.0416656
face centroid = (5.1895,0.250197,0.81898)
subcontact = (4.93844,0.500197,0.782664) 1669.08 (1042.08,-0.661308,169.12) 110 -0.00160231 (-0.0036046,2.28551e-06,-0.000564828) 80118 50675.7 0.0208328
face centroid = (5.1895,0.250197,0.81898)
subcontact = (4.93844,0.000196856,0.782664) 3340.87 (2086.66,-1.32264,338.634) 109 -0.00160361 (-0.00360891,2.28554e-06,-0.000565494) 80183 50736.2 0.0416656
face centroid = (5.1895,0.250197,0.81898)
subcontact = (4.94231,0.000194595,0.781626) 1692.01 (1043.33,-0.65436,169.318) 108 -0.00162434 (-0.0036089,2.26147e-06,-0.000565494) 81216.7 50735 0.0208333
face centroid = (5.18536,0.250197,0.821773)
subcontact = (4.9423,0.500195,0.781627) 3381.29 (2084.17,-1.3087,338.241) 107 -0.00162302 (-0.0036046,2.26143e-06,-0.000564827) 81151 50674.5 0.0416667
face centroid = (5.18536,0.250197,0.821773)
subcontact = (5.43669,0.500199,0.856335) 5389.81 (1041.85,0.608178,169.082) 106 -0.00517422 (-0.00360377,-2.10186e-06,-0.000564698) 258711 50662.9 0.0208333
face centroid = (5.18536,0.250197,0.821773)
subcontact = (5.4367,0.000198958,0.856334) 10782.4 (2086.18,1.21634,338.557) 105 -0.00517554 (-0.00360808,-2.10183e-06,-0.000565364) 258777 50723.4 0.0416667
face centroid = (5.18536,0.250197,0.821773)
contact = 2 7 2 1 (4.99305,0.25,1.62234) (0.309017,0,-0.951057)
contact = 3 7 3 2 (4.67778,0.25,2.38345) (0.45399,0,-0.891007)
contact = 4 1 4 3 (4.26755,0.250195,3.09009) (0.590624,-0.00170896,-0.806945)
subcontact = (4.47088,0.000187246,3.23568) 110.698 (-31.7379,2.42866,-22.03) 104 -0.000106245 (0.000108689,-8.39351e-06,7.74879e-05) 5313.83 1858.22 0.0208321
face centroid = (4.269,0.250201,3.08799)
subcontact = (4.47087,0.500187,3.23568) 217.795 (-59.0146,4.85562,-40.7948) 103 -0.000104516 (0.00010098,-8.39055e-06,7.18454e-05) 5227.37 1725.85 0.0416643
face centroid = (4.269,0.250201,3.08799)
subcontact = (4.06429,0.500184,2.94467) 5314.07 (-34.5963,6.79222,-24.1392) 102 -0.00510155 (0.000118574,-2.34742e-05,8.47687e-05) 255090 2051.09 0.0208321
face centroid = (4.269,0.250201,3.08799)
subcontact = (4.06429,0.000183947,2.94467) 10631.7 (-73.6538,13.5862,-51.5437) 101 -0.00510328 (0.000126283,-2.34772e-05,9.04112e-05) 255176 2182.18 0.0416643
face centroid = (4.269,0.250201,3.08799)
subcontact = (4.06717,0.000203735,2.94046) 5320.05 (-36.8276,6.79719,-25.7724) 100 -0.00510726 (0.000126295,-2.34911e-05,9.04198e-05) 255363 2182.13 0.0208333
face centroid = (4.26758,0.250186,3.09018)
subcontact = (4.06717,0.500204,2.94046) 10636.4 (-69.1938,13.5926,-48.2793) 99 -0.00510549 (0.000118586,-2.3488e-05,8.47771e-05) 255274 2051.05 0.0416666
face centroid = (4.26758,0.250186,3.09018)
subcontact = (4.47083,0.500197,3.23552) 112.903 (-29.5076,2.43175,-20.3976) 98 -0.000108386 (0.000100991,-8.40413e-06,7.18534e-05) 5419.36 1725.78 0.0208333
face centroid = (4.26758,0.250186,3.09018)
subcontact = (4.47083,0.000197449,3.23552) 229.502 (-63.4767,4.8653,-44.0607) 97 -0.00011016 (0.0001087,-8.40725e-06,7.74961e-05) 5508.05 1858.15 0.0416666
face centroid = (4.26758,0.250186,3.09018)
contact = 5 1 5 4 (3.64454,0.250139,3.6231) (0.714998,1.15208e-05,-0.699126)
subcontact = (3.90843,0.000189879,3.89016) 243.441 (-116.964,0.682892,-116.311) 96 -0.00023369 (0.00066795,-3.3057e-06,0.000672979) 11685.6 7918 0.0208326
face centroid = (3.73314,0.250194,3.71056)
subcontact = (3.90843,0.50019,3.89017) 482.781 (-233.461,1.36108,-232.211) 95 -0.000231722 (0.0006722,-3.30586e-06,0.000677313) 11587.2 7903.09 0.0416652
face centroid = (3.73314,0.250194,3.71056)
subcontact = (3.5559,0.500197,3.53559) 4580.71 (-195.789,-0.791107,-194.395) 94 -0.00439751 (0.000671669,2.73425e-06,0.000676826) 219882 13243.9 0.0208326
face centroid = (3.73314,0.250194,3.71056)
subcontact = (3.5559,0.000196853,3.53559) 9165.52 (-389.116,-1.58231,-386.286) 93 -0.00439948 (0.000667419,2.73441e-06,0.000672493) 219980 13159.6 0.0416652
face centroid = (3.73314,0.250194,3.71056)
subcontact = (3.55836,0.000194121,3.53181) 4588.89 (-194.559,-0.793945,-193.144) 92 -0.00440534 (0.00066742,2.744e-06,0.000672494) 220267 13159.2 0.0208333
face centroid = (3.73216,0.250193,3.71288)
subcontact = (3.55836,0.500194,3.53182) 9173.69 (-391.582,-1.58781,-388.793) 91 -0.00440338 (0.000671669,2.74386e-06,0.000676827) 220169 13243.5 0.0416667
face centroid = (3.73216,0.250193,3.71288)
subcontact = (3.90792,0.500193,3.88932) 247.454 (-119.757,0.685115,-119.096) 90 -0.000237556 (0.000672201,-3.2964e-06,0.000677313) 11877.8 8107.04 0.0208333
face centroid = (3.73216,0.250193,3.71288)
subcontact = (3.90792,0.000193182,3.88931) 498.986 (-239.991,1.37501,-238.611) 89 -0.000239514 (0.000667951,-3.29627e-06,0.00067298) 11975.7 8122.25 0.0416667
face centroid = (3.73216,0.250193,3.71288)
contact = 6 1 6 5 (3.24411,0.000184175,4.44201) (0.818399,1.46029e-05,-0.57465)
subcontact = (3.2454,0.000183396,4.44242) 856.801 (-181.038,0.242062,-246.406) 88 -0.00082253 (0.000616499,-8.36375e-07,0.000858257) 41126.9 14676.8 0.0208331
face centroid = (3.10179,0.250184,4.23646)
subcontact = (3.2454,0.500183,4.44242) 1709.93 (-362.768,0.484168,-493.763) 87 -0.000820766 (0.000617681,-8.36449e-07,0.000859913) 41038.7 14705 0.0416662
face centroid = (3.10179,0.250184,4.23646)
subcontact = (2.95607,0.500185,4.03464) 3416.61 (-180.084,-0.356556,-245.071) 86 -0.00327995 (0.000613221,1.23246e-06,0.000853631) 163999 14598 0.0208331
face centroid = (3.10179,0.250184,4.23646)
subcontact = (2.95607,0.000185225,4.03464) 6836.89 (-359.476,-0.713156,-489.189) 85 -0.00328171 (0.000612039,1.23254e-06,0.000851975) 164087 14569.8 0.0416662
face centroid = (3.10179,0.250184,4.23646)
subcontact = (2.95813,0.000184027,4.03186) 3423.14 (-179.736,-0.357444,-244.591) 84 -0.00328622 (0.00061203,1.23554e-06,0.000851963) 164311 14569.4 0.0208333
face centroid = (3.10074,0.250184,4.23853)
subcontact = (2.95813,0.500184,4.03187) 6842.62 (-360.163,-0.714844,-490.135) 83 -0.00328446 (0.000613212,1.23546e-06,0.000853618) 164223 14597.6 0.0416667
face centroid = (3.10074,0.250184,4.23853)
subcontact = (3.24545,0.500184,4.44107) 859.67 (-181.382,0.241224,-246.878) 82 -0.000825284 (0.000617672,-8.33465e-07,0.0008599) 41264.2 14704.6 0.0208333
face centroid = (3.10074,0.250184,4.23853)
subcontact = (3.24546,0.000184199,4.44106) 1723 (-362.072,0.482404,-492.804) 81 -0.000827042 (0.00061649,-8.33388e-07,0.000858245) 41352.1 14676.4 0.0416667
face centroid = (3.10074,0.250184,4.23853)
contact = 7 1 7 6 (2.39299,0.250172,4.65468) (0.898631,1.77649e-06,-0.438705)
subcontact = (2.5024,0.000171611,4.88007) 1656.15 (-138.966,0.196413,-269.986) 80 -0.00158991 (0.000470358,-6.78804e-07,0.00093812) 79495.4 14575.3 0.0208333
face centroid = (2.39368,0.250172,4.65374)
subcontact = (2.5024,0.500172,4.88007) 3309.05 (-278.344,0.392808,-540.782) 79 -0.00158835 (0.000471059,-6.78774e-07,0.000939527) 79417.3 14597.1 0.0416666
face centroid = (2.39368,0.250172,4.65374)
subcontact = (2.28262,0.500173,4.43096) 2146.64 (-140.092,-0.255347,-272.167) 78 -0.00206078 (0.000474166,8.82483e-07,0.000945703) 103039 14693.1 0.0208333
face centroid = (2.39368,0.250172,4.65374)
subcontact = (2.28263,0.000172584,4.43096) 4296.53 (-279.772,-0.510677,-543.524) 77 -0.00206234 (0.000473465,8.82453e-07,0.000944297) 103117 14671.3 0.0416666
face centroid = (2.39368,0.250172,4.65374)
subcontact = (2.28401,0.000171698,4.42908) 2150.31 (-139.887,-0.255936,-271.764) 76 -0.0020643 (0.000473467,8.84517e-07,0.000944302) 103215 14671.4 0.0208333
face centroid = (2.39251,0.250172,4.65552)
subcontact = (2.284,0.500172,4.42909) 4297.36 (-280.186,-0.511891,-544.338) 75 -0.00206273 (0.000474168,8.84548e-07,0.000945708) 103137 14693.2 0.0416667
face centroid = (2.39251,0.250172,4.65552)
subcontact = (2.50335,0.500172,4.8784) 1656.57 (-139.173,0.195808,-270.393) 74 -0.00159031 (0.000471061,-6.76713e-07,0.000939532) 79515.3 14597.2 0.0208333
face centroid = (2.39251,0.250172,4.65552)
subcontact = (2.50336,0.000172285,4.8784) 3316.39 (-277.933,0.391633,-539.976) 73 -0.00159187 (0.00047036,-6.76743e-07,0.000938126) 79593.3 14575.4 0.0416667
face centroid = (2.39251,0.250172,4.65552)
contact = 8 1 8 7 (1.62764,0.250157,4.9554) (0.955413,3.61446e-07,-0.295272)
subcontact = (1.70048,0.000157059,5.195) 2406.65 (-73.7522,0.150663,-224.796) 72 -0.00231039 (0.000248161,-5.20696e-07,0.00077905) 115520 11356.1 0.0208333
face centroid = (1.62862,0.250157,4.95465)
subcontact = (1.70047,0.500157,5.19501) 4810.57 (-147.72,0.301304,-450.256) 71 -0.00230908 (0.000248525,-5.20656e-07,0.000780201) 115454 11372.9 0.0416665
face centroid = (1.62862,0.250157,4.95465)
subcontact = (1.55411,0.500158,4.71691) 1036.6 (-75.8805,-0.204164,-231.32) 70 -0.000995139 (0.00025534,7.0559e-07,0.000801655) 49757.1 11685.5 0.0208333
face centroid = (1.62862,0.250157,4.95465)
subcontact = (1.55411,0.000157856,4.7169) 2075.94 (-151.545,-0.408304,-461.976) 69 -0.000996451 (0.000254975,7.0555e-07,0.000800505) 49822.6 11668.8 0.0416665
face centroid = (1.62862,0.250157,4.95465)
subcontact = (1.55482,0.000157147,4.7158) 1037.95 (-75.7748,-0.204507,-230.995) 68 -0.000996436 (0.000254982,7.0677e-07,0.000800526) 49821.8 11669.1 0.0208333
face centroid = (1.62729,0.250157,4.95596)
subcontact = (1.55481,0.500157,4.7158) 2073.17 (-151.766,-0.409036,-462.655) 67 -0.000995124 (0.000255347,7.06808e-07,0.000801677) 49756.2 11685.9 0.0416667
face centroid = (1.62729,0.250157,4.95596)
subcontact = (1.70242,0.500158,5.19351) 2405.27 (-73.8625,0.1503,-225.135) 66 -0.00230907 (0.000248532,-5.19443e-07,0.000780222) 115453 11373.2 0.0208333
face centroid = (1.62729,0.250157,4.95596)
subcontact = (1.70243,0.000157576,5.19351) 4813.28 (-147.509,0.300622,-449.605) 65 -0.00231038 (0.000248167,-5.19481e-07,0.000779072) 115519 11356.4 0.0416667
face centroid = (1.62729,0.250157,4.95596)
contact = 9 1 9 8 (0.824959,0.250141,5.13509) (0.989024,3.17513e-07,-0.147753)
subcontact = (0.860403,0.000140137,5.38283) 2936.35 (-22.6915,0.186307,-140.282) 64 -0.00281891 (7.54933e-05,-6.43888e-07,0.000485274) 140947 6821.19 0.020833
face centroid = (0.826314,0.250141,5.13463)
subcontact = (0.860393,0.50014,5.38283) 5870.57 (-45.5316,0.37259,-281.486) 63 -0.00281789 (7.57408e-05,-6.43846e-07,0.000486867) 140896 6843.58 0.041666
face centroid = (0.826314,0.250141,5.13463)
subcontact = (0.789324,0.500141,4.88791) 281.265 (-19.0682,-0.23968,-118.626) 62 -0.000270011 (8.03078e-05,1.01457e-06,0.00051638) 13500.9 5767.23 0.020833
face centroid = (0.826314,0.250141,5.13463)
subcontact = (0.789334,0.000141294,4.88791) 564.667 (-38.1615,-0.48068,-237.382) 61 -0.000271036 (8.00603e-05,1.01453e-06,0.000514788) 13552.2 5770.41 0.041666
face centroid = (0.826314,0.250141,5.13463)
subcontact = (0.789525,0.000140276,4.88735) 281.858 (-19.0016,-0.239944,-118.212) 60 -0.000270583 (8.00632e-05,1.01547e-06,0.000514806) 13529.2 5747.04 0.0208333
face centroid = (0.824864,0.250141,5.13537)
subcontact = (0.789514,0.50014,4.88735) 561.578 (-37.9778,-0.478552,-236.292) 59 -0.000269557 (8.03106e-05,1.01552e-06,0.000516399) 13477.9 5743.81 0.0416667
face centroid = (0.824864,0.250141,5.13537)
subcontact = (0.863104,0.500141,5.3819) 2934.83 (-22.7669,0.186031,-140.75) 58 -0.00281744 (7.57436e-05,-6.42921e-07,0.000486885) 140872 6843.8 0.0208333
face centroid = (0.824864,0.250141,5.13537)
subcontact = (0.863115,0.000140779,5.3819) 5871.81 (-45.3851,0.372086,-280.578) 57 -0.00281847 (7.54961e-05,-6.42962e-07,0.000485292) 140923 6821.41 0.0416667
face centroid = (0.824864,0.250141,5.13537)
contact = 10 1 10 9 (0.00250431,0.250121,5.31662) (0.999959,-2.27298e-06,-0.00901421)
subcontact = (0.00212898,0.000121654,5.44156) 3139.25 (-0.0558495,-0.0456625,33.0406) 56 -0.00301369 (-4.18201e-07,1.57862e-07,-0.00011419) 150709 1586.22 0.0208298
face centroid = (0.00287405,0.25012,5.19168)
subcontact = (0.00211796,0.500122,5.44156) 6277.33 (-0.101518,-0.091343,64.1735) 55 -0.00301313 (-4.1214e-07,1.57893e-07,-0.000110893) 150681 1540.43 0.0416596
face centroid = (0.00287405,0.25012,5.19168)
subcontact = (0.00679943,0.500123,4.94158) 0 (0,0,0) 54 0.00619688 (-2.60803e-07,3.6504e-06,-7.78536e-05) 0 0 0.0208298
face centroid = (0.00287405,0.25012,5.19168)
subcontact = (0.00681046,0.00012289,4.94158) 0 (0,0,0) 53 0.00619632 (-2.66863e-07,3.65037e-06,-8.11501e-05) 0 0 0.0416596
face centroid = (0.00287405,0.25012,5.19168)
subcontact = (0.000615475,0.00011924,4.94169) 0 (0,0,0) 52 0.00619413 (-2.66904e-07,3.64958e-06,-8.11593e-05) 0 0 0.0208333
face centroid = (0.00446421,0.250122,5.19157)
subcontact = (0.000603868,0.500119,4.94169) 0 (0,0,0) 51 0.00619472 (-2.60843e-07,3.64961e-06,-7.78627e-05) 0 0 0.0416667
face centroid = (0.00446421,0.250122,5.19157)
subcontact = (0.00513262,0.500121,5.44167) 3141.25 (-0.0507406,-0.045451,32.0901) 50 -0.00301561 (-4.12189e-07,1.57071e-07,-0.000110904) 150780 1540.33 0.0208333
face centroid = (0.00446421,0.250122,5.19157)
subcontact = (0.00514422,0.000121497,5.44167) 6283.74 (-0.111663,-0.0908829,66.088) 49 -0.0030162 (-4.1825e-07,1.57038e-07,-0.000114201) 150810 1586.12 0.0416667
face centroid = (0.00446421,0.250122,5.19157)
contact = 11 1 11 10 (-0.818855,0.250101,5.13476) (0.989816,1.39674e-07,0.142351)
subcontact = (-0.855823,0.000101251,5.38175) 2923.16 (-23.0369,0.0605457,139.037) 48 -0.00280623 (7.44793e-05,-2.09244e-07,-0.000481336) 140313 6764.87 0.0208331
face centroid = (-0.817504,0.250101,5.13522)
subcontact = (-0.855835,0.500101,5.38175) 5845.6 (-46.026,0.121078,277.766) 47 -0.00280589 (7.43995e-05,-2.0922e-07,-0.000480803) 140296 6757.38 0.0416661
face centroid = (-0.817504,0.250101,5.13522)
subcontact = (-0.782094,0.500101,4.88722) 295.831 (-24.0434,-0.113576,145.398) 46 -0.000283996 (7.78028e-05,3.92528e-07,-0.000503344) 14200.1 7073.98 0.0208331
face centroid = (-0.817504,0.250101,5.13522)
subcontact = (-0.782082,0.000100835,4.88722) 592.377 (-48.1347,-0.227139,291.104) 45 -0.000284339 (7.78825e-05,3.92505e-07,-0.000503877) 14217.2 7081.47 0.0416661
face centroid = (-0.817504,0.250101,5.13522)
subcontact = (-0.781876,0.000100444,4.88777) 297.156 (-24.0666,-0.113442,145.547) 44 -0.000285268 (7.788e-05,3.92057e-07,-0.00050386) 14263.5 7081.13 0.0208333
face centroid = (-0.818959,0.250101,5.13449)
subcontact = (-0.781887,0.5001,4.88777) 593.596 (-48.0853,-0.226896,290.786) 43 -0.000284925 (7.78002e-05,3.92079e-07,-0.000503327) 14246.3 7073.64 0.0416667
face centroid = (-0.818959,0.250101,5.13449)
subcontact = (-0.853133,0.500101,5.38267) 2923.76 (-23.0122,0.0606709,138.878) 42 -0.00280682 (7.4397e-05,-2.09676e-07,-0.000480786) 140341 6757.05 0.0208333
face centroid = (-0.818959,0.250101,5.13449)
subcontact = (-0.853121,0.000101462,5.38267) 5848.24 (-46.0723,0.121354,278.065) 41 -0.00280716 (7.44767e-05,-2.09698e-07,-0.000481319) 140358 6764.53 0.0416667
face centroid = (-0.818959,0.250101,5.13449)
contact = 12 1 12 11 (-1.62084,0.250081,4.95479) (0.956188,5.51323e-07,0.292752)
subcontact = (-1.69508,8.04357e-05,5.19305) 2382.71 (-77.4744,0.0434041,233.861) 40 -0.00228741 (0.000258522,-1.49997e-07,-0.000811229) 114371 11825.3 0.0208332
face centroid = (-1.61987,0.250081,4.95555)
subcontact = (-1.69509,0.50008,5.19305) 4765.51 (-154.869,0.0867986,467.471) 39 -0.00228745 (0.000258386,-1.4998e-07,-0.000810794) 114373 11819 0.0416665
face centroid = (-1.61987,0.250081,4.95555)
subcontact = (-1.54731,0.500081,4.71539) 1064.21 (-78.8923,-0.0980889,238.218) 38 -0.00102164 (0.00026329,3.39008e-07,-0.000826329) 51082.1 12045.3 0.0208332
face centroid = (-1.61987,0.250081,4.95555)
subcontact = (-1.5473,8.13297e-05,4.71539) 2128.33 (-157.864,-0.196168,476.688) 37 -0.0010216 (0.000263425,3.38991e-07,-0.000826764) 51080.1 12051.6 0.0416665
face centroid = (-1.61987,0.250081,4.95555)
subcontact = (-1.54658,8.09904e-05,4.71653) 1064.73 (-78.9305,-0.0978955,238.338) 36 -0.00102215 (0.00026342,3.38337e-07,-0.000826746) 51107.3 12051.3 0.0208333
face centroid = (-1.62119,0.250081,4.95422)
subcontact = (-1.54659,0.500081,4.71653) 2129.55 (-157.781,-0.1958,476.426) 35 -0.00102219 (0.000263284,3.38351e-07,-0.000826312) 51109.3 12044.9 0.0416667
face centroid = (-1.62119,0.250081,4.95422)
subcontact = (-1.69317,0.500081,5.19456) 2383.32 (-77.4327,0.0435898,233.73) 34 -0.00228799 (0.00025838,-1.50639e-07,-0.000810776) 114399 11818.7 0.0208333
face centroid = (-1.62119,0.250081,4.95422)
subcontact = (-1.69316,8.05854e-05,5.19456) 4766.56 (-154.945,0.0871882,467.712) 33 -0.00228795 (0.000258516,-1.50654e-07,-0.000811211) 114397 11825 0.0416667
face centroid = (-1.62119,0.250081,4.95422)
contact = 13 1 13 12 (-2.38566,0.250061,4.65382) (0.897958,1.50823e-06,0.440081)
subcontact = (-2.49589,5.98001e-05,4.8776) 1622.72 (-139.569,0.0374214,272.192) 32 -0.00155781 (0.000473814,-1.29306e-07,-0.000945032) 77890.7 14682.7 0.0208333
face centroid = (-2.38496,0.250061,4.65476)
subcontact = (-2.49591,0.50006,4.87759) 3246.36 (-279.017,0.0748384,544.139) 31 -0.00155825 (0.000473606,-1.29298e-07,-0.000944609) 77912.6 14676.1 0.0416666
face centroid = (-2.38496,0.250061,4.65476)
subcontact = (-2.27635,0.500062,4.42838) 2186.4 (-139.484,-0.0958559,271.991) 30 -0.00209895 (0.000473502,3.31299e-07,-0.000944346) 104947 14672.2 0.0208333
face centroid = (-2.38496,0.250061,4.65476)
subcontact = (-2.27634,6.20946e-05,4.42838) 4371.88 (-279.089,-0.191707,544.226) 29 -0.00209851 (0.00047371,3.31292e-07,-0.000944769) 104925 14678.8 0.0416666
face centroid = (-2.38496,0.250061,4.65476)
subcontact = (-2.27493,6.17595e-05,4.43027) 2184.5 (-139.545,-0.0956075,272.114) 28 -0.00209712 (0.000473712,3.30441e-07,-0.000944773) 104856 14678.8 0.0208333
face centroid = (-2.38612,0.250061,4.65299)
subcontact = (-2.27494,0.500062,4.43027) 4369.92 (-278.969,-0.191218,543.984) 27 -0.00209756 (0.000473504,3.30447e-07,-0.00094435) 104878 14672.3 0.0416667
face centroid = (-2.38612,0.250061,4.65299)
subcontact = (-2.49498,0.50006,4.87925) 1621.74 (-139.509,0.0376658,272.071) 26 -0.00155687 (0.000473608,-1.30151e-07,-0.000944613) 77843.3 14676.2 0.0208333
face centroid = (-2.38612,0.250061,4.65299)
subcontact = (-2.49497,5.99256e-05,4.87925) 3242.56 (-279.139,0.0753348,544.386) 25 -0.00155643 (0.000473816,-1.30156e-07,-0.000945036) 77821.3 14682.7 0.0416667
face centroid = (-2.38612,0.250061,4.65299)
contact = 14 1 14 13 (-2.94884,4.40989e-05,4.03174) (0.81806,2.20585e-05,0.575133)
subcontact = (-3.23777,4.04587e-05,4.43981) 819.325 (-184.149,0.0198686,249.41) 24 -0.00078655 (0.000626355,-6.83338e-08,-0.00086928) 39327.6 14881.3 0.0208333
face centroid = (-3.09294,0.250042,4.23737)
subcontact = (-3.23778,0.50004,4.43981) 1640.39 (-368.068,0.0397442,498.497) 23 -0.000787384 (0.000625958,-6.83459e-08,-0.00086872) 39369.3 14871.7 0.0416667
face centroid = (-3.09294,0.250042,4.23737)
subcontact = (-2.95021,0.500044,4.03078) 3469.34 (-180.802,-0.166987,244.785) 22 -0.00333058 (0.000614898,5.77438e-07,-0.000853218) 166528 14607.3 0.0208333
face centroid = (-3.09294,0.250042,4.23737)
subcontact = (-2.9502,4.40623e-05,4.03078) 6936.94 (-361.835,-0.333981,489.894) 21 -0.00332974 (0.000615294,5.7745e-07,-0.000853778) 166487 14616.8 0.0416667
face centroid = (-3.09294,0.250042,4.23737)
subcontact = (-2.94811,4.34849e-05,4.03359) 3464.39 (-180.924,-0.166594,244.955) 20 -0.00332582 (0.000615315,5.76079e-07,-0.000853807) 166293 14617.5 0.0208331
face centroid = (-3.09399,0.250042,4.23529)
subcontact = (-2.94812,0.500043,4.03358) 6930.52 (-361.617,-0.333179,489.588) 19 -0.00332666 (0.000614918,5.76065e-07,-0.000853247) 166335 14607.9 0.0416661
face centroid = (-3.09399,0.250042,4.23529)
subcontact = (-3.23776,0.500041,4.44114) 816.095 (-184.04,0.020268,249.257) 18 -0.000783452 (0.000625979,-6.97161e-08,-0.000868749) 39173 14872.4 0.0208331
face centroid = (-3.09399,0.250042,4.23529)
subcontact = (-3.23775,4.05184e-05,4.44115) 1630.45 (-368.31,0.0405282,498.837) 17 -0.000782618 (0.000626375,-6.97025e-08,-0.000869309) 39131.3 14881.9 0.0416661
face centroid = (-3.09399,0.250042,4.23529)
contact = 15 7 15 14 (-3.71231,0.25,3.71231) (0.707107,0,0.707107)
contact = 16 1 16 15 (-4.06423,1.35271e-05,2.94116) (0.596219,1.75285e-05,0.802821)
subcontact = (-4.46719,7.51453e-06,3.23717) 0 (0,0,0) 16 0.0032771 (0.000323661,-3.81383e-06,-0.000236638) 0 0 0.0208333
face centroid = (-4.26627,0.250012,3.08915)
subcontact = (-4.4672,0.500008,3.23717) 0 (0,0,0) 15 0.00327129 (0.00032014,-3.81391e-06,-0.00023403) 0 0 0.0416667
face centroid = (-4.26627,0.250012,3.08915)
subcontact = (-4.06579,0.500013,2.93906) 5442.02 (-99.7592,-0.147631,71.9137) 14 -0.00522435 (0.000342932,5.10332e-07,-0.000250926) 261217 5902.93 0.0208333
face centroid = (-4.26627,0.250012,3.08915)
subcontact = (-4.06578,1.34814e-05,2.93906) 10871.9 (-201.558,-0.295307,145.334) 13 -0.00521855 (0.000346453,5.10409e-07,-0.000253534) 260927 5963.77 0.0416667
face centroid = (-4.26627,0.250012,3.08915)
subcontact = (-4.06306,1.29693e-05,2.94353) 5427.63 (-100.77,-0.146677,72.6604) 12 -0.00521058 (0.000346426,5.07088e-07,-0.000253515) 260564 5964.09 0.0208303
face centroid = (-4.26649,0.25001,3.08812)
subcontact = (-4.06306,0.500013,2.94353) 10867.3 (-199.5,-0.293313,143.814) 11 -0.00521639 (0.000342906,5.07016e-07,-0.000250907) 260854 5903.24 0.0416607
face centroid = (-4.26649,0.25001,3.08812)
subcontact = (-4.46948,0.500011,3.23477) 0 (0,0,0) 10 0.00327889 (0.000320116,-3.81666e-06,-0.000234012) 0 0 0.0208303
face centroid = (-4.26649,0.25001,3.08812)
subcontact = (-4.46947,1.13287e-05,3.23478) 0 (0,0,0) 9 0.00328469 (0.000323637,-3.81659e-06,-0.00023662) 0 0 0.0416607
face centroid = (-4.26649,0.25001,3.08812)
contact = 17 7 17 16 (-4.67778,0.25,2.38345) (0.45399,0,0.891007)
contact = 18 7 18 17 (-4.99305,0.25,1.62234) (0.309017,0,0.951057)
contact = 19 1 19 18 (-5.18731,0.25,0.820647) (0.150159,0,0.988662)
subcontact = (-5.43666,-1.31355e-06,0.855984) 5246.19 (1036.66,0.379999,-171.383) 8 -0.00503635 (-0.00358363,-1.3133e-06,0.000568342) 251817 50435.2 0.0208333
face centroid = (-5.18536,0.25,0.821281)
subcontact = (-5.43667,0.499999,0.855983) 10496.3 (2074.92,0.760005,-343.016) 7 -0.00503822 (-0.00358639,-1.31331e-06,0.000568768) 251911 50473.9 0.0416667
face centroid = (-5.18536,0.25,0.821281)
subcontact = (-4.94232,0.500001,0.78099) 1849.17 (1041.05,-0.427108,-172.102) 6 -0.00177519 (-0.00359881,1.4761e-06,0.000570737) 88760 50648.7 0.0208333
face centroid = (-5.18536,0.25,0.821281)
subcontact = (-4.94232,1.47634e-06,0.780992) 3694.44 (2080.51,-0.854222,-343.953) 5 -0.00177333 (-0.00359605,1.47611e-06,0.000570312) 88666.6 50610 0.0416667
face centroid = (-5.18536,0.25,0.821281)
subcontact = (-4.93844,0,0.782172) 1826.64 (1040.28,-0.43306,-171.98) 4 -0.00175358 (-0.00359613,1.49666e-06,0.000570324) 87680.5 50612.2 0.0208329
face centroid = (-5.18949,0.25,0.818487)
subcontact = (-4.93844,0.5,0.782172) 3657.18 (2082.15,-0.866117,-344.211) 3 -0.00175545 (-0.00359889,1.49666e-06,0.000570749) 87774.1 50650.9 0.0416658
face centroid = (-5.18949,0.25,0.818487)
subcontact = (-5.43229,0.5,0.86039) 5227.59 (1037.48,0.374061,-171.512) 2 -0.00501849 (-0.00358647,-1.29277e-06,0.00056878) 250929 50476.1 0.0208329
face centroid = (-5.18949,0.25,0.818487)
subcontact = (-5.43229,0,0.86039) 10451.3 (2073.37,0.74812,-342.773) 1 -0.00501662 (-0.00358371,-1.29277e-06,0.000568354) 250836 50437.4 0.0416658
face centroid = (-5.18949,0.25,0.818487)
3dec>log off
**********************************************
* Logging ended at Thu Mar 14 08:51:54 2024
**********************************************
**********************************************
* Logging started at Thu Mar 14 08:51:56 2024
* By 3dec Version 7.00 Release 159
* 
* 
* Job Title: 
**********************************************
3dec>log-file 'Displacement_step_2_distance_0.002m.txt'
**********************************************
* Logging ended at Thu Mar 14 08:51:56 2024
**********************************************
