**********************************************
* Logging started at Tue Sep 10 21:54:21 2024
* By 3dec Version 7.00 Release 161
* 
* 
* Job Title: 
**********************************************
3dec>log-file 'init_state.txt'
**********************************************
* Logging ended at Tue Sep 10 21:54:21 2024
**********************************************
**********************************************
* Logging started at Tue Sep 10 21:54:47 2024
* By 3dec Version 7.00 Release 161
* 
* 
* Job Title: 
**********************************************
3dec>@contacts_output
contact = 1 1 2 0 (-1.78514,-2.6937,4.56816) (-0.838471,-0.0483295,-0.542799)
subcontact = (-2.031,-2.884,4.96499) 223.39 (95.8918,50.3275,-152.607) 1648 -5.2038e-07 (-5.57501e-07,-3.03905e-07,8.88239e-07) 16261.9 13622.2 0.013737
subcontact = (-2.033,-2.826,4.96299) 151.756 (65.2433,33.6281,-103.777) 1647 -5.11316e-07 (-5.68203e-07,-3.03698e-07,9.04752e-07) 15978.6 13383.7 0.00949745
subcontact = (-1.777,-2.45,4.53399) 369.837 (140.58,29.0964,-219.747) 1646 -7.38936e-07 (-6.4429e-07,-1.34915e-07,1.00726e-06) 23091.8 16388.9 0.016016
subcontact = (-1.9,-2.45,4.72399) 134.926 (59.7309,19.2556,-93.9818) 1645 -6.08094e-07 (-6.41182e-07,-2.11438e-07,1.00927e-06) 19002.9 15916.2 0.00710027
subcontact = (-2.018,-2.957,4.95099) 251.909 (108.126,56.8405,-172.085) 1644 -5.43097e-07 (-5.44245e-07,-2.9758e-07,8.67199e-07) 16971.8 14217.9 0.0148428
subcontact = (-1.679,-2.45,4.38299) 687.181 (229.148,26.507,-356.328) 1643 -8.43001e-07 (-6.46827e-07,-7.40207e-08,1.00575e-06) 26343.8 16272.8 0.0260851
subcontact = (-1.631,-2.45,4.30799) 562.007 (176.612,12.4796,-273.926) 1642 -8.94473e-07 (-6.47905e-07,-4.39908e-08,1.00475e-06) 27952.3 16222.2 0.020106
subcontact = (-1.473,-2.45,4.06499) 2200.8 (582.943,-44.6185,-896.508) 1641 -1.06203e-06 (-6.52065e-07,5.40981e-08,1.00244e-06) 33188.6 16140.3 0.066312
subcontact = (-1.975,-3.086,4.89699) 1529.29 (583.403,295.32,-927.486) 1640 -6.03737e-07 (-5.2159e-07,-2.74272e-07,8.30128e-07) 18866.8 14000.1 0.0810573
subcontact = (-1.334,-2.934,3.89199) 2018.33 (388.804,-84.3101,-593.084) 1639 -1.26815e-06 (-5.6573e-07,1.28615e-07,8.6244e-07) 39629.7 14022.4 0.0509298
subcontact = (-1.9,-2.45,4.72399) 134.926 (59.731,19.2556,-93.9818) 1638 -6.08094e-07 (-6.41182e-07,-2.11438e-07,1.00927e-06) 19002.9 15916.2 0.00710027
subcontact = (-2.033,-2.826,4.96299) 151.756 (65.2434,33.6281,-103.777) 1637 -5.11316e-07 (-5.68203e-07,-3.03698e-07,9.04752e-07) 15978.6 13383.7 0.00949745
subcontact = (-1.777,-2.45,4.53399) 369.837 (140.58,29.0964,-219.747) 1636 -7.38937e-07 (-6.4429e-07,-1.34915e-07,1.00726e-06) 23091.8 16388.9 0.016016
subcontact = (-2.031,-2.884,4.96499) 223.39 (95.8918,50.3275,-152.607) 1635 -5.20381e-07 (-5.57501e-07,-3.03905e-07,8.88239e-07) 16261.9 13622.2 0.013737
subcontact = (-2.018,-2.957,4.95099) 251.909 (108.126,56.8405,-172.085) 1634 -5.43097e-07 (-5.44245e-07,-2.9758e-07,8.67199e-07) 16971.8 14217.9 0.0148428
subcontact = (-1.679,-2.45,4.38299) 687.181 (229.148,26.507,-356.328) 1633 -8.43002e-07 (-6.46827e-07,-7.40205e-08,1.00575e-06) 26343.8 16272.8 0.0260851
subcontact = (-1.334,-2.934,3.89199) 2018.33 (388.804,-84.3102,-593.084) 1632 -1.26815e-06 (-5.6573e-07,1.28615e-07,8.6244e-07) 39629.7 14022.4 0.0509298
subcontact = (-1.473,-2.45,4.06499) 2200.8 (582.943,-44.6186,-896.508) 1631 -1.06204e-06 (-6.52065e-07,5.40983e-08,1.00244e-06) 33188.6 16140.3 0.066312
subcontact = (-1.975,-3.086,4.89699) 1529.29 (583.403,295.32,-927.486) 1630 -6.03737e-07 (-5.2159e-07,-2.74272e-07,8.30128e-07) 18866.8 14000.1 0.0810573
subcontact = (-1.631,-2.45,4.30799) 562.008 (176.612,12.4795,-273.926) 1629 -8.94473e-07 (-6.47905e-07,-4.39906e-08,1.00475e-06) 27952.3 16222.2 0.020106
contact = 2 1 2 1 (-0.633026,-2.604,5.05468) (0.98156,0.0166966,0.190425)
subcontact = (-0.658,-2.45,5.16898) 76.0682 (-7.32553,4.81518,37.3379) 1628 -1.26635e-06 (2.79055e-07,-1.94034e-07,-1.4214e-06) 39573.6 19952.8 0.0019222
subcontact = (-0.714,-2.645,5.47598) 218.559 (-11.2077,-16.1319,59.1853) 1627 -1.81292e-06 (2.0944e-07,3.1936e-07,-1.10758e-06) 56653.7 16164.6 0.0038578
subcontact = (-0.635,-2.45,5.05298) 195.783 (-24.4905,32.0164,123.431) 1626 -9.84627e-07 (2.82012e-07,-3.88015e-07,-1.41963e-06) 30769.6 20406.9 0.00636286
subcontact = (-0.713,-2.698,5.47398) 401.448 (-19.7084,-30.2554,104.241) 1625 -1.7543e-06 (1.93029e-07,3.15531e-07,-1.02265e-06) 54822 15065.1 0.00732276
subcontact = (-0.711,-2.759,5.46998) 403.646 (-18.7539,-31.0295,99.3892) 1624 -1.68247e-06 (1.73948e-07,3.08632e-07,-9.23693e-07) 52577.3 13780.5 0.0076772
subcontact = (-0.612,-2.45,4.93398) 328.309 (-50.4193,99.4147,251.174) 1623 -6.95893e-07 (2.85319e-07,-5.87416e-07,-1.4192e-06) 21746.7 18202.1 0.015097
subcontact = (-0.49,-2.83,4.33798) 0 (0,0,0) 1622 1.13681e-06 (1.82714e-07,-1.58788e-06,-8.02587e-07) 0 0 0.0362698
subcontact = (-0.505,-2.45,4.38198) 0 (0,0,0) 1621 6.43589e-07 (3.00519e-07,-1.51215e-06,-1.41646e-06) 0 0 0.0504754
subcontact = (-0.707,-2.858,5.45898) 2924.65 (-122.879,-228.488,653.425) 1620 -1.55501e-06 (1.4316e-07,2.89801e-07,-7.63342e-07) 48594.2 11681.3 0.0601852
subcontact = (-0.585,-2.45,4.79198) 210.062 (-30.186,88.5378,147.833) 1619 -3.51563e-07 (2.89472e-07,-8.25657e-07,-1.41971e-06) 10986.4 9149.56 0.0191203
subcontact = (-0.712998,-2.698,5.47398) 401.449 (-19.7084,-30.2555,104.241) 1618 -1.7543e-06 (1.93029e-07,3.15532e-07,-1.02265e-06) 54822 15065.1 0.00732276
subcontact = (-0.713998,-2.645,5.47598) 218.559 (-11.2077,-16.1319,59.1853) 1617 -1.81292e-06 (2.0944e-07,3.1936e-07,-1.10758e-06) 56653.8 16164.6 0.0038578
subcontact = (-0.634999,-2.45,5.05298) 195.783 (-24.4905,32.0163,123.431) 1616 -9.84629e-07 (2.82012e-07,-3.88014e-07,-1.41963e-06) 30769.6 20406.9 0.00636286
subcontact = (-0.657999,-2.45,5.16898) 76.0683 (-7.32553,4.81515,37.3379) 1615 -1.26636e-06 (2.79055e-07,-1.94033e-07,-1.4214e-06) 39573.6 19952.8 0.0019222
subcontact = (-0.710999,-2.759,5.46998) 403.646 (-18.7539,-31.0296,99.3891) 1614 -1.68247e-06 (1.73948e-07,3.08632e-07,-9.23693e-07) 52577.3 13780.5 0.0076772
subcontact = (-0.612,-2.45,4.93398) 328.31 (-50.4194,99.4148,251.174) 1613 -6.95895e-07 (2.85319e-07,-5.87414e-07,-1.4192e-06) 21746.7 18202.2 0.015097
subcontact = (-0.585,-2.45,4.79198) 210.063 (-30.1861,88.538,147.834) 1612 -3.51565e-07 (2.89472e-07,-8.25656e-07,-1.41971e-06) 10986.4 9149.61 0.0191203
subcontact = (-0.505001,-2.45,4.38198) 0 (0,0,0) 1611 6.43587e-07 (3.00519e-07,-1.51215e-06,-1.41647e-06) 0 0 0.0504754
subcontact = (-0.706999,-2.858,5.45898) 2924.65 (-122.879,-228.489,653.425) 1610 -1.55501e-06 (1.4316e-07,2.89802e-07,-7.63342e-07) 48594.2 11681.3 0.0601852
subcontact = (-0.490001,-2.83,4.33798) 0 (0,0,0) 1609 1.13681e-06 (1.82714e-07,-1.58788e-06,-8.02588e-07) 0 0 0.0362698
contact = 3 1 4 1 (0.63297,-2.604,5.05489) (-0.98156,0.0166966,0.190425)
subcontact = (0.713,-2.698,5.47398) 402.321 (19.7143,-29.7668,104.229) 1608 -1.75433e-06 (-1.9259e-07,3.0974e-07,-1.01988e-06) 54822.8 15013 0.00733857
subcontact = (0.714,-2.645,5.47598) 218.186 (11.1696,-15.8211,58.9618) 1607 -1.81188e-06 (-2.08879e-07,3.13537e-07,-1.10418e-06) 56621.1 16105.4 0.00385343
subcontact = (0.635,-2.45,5.05398) 195.415 (24.4552,31.9994,123.251) 1606 -9.8035e-07 (-2.80799e-07,-3.86851e-07,-1.41349e-06) 30635.9 20327.9 0.00637864
subcontact = (0.658,-2.45,5.16998) 75.8365 (7.2971,4.82159,37.1908) 1605 -1.26252e-06 (-2.77866e-07,-1.94289e-07,-1.41525e-06) 39453.7 19876.2 0.00192217
subcontact = (0.711,-2.759,5.46998) 403.946 (18.7295,-30.4548,99.2129) 1604 -1.68372e-06 (-1.73649e-07,3.02889e-07,-9.21645e-07) 52616.4 13736.6 0.0076772
subcontact = (0.612,-2.45,4.93398) 325.408 (49.9539,98.7186,248.836) 1603 -6.88824e-07 (-2.842e-07,-5.86575e-07,-1.4135e-06) 21525.8 18014.2 0.0151171
subcontact = (0.585,-2.45,4.79198) 205.516 (29.6218,86.8701,145.071) 1602 -3.43955e-07 (-2.88324e-07,-8.23059e-07,-1.41402e-06) 10748.6 8978.27 0.0191203
subcontact = (0.505,-2.45,4.38198) 0 (0,0,0) 1601 6.52757e-07 (-2.99288e-07,-1.50452e-06,-1.41079e-06) 0 0 0.0504754
subcontact = (0.707,-2.858,5.45898) 2930.71 (122.865,-224.09,652.964) 1600 -1.55824e-06 (-1.43086e-07,2.84195e-07,-7.6247e-07) 48694.8 11650.6 0.0601852
subcontact = (0.49,-2.83,4.33798) 0 (0,0,0) 1599 1.13842e-06 (-1.82349e-07,-1.57969e-06,-8.01426e-07) 0 0 0.0362698
subcontact = (0.657999,-2.45,5.16998) 75.8366 (7.2971,4.82156,37.1908) 1598 -1.26252e-06 (-2.77866e-07,-1.94288e-07,-1.41525e-06) 39453.7 19876.2 0.00192217
subcontact = (0.713998,-2.645,5.47598) 218.186 (11.1696,-15.8212,58.9618) 1597 -1.81188e-06 (-2.08879e-07,3.13538e-07,-1.10418e-06) 56621.1 16105.4 0.00385343
subcontact = (0.634999,-2.45,5.05398) 195.416 (24.4552,31.9993,123.251) 1596 -9.80351e-07 (-2.80799e-07,-3.8685e-07,-1.41349e-06) 30636 20327.9 0.00637864
subcontact = (0.712998,-2.698,5.47398) 402.321 (19.7143,-29.7669,104.229) 1595 -1.75433e-06 (-1.9259e-07,3.09741e-07,-1.01988e-06) 54822.8 15013 0.00733857
subcontact = (0.710999,-2.759,5.46998) 403.946 (18.7295,-30.4549,99.2129) 1594 -1.68372e-06 (-1.73649e-07,3.0289e-07,-9.21645e-07) 52616.4 13736.6 0.0076772
subcontact = (0.612,-2.45,4.93398) 325.409 (49.9541,98.7187,248.837) 1593 -6.88826e-07 (-2.842e-07,-5.86574e-07,-1.4135e-06) 21525.8 18014.3 0.0151171
subcontact = (0.490001,-2.83,4.33798) 0 (0,0,0) 1592 1.13842e-06 (-1.82349e-07,-1.57969e-06,-8.01427e-07) 0 0 0.0362698
subcontact = (0.505001,-2.45,4.38198) 0 (0,0,0) 1591 6.52754e-07 (-2.99289e-07,-1.50451e-06,-1.41079e-06) 0 0 0.0504754
subcontact = (0.706999,-2.858,5.45898) 2930.71 (122.865,-224.09,652.964) 1590 -1.55824e-06 (-1.43086e-07,2.84195e-07,-7.62469e-07) 48694.9 11650.6 0.0601852
subcontact = (0.585,-2.45,4.79198) 205.517 (29.622,86.8704,145.072) 1589 -3.43957e-07 (-2.88324e-07,-8.23057e-07,-1.41403e-06) 10748.6 8978.32 0.0191203
contact = 4 1 6 5 (-2.88082,0.000701854,2.20684) (0.330028,-0.00108091,0.943971)
subcontact = (-2.45,0.213002,2.05699) 2044.94 (-526.225,-28.3797,183.945) 1588 -2.16808e-06 (1.33899e-06,7.22128e-08,-4.68051e-07) 67752.6 18493.2 0.0301825
subcontact = (-2.45,0.326002,2.05699) 2174.14 (-555.745,-30.1757,194.263) 1587 -2.16787e-06 (1.32994e-06,7.2213e-08,-4.64888e-07) 67746 18368.6 0.0320925
subcontact = (-3.499,0.220002,2.42299) 2827.91 (-1255.78,19.7304,439.066) 1586 -1.2553e-06 (1.33785e-06,-2.10198e-08,-4.67759e-07) 39228.1 18456 0.072089
subcontact = (-3.03,0.501002,2.25999) 1123.9 (-370.669,-5.81477,129.585) 1585 -1.66269e-06 (1.31608e-06,2.06456e-08,-4.601e-07) 51959.2 18155.5 0.0216304
subcontact = (-2.45,1.83973e-06,2.05599) 5421.81 (-1411.76,-75.2508,493.49) 1584 -2.16875e-06 (1.35531e-06,7.22418e-08,-4.73757e-07) 67773.5 18718 0.0799989
subcontact = (-3.494,1.766e-06,2.42099) 1596.9 (-715.615,10.8605,250.204) 1583 -1.26013e-06 (1.35528e-06,-2.05683e-08,-4.73851e-07) 39379.1 18696.3 0.0405521
subcontact = (-3.036,-0.493998,2.25999) 1091.38 (-381.951,-5.52628,133.53) 1582 -1.6599e-06 (1.3942e-06,2.0172e-08,-4.87412e-07) 51872 19232.8 0.0210399
subcontact = (-2.45,-0.325998,2.05599) 2135.81 (-566.685,-29.635,198.089) 1581 -2.16936e-06 (1.38141e-06,7.22412e-08,-4.82881e-07) 67792.6 19077.6 0.0315051
subcontact = (-3.499,-0.219998,2.42299) 2806.95 (-1278.45,19.5721,446.99) 1580 -1.25612e-06 (1.37307e-06,-2.10207e-08,-4.80074e-07) 39253.9 18941.8 0.0715075
subcontact = (-2.45,-0.212998,2.05599) 2046.56 (-539.502,-28.3995,188.586) 1579 -2.16915e-06 (1.37236e-06,7.22414e-08,-4.79718e-07) 67786 18952.9 0.0301915
subcontact = (-3.03,0.501002,2.25999) 1123.9 (-370.669,-5.81475,129.585) 1578 -1.66269e-06 (1.31608e-06,2.06456e-08,-4.601e-07) 51959.1 18155.5 0.0216304
subcontact = (-2.45,0.326002,2.05699) 2174.14 (-555.745,-30.1757,194.263) 1577 -2.16787e-06 (1.32994e-06,7.2213e-08,-4.64888e-07) 67745.9 18368.6 0.0320925
subcontact = (-3.499,0.220002,2.42299) 2827.91 (-1255.78,19.7305,439.066) 1576 -1.2553e-06 (1.33785e-06,-2.10199e-08,-4.67759e-07) 39228.1 18456 0.072089
subcontact = (-2.45,0.213002,2.05699) 2044.94 (-526.225,-28.3797,183.945) 1575 -2.16808e-06 (1.33899e-06,7.22127e-08,-4.68051e-07) 67752.6 18493.2 0.0301825
subcontact = (-3.494,1.78521e-06,2.42099) 1596.9 (-715.615,10.8606,250.204) 1574 -1.26013e-06 (1.35528e-06,-2.05684e-08,-4.73851e-07) 39379.1 18696.3 0.0405521
subcontact = (-2.45,1.76515e-06,2.05599) 5421.8 (-1411.76,-75.2508,493.49) 1573 -2.16875e-06 (1.35531e-06,7.22418e-08,-4.73757e-07) 67773.5 18718 0.0799989
subcontact = (-2.45,-0.212998,2.05599) 2046.56 (-539.502,-28.3994,188.586) 1572 -2.16915e-06 (1.37236e-06,7.22413e-08,-4.79718e-07) 67786 18952.9 0.0301915
subcontact = (-2.45,-0.325998,2.05599) 2135.81 (-566.685,-29.635,198.089) 1571 -2.16936e-06 (1.38141e-06,7.22411e-08,-4.82881e-07) 67792.6 19077.6 0.0315051
subcontact = (-3.499,-0.219998,2.42299) 2806.95 (-1278.45,19.5722,446.99) 1570 -1.25612e-06 (1.37307e-06,-2.10208e-08,-4.80074e-07) 39253.9 18941.8 0.0715075
subcontact = (-3.036,-0.493998,2.25999) 1091.38 (-381.951,-5.52627,133.53) 1569 -1.6599e-06 (1.3942e-06,2.0172e-08,-4.87412e-07) 51872 19232.8 0.0210399
contact = 5 1 7 6 (-2.8788,0.000600802,1.16163) (0.124503,-0.00122663,0.992219)
subcontact = (-2.45,0.202001,1.10799) 2750.39 (-279.475,-24.8756,35.0374) 1568 -3.0827e-06 (7.5178e-07,6.69146e-08,-9.42498e-08) 96334.5 9903.82 0.0285504
subcontact = (-2.45,0.325001,1.10799) 3079.2 (-306.182,-27.6053,38.3852) 1567 -3.10848e-06 (7.41825e-07,6.6883e-08,-9.30007e-08) 97140.1 9773.67 0.0316985
subcontact = (-3.496,0.203001,1.23899) 4626.65 (-657.965,15.7953,82.5803) 1566 -2.20175e-06 (7.51478e-07,-1.80401e-08,-9.43169e-08) 68804.8 9864.43 0.0672432
subcontact = (-3.023,0.496001,1.17999) 1737.8 (-198.067,-5.5356,24.8464) 1565 -2.6616e-06 (7.28061e-07,2.03479e-08,-9.13312e-08) 83175 9557.93 0.0208933
subcontact = (-2.45,9.35218e-07,1.10799) 6754.3 (-711.012,-61.9871,89.1404) 1564 -3.04036e-06 (7.68128e-07,6.69666e-08,-9.6301e-08) 95011.4 10117.6 0.0710894
subcontact = (-3.494,7.50422e-07,1.23899) 2403.89 (-356.042,8.23963,44.686) 1563 -2.16086e-06 (7.68113e-07,-1.77759e-08,-9.6404e-08) 67526.9 10082.6 0.035599
subcontact = (-3.029,-0.489999,1.17999) 1564.12 (-214.735,-5.31106,26.9381) 1562 -2.44996e-06 (8.07239e-07,1.99655e-08,-1.01267e-07) 76561.2 10596.5 0.0204297
subcontact = (-2.45,-0.324999,1.10699) 2901.29 (-322.765,-27.1892,40.4666) 1561 -2.97235e-06 (7.93607e-07,6.68523e-08,-9.94983e-08) 92885.9 10450.6 0.031235
subcontact = (-3.496,-0.202999,1.23899) 4417.17 (-682.002,15.5956,85.5961) 1560 -2.11665e-06 (7.84336e-07,-1.79357e-08,-9.84398e-08) 66145.4 10295.5 0.0667797
subcontact = (-2.45,-0.201999,1.10799) 2674.85 (-291.63,-24.9143,36.5627) 1559 -2.99803e-06 (7.84476e-07,6.70186e-08,-9.83523e-08) 93688.3 10331.4 0.0285506
subcontact = (-3.023,0.496001,1.17999) 1737.8 (-198.067,-5.5356,24.8464) 1558 -2.6616e-06 (7.28061e-07,2.03479e-08,-9.13312e-08) 83175 9557.93 0.0208933
subcontact = (-2.45,0.325001,1.108) 3079.2 (-306.182,-27.6053,38.3852) 1557 -3.10848e-06 (7.41825e-07,6.68829e-08,-9.30007e-08) 97140.1 9773.67 0.0316985
subcontact = (-3.496,0.203001,1.23899) 4626.65 (-657.965,15.7953,82.5803) 1556 -2.20175e-06 (7.51478e-07,-1.80402e-08,-9.43169e-08) 68804.7 9864.43 0.0672432
subcontact = (-2.45,0.202001,1.108) 2750.39 (-279.475,-24.8755,35.0374) 1555 -3.0827e-06 (7.5178e-07,6.69146e-08,-9.42498e-08) 96334.5 9903.82 0.0285504
subcontact = (-3.494,7.65548e-07,1.23899) 2403.89 (-356.042,8.23965,44.686) 1554 -2.16086e-06 (7.68113e-07,-1.77759e-08,-9.6404e-08) 67526.9 10082.6 0.035599
subcontact = (-2.45,8.64522e-07,1.108) 6754.3 (-711.012,-61.9871,89.1404) 1553 -3.04036e-06 (7.68128e-07,6.69665e-08,-9.6301e-08) 95011.4 10117.6 0.0710894
subcontact = (-2.45,-0.201999,1.108) 2674.85 (-291.63,-24.9143,36.5627) 1552 -2.99802e-06 (7.84476e-07,6.70185e-08,-9.83523e-08) 93688.3 10331.4 0.0285506
subcontact = (-2.45,-0.324999,1.107) 2901.29 (-322.765,-27.1892,40.4666) 1551 -2.97235e-06 (7.93607e-07,6.68522e-08,-9.94983e-08) 92885.9 10450.6 0.031235
subcontact = (-3.496,-0.202999,1.23899) 4417.17 (-682.002,15.5956,85.5961) 1550 -2.11665e-06 (7.84336e-07,-1.79357e-08,-9.84398e-08) 66145.4 10295.5 0.0667797
subcontact = (-3.029,-0.489999,1.18) 1564.12 (-214.735,-5.31105,26.9381) 1549 -2.44996e-06 (8.07239e-07,1.99655e-08,-1.01267e-07) 76561.2 10596.5 0.0204297
contact = 6 1 9 8 (-2.6834,2.6813,1.20337) (-0.0745483,0.0748289,-0.994406)
subcontact = (-2.117,2.937,1.18) 3757.38 (190.543,-191.267,-28.6774) 1548 -2.48431e-06 (-3.02361e-07,3.0351e-07,4.55064e-08) 77634.7 5609.72 0.0483982
subcontact = (-2.219,2.45,1.151) 4430.38 (212.374,-218.616,-32.372) 1547 -2.54667e-06 (-2.92984e-07,3.01596e-07,4.46594e-08) 79583.4 5505.74 0.0556696
subcontact = (-3.19,3.476,1.30099) 5723.05 (368.372,-332.93,-52.6689) 1546 -2.0253e-06 (-3.12867e-07,2.82766e-07,4.47331e-08) 63290.8 5521.87 0.0904247
subcontact = (-2.296,2.442,1.156) 1508.77 (72.9545,-74.7729,-11.0959) 1545 -2.52293e-06 (-2.92783e-07,3.0008e-07,4.45302e-08) 78841.5 5489.68 0.0191368
subcontact = (-3.33,3.33,1.30099) 2872.67 (184.924,-167.011,-26.4308) 1544 -2.008e-06 (-3.10228e-07,2.80177e-07,4.43403e-08) 62749.8 5473.5 0.0457797
subcontact = (-2.375,2.375,1.157) 5452.51 (263.866,-270.246,-40.1174) 1543 -2.51014e-06 (-2.91538e-07,2.98587e-07,4.43246e-08) 78441.8 5464.31 0.0695103
subcontact = (-2.442,2.296,1.156) 1592.16 (76.8411,-78.7733,-11.6883) 1542 -2.50366e-06 (-2.89997e-07,2.97289e-07,4.41114e-08) 78239.5 5438.05 0.0203498
subcontact = (-2.45,2.205,1.15) 4474.67 (213.409,-219.973,-32.5517) 1541 -2.51894e-06 (-2.88324e-07,2.97192e-07,4.39787e-08) 78717 5421.87 0.0568451
subcontact = (-3.476,3.19,1.30099) 5689.42 (366.653,-330.738,-52.3751) 1540 -1.98757e-06 (-3.07411e-07,2.77299e-07,4.39126e-08) 62111.5 5420.87 0.0916002
subcontact = (-2.939,2.112,1.18) 3591.42 (180.53,-181.252,-27.1731) 1539 -2.37643e-06 (-2.86695e-07,2.8784e-07,4.31528e-08) 74263.5 5319.58 0.0483606
subcontact = (-2.296,2.442,1.15599) 1508.77 (72.9545,-74.7729,-11.0959) 1538 -2.52293e-06 (-2.92783e-07,3.0008e-07,4.45302e-08) 78841.5 5489.68 0.0191368
subcontact = (-2.219,2.45,1.15099) 4430.38 (212.374,-218.616,-32.372) 1537 -2.54667e-06 (-2.92984e-07,3.01596e-07,4.46594e-08) 79583.4 5505.74 0.0556696
subcontact = (-3.19,3.476,1.30099) 5723.05 (368.372,-332.93,-52.6689) 1536 -2.0253e-06 (-3.12867e-07,2.82766e-07,4.47331e-08) 63290.8 5521.87 0.0904247
subcontact = (-2.117,2.937,1.17999) 3757.38 (190.543,-191.267,-28.6774) 1535 -2.48431e-06 (-3.02361e-07,3.0351e-07,4.55064e-08) 77634.7 5609.72 0.0483982
subcontact = (-2.375,2.375,1.15699) 5452.51 (263.866,-270.246,-40.1174) 1534 -2.51014e-06 (-2.91538e-07,2.98587e-07,4.43246e-08) 78441.8 5464.31 0.0695103
subcontact = (-3.33,3.33,1.30099) 2872.67 (184.924,-167.011,-26.4308) 1533 -2.008e-06 (-3.10228e-07,2.80177e-07,4.43403e-08) 62749.9 5473.5 0.0457797
subcontact = (-2.939,2.112,1.17999) 3591.42 (180.53,-181.252,-27.1731) 1532 -2.37643e-06 (-2.86695e-07,2.8784e-07,4.31528e-08) 74263.5 5319.58 0.0483606
subcontact = (-2.45,2.205,1.14999) 4474.67 (213.409,-219.973,-32.5517) 1531 -2.51894e-06 (-2.88324e-07,2.97192e-07,4.39787e-08) 78717 5421.87 0.0568451
subcontact = (-3.476,3.19,1.30099) 5689.42 (366.653,-330.738,-52.3751) 1530 -1.98757e-06 (-3.07411e-07,2.77299e-07,4.39126e-08) 62111.5 5420.87 0.0916002
subcontact = (-2.442,2.296,1.15599) 1592.16 (76.8411,-78.7733,-11.6883) 1529 -2.50366e-06 (-2.89997e-07,2.97289e-07,4.41114e-08) 78239.5 5438.05 0.0203498
contact = 7 1 10 9 (-2.67732,2.67553,2.32329) (-0.20107,0.201429,-0.958643)
subcontact = (-2.111,2.938,2.25999) 2583.43 (383.552,-384.073,-161.149) 1528 -1.6753e-06 (-5.96941e-07,5.97752e-07,2.50804e-07) 52353.1 11474.2 0.0493462
subcontact = (-2.214,2.45,2.17899) 3245.58 (438.038,-443.986,-185.166) 1527 -1.81612e-06 (-5.8827e-07,5.96258e-07,2.48671e-07) 56753.9 11376.8 0.0571869
subcontact = (-3.162,3.47001,2.59199) 3067.4 (746.869,-711.6,-306.172) 1526 -1.03901e-06 (-6.07161e-07,5.7849e-07,2.489e-07) 32469 11390.4 0.0944717
subcontact = (-2.295,2.442,2.19399) 1118.23 (153.454,-155.187,-64.7937) 1525 -1.78556e-06 (-5.88074e-07,5.94715e-07,2.48306e-07) 55798.8 11360.1 0.0200404
subcontact = (-3.312,3.31201,2.58999) 1624.61 (394.797,-376.173,-161.847) 1524 -1.03622e-06 (-6.04352e-07,5.75842e-07,2.47754e-07) 32382 11338 0.0501701
subcontact = (-2.375,2.375,2.19699) 4147.37 (570.718,-576.926,-240.928) 1523 -1.77751e-06 (-5.87047e-07,5.93433e-07,2.47821e-07) 55547.3 11337.9 0.0746637
subcontact = (-2.442,2.294,2.19399) 1169.97 (160.371,-162.192,-67.7165) 1522 -1.78018e-06 (-5.85637e-07,5.92286e-07,2.47284e-07) 55630.6 11313.3 0.021031
subcontact = (-2.45,2.203,2.17599) 3287.96 (441.597,-447.815,-186.717) 1521 -1.81117e-06 (-5.8381e-07,5.9203e-07,2.46847e-07) 56599.2 11293.4 0.058092
subcontact = (-3.47,3.16201,2.59199) 3064.05 (748.265,-712.618,-306.679) 1520 -1.02701e-06 (-6.0193e-07,5.73254e-07,2.46703e-07) 32094.1 11289.9 0.0954709
subcontact = (-2.942,2.109,2.25999) 2532.9 (374.471,-374.973,-157.332) 1519 -1.64225e-06 (-5.82707e-07,5.83488e-07,2.44821e-07) 51320.2 11200.5 0.0493548
subcontact = (-2.295,2.442,2.19399) 1118.23 (153.454,-155.187,-64.7937) 1518 -1.78556e-06 (-5.88074e-07,5.94715e-07,2.48306e-07) 55798.8 11360.1 0.0200404
subcontact = (-2.214,2.45,2.17899) 3245.58 (438.038,-443.986,-185.166) 1517 -1.81612e-06 (-5.8827e-07,5.96258e-07,2.48671e-07) 56753.9 11376.8 0.0571869
subcontact = (-3.162,3.47,2.59199) 3067.4 (746.869,-711.6,-306.172) 1516 -1.03901e-06 (-6.07161e-07,5.7849e-07,2.489e-07) 32469 11390.4 0.0944717
subcontact = (-2.111,2.938,2.25999) 2583.43 (383.552,-384.073,-161.149) 1515 -1.6753e-06 (-5.96941e-07,5.97752e-07,2.50804e-07) 52353.1 11474.2 0.0493462
subcontact = (-2.375,2.375,2.19699) 4147.37 (570.718,-576.926,-240.928) 1514 -1.77751e-06 (-5.87047e-07,5.93433e-07,2.47821e-07) 55547.3 11337.9 0.0746637
subcontact = (-3.312,3.312,2.58999) 1624.61 (394.797,-376.173,-161.847) 1513 -1.03622e-06 (-6.04352e-07,5.75842e-07,2.47754e-07) 32382 11338 0.0501701
subcontact = (-2.942,2.109,2.25999) 2532.9 (374.471,-374.973,-157.332) 1512 -1.64225e-06 (-5.82707e-07,5.83488e-07,2.44821e-07) 51320.2 11200.5 0.0493548
subcontact = (-2.45,2.203,2.17599) 3287.96 (441.597,-447.815,-186.717) 1511 -1.81117e-06 (-5.8381e-07,5.9203e-07,2.46847e-07) 56599.2 11293.4 0.058092
subcontact = (-3.47,3.162,2.59199) 3064.05 (748.265,-712.618,-306.679) 1510 -1.02701e-06 (-6.0193e-07,5.73254e-07,2.46703e-07) 32094.1 11289.9 0.0954709
subcontact = (-2.442,2.294,2.19399) 1169.97 (160.371,-162.192,-67.7165) 1509 -1.78018e-06 (-5.85637e-07,5.92286e-07,2.47284e-07) 55630.6 11313.3 0.021031
contact = 8 1 12 0 (-2.40673,-2.81701,3.53424) (0.573438,0.0708474,0.81618)
subcontact = (-3.116,-3.127,4.05999) 0 (0,0,0) 1508 2.26972e-08 (1.07518e-06,3.92617e-07,-7.89487e-07) 0 0 0.0417163
subcontact = (-2.37,-2.38,3.46999) 2783.64 (-1045.78,-230.038,754.719) 1507 -1.30558e-06 (1.16966e-06,2.53844e-07,-8.43827e-07) 40799.3 19200.9 0.0682275
subcontact = (-1.848,-3.072,3.16399) 5430.29 (-1046.19,-162.79,749.174) 1506 -2.37542e-06 (1.09071e-06,1.65506e-07,-7.80687e-07) 74232 17730.4 0.0731529
subcontact = (-2.087,-2.45,3.27799) 4612.95 (-1217.52,-217.155,874.265) 1505 -1.84967e-06 (1.16407e-06,2.03696e-07,-8.35541e-07) 57802.1 18977.9 0.0798059
subcontact = (-2.865,-3.423,3.90899) 2257.69 (-1472.85,-491.409,1077.46) 1504 -4.88039e-07 (1.04095e-06,3.49922e-07,-7.61734e-07) 15251.2 12766.7 0.148033
subcontact = (-2.154,-2.45,3.32499) 1785.37 (-505.701,-95.3979,363.581) 1503 -1.72269e-06 (1.1635e-06,2.15682e-07,-8.36185e-07) 53834.2 18999.4 0.0331642
subcontact = (-3.116,-3.127,4.05999) 0 (0,0,0) 1502 2.26982e-08 (1.07518e-06,3.92617e-07,-7.89487e-07) 0 0 0.0417163
subcontact = (-2.37,-2.38,3.46999) 2783.63 (-1045.78,-230.038,754.719) 1501 -1.30558e-06 (1.16966e-06,2.53844e-07,-8.43827e-07) 40799.3 19200.9 0.0682275
subcontact = (-2.154,-2.45,3.32499) 1785.37 (-505.701,-95.3979,363.581) 1500 -1.72269e-06 (1.1635e-06,2.15682e-07,-8.36185e-07) 53834.1 18999.4 0.0331642
subcontact = (-2.087,-2.45,3.27799) 4612.94 (-1217.52,-217.155,874.265) 1499 -1.84967e-06 (1.16407e-06,2.03696e-07,-8.35541e-07) 57802 18977.9 0.0798059
subcontact = (-2.865,-3.423,3.90899) 2257.68 (-1472.85,-491.408,1077.46) 1498 -4.88038e-07 (1.04095e-06,3.49922e-07,-7.61734e-07) 15251.2 12766.6 0.148033
subcontact = (-1.848,-3.072,3.16399) 5430.28 (-1046.19,-162.791,749.174) 1497 -2.37542e-06 (1.09071e-06,1.65506e-07,-7.80687e-07) 74232 17730.4 0.0731529
contact = 9 1 13 12 (-2.74591,-2.7623,2.32927) (0.216759,0.177106,0.960026)
subcontact = (-2.443,-2.294,2.17399) 1870.25 (-146.711,-245.338,78.3851) 1496 -2.24995e-06 (4.23594e-07,7.08355e-07,-2.26318e-07) 70311.1 11143.4 0.0265996
subcontact = (-2.45,-2.203,2.15899) 5158.03 (-397.173,-681.742,215.443) 1495 -2.23159e-06 (4.12404e-07,7.07885e-07,-2.23705e-07) 69737.3 11057.9 0.0739637
subcontact = (-3.687,-3.372,2.65399) 3394.16 (-901.347,-865.941,363.259) 1494 -8.87907e-07 (5.65898e-07,5.43668e-07,-2.28067e-07) 27747.1 10640.7 0.122325
subcontact = (-2.974,-2.107,2.25999) 3169.04 (-333.46,-530.049,173.074) 1493 -1.59746e-06 (4.0342e-07,6.41254e-07,-2.09385e-07) 49920.7 10234.4 0.0634815
subcontact = (-2.37,-2.38,2.17399) 6912.87 (-533.736,-880.462,282.937) 1492 -2.34611e-06 (4.34738e-07,7.17153e-07,-2.30458e-07) 73315.9 11324.5 0.0942888
subcontact = (-3.513,-3.523,2.64299) 2219.17 (-486.285,-470.134,196.526) 1491 -1.11142e-06 (5.84505e-07,5.65092e-07,-2.3622e-07) 34731.8 11023.8 0.0638946
subcontact = (-2.112,-3.162,2.25999) 7173.04 (-580.389,-814.28,281.261) 1490 -2.73889e-06 (5.31866e-07,7.46202e-07,-2.57746e-07) 85590.4 12394.7 0.0838067
subcontact = (-2.258,-2.45,2.16199) 6849.3 (-508.815,-838.918,269.646) 1489 -2.48697e-06 (4.434e-07,7.31064e-07,-2.3498e-07) 77717.9 11545.8 0.0881303
subcontact = (-3.36,-3.689,2.63899) 5495.11 (-1055.25,-1019.12,426.266) 1488 -1.3117e-06 (6.04539e-07,5.83841e-07,-2.44203e-07) 40990.6 11395.8 0.134058
subcontact = (-2.292,-2.443,2.16799) 1421.68 (-107.113,-176.03,56.6584) 1487 -2.44584e-06 (4.42262e-07,7.26816e-07,-2.33939e-07) 76432.4 11489.2 0.0186005
subcontact = (-2.974,-2.107,2.25999) 3169.04 (-333.46,-530.049,173.074) 1486 -1.59746e-06 (4.0342e-07,6.41254e-07,-2.09385e-07) 49920.7 10234.4 0.0634815
subcontact = (-2.45,-2.203,2.15899) 5158.03 (-397.173,-681.742,215.443) 1485 -2.23159e-06 (4.12404e-07,7.07885e-07,-2.23705e-07) 69737.3 11057.9 0.0739637
subcontact = (-3.687,-3.372,2.65399) 3394.16 (-901.347,-865.941,363.259) 1484 -8.87906e-07 (5.65898e-07,5.43668e-07,-2.28067e-07) 27747.1 10640.7 0.122325
subcontact = (-2.443,-2.294,2.17399) 1870.25 (-146.711,-245.338,78.3851) 1483 -2.24995e-06 (4.23594e-07,7.08355e-07,-2.26318e-07) 70311 11143.4 0.0265996
subcontact = (-3.513,-3.523,2.64299) 2219.17 (-486.285,-470.134,196.526) 1482 -1.11142e-06 (5.84505e-07,5.65092e-07,-2.3622e-07) 34731.7 11023.8 0.0638946
subcontact = (-2.37,-2.38,2.17399) 6912.87 (-533.736,-880.462,282.937) 1481 -2.34611e-06 (4.34738e-07,7.17153e-07,-2.30458e-07) 73315.9 11324.5 0.0942888
subcontact = (-2.292,-2.443,2.16799) 1421.68 (-107.113,-176.03,56.6584) 1480 -2.44584e-06 (4.42262e-07,7.26816e-07,-2.33939e-07) 76432.4 11489.2 0.0186005
subcontact = (-2.258,-2.45,2.16199) 6849.3 (-508.815,-838.918,269.646) 1479 -2.48697e-06 (4.434e-07,7.31064e-07,-2.3498e-07) 77717.9 11545.8 0.0881303
subcontact = (-3.36,-3.689,2.63899) 5495.11 (-1055.25,-1019.12,426.266) 1478 -1.3117e-06 (6.04539e-07,5.83841e-07,-2.44203e-07) 40990.6 11395.8 0.134058
subcontact = (-2.112,-3.162,2.25999) 7173.04 (-580.389,-814.28,281.261) 1477 -2.73889e-06 (5.31866e-07,7.46202e-07,-2.57746e-07) 85590.4 12394.7 0.0838067
contact = 10 1 14 13 (-2.7753,-2.7856,1.20602) (0.0826478,0.0629038,0.994592)
subcontact = (-2.442,-2.296,1.14699) 2502.84 (-8.4438,-106.634,7.44583) 1476 -2.97964e-06 (2.41257e-08,3.04676e-07,-2.12743e-08) 93113.8 3989.18 0.0268794
subcontact = (-2.45,-2.205,1.14199) 7096.92 (-17.5236,-300.637,20.4702) 1475 -2.99167e-06 (1.77288e-08,3.04157e-07,-2.07099e-08) 93489.8 3976.25 0.0759112
subcontact = (-3.744,-3.458,1.32899) 7916.82 (-170.706,-337.481,35.5295) 1474 -2.06992e-06 (1.07118e-07,2.1177e-07,-2.22948e-08) 64685.1 3103.71 0.12239
subcontact = (-2.974,-2.111,1.17999) 5555.47 (-9.74433,-226.706,15.148) 1473 -2.72641e-06 (1.14771e-08,2.67021e-07,-1.78417e-08) 85200.3 3487.79 0.0652048
subcontact = (-2.37,-2.38,1.14699) 8346.24 (-35.2131,-358.815,25.6197) 1472 -3.00328e-06 (3.04103e-08,3.09875e-07,-2.21253e-08) 93852.6 4064.44 0.0889293
subcontact = (-3.592,-3.602,1.32499) 3897.42 (-89.3808,-169.913,18.1736) 1471 -2.12592e-06 (1.17011e-07,2.22438e-07,-2.37915e-08) 66435.1 3287.24 0.0586651
subcontact = (-2.172,-3.169,1.17999) 7553.91 (-91.2013,-343.12,29.2795) 1470 -2.9682e-06 (8.60071e-08,3.23578e-07,-2.76119e-08) 92756.4 4374.35 0.0814381
subcontact = (-2.257,-2.45,1.14199) 8245.63 (-39.7535,-357.887,25.9383) 1469 -3.05155e-06 (3.53088e-08,3.17873e-07,-2.30383e-08) 95361 4175.22 0.0864675
subcontact = (-3.456,-3.743,1.32299) 8757.55 (-213.448,-389.633,42.3796) 1468 -2.1738e-06 (1.27157e-07,2.32115e-07,-2.52468e-08) 67931.3 3461.78 0.128918
subcontact = (-2.296,-2.442,1.14499) 1811.66 (-8.68848,-78.4614,5.68435) 1467 -3.03198e-06 (3.48984e-08,3.1515e-07,-2.28319e-08) 94749.3 4139.28 0.0191205
subcontact = (-2.974,-2.111,1.18) 5555.47 (-9.74434,-226.706,15.148) 1466 -2.72641e-06 (1.14771e-08,2.67021e-07,-1.78417e-08) 85200.3 3487.79 0.0652048
subcontact = (-2.45,-2.205,1.142) 7096.92 (-17.5236,-300.637,20.4702) 1465 -2.99167e-06 (1.77288e-08,3.04157e-07,-2.07099e-08) 93489.8 3976.25 0.0759112
subcontact = (-3.744,-3.458,1.32899) 7916.82 (-170.706,-337.481,35.5295) 1464 -2.06992e-06 (1.07118e-07,2.1177e-07,-2.22948e-08) 64685.1 3103.71 0.12239
subcontact = (-2.442,-2.296,1.147) 2502.84 (-8.44381,-106.634,7.44583) 1463 -2.97964e-06 (2.41257e-08,3.04676e-07,-2.12743e-08) 93113.8 3989.18 0.0268794
subcontact = (-3.592,-3.602,1.32499) 3897.42 (-89.3808,-169.913,18.1736) 1462 -2.12592e-06 (1.17011e-07,2.22438e-07,-2.37915e-08) 66435.1 3287.24 0.0586651
subcontact = (-2.37,-2.38,1.147) 8346.24 (-35.2131,-358.815,25.6197) 1461 -3.00328e-06 (3.04103e-08,3.09875e-07,-2.21253e-08) 93852.6 4064.44 0.0889293
subcontact = (-2.296,-2.442,1.145) 1811.66 (-8.68849,-78.4614,5.68435) 1460 -3.03198e-06 (3.48984e-08,3.1515e-07,-2.28319e-08) 94749.3 4139.28 0.0191205
subcontact = (-2.257,-2.45,1.142) 8245.63 (-39.7535,-357.887,25.9383) 1459 -3.05155e-06 (3.53089e-08,3.17873e-07,-2.30383e-08) 95361 4175.22 0.0864675
subcontact = (-3.456,-3.743,1.323) 8757.55 (-213.448,-389.633,42.3796) 1458 -2.1738e-06 (1.27157e-07,2.32115e-07,-2.52468e-08) 67931.3 3461.78 0.128918
subcontact = (-2.172,-3.169,1.18) 7553.91 (-91.2013,-343.12,29.2795) 1457 -2.9682e-06 (8.60071e-08,3.23578e-07,-2.76119e-08) 92756.4 4374.35 0.0814381
contact = 11 1 17 11 (0.023001,2.77041,1.16674) (0.0175958,0.130966,-0.991231)
subcontact = (0.547,2.8,1.18) 867.767 (-14.7203,-105.65,-14.2203) 1456 -2.67584e-06 (1.08939e-07,7.81873e-07,1.05239e-07) 83620.1 10369.9 0.0103775
subcontact = (0.54,2.45,1.134) 2671.17 (-48.8965,-333.24,-44.8973) 1455 -2.61074e-06 (1.14696e-07,7.8168e-07,1.05315e-07) 81585.5 10378.1 0.0327408
subcontact = (0.203,3.237,1.232) 4011.56 (-61.2128,-466.705,-62.7499) 1454 -2.78023e-06 (1.01816e-07,7.76282e-07,1.04374e-07) 86882.2 10284.6 0.0461724
subcontact = (0.202,2.45,1.128) 4044.75 (-73.4266,-496.878,-66.9534) 1453 -2.63285e-06 (1.14709e-07,7.76236e-07,1.04596e-07) 82276.5 10307.4 0.0491605
subcontact = (-2.03268e-08,3.237,1.228) 3506.08 (-53.2365,-404.288,-54.3615) 1452 -2.7935e-06 (1.01799e-07,7.73085e-07,1.03951e-07) 87296.9 10243 0.0401628
subcontact = (-4.66587e-08,2.45,1.124) 3315.56 (-59.8791,-403.609,-54.3897) 1451 -2.64605e-06 (1.1469e-07,7.73058e-07,1.04176e-07) 82689.2 10266.1 0.0400967
subcontact = (-0.202,2.45,1.12) 1874.92 (-33.6876,-226.171,-30.4808) 1450 -2.65926e-06 (1.14672e-07,7.69881e-07,1.03756e-07) 83101.8 10224.7 0.0225618
subcontact = (-0.341,2.45,1.118) 2218.15 (-39.7306,-265.856,-35.8315) 1449 -2.66836e-06 (1.14706e-07,7.67557e-07,1.0345e-07) 83386.3 10194.6 0.0266009
subcontact = (-0.202,3.237,1.224) 4677.73 (-70.6797,-534.646,-71.8947) 1448 -2.80671e-06 (1.01781e-07,7.69907e-07,1.03531e-07) 87709.6 10201.5 0.053332
subcontact = (-0.517,2.943,1.18) 1507.81 (-24.1664,-173.309,-23.3275) 1447 -2.77224e-06 (1.06636e-07,7.64743e-07,1.02935e-07) 86632.5 10142.9 0.0174047
subcontact = (0.202,2.45,1.12799) 4044.75 (-73.4266,-496.878,-66.9534) 1446 -2.63285e-06 (1.14709e-07,7.76236e-07,1.04596e-07) 82276.5 10307.4 0.0491605
subcontact = (0.54,2.45,1.13399) 2671.17 (-48.8965,-333.24,-44.8973) 1445 -2.61074e-06 (1.14696e-07,7.8168e-07,1.05315e-07) 81585.5 10378.1 0.0327408
subcontact = (0.203,3.237,1.23199) 4011.56 (-61.2128,-466.705,-62.7499) 1444 -2.78023e-06 (1.01816e-07,7.76282e-07,1.04374e-07) 86882.2 10284.6 0.0461724
subcontact = (0.547,2.8,1.17999) 867.767 (-14.7203,-105.65,-14.2203) 1443 -2.67584e-06 (1.08939e-07,7.81873e-07,1.05239e-07) 83620.1 10369.9 0.0103775
subcontact = (-7.2972e-08,3.237,1.22799) 3506.08 (-53.2365,-404.288,-54.3615) 1442 -2.7935e-06 (1.01799e-07,7.73085e-07,1.03951e-07) 87296.9 10243 0.0401628
subcontact = (-1.1479e-07,2.45,1.12399) 3315.56 (-59.8791,-403.609,-54.3897) 1441 -2.64605e-06 (1.1469e-07,7.73058e-07,1.04176e-07) 82689.2 10266.1 0.0400967
subcontact = (-0.517,2.943,1.17999) 1507.81 (-24.1664,-173.309,-23.3275) 1440 -2.77224e-06 (1.06636e-07,7.64743e-07,1.02935e-07) 86632.5 10142.9 0.0174047
subcontact = (-0.341,2.45,1.11799) 2218.15 (-39.7306,-265.856,-35.8315) 1439 -2.66836e-06 (1.14706e-07,7.67557e-07,1.0345e-07) 83386.3 10194.6 0.0266009
subcontact = (-0.202,3.237,1.22399) 4677.73 (-70.6797,-534.646,-71.8947) 1438 -2.80671e-06 (1.01781e-07,7.69907e-07,1.03531e-07) 87709.6 10201.5 0.053332
subcontact = (-0.202,2.45,1.11999) 1874.92 (-33.6876,-226.171,-30.4808) 1437 -2.65926e-06 (1.14672e-07,7.69881e-07,1.03756e-07) 83101.8 10224.7 0.0225618
contact = 12 1 18 15 (2.8764,0.000600862,1.16278) (0.125234,0.000274297,-0.992127)
subcontact = (3.016,-0.536999,1.18) 1831.84 (-253.104,9.09548,-31.9461) 1436 -2.39992e-06 (7.95828e-07,-2.85987e-08,1.00447e-07) 74997.4 10451.2 0.0244253
subcontact = (2.45,-0.324999,1.109) 3230.45 (-359.879,27.6843,-45.4189) 1435 -2.93412e-06 (7.8448e-07,-6.03475e-08,9.9006e-08) 91691.2 10325.5 0.0352319
subcontact = (3.496,-0.202999,1.24099) 4588.6 (-716.751,1.68443,-90.4731) 1434 -2.07451e-06 (7.77704e-07,-1.82767e-09,9.81669e-08) 64828.3 10206.7 0.0707808
subcontact = (2.45,-0.201999,1.109) 2645.42 (-289.137,22.4338,-36.4908) 1433 -2.96469e-06 (7.7768e-07,-6.03391e-08,9.81477e-08) 92646.6 10236.6 0.0285538
subcontact = (3.494,8.13662e-07,1.24099) 2366.1 (-355.425,0.920749,-44.8641) 1432 -2.12664e-06 (7.66691e-07,-1.98615e-09,9.67767e-08) 66457.5 10062.2 0.0356032
subcontact = (2.45,8.56806e-07,1.109) 6698.53 (-709.601,55.8463,-89.5556) 1431 -3.0149e-06 (7.66513e-07,-6.03253e-08,9.67381e-08) 94215.7 10090.4 0.0710978
subcontact = (2.45,0.202001,1.109) 2735.02 (-280.834,22.4235,-35.4427) 1430 -3.06511e-06 (7.55345e-07,-6.03115e-08,9.53285e-08) 95784.7 9944.3 0.0285538
subcontact = (2.45,0.325001,1.109) 3455.43 (-348.139,28.0461,-43.9368) 1429 -3.09568e-06 (7.48545e-07,-6.0303e-08,9.44702e-08) 96740.1 9855.33 0.0357187
subcontact = (3.496,0.203001,1.24099) 4844.91 (-700.852,1.67025,-88.4662) 1428 -2.17542e-06 (7.55259e-07,-1.79991e-09,9.53337e-08) 67981.9 9912.16 0.0712676
subcontact = (3.012,0.543001,1.17999) 2079.94 (-238.917,9.36462,-30.1553) 1427 -2.67171e-06 (7.36542e-07,-2.88696e-08,9.29637e-08) 83491 9673.78 0.0249121
subcontact = (2.45,-0.201999,1.10899) 2645.42 (-289.137,22.4338,-36.4908) 1426 -2.96469e-06 (7.7768e-07,-6.03391e-08,9.81477e-08) 92646.6 10236.6 0.0285538
subcontact = (2.45,-0.324999,1.10899) 3230.45 (-359.879,27.6843,-45.4189) 1425 -2.93412e-06 (7.8448e-07,-6.03475e-08,9.9006e-08) 91691.2 10325.5 0.0352319
subcontact = (3.496,-0.202999,1.24099) 4588.6 (-716.751,1.68445,-90.4731) 1424 -2.07451e-06 (7.77704e-07,-1.8277e-09,9.81669e-08) 64828.3 10206.7 0.0707808
subcontact = (3.016,-0.536999,1.17999) 1831.84 (-253.104,9.09549,-31.9461) 1423 -2.39992e-06 (7.95828e-07,-2.85987e-08,1.00447e-07) 74997.4 10451.2 0.0244253
subcontact = (2.45,9.17958e-07,1.10899) 6698.53 (-709.601,55.8463,-89.5556) 1422 -3.0149e-06 (7.66513e-07,-6.03253e-08,9.67381e-08) 94215.7 10090.4 0.0710978
subcontact = (3.494,8.16231e-07,1.24099) 2366.1 (-355.425,0.92076,-44.8641) 1421 -2.12664e-06 (7.66691e-07,-1.98618e-09,9.67767e-08) 66457.5 10062.2 0.0356032
subcontact = (3.012,0.543001,1.17999) 2079.94 (-238.917,9.36463,-30.1553) 1420 -2.67171e-06 (7.36542e-07,-2.88696e-08,9.29637e-08) 83491 9673.78 0.0249121
subcontact = (2.45,0.325001,1.10899) 3455.43 (-348.139,28.0462,-43.9368) 1419 -3.09568e-06 (7.48545e-07,-6.03031e-08,9.44702e-08) 96740.2 9855.33 0.0357187
subcontact = (3.496,0.203001,1.24099) 4844.91 (-700.852,1.67027,-88.4662) 1418 -2.17542e-06 (7.55259e-07,-1.79993e-09,9.53337e-08) 67981.9 9912.16 0.0712676
subcontact = (2.45,0.202001,1.10899) 2735.02 (-280.834,22.4235,-35.4427) 1417 -3.06511e-06 (7.55345e-07,-6.03115e-08,9.53285e-08) 95784.7 9944.3 0.0285538
contact = 13 1 19 18 (2.87823,0.000701939,2.21002) (0.331025,0.00105508,-0.943621)
subcontact = (3.022,-0.539998,2.25999) 1270.56 (-448.175,7.73096,-157.212) 1416 -1.61698e-06 (1.3689e-06,-2.36133e-08,4.80187e-07) 50530.8 18891.5 0.0251442
subcontact = (2.45,-0.326998,2.05899) 2371.32 (-631.073,26.5181,-221.353) 1415 -2.12523e-06 (1.3574e-06,-5.70386e-08,4.76115e-07) 66413.3 18744.9 0.0357054
subcontact = (3.499,-0.219998,2.42799) 2882.01 (-1333.43,-4.21566,-467.775) 1414 -1.21797e-06 (1.35245e-06,4.2758e-09,4.74449e-07) 38061.5 18662.3 0.0757197
subcontact = (2.45,-0.212998,2.05999) 2017.04 (-533.33,22.5077,-187.068) 1413 -2.13066e-06 (1.3521e-06,-5.70616e-08,4.74256e-07) 66583.2 18671.8 0.0302935
subcontact = (3.494,1.91455e-06,2.42599) 1563.5 (-708.098,-2.11388,-248.405) 1412 -1.2334e-06 (1.34064e-06,4.0022e-09,4.70304e-07) 38543.8 18499.3 0.0405642
subcontact = (2.45,1.7994e-06,2.05999) 5355.25 (-1397.2,59.4487,-490.076) 1411 -2.14133e-06 (1.34083e-06,-5.70503e-08,4.70305e-07) 66916.6 18516.5 0.0800287
subcontact = (2.45,0.213002,2.05999) 2037.21 (-524.439,22.4986,-183.949) 1410 -2.152e-06 (1.32957e-06,-5.7039e-08,4.66353e-07) 67249.9 18361.2 0.0302932
subcontact = (2.45,0.327002,2.05999) 2448.4 (-625.773,26.9653,-219.493) 1409 -2.15771e-06 (1.32354e-06,-5.7033e-08,4.64238e-07) 67428.3 18278.1 0.0363112
subcontact = (3.499,0.220002,2.42799) 2957.62 (-1320.97,-4.27251,-463.406) 1408 -1.24e-06 (1.32918e-06,4.29907e-09,4.66286e-07) 38750.1 18341.2 0.0763255
subcontact = (3.018,0.547002,2.25999) 1347.48 (-440.047,7.99009,-154.361) 1407 -1.67452e-06 (1.31244e-06,-2.38304e-08,4.60381e-07) 52328.6 18112.6 0.0257503
subcontact = (2.45,-0.212998,2.05999) 2017.04 (-533.33,22.5077,-187.068) 1406 -2.13066e-06 (1.3521e-06,-5.70616e-08,4.74256e-07) 66583.3 18671.8 0.0302935
subcontact = (2.45,-0.326998,2.05899) 2371.32 (-631.073,26.5181,-221.353) 1405 -2.12523e-06 (1.3574e-06,-5.70387e-08,4.76115e-07) 66413.3 18744.9 0.0357054
subcontact = (3.499,-0.219998,2.42799) 2882.01 (-1333.43,-4.21562,-467.775) 1404 -1.21797e-06 (1.35245e-06,4.27576e-09,4.74449e-07) 38061.5 18662.3 0.0757197
subcontact = (3.022,-0.539998,2.25999) 1270.56 (-448.175,7.73098,-157.212) 1403 -1.61698e-06 (1.3689e-06,-2.36134e-08,4.80187e-07) 50530.8 18891.5 0.0251442
subcontact = (2.45,1.85871e-06,2.05999) 5355.25 (-1397.2,59.4488,-490.076) 1402 -2.14133e-06 (1.34083e-06,-5.70503e-08,4.70305e-07) 66916.6 18516.5 0.0800287
subcontact = (3.494,1.91185e-06,2.42599) 1563.5 (-708.098,-2.11386,-248.405) 1401 -1.2334e-06 (1.34064e-06,4.00216e-09,4.70304e-07) 38543.8 18499.3 0.0405642
subcontact = (3.018,0.547002,2.25999) 1347.48 (-440.047,7.9901,-154.361) 1400 -1.67452e-06 (1.31244e-06,-2.38304e-08,4.60381e-07) 52328.7 18112.6 0.0257503
subcontact = (2.45,0.327002,2.05999) 2448.4 (-625.773,26.9653,-219.493) 1399 -2.15771e-06 (1.32354e-06,-5.70331e-08,4.64238e-07) 67428.3 18278.1 0.0363112
subcontact = (3.499,0.220002,2.42799) 2957.62 (-1320.97,-4.27247,-463.406) 1398 -1.24e-06 (1.32918e-06,4.29903e-09,4.66286e-07) 38750.1 18341.2 0.0763255
subcontact = (2.45,0.213002,2.05999) 2037.21 (-524.439,22.4986,-183.949) 1397 -2.152e-06 (1.32957e-06,-5.70391e-08,4.66353e-07) 67249.9 18361.2 0.0302932
contact = 14 1 20 3 (2.74552,-2.76221,2.32953) (-0.217162,0.17671,0.960007)
subcontact = (2.292,-2.443,2.16799) 1421.4 (108.208,-174.871,56.6665) 1396 -2.44608e-06 (-4.46916e-07,7.22243e-07,-2.34041e-07) 76440 11471.2 0.018595
subcontact = (2.258,-2.45,2.16199) 6846 (513.791,-832.832,269.525) 1395 -2.48743e-06 (-4.48036e-07,7.26245e-07,-2.35031e-07) 77732.3 11524.8 0.0880714
subcontact = (3.359,-3.689,2.63899) 5483.22 (1048.19,-1025.55,425.884) 1394 -1.30852e-06 (-6.00341e-07,5.87372e-07,-2.43921e-07) 40891.4 11387.9 0.134092
subcontact = (2.112,-3.162,2.25999) 7174.47 (579.995,-807.47,279.832) 1393 -2.74135e-06 (-5.31875e-07,7.40477e-07,-2.56616e-07) 85667 12332.4 0.0837483
subcontact = (2.37,-2.38,2.17399) 6919.11 (540.455,-876.439,283.583) 1392 -2.34578e-06 (-4.39753e-07,7.13132e-07,-2.30743e-07) 73305.7 11315.3 0.0943871
subcontact = (3.513,-3.523,2.64299) 2211.71 (484.18,-474.656,196.896) 1391 -1.10591e-06 (-5.81045e-07,5.69616e-07,-2.36288e-07) 34559.7 11032.5 0.0639967
subcontact = (2.971,-2.106,2.25999) 3156.92 (338.358,-528.831,173.882) 1390 -1.59632e-06 (-4.10622e-07,6.41777e-07,-2.11019e-07) 49884.9 10294 0.0632841
subcontact = (2.45,-2.203,2.15999) 5141.22 (403.075,-676.415,215.688) 1389 -2.23028e-06 (-4.19652e-07,7.04234e-07,-2.24558e-07) 69696.1 11067.5 0.0737662
subcontact = (3.687,-3.372,2.65499) 3362 (897.591,-873.454,363.821) 1388 -8.80878e-07 (-5.64428e-07,5.49249e-07,-2.2878e-07) 27527.4 10678.6 0.122133
subcontact = (2.443,-2.294,2.17499) 1869.38 (149.02,-244.073,78.6366) 1387 -2.24882e-06 (-4.30241e-07,7.04673e-07,-2.27034e-07) 70275.6 11149.5 0.0266008
subcontact = (2.112,-3.162,2.25999) 7174.46 (579.995,-807.47,279.832) 1386 -2.74134e-06 (-5.31875e-07,7.40477e-07,-2.56616e-07) 85667 12332.4 0.0837483
subcontact = (2.258,-2.45,2.16199) 6846 (513.791,-832.832,269.525) 1385 -2.48743e-06 (-4.48036e-07,7.26245e-07,-2.35031e-07) 77732.3 11524.8 0.0880714
subcontact = (3.359,-3.689,2.63899) 5483.22 (1048.19,-1025.55,425.884) 1384 -1.30852e-06 (-6.00341e-07,5.87372e-07,-2.43921e-07) 40891.4 11387.9 0.134092
subcontact = (2.292,-2.443,2.16799) 1421.4 (108.208,-174.871,56.6665) 1383 -2.44608e-06 (-4.46916e-07,7.22243e-07,-2.34041e-07) 76440 11471.2 0.018595
subcontact = (3.513,-3.523,2.64299) 2211.7 (484.18,-474.656,196.896) 1382 -1.10591e-06 (-5.81045e-07,5.69616e-07,-2.36288e-07) 34559.7 11032.5 0.0639967
subcontact = (2.37,-2.38,2.17399) 6919.11 (540.456,-876.439,283.583) 1381 -2.34578e-06 (-4.39753e-07,7.13132e-07,-2.30743e-07) 73305.7 11315.3 0.0943871
subcontact = (2.443,-2.294,2.17499) 1869.38 (149.02,-244.073,78.6366) 1380 -2.24882e-06 (-4.30241e-07,7.04673e-07,-2.27034e-07) 70275.6 11149.5 0.0266008
subcontact = (2.45,-2.203,2.15999) 5141.22 (403.075,-676.415,215.688) 1379 -2.23028e-06 (-4.19652e-07,7.04233e-07,-2.24558e-07) 69696.1 11067.5 0.0737662
subcontact = (3.687,-3.372,2.65499) 3362 (897.591,-873.453,363.821) 1378 -8.80878e-07 (-5.64428e-07,5.49249e-07,-2.2878e-07) 27527.4 10678.6 0.122133
subcontact = (2.971,-2.106,2.25999) 3156.92 (338.358,-528.831,173.882) 1377 -1.59632e-06 (-4.10623e-07,6.41777e-07,-2.11019e-07) 49884.9 10294 0.0632841
contact = 15 1 20 16 (2.77501,-2.7854,1.20612) (0.0830336,-0.0620463,-0.994613)
subcontact = (2.172,-3.169,1.18) 7552.97 (-92.7193,333.858,-28.5673) 1376 -2.96784e-06 (8.74386e-08,-3.14844e-07,2.69403e-08) 92744.8 4269.12 0.0814382
subcontact = (2.257,-2.45,1.142) 8246.97 (-46.9341,348.601,-25.6648) 1375 -3.05205e-06 (4.16866e-08,-3.09626e-07,2.27953e-08) 95376.5 4078.77 0.0864676
subcontact = (3.456,-3.743,1.323) 8734.12 (-208.658,390.923,-41.8061) 1374 -2.16799e-06 (1.24304e-07,-2.32884e-07,2.49051e-08) 67749.6 3452.53 0.128918
subcontact = (2.296,-2.442,1.145) 1811.88 (-10.2879,76.4788,-5.62978) 1373 -3.03235e-06 (4.13224e-08,-3.07186e-07,2.26127e-08) 94760.8 4046.57 0.0191205
subcontact = (3.592,-3.602,1.32499) 3886.3 (-87.9184,171.239,-18.022) 1372 -2.11986e-06 (1.15096e-07,-2.24174e-07,2.35931e-08) 66245.6 3295.52 0.0586651
subcontact = (2.37,-2.38,1.147) 8346.85 (-43.1255,350.207,-25.447) 1371 -3.00349e-06 (3.72435e-08,-3.02441e-07,2.19762e-08) 93859.1 3978.08 0.0889295
subcontact = (2.442,-2.296,1.148) 2502.83 (-11.2197,104.269,-7.44119) 1370 -2.97968e-06 (3.20574e-08,-2.97923e-07,2.12614e-08) 93114.9 3911.4 0.026879
subcontact = (2.45,-2.205,1.143) 7087.63 (-25.9477,293.602,-20.4818) 1369 -2.99183e-06 (2.62873e-08,-2.97445e-07,2.07498e-08) 93494.7 3897.45 0.0758079
subcontact = (3.744,-3.458,1.32899) 7885.83 (-169.039,341.69,-35.4274) 1368 -2.06356e-06 (1.06162e-07,-2.14591e-07,2.22494e-08) 64486.1 3130.82 0.122287
subcontact = (2.971,-2.109,1.18) 5547.71 (-17.0309,223.966,-15.3933) 1367 -2.7269e-06 (2.00911e-08,-2.6421e-07,1.81593e-08) 85215.5 3458.26 0.0651021
subcontact = (2.296,-2.442,1.14499) 1811.88 (-10.2879,76.4788,-5.62978) 1366 -3.03235e-06 (4.13224e-08,-3.07186e-07,2.26127e-08) 94760.8 4046.57 0.0191205
subcontact = (2.257,-2.45,1.14199) 8246.97 (-46.9341,348.601,-25.6648) 1365 -3.05205e-06 (4.16866e-08,-3.09626e-07,2.27953e-08) 95376.5 4078.77 0.0864676
subcontact = (3.456,-3.743,1.32299) 8734.12 (-208.658,390.923,-41.8061) 1364 -2.16799e-06 (1.24304e-07,-2.32884e-07,2.49051e-08) 67749.6 3452.53 0.128918
subcontact = (2.172,-3.169,1.17999) 7552.97 (-92.7193,333.858,-28.5673) 1363 -2.96784e-06 (8.74386e-08,-3.14844e-07,2.69403e-08) 92744.9 4269.12 0.0814382
subcontact = (2.37,-2.38,1.14699) 8346.85 (-43.1255,350.207,-25.447) 1362 -3.00349e-06 (3.72435e-08,-3.02441e-07,2.19762e-08) 93859.1 3978.08 0.0889295
subcontact = (3.592,-3.602,1.32499) 3886.3 (-87.9184,171.239,-18.022) 1361 -2.11986e-06 (1.15096e-07,-2.24174e-07,2.35931e-08) 66245.6 3295.52 0.0586651
subcontact = (2.971,-2.109,1.17999) 5547.71 (-17.0309,223.966,-15.3933) 1360 -2.7269e-06 (2.00911e-08,-2.6421e-07,1.81593e-08) 85215.5 3458.26 0.0651021
subcontact = (2.45,-2.205,1.14299) 7087.63 (-25.9477,293.602,-20.4818) 1359 -2.99183e-06 (2.62873e-08,-2.97445e-07,2.07498e-08) 93494.7 3897.45 0.0758079
subcontact = (3.744,-3.458,1.32899) 7885.83 (-169.039,341.69,-35.4274) 1358 -2.06356e-06 (1.06162e-07,-2.14591e-07,2.22494e-08) 64486.1 3130.82 0.122287
subcontact = (2.442,-2.296,1.14799) 2502.83 (-11.2197,104.269,-7.44119) 1357 -2.97968e-06 (3.20574e-08,-2.97923e-07,2.12614e-08) 93114.9 3911.4 0.026879
contact = 16 1 22 21 (2.67921,2.66761,1.20693) (0.0705155,0.0808108,-0.994232)
subcontact = (2.936,2.111,1.18) 3372.22 (-156.155,-201.953,-27.4899) 1356 -2.23844e-06 (2.4877e-07,3.2173e-07,4.3794e-08) 69951.3 5326.06 0.048208
subcontact = (2.45,2.205,1.153) 4428.63 (-186.316,-252.06,-33.7018) 1355 -2.49965e-06 (2.5239e-07,3.41449e-07,4.56535e-08) 78114.1 5560.55 0.0566944
subcontact = (3.476,3.19,1.30599) 5658.57 (-348.734,-356.801,-53.7344) 1354 -1.97943e-06 (2.92779e-07,2.99551e-07,4.51126e-08) 61857.2 5485.54 0.0914779
subcontact = (2.442,2.296,1.16) 1594.17 (-67.8946,-90.5722,-12.1771) 1353 -2.5063e-06 (2.5618e-07,3.41747e-07,4.59465e-08) 78322 5593.35 0.0203541
subcontact = (3.331,3.331,1.30699) 2950.93 (-178.068,-182.26,-27.4434) 1352 -2.06035e-06 (2.98386e-07,3.05412e-07,4.59866e-08) 64385.8 5591.76 0.0458319
subcontact = (2.375,2.375,1.162) 5530.69 (-235.109,-312.001,-42.0343) 1351 -2.54404e-06 (2.59552e-07,3.44439e-07,4.64045e-08) 79501.3 5648.08 0.0695673
subcontact = (2.296,2.442,1.161) 2045.59 (-86.2287,-114.502,-15.4224) 1350 -2.58789e-06 (2.61812e-07,3.47658e-07,4.68264e-08) 80871.7 5699.56 0.0252943
subcontact = (2.148,2.45,1.152) 3666.4 (-150.398,-202.576,-27.1322) 1349 -2.66686e-06 (2.62552e-07,3.53639e-07,4.7365e-08) 83339.5 5768.06 0.0439936
subcontact = (3.19,3.476,1.30899) 5266.33 (-312.201,-319.106,-48.0795) 1348 -2.13922e-06 (3.04364e-07,3.11097e-07,4.68727e-08) 66850.8 5699.73 0.0787774
subcontact = (2.148,2.8,1.18) 2556.26 (-110.068,-140.724,-19.2446) 1347 -2.67611e-06 (2.76549e-07,3.53572e-07,4.83523e-08) 83628.4 5878.59 0.0305669
subcontact = (2.442,2.296,1.15999) 1594.17 (-67.8946,-90.5722,-12.1771) 1346 -2.5063e-06 (2.5618e-07,3.41747e-07,4.59465e-08) 78322 5593.35 0.0203541
subcontact = (2.45,2.205,1.15299) 4428.63 (-186.316,-252.06,-33.7018) 1345 -2.49965e-06 (2.5239e-07,3.41449e-07,4.56535e-08) 78114.1 5560.55 0.0566944
subcontact = (3.476,3.19,1.30599) 5658.57 (-348.734,-356.801,-53.7344) 1344 -1.97943e-06 (2.92779e-07,2.99551e-07,4.51126e-08) 61857.2 5485.54 0.0914779
subcontact = (2.936,2.111,1.17999) 3372.22 (-156.155,-201.953,-27.4899) 1343 -2.23844e-06 (2.4877e-07,3.2173e-07,4.3794e-08) 69951.3 5326.06 0.048208
subcontact = (2.375,2.375,1.16199) 5530.69 (-235.109,-312.001,-42.0343) 1342 -2.54404e-06 (2.59552e-07,3.44439e-07,4.64045e-08) 79501.3 5648.08 0.0695673
subcontact = (3.331,3.331,1.30699) 2950.93 (-178.068,-182.26,-27.4434) 1341 -2.06035e-06 (2.98386e-07,3.05412e-07,4.59866e-08) 64385.8 5591.76 0.0458319
subcontact = (2.148,2.8,1.17999) 2556.26 (-110.068,-140.724,-19.2446) 1340 -2.67611e-06 (2.76549e-07,3.53572e-07,4.83523e-08) 83628.4 5878.59 0.0305669
subcontact = (2.148,2.45,1.15199) 3666.4 (-150.398,-202.576,-27.1322) 1339 -2.66686e-06 (2.62552e-07,3.53639e-07,4.7365e-08) 83339.5 5768.06 0.0439936
subcontact = (3.19,3.476,1.30899) 5266.33 (-312.201,-319.106,-48.0795) 1338 -2.13922e-06 (3.04364e-07,3.11097e-07,4.68727e-08) 66850.8 5699.73 0.0787774
subcontact = (2.296,2.442,1.16099) 2045.59 (-86.2287,-114.502,-15.4224) 1337 -2.58789e-06 (2.61812e-07,3.47658e-07,4.68264e-08) 80871.7 5699.56 0.0252943
contact = 17 1 23 17 (0.0228936,2.77186,2.22352) (0.0460449,0.344903,-0.937508)
subcontact = (0.553,2.8,2.25999) 583.037 (-27.3446,-200.279,-75.0244) 1336 -1.71901e-06 (1.93493e-07,1.4172e-06,5.3088e-07) 53719.1 19865.7 0.0108534
subcontact = (0.543,2.45,2.12999) 1890.97 (-86.2522,-628.503,-235.458) 1335 -1.77645e-06 (1.94469e-07,1.41706e-06,5.30876e-07) 55514 19865.6 0.0340629
subcontact = (0.217,3.241,2.40599) 2621.97 (-123.438,-909.695,-340.733) 1334 -1.70093e-06 (1.92184e-07,1.41634e-06,5.30499e-07) 53154.1 19851.4 0.0493277
subcontact = (0.213,2.45,2.11399) 3053.88 (-135.415,-985.9,-369.356) 1333 -1.82779e-06 (1.94515e-07,1.41618e-06,5.30557e-07) 57118.5 19853.7 0.0534656
subcontact = (-2.1056e-07,2.45,2.10399) 1743.78 (-75.9761,-552.731,-207.078) 1332 -1.86091e-06 (1.94591e-07,1.41566e-06,5.30369e-07) 58153.6 19846.6 0.0299858
subcontact = (-1.86686e-07,3.242,2.39499) 3280.13 (-151.353,-1115.43,-417.791) 1331 -1.73459e-06 (1.92091e-07,1.41565e-06,5.30243e-07) 54205.8 19841.8 0.0605126
subcontact = (-0.213,2.45,2.09299) 2332.1 (-99.7951,-725.929,-271.966) 1330 -1.89409e-06 (1.94525e-07,1.41501e-06,5.30126e-07) 59190.5 19837.6 0.0394
subcontact = (-0.343,2.45,2.08699) 1640.28 (-69.4716,-505.083,-189.228) 1329 -1.9143e-06 (1.94586e-07,1.41471e-06,5.30017e-07) 59822 19833.5 0.0274194
subcontact = (-0.217,3.241,2.38499) 2358.75 (-106.842,-786.488,-294.591) 1328 -1.76846e-06 (1.9225e-07,1.41519e-06,5.30082e-07) 55264.3 19835.8 0.0426813
subcontact = (-0.524,2.945,2.25999) 1064.29 (-45.9355,-336.533,-126.064) 1327 -1.86352e-06 (1.93034e-07,1.41421e-06,5.29758e-07) 58234.9 19823.7 0.0182758
subcontact = (0.213,2.45,2.11399) 3053.88 (-135.415,-985.9,-369.356) 1326 -1.82779e-06 (1.94515e-07,1.41618e-06,5.30557e-07) 57118.5 19853.7 0.0534656
subcontact = (0.543,2.45,2.12999) 1890.97 (-86.2522,-628.503,-235.458) 1325 -1.77645e-06 (1.94469e-07,1.41706e-06,5.30876e-07) 55514 19865.6 0.0340629
subcontact = (0.217,3.241,2.40599) 2621.97 (-123.438,-909.695,-340.733) 1324 -1.70093e-06 (1.92184e-07,1.41634e-06,5.30499e-07) 53154.2 19851.4 0.0493277
subcontact = (0.553,2.8,2.25999) 583.037 (-27.3446,-200.279,-75.0244) 1323 -1.71901e-06 (1.93493e-07,1.4172e-06,5.3088e-07) 53719.1 19865.7 0.0108534
subcontact = (-2.98908e-07,3.242,2.39499) 3280.13 (-151.353,-1115.43,-417.791) 1322 -1.73459e-06 (1.92091e-07,1.41565e-06,5.30243e-07) 54205.8 19841.8 0.0605126
subcontact = (-3.19465e-07,2.45,2.10399) 1743.78 (-75.9761,-552.731,-207.078) 1321 -1.86091e-06 (1.94591e-07,1.41566e-06,5.30369e-07) 58153.6 19846.6 0.0299858
subcontact = (-0.524,2.945,2.25999) 1064.29 (-45.9355,-336.533,-126.064) 1320 -1.86352e-06 (1.93034e-07,1.41421e-06,5.29758e-07) 58234.9 19823.7 0.0182758
subcontact = (-0.343,2.45,2.08699) 1640.28 (-69.4716,-505.083,-189.228) 1319 -1.9143e-06 (1.94586e-07,1.41471e-06,5.30017e-07) 59822 19833.5 0.0274194
subcontact = (-0.217,3.241,2.38499) 2358.75 (-106.842,-786.488,-294.591) 1318 -1.76846e-06 (1.9225e-07,1.41519e-06,5.30082e-07) 55264.3 19835.8 0.0426813
subcontact = (-0.213,2.45,2.09299) 2332.1 (-99.7951,-725.929,-271.966) 1317 -1.89409e-06 (1.94525e-07,1.41501e-06,5.30126e-07) 59190.5 19837.6 0.0394
contact = 18 1 24 22 (2.6725,2.6611,2.33319) (0.189032,0.217838,-0.957504)
subcontact = (2.94,2.108,2.25999) 2313.9 (-327.444,-413.745,-158.774) 1316 -1.50257e-06 (5.10315e-07,6.44814e-07,2.47446e-07) 46955.4 11181.5 0.0492788
subcontact = (2.45,2.203,2.18499) 3233.03 (-389.509,-512.76,-193.554) 1315 -1.78326e-06 (5.15626e-07,6.78783e-07,2.56223e-07) 55726.9 11589.8 0.0580155
subcontact = (3.469,3.16101,2.60399) 2995.62 (-728.255,-750.936,-314.616) 1314 -1.00505e-06 (5.86402e-07,6.04665e-07,2.53334e-07) 31407.8 11452.9 0.0953782
subcontact = (2.442,2.294,2.20399) 1165.14 (-142.938,-185.955,-70.5251) 1313 -1.77281e-06 (5.21969e-07,6.79053e-07,2.57537e-07) 55400.3 11645.4 0.0210313
subcontact = (3.31,3.31001,2.60699) 1688.8 (-390.184,-402.373,-168.573) 1312 -1.07618e-06 (5.96741e-07,6.15383e-07,2.57813e-07) 33630.5 11655.4 0.0502163
subcontact = (2.375,2.375,2.20899) 4206.23 (-513.557,-665.55,-252.804) 1311 -1.79977e-06 (5.27382e-07,6.83467e-07,2.5961e-07) 56242.9 11737.9 0.0747868
subcontact = (2.294,2.442,2.20899) 1508.53 (-182.092,-235.699,-89.5719) 1310 -1.83744e-06 (5.32302e-07,6.89012e-07,2.61842e-07) 57419.9 11838.5 0.026272
subcontact = (2.144,2.45,2.18099) 2715.23 (-312.522,-410.659,-155.126) 1309 -1.92694e-06 (5.32297e-07,6.99446e-07,2.64215e-07) 60217 11950.6 0.0450908
subcontact = (3.159,3.46801,2.61299) 2942.26 (-652.582,-671.983,-281.714) 1308 -1.14103e-06 (6.07385e-07,6.25442e-07,2.62203e-07) 35657.3 11854.3 0.0825149
subcontact = (2.142,2.8,2.25999) 1816.41 (-225.485,-282.809,-108.857) 1307 -1.86928e-06 (5.56918e-07,6.98501e-07,2.68861e-07) 58415.1 12147.5 0.0310948
subcontact = (2.442,2.294,2.20399) 1165.14 (-142.938,-185.955,-70.5251) 1306 -1.77281e-06 (5.21969e-07,6.79053e-07,2.57537e-07) 55400.3 11645.4 0.0210313
subcontact = (2.45,2.203,2.18499) 3233.03 (-389.509,-512.76,-193.554) 1305 -1.78326e-06 (5.15626e-07,6.78783e-07,2.56223e-07) 55726.9 11589.8 0.0580155
subcontact = (3.469,3.161,2.60399) 2995.62 (-728.255,-750.936,-314.616) 1304 -1.00505e-06 (5.86402e-07,6.04665e-07,2.53334e-07) 31407.8 11452.9 0.0953782
subcontact = (2.94,2.108,2.25999) 2313.9 (-327.444,-413.745,-158.774) 1303 -1.50257e-06 (5.10315e-07,6.44814e-07,2.47446e-07) 46955.4 11181.5 0.0492788
subcontact = (2.375,2.375,2.20899) 4206.23 (-513.557,-665.55,-252.804) 1302 -1.79977e-06 (5.27382e-07,6.83467e-07,2.5961e-07) 56242.9 11737.9 0.0747868
subcontact = (3.31,3.31,2.60699) 1688.8 (-390.184,-402.373,-168.573) 1301 -1.07618e-06 (5.96741e-07,6.15383e-07,2.57813e-07) 33630.5 11655.4 0.0502163
subcontact = (2.142,2.8,2.25999) 1816.41 (-225.485,-282.809,-108.857) 1300 -1.86928e-06 (5.56918e-07,6.98501e-07,2.68861e-07) 58415.1 12147.5 0.0310948
subcontact = (2.144,2.45,2.18099) 2715.23 (-312.522,-410.659,-155.126) 1299 -1.92694e-06 (5.32297e-07,6.99446e-07,2.64215e-07) 60217 11950.6 0.0450908
subcontact = (3.159,3.468,2.61299) 2942.26 (-652.582,-671.983,-281.714) 1298 -1.14104e-06 (6.07385e-07,6.25442e-07,2.62203e-07) 35657.3 11854.3 0.0825149
subcontact = (2.294,2.442,2.20899) 1508.53 (-182.092,-235.699,-89.5719) 1297 -1.83744e-06 (5.32302e-07,6.89012e-07,2.61842e-07) 57419.9 11838.5 0.026272
contact = 19 1 26 3 (2.40673,-2.81701,3.53424) (0.573438,-0.0708474,-0.81618)
subcontact = (3.116,-3.127,4.05999) 0 (0,0,0) 1296 2.00147e-08 (1.07347e-06,-3.95844e-07,7.88569e-07) 0 0 0.0417163
subcontact = (2.37,-2.38,3.46999) 2784.28 (-1047.02,228.835,-755.489) 1295 -1.30588e-06 (1.17108e-06,-2.52544e-07,8.44705e-07) 40808.7 19218.8 0.0682275
subcontact = (1.848,-3.072,3.16399) 5432.42 (-1045.06,158.762,-748.025) 1294 -2.37636e-06 (1.08952e-06,-1.61329e-07,7.79491e-07) 74261.2 17701.9 0.0731529
subcontact = (2.087,-2.45,3.27799) 4613.11 (-1218.76,214.052,-874.865) 1293 -1.84973e-06 (1.16527e-06,-2.00764e-07,8.36131e-07) 57804.2 18989.2 0.0798059
subcontact = (2.865,-3.423,3.90899) 2271.18 (-1480.53,498.651,-1083.49) 1292 -4.90956e-07 (1.03814e-06,-3.51755e-07,7.5992e-07) 15342.4 12843.1 0.148033
subcontact = (2.154,-2.45,3.32499) 1785.53 (-506.209,94.2771,-363.84) 1291 -1.72285e-06 (1.16469e-06,-2.1314e-07,8.36797e-07) 53839 19011.1 0.0331642
subcontact = (3.116,-3.127,4.05999) 0 (0,0,0) 1290 2.00137e-08 (1.07347e-06,-3.95844e-07,7.88569e-07) 0 0 0.0417163
subcontact = (2.37,-2.38,3.46999) 2784.28 (-1047.02,228.835,-755.489) 1289 -1.30588e-06 (1.17108e-06,-2.52544e-07,8.44705e-07) 40808.8 19218.8 0.0682275
subcontact = (2.154,-2.45,3.32499) 1785.53 (-506.209,94.277,-363.84) 1288 -1.72285e-06 (1.16469e-06,-2.1314e-07,8.36798e-07) 53839 19011.1 0.0331642
subcontact = (2.087,-2.45,3.27799) 4613.11 (-1218.76,214.052,-874.865) 1287 -1.84973e-06 (1.16527e-06,-2.00764e-07,8.36131e-07) 57804.2 18989.2 0.0798059
subcontact = (2.865,-3.423,3.90899) 2271.19 (-1480.53,498.652,-1083.49) 1286 -4.90957e-07 (1.03814e-06,-3.51755e-07,7.5992e-07) 15342.4 12843.1 0.148033
subcontact = (1.848,-3.072,3.16399) 5432.42 (-1045.06,158.762,-748.025) 1285 -2.37636e-06 (1.08952e-06,-1.61329e-07,7.79491e-07) 74261.2 17701.9 0.0731529
contact = 20 1 26 4 (1.78572,-2.6937,4.56907) (-0.838925,0.0471269,0.542203)
subcontact = (2.031,-2.884,4.96499) 223.551 (96.0063,-49.6258,152.859) 1284 -5.19088e-07 (-5.57135e-07,2.99036e-07,-8.8802e-07) 16221.5 13584.1 0.0137812
subcontact = (2.033,-2.826,4.96299) 154.981 (66.6561,-33.8421,106.075) 1283 -5.09037e-07 (-5.67749e-07,2.98841e-07,-9.04426e-07) 15907.4 13319.7 0.00974269
subcontact = (1.778,-2.45,4.53499) 372.546 (142.914,-28.8955,223.636) 1282 -7.30839e-07 (-6.43068e-07,1.31424e-07,-1.00641e-06) 22838.7 16366.4 0.016312
subcontact = (1.905,-2.45,4.73199) 136.635 (60.4502,-19.414,95.2192) 1281 -5.94694e-07 (-6.40029e-07,2.10227e-07,-1.00856e-06) 18584.2 15566.2 0.00735219
subcontact = (2.018,-2.957,4.95099) 251.91 (108.196,-55.9931,172.273) 1280 -5.43099e-07 (-5.43987e-07,2.92729e-07,-8.67128e-07) 16971.9 14215.4 0.0148428
subcontact = (1.679,-2.45,4.38299) 682.974 (229.13,-25.2848,356.719) 1279 -8.36211e-07 (-6.45686e-07,7.02853e-08,-1.00515e-06) 26131.6 16250.5 0.026136
subcontact = (1.631,-2.45,4.30799) 557.895 (176.253,-11.5377,273.71) 1278 -8.8793e-07 (-6.46749e-07,4.04006e-08,-1.00419e-06) 27747.8 16201.9 0.0201059
subcontact = (1.473,-2.45,4.06499) 2188.92 (581.753,47.3454,896.003) 1277 -1.0563e-06 (-6.50862e-07,-5.72508e-08,-1.00207e-06) 33009.3 16126 0.066312
subcontact = (1.975,-3.086,4.89699) 1535.35 (583.293,-290.287,927.732) 1276 -6.06128e-07 (-5.21518e-07,2.69492e-07,-8.30344e-07) 18941.5 13985.9 0.0810573
subcontact = (1.334,-2.934,3.89199) 2023.3 (388.37,86.2343,593.411) 1275 -1.27127e-06 (-5.65225e-07,-1.31513e-07,-8.63115e-07) 39727.2 14027.6 0.0509299
subcontact = (1.905,-2.45,4.73199) 136.635 (60.4502,-19.414,95.2191) 1274 -5.94694e-07 (-6.40029e-07,2.10227e-07,-1.00856e-06) 18584.2 15566.2 0.00735219
subcontact = (2.033,-2.826,4.96299) 154.981 (66.656,-33.8421,106.075) 1273 -5.09037e-07 (-5.67749e-07,2.98842e-07,-9.04426e-07) 15907.4 13319.7 0.00974269
subcontact = (1.778,-2.45,4.53499) 372.546 (142.914,-28.8955,223.636) 1272 -7.30839e-07 (-6.43068e-07,1.31424e-07,-1.00641e-06) 22838.7 16366.4 0.016312
subcontact = (2.031,-2.884,4.96499) 223.551 (96.0062,-49.6258,152.859) 1271 -5.19088e-07 (-5.57135e-07,2.99036e-07,-8.8802e-07) 16221.5 13584.1 0.0137812
subcontact = (2.018,-2.957,4.95099) 251.91 (108.196,-55.9932,172.273) 1270 -5.43099e-07 (-5.43987e-07,2.92729e-07,-8.67128e-07) 16971.8 14215.4 0.0148428
subcontact = (1.679,-2.45,4.38299) 682.974 (229.13,-25.2848,356.719) 1269 -8.36211e-07 (-6.45686e-07,7.02855e-08,-1.00515e-06) 26131.6 16250.5 0.026136
subcontact = (1.334,-2.934,3.89199) 2023.3 (388.37,86.2342,593.411) 1268 -1.27127e-06 (-5.65225e-07,-1.31512e-07,-8.63115e-07) 39727.2 14027.6 0.0509299
subcontact = (1.473,-2.45,4.06499) 2188.91 (581.753,47.3452,896.003) 1267 -1.0563e-06 (-6.50862e-07,-5.72506e-08,-1.00207e-06) 33009.3 16126 0.066312
subcontact = (1.975,-3.086,4.89699) 1535.34 (583.293,-290.288,927.732) 1266 -6.06127e-07 (-5.21518e-07,2.69492e-07,-8.30344e-07) 18941.5 13985.9 0.0810573
subcontact = (1.631,-2.45,4.30799) 557.895 (176.253,-11.5378,273.71) 1265 -8.8793e-07 (-6.46749e-07,4.04008e-08,-1.00419e-06) 27747.8 16201.9 0.0201059
contact = 21 1 27 24 (2.74701,2.43769,3.5483) (0.0714197,0.573576,-0.816033)
subcontact = (3.031,3.03101,3.98999) 373.61 (-70.892,-225.599,-164.774) 1264 -4.02158e-07 (2.2595e-07,7.09146e-07,5.18222e-07) 12567.4 9695.14 0.0297284
subcontact = (2.375,2.37501,3.47199) 1336.71 (-85.9051,-476.667,-342.559) 1263 -9.0473e-07 (1.36588e-07,7.70788e-07,5.53728e-07) 28272.8 12547.7 0.0472791
subcontact = (2.91,2.04401,3.28599) 1064.84 (-51.5022,-378.156,-270.307) 1262 -8.55754e-07 (9.60312e-08,7.25241e-07,5.18164e-07) 26742.3 11745.1 0.0398186
subcontact = (2.45,2.13401,3.30899) 1436.98 (-66.4314,-470.603,-336.593) 1261 -9.79004e-07 (1.05346e-07,7.65423e-07,5.47222e-07) 30593.9 12399.3 0.0469694
subcontact = (3.266,2.82201,3.86399) 1198.92 (-206.668,-726.28,-528.577) 1260 -4.07068e-07 (1.99933e-07,6.89568e-07,5.02184e-07) 12720.9 9779.79 0.0942485
subcontact = (2.45,2.22001,3.36899) 728.119 (-38.477,-247.248,-177.154) 1259 -9.43256e-07 (1.1647e-07,7.64865e-07,5.47804e-07) 29476.8 12411.7 0.0247015
subcontact = (3.031,3.03101,3.98999) 373.61 (-70.8921,-225.599,-164.774) 1258 -4.02158e-07 (2.2595e-07,7.09146e-07,5.18222e-07) 12567.4 9695.14 0.0297284
subcontact = (2.375,2.37501,3.47199) 1336.71 (-85.9051,-476.667,-342.559) 1257 -9.04731e-07 (1.36588e-07,7.70788e-07,5.53728e-07) 28272.8 12547.7 0.0472791
subcontact = (2.45,2.22001,3.36899) 728.119 (-38.477,-247.248,-177.154) 1256 -9.43256e-07 (1.1647e-07,7.64865e-07,5.47804e-07) 29476.8 12411.7 0.0247015
subcontact = (2.45,2.13401,3.30899) 1436.98 (-66.4313,-470.603,-336.593) 1255 -9.79004e-07 (1.05346e-07,7.65423e-07,5.47222e-07) 30593.9 12399.3 0.0469694
subcontact = (3.266,2.82201,3.86399) 1198.92 (-206.668,-726.28,-528.577) 1254 -4.07068e-07 (1.99933e-07,6.89568e-07,5.02184e-07) 12720.9 9779.79 0.0942485
subcontact = (2.91,2.04401,3.28599) 1064.84 (-51.5021,-378.156,-270.307) 1253 -8.55754e-07 (9.60312e-08,7.25241e-07,5.18164e-07) 26742.3 11745.1 0.0398186
contact = 22 1 28 19 (2.82067,0.282486,3.4908) (0.0710088,-0.573279,-0.816277)
subcontact = (3.279,3.21802e-06,3.72899) 601.417 (-102.583,400.112,-289.926) 1252 -3.2834e-07 (1.95367e-07,-7.48207e-07,5.42468e-07) 10260.6 8609.68 0.0586141
subcontact = (2.45,3.38473e-06,3.65699) 504.829 (-70.7464,337.589,-243.246) 1251 -5.30109e-07 (1.85729e-07,-9.07787e-07,6.53704e-07) 16565.9 13850.1 0.030474
subcontact = (2.45,0.360003,3.40399) 2062.57 (-74.9011,763.075,-542.43) 1250 -1.02695e-06 (8.30319e-08,-9.11863e-07,6.47633e-07) 32092.1 14613.5 0.0642702
subcontact = (2.45,0.423003,3.35999) 963.538 (-25.8628,329.032,-233.332) 1249 -1.11371e-06 (6.51386e-08,-9.12777e-07,6.46718e-07) 34803.5 14599.8 0.0276851
subcontact = (3.331,0.310003,3.51599) 1296.7 (-82.6727,539.308,-385.953) 1248 -7.43289e-07 (1.07637e-07,-7.41959e-07,5.30448e-07) 23227.8 11971.6 0.0558252
subcontact = (2.964,0.602003,3.27899) 850.558 (-7.72546,234.045,-165.044) 1247 -1.23555e-06 (2.00958e-08,-8.15974e-07,5.74814e-07) 38610.9 13005.1 0.022029
subcontact = (2.45,3.98862e-06,3.65699) 504.83 (-70.7464,337.59,-243.247) 1246 -5.30109e-07 (1.85728e-07,-9.07787e-07,6.53704e-07) 16565.9 13850.1 0.030474
subcontact = (3.279,3.778e-06,3.72899) 601.419 (-102.583,400.113,-289.927) 1245 -3.2834e-07 (1.95367e-07,-7.48207e-07,5.42468e-07) 10260.6 8609.69 0.0586141
subcontact = (2.964,0.602003,3.27899) 850.558 (-7.72544,234.045,-165.044) 1244 -1.23555e-06 (2.00957e-08,-8.15974e-07,5.74814e-07) 38610.9 13005.1 0.022029
subcontact = (2.45,0.423003,3.35999) 963.538 (-25.8628,329.032,-233.332) 1243 -1.11371e-06 (6.51385e-08,-9.12777e-07,6.46718e-07) 34803.5 14599.8 0.0276851
subcontact = (3.331,0.310003,3.51599) 1296.7 (-82.6726,539.308,-385.953) 1242 -7.4329e-07 (1.07636e-07,-7.41959e-07,5.30448e-07) 23227.8 11971.6 0.0558252
subcontact = (2.45,0.360003,3.40399) 2062.57 (-74.9011,763.075,-542.43) 1241 -1.02695e-06 (8.30318e-08,-9.11863e-07,6.47633e-07) 32092.1 14613.5 0.0642702
contact = 23 1 29 27 (2.62681,1.90602,4.55775) (0.0283052,0.949048,-0.313858)
subcontact = (2.45,1.94101,4.64899) 41.076 (-3.65583,-10.6103,-32.4133) 1240 -4.81102e-07 (8.55509e-07,2.07397e-06,6.34846e-06) 15034.5 12554.7 0.00273212
subcontact = (2.695,2.02101,4.91299) 61.1758 (-5.859,-15.7513,-48.1572) 1239 -4.28684e-07 (9.81059e-07,2.03555e-06,6.24359e-06) 13396.4 11169.3 0.00456659
subcontact = (2.45,1.89901,4.52199) 103.059 (-8.74372,-26.6663,-81.4223) 1238 -4.32694e-07 (7.9461e-07,2.07561e-06,6.34792e-06) 13521.7 11299.5 0.00762179
subcontact = (2.748,2.02001,4.91199) 98.7889 (-9.38421,-25.4365,-77.7615) 1237 -3.95314e-07 (9.79947e-07,2.0281e-06,6.22096e-06) 12353.6 10298.2 0.00799679
subcontact = (2.813,2.01501,4.90399) 100.011 (-9.37004,-25.7539,-78.72) 1236 -3.51607e-07 (9.76019e-07,2.01886e-06,6.19266e-06) 10987.7 9157.69 0.00910209
subcontact = (2.45,1.86101,4.40499) 240.151 (-19.5093,-62.2398,-189.961) 1235 -3.88188e-07 (7.38196e-07,2.07721e-06,6.34765e-06) 12130.9 10145.5 0.0197967
subcontact = (2.837,1.73901,4.07099) 16.4053 (-1.47874,-4.25737,-13.0068) 1234 -1.91284e-08 (5.76386e-07,2.02619e-06,6.17879e-06) 597.761 501.576 0.0274445
subcontact = (2.45,1.76301,4.10999) 276.681 (-20.2746,-72.0597,-219.723) 1233 -2.75687e-07 (5.96933e-07,2.08095e-06,6.34624e-06) 8615.21 7227.84 0.0321154
subcontact = (2.925,2.00001,4.86999) 384.053 (-34.6929,-98.9402,-302.305) 1232 -2.68629e-07 (9.59423e-07,2.00323e-06,6.14392e-06) 8394.65 6993.93 0.0457497
subcontact = (2.45,1.80001,4.22199) 122.476 (-9.32089,-31.8322,-97.0951) 1231 -3.18372e-07 (6.50658e-07,2.07951e-06,6.34671e-06) 9949.13 8334.87 0.0123102
subcontact = (2.748,2.02001,4.91198) 98.7887 (-9.38418,-25.4365,-77.7614) 1230 -3.95313e-07 (9.79946e-07,2.0281e-06,6.22096e-06) 12353.5 10298.2 0.00799679
subcontact = (2.695,2.02101,4.91298) 61.1757 (-5.85898,-15.7512,-48.1571) 1229 -4.28684e-07 (9.81058e-07,2.03555e-06,6.24359e-06) 13396.4 11169.2 0.00456659
subcontact = (2.45,1.89901,4.52199) 103.059 (-8.74369,-26.6662,-81.4221) 1228 -4.32694e-07 (7.94609e-07,2.07561e-06,6.34792e-06) 13521.7 11299.5 0.00762179
subcontact = (2.45,1.94101,4.64899) 41.0759 (-3.65582,-10.6103,-32.4132) 1227 -4.81102e-07 (8.55508e-07,2.07397e-06,6.34846e-06) 15034.4 12554.7 0.00273212
subcontact = (2.813,2.01501,4.90398) 100.011 (-9.37,-25.7539,-78.7199) 1226 -3.51606e-07 (9.76018e-07,2.01886e-06,6.19266e-06) 10987.7 9157.67 0.00910209
subcontact = (2.45,1.86101,4.40499) 240.151 (-19.5093,-62.2397,-189.96) 1225 -3.88187e-07 (7.38195e-07,2.07721e-06,6.34765e-06) 12130.9 10145.5 0.0197967
subcontact = (2.45,1.80001,4.22199) 122.476 (-9.32085,-31.8321,-97.0949) 1224 -3.18371e-07 (6.50657e-07,2.07951e-06,6.34671e-06) 9949.1 8334.85 0.0123102
subcontact = (2.45,1.763,4.10999) 276.68 (-20.2746,-72.0595,-219.723) 1223 -2.75686e-07 (5.96932e-07,2.08095e-06,6.34624e-06) 8615.18 7227.82 0.0321154
subcontact = (2.925,2.00001,4.86999) 384.052 (-34.6928,-98.94,-302.304) 1222 -2.68628e-07 (9.59422e-07,2.00323e-06,6.14392e-06) 8394.63 6993.91 0.0457497
subcontact = (2.837,1.739,4.07099) 16.4046 (-1.47869,-4.25719,-13.0063) 1221 -1.91276e-08 (5.76385e-07,2.02619e-06,6.17879e-06) 597.737 501.555 0.0274445
contact = 24 1 29 28 (2.6493,0.828357,4.55967) (0.0268379,-0.949347,-0.313082)
subcontact = (2.817,0.731006,4.86899) 103.308 (-5.65543,24.1416,-73.6884) 1220 -3.97814e-07 (5.30681e-08,-2.12221e-07,6.48059e-07) 12431.7 9355.9 0.00831007
subcontact = (2.78,0.721006,4.89499) 59.4476 (-3.62149,13.7146,-41.8967) 1219 -4.05858e-07 (6.1551e-08,-2.15574e-07,6.58952e-07) 12683.1 9437.01 0.00468717
subcontact = (2.45,0.823006,4.55799) 85.1102 (3.01783,21.6105,-65.27) 1218 -3.26755e-07 (-4.58877e-08,-2.4987e-07,7.53737e-07) 10211.1 8256.78 0.00833506
subcontact = (2.45,0.791006,4.65599) 31.2525 (0.299982,7.91269,-23.9676) 1217 -3.52667e-07 (-1.44108e-08,-2.49043e-07,7.53927e-07) 11020.8 8901.22 0.00283576
subcontact = (2.864,0.743006,4.83599) 201.502 (-9.34398,47.8889,-146.012) 1216 -3.87658e-07 (4.23489e-08,-2.08014e-07,6.34383e-07) 12114.3 9255.43 0.0166334
subcontact = (2.45,0.861006,4.44499) 123.265 (8.00494,31.1944,-93.9034) 1215 -2.96791e-07 (-8.22582e-08,-2.50741e-07,7.53259e-07) 9274.71 7469.47 0.0132904
subcontact = (2.45,0.923005,4.25699) 135.62 (14.8911,33.3057,-99.715) 1214 -2.47035e-07 (-1.42685e-07,-2.52281e-07,7.52751e-07) 7719.84 6044.03 0.0175677
subcontact = (2.45,0.951005,4.17199) 174.753 (22.6066,42.0462,-125.557) 1213 -2.24542e-07 (-1.70003e-07,-2.5298e-07,7.52529e-07) 7016.92 5393.64 0.0249046
subcontact = (2.952,0.769006,4.76699) 365.444 (-9.62506,90.1945,-274.318) 1212 -3.66642e-07 (1.98813e-08,-2.0011e-07,6.08489e-07) 11457.6 9058.54 0.0318954
subcontact = (2.83,0.971005,4.14199) 135.565 (22.8614,34.7894,-103.531) 1211 -2.05019e-07 (-1.80629e-07,-2.16946e-07,6.42351e-07) 6406.83 5273.61 0.0211595
subcontact = (2.45,0.791006,4.65599) 31.2525 (0.299985,7.91269,-23.9676) 1210 -3.52667e-07 (-1.44108e-08,-2.49043e-07,7.53927e-07) 11020.8 8901.22 0.00283576
subcontact = (2.78,0.721006,4.89499) 59.4475 (-3.62148,13.7146,-41.8967) 1209 -4.05858e-07 (6.15509e-08,-2.15574e-07,6.58952e-07) 12683 9437.01 0.00468717
subcontact = (2.45,0.823006,4.55799) 85.1102 (3.01783,21.6105,-65.27) 1208 -3.26755e-07 (-4.58878e-08,-2.4987e-07,7.53737e-07) 10211.1 8256.77 0.00833506
subcontact = (2.817,0.731006,4.86899) 103.308 (-5.65542,24.1416,-73.6884) 1207 -3.97814e-07 (5.3068e-08,-2.12221e-07,6.48059e-07) 12431.7 9355.9 0.00831007
subcontact = (2.45,0.861006,4.44499) 123.265 (8.00495,31.1944,-93.9033) 1206 -2.96791e-07 (-8.22583e-08,-2.50741e-07,7.53259e-07) 9274.71 7469.47 0.0132904
subcontact = (2.864,0.743006,4.83599) 201.502 (-9.34396,47.8889,-146.012) 1205 -3.87658e-07 (4.23488e-08,-2.08014e-07,6.34383e-07) 12114.3 9255.43 0.0166334
subcontact = (2.83,0.971005,4.14199) 135.565 (22.8614,34.7894,-103.531) 1204 -2.05019e-07 (-1.80629e-07,-2.16946e-07,6.42351e-07) 6406.83 5273.61 0.0211595
subcontact = (2.45,0.951005,4.17199) 174.753 (22.6066,42.0462,-125.557) 1203 -2.24541e-07 (-1.70003e-07,-2.5298e-07,7.52529e-07) 7016.92 5393.63 0.0249046
subcontact = (2.952,0.769006,4.76699) 365.444 (-9.62503,90.1945,-274.318) 1202 -3.66642e-07 (1.98812e-08,-2.0011e-07,6.08489e-07) 11457.6 9058.54 0.0318954
subcontact = (2.45,0.923005,4.25699) 135.62 (14.8911,33.3057,-99.715) 1201 -2.47035e-07 (-1.42685e-07,-2.52281e-07,7.52751e-07) 7719.84 6044.02 0.0175677
contact = 25 1 30 24 (2.42165,2.72786,3.53529) (0.574611,0.0703772,-0.815395)
subcontact = (3.031,3.03101,3.98999) 285.09 (-186.9,-47.1782,-135.781) 1200 -3.03585e-07 (7.58043e-07,2.03826e-07,5.51787e-07) 9487.02 7846.23 0.0300505
subcontact = (2.375,2.37501,3.47199) 1261.41 (-480.769,-117.439,-348.935) 1199 -8.44866e-07 (7.70613e-07,1.86081e-07,5.59113e-07) 26402.1 12674.4 0.0477771
subcontact = (2.216,2.45001,3.36699) 894.933 (-315.58,-75.701,-228.924) 1198 -9.12244e-07 (7.69623e-07,1.82106e-07,5.58072e-07) 28507.6 12651 0.0313927
subcontact = (2.051,2.45001,3.25099) 1300.47 (-417.177,-97.9382,-302.438) 1197 -1.00345e-06 (7.6988e-07,1.77829e-07,5.57884e-07) 31357.7 12647 0.0414721
subcontact = (2.812,3.26101,3.85699) 1008.79 (-643.153,-159.799,-467.023) 1196 -3.617e-07 (7.54639e-07,1.98635e-07,5.4894e-07) 11303.1 9083.95 0.0892492
subcontact = (2.044,2.80001,3.27599) 792.547 (-277.401,-65.6561,-201.152) 1195 -9.12089e-07 (7.63615e-07,1.7796e-07,5.53481e-07) 28502.8 12547.3 0.027806
subcontact = (3.031,3.03101,3.98999) 285.09 (-186.9,-47.1782,-135.781) 1194 -3.03585e-07 (7.58043e-07,2.03826e-07,5.51787e-07) 9487.02 7846.24 0.0300505
subcontact = (2.375,2.37501,3.47199) 1261.41 (-480.769,-117.439,-348.935) 1193 -8.44866e-07 (7.70613e-07,1.86081e-07,5.59113e-07) 26402.1 12674.4 0.0477771
subcontact = (2.044,2.80001,3.27599) 792.548 (-277.401,-65.6561,-201.152) 1192 -9.12089e-07 (7.63615e-07,1.7796e-07,5.53481e-07) 28502.8 12547.3 0.027806
subcontact = (2.051,2.45001,3.25099) 1300.47 (-417.177,-97.9382,-302.438) 1191 -1.00345e-06 (7.6988e-07,1.77829e-07,5.57884e-07) 31357.7 12647 0.0414721
subcontact = (2.812,3.26101,3.85699) 1008.79 (-643.153,-159.799,-467.023) 1190 -3.617e-07 (7.54639e-07,1.98635e-07,5.4894e-07) 11303.1 9083.95 0.0892492
subcontact = (2.216,2.45001,3.36699) 894.933 (-315.58,-75.701,-228.924) 1189 -9.12244e-07 (7.69623e-07,1.82106e-07,5.58072e-07) 28507.6 12651 0.0313927
contact = 26 1 30 25 (1.87837,2.6202,4.43453) (-0.94887,-0.0288735,0.314344)
subcontact = (1.922,2.45001,4.54998) 74.829 (18.8007,13.7408,58.0133) 1188 -8.88762e-07 (-2.23574e-06,-1.70486e-06,-6.90534e-06) 27773.8 23202.4 0.00269423
subcontact = (1.879,2.45001,4.41998) 157.534 (39.7977,26.3463,122.552) 1187 -7.28243e-07 (-2.24037e-06,-1.53676e-06,-6.90388e-06) 22757.6 18999.3 0.00692228
subcontact = (1.982,2.74001,4.75798) 98.3075 (24.372,21.0507,75.5023) 1186 -4.84708e-07 (-2.11647e-06,-1.97038e-06,-6.5697e-06) 15147.1 12647.4 0.00649017
subcontact = (1.978,2.68601,4.74298) 71.9497 (17.8627,15.2352,55.3193) 1185 -5.88957e-07 (-2.13756e-06,-1.95282e-06,-6.63174e-06) 18404.9 15372.4 0.00390927
subcontact = (1.839,2.45001,4.30198) 199.919 (50.7189,30.4678,155.897) 1184 -5.82123e-07 (-2.24418e-06,-1.38588e-06,-6.90153e-06) 18191.3 15172.9 0.0109898
subcontact = (1.985,2.80601,4.77298) 159.066 (39.3663,34.4057,121.99) 1183 -3.52839e-07 (-2.09049e-06,-1.98892e-06,-6.493e-06) 11026.2 9200.11 0.0144261
subcontact = (1.715,2.80001,3.95598) 0 (0,0,0) 1182 6.42266e-07 (-2.12195e-06,-9.32425e-07,-6.49091e-06) 0 0 0.0251211
subcontact = (1.723,2.45001,3.94798) 146.261 (37.0663,15.6281,113.323) 1181 -1.45487e-07 (-2.25725e-06,-9.26195e-07,-6.89873e-06) 4546.46 3737.95 0.0321702
subcontact = (1.983,2.92001,4.77598) 117.004 (28.777,24.8463,89.1477) 1180 -9.69487e-08 (-2.04661e-06,-1.99062e-06,-6.36068e-06) 3029.65 2509.51 0.0386196
subcontact = (1.779,2.45001,4.11898) 213.98 (54.5225,27.6139,167.117) 1179 -3.5639e-07 (-2.25092e-06,-1.14831e-06,-6.90005e-06) 11137.2 9261.48 0.0192131
subcontact = (1.922,2.45001,4.54999) 74.8291 (18.8007,13.7409,58.0134) 1178 -8.88764e-07 (-2.23574e-06,-1.70486e-06,-6.90534e-06) 27773.9 23202.5 0.00269423
subcontact = (1.978,2.68601,4.74299) 71.9498 (17.8627,15.2352,55.3194) 1177 -5.88958e-07 (-2.13755e-06,-1.95282e-06,-6.63174e-06) 18404.9 15372.5 0.00390927
subcontact = (1.982,2.74001,4.75799) 98.3077 (24.3721,21.0508,75.5024) 1176 -4.8471e-07 (-2.11647e-06,-1.97038e-06,-6.5697e-06) 15147.2 12647.4 0.00649017
subcontact = (1.879,2.45001,4.41999) 157.535 (39.7978,26.3465,122.553) 1175 -7.28245e-07 (-2.24037e-06,-1.53676e-06,-6.90388e-06) 22757.7 18999.3 0.00692228
subcontact = (1.985,2.80601,4.77299) 159.066 (39.3664,34.4059,121.991) 1174 -3.52841e-07 (-2.09049e-06,-1.98892e-06,-6.493e-06) 11026.3 9200.14 0.0144261
subcontact = (1.839,2.45001,4.30199) 199.92 (50.7191,30.468,155.898) 1173 -5.82125e-07 (-2.24418e-06,-1.38588e-06,-6.90152e-06) 18191.4 15173 0.0109898
subcontact = (1.779,2.45001,4.11899) 213.981 (54.5229,27.6142,167.118) 1172 -3.56392e-07 (-2.25092e-06,-1.14831e-06,-6.90005e-06) 11137.3 9261.54 0.0192131
subcontact = (1.723,2.45001,3.94799) 146.263 (37.0669,15.6285,113.325) 1171 -1.45489e-07 (-2.25725e-06,-9.26199e-07,-6.89873e-06) 4546.54 3738.01 0.0321702
subcontact = (1.983,2.92001,4.77599) 117.005 (28.7773,24.8467,89.1488) 1170 -9.69499e-08 (-2.04661e-06,-1.99062e-06,-6.36068e-06) 3029.68 2509.54 0.0386196
subcontact = (1.715,2.80001,3.95599) 0 (0,0,0) 1169 6.42264e-07 (-2.12195e-06,-9.32429e-07,-6.49091e-06) 0 0 0.0251211
contact = 27 1 30 27 (2.6125,2.61251,4.19882) (0.707107,-0.707107,0)
subcontact = (3.031,3.03101,3.98999) 0 (0,0,0) 1168 4.82522e-07 (4.51778e-08,4.51778e-08,-4.70672e-08) 0 0 0.0496118
subcontact = (2.375,2.37501,3.47199) 0 (0,0,0) 1167 2.3929e-07 (4.39686e-08,4.39686e-08,-4.40047e-08) 0 0 0.0902047
subcontact = (2.375,2.37501,4.51299) 0 (0,0,0) 1166 3.87053e-07 (4.63987e-08,4.63987e-08,-4.40046e-08) 0 0 0.00891897
subcontact = (2.727,2.72701,4.47699) 0 (0,0,0) 1165 4.73004e-07 (4.63146e-08,4.63146e-08,-4.56479e-08) 0 0 0.0117006
subcontact = (2.792,2.79201,4.44299) 0 (0,0,0) 1164 4.84994e-07 (4.62353e-08,4.62353e-08,-4.59514e-08) 0 0 0.0929863
subcontact = (2.375,2.37501,4.29799) 0 (0,0,0) 1163 3.56535e-07 (4.58968e-08,4.58968e-08,-4.40046e-08) 0 0 0.0522935
subcontact = (2.375,2.37501,3.47199) 0 (0,0,0) 1162 2.3929e-07 (4.39686e-08,4.39686e-08,-4.40047e-08) 0 0 0.0902047
subcontact = (3.031,3.03101,3.98999) 0 (0,0,0) 1161 4.82522e-07 (4.51778e-08,4.51778e-08,-4.70672e-08) 0 0 0.0496118
subcontact = (2.375,2.37501,4.51299) 0 (0,0,0) 1160 3.87053e-07 (4.63987e-08,4.63987e-08,-4.40046e-08) 0 0 0.00891897
subcontact = (2.375,2.37501,4.29799) 0 (0,0,0) 1159 3.56535e-07 (4.58968e-08,4.58968e-08,-4.40046e-08) 0 0 0.0522935
subcontact = (2.792,2.79201,4.44299) 0 (0,0,0) 1158 4.84994e-07 (4.62353e-08,4.62353e-08,-4.59514e-08) 0 0 0.0929863
subcontact = (2.727,2.72701,4.47699) 0 (0,0,0) 1157 4.73004e-07 (4.63146e-08,4.63146e-08,-4.56479e-08) 0 0 0.0117006
contact = 28 1 31 19 (2.82216,-0.278901,3.49359) (0.0708493,0.574047,-0.815751)
subcontact = (2.45,3.38473e-06,3.65699) 677.603 (-104.137,-393.479,-285.937) 1156 -7.29462e-07 (2.63292e-07,1.01659e-06,7.38248e-07) 22795.7 16734.2 0.0297251
subcontact = (3.279,3.21802e-06,3.72899) 633.366 (-139.642,-411.858,-301.954) 1155 -3.51097e-07 (2.77003e-07,7.90561e-07,5.80379e-07) 10971.8 9171.41 0.0577269
subcontact = (2.968,-0.594997,3.28399) 884.667 (-10.9034,-251.713,-178.079) 1154 -1.29706e-06 (3.14773e-08,8.857e-07,6.26004e-07) 40533 14136 0.0218258
subcontact = (2.45,-0.419997,3.36199) 1136.79 (-36.6279,-373.957,-266.336) 1153 -1.29697e-06 (9.3637e-08,1.02393e-06,7.28676e-07) 40530.3 16420.6 0.028048
subcontact = (3.336,-0.306997,3.51899) 1295.2 (-117.099,-569.899,-411.21) 1152 -7.39453e-07 (1.54287e-07,7.80859e-07,5.62894e-07) 23107.9 12711.1 0.0560498
subcontact = (2.45,-0.350997,3.40999) 2406.17 (-106.399,-851.343,-608.334) 1151 -1.20404e-06 (1.21269e-07,1.0224e-06,7.29999e-07) 37626.3 16446.7 0.0639491
subcontact = (3.279,2.62901e-06,3.72899) 633.367 (-139.643,-411.859,-301.955) 1150 -3.51097e-07 (2.77003e-07,7.90562e-07,5.80379e-07) 10971.8 9171.42 0.0577269
subcontact = (2.45,2.78688e-06,3.65699) 677.604 (-104.137,-393.479,-285.937) 1149 -7.29463e-07 (2.63292e-07,1.01659e-06,7.38248e-07) 22795.7 16734.2 0.0297251
subcontact = (2.45,-0.350997,3.40999) 2406.17 (-106.399,-851.343,-608.334) 1148 -1.20404e-06 (1.21269e-07,1.0224e-06,7.29999e-07) 37626.3 16446.7 0.0639491
subcontact = (2.45,-0.419997,3.36199) 1136.8 (-36.6279,-373.957,-266.336) 1147 -1.29697e-06 (9.36369e-08,1.02393e-06,7.28676e-07) 40530.3 16420.6 0.028048
subcontact = (3.336,-0.306997,3.51899) 1295.2 (-117.099,-569.899,-411.21) 1146 -7.39454e-07 (1.54287e-07,7.80859e-07,5.62894e-07) 23107.9 12711.1 0.0560498
subcontact = (2.968,-0.594997,3.28399) 884.667 (-10.9033,-251.713,-178.079) 1145 -1.29706e-06 (3.14772e-08,8.857e-07,6.26004e-07) 40533.1 14136 0.0218258
contact = 29 1 31 28 (2.7935,3.28243e-06,4.20366) (0,1,0)
subcontact = (2.45,3.98862e-06,3.65699) 0 (0,0,0) 1144 1.20173e-06 (6.35244e-08,0,2.46887e-07) 0 0 0.0473912
subcontact = (3.279,3.778e-06,3.72899) 0 (0,0,0) 1143 1.14899e-06 (8.00771e-08,0,5.63019e-08) 0 0 0.0875707
subcontact = (2.45,5.71723e-06,4.49399) 0 (0,0,0) 1142 3.03405e-06 (2.55949e-07,0,2.46885e-07) 0 0 0.00757517
subcontact = (3.052,5.55336e-06,4.54099) 0 (0,0,0) 1141 2.98418e-06 (2.66755e-07,0,1.08487e-07) 0 0 0.012201
subcontact = (2.45,5.40537e-06,4.34299) 0 (0,0,0) 1140 2.70349e-06 (2.21235e-07,0,2.46886e-07) 0 0 0.0997717
subcontact = (3.08,5.36981e-06,4.45799) 0 (0,0,0) 1139 2.79537e-06 (2.47673e-07,0,1.0205e-07) 0 0 0.0448054
subcontact = (3.279,2.62901e-06,3.72899) 0 (0,0,0) 1138 1.14899e-06 (8.00771e-08,0,5.63019e-08) 0 0 0.0875707
subcontact = (2.45,2.78688e-06,3.65699) 0 (0,0,0) 1137 1.20173e-06 (6.35244e-08,0,2.46887e-07) 0 0 0.0473912
subcontact = (3.08,2.57444e-06,4.45799) 0 (0,0,0) 1136 2.79537e-06 (2.47673e-07,0,1.0205e-07) 0 0 0.0448054
subcontact = (3.052,2.56919e-06,4.54099) 0 (0,0,0) 1135 2.98418e-06 (2.66755e-07,0,1.08487e-07) 0 0 0.012201
subcontact = (2.45,2.70189e-06,4.34299) 0 (0,0,0) 1134 2.70349e-06 (2.21235e-07,0,2.46886e-07) 0 0 0.0997717
subcontact = (2.45,2.68318e-06,4.49399) 0 (0,0,0) 1133 3.03405e-06 (2.55949e-07,0,2.46885e-07) 0 0 0.00757517
contact = 30 1 32 31 (2.6515,-0.81914,4.6785) (0.0272845,0.949351,-0.313029)
subcontact = (2.45,-0.771997,4.80399) 36.967 (-2.65096,-9.57479,-29.2694) 1132 -4.21408e-07 (1.93179e-07,6.68997e-07,2.04576e-06) 13169 11011.1 0.00280713
subcontact = (2.787,-0.706997,5.02899) 63.0506 (-11.2899,-15.8655,-49.1006) 1131 -4.41985e-07 (4.39928e-07,5.51273e-07,1.71024e-06) 13812 11571.1 0.00456491
subcontact = (2.45,-0.802997,4.70899) 100.057 (-3.60862,-26.0754,-79.3956) 1130 -3.90297e-07 (8.77427e-08,6.71763e-07,2.04496e-06) 12196.8 10196.3 0.00820353
subcontact = (2.823,-0.716997,5.00399) 109.394 (-18.7159,-27.6138,-85.3781) 1129 -4.28029e-07 (4.11692e-07,5.40034e-07,1.67369e-06) 13375.9 11207.9 0.00817847
subcontact = (2.45,-0.839997,4.59799) 146.423 (0.809102,-38.3412,-116.21) 1128 -3.53868e-07 (-3.55935e-08,6.74919e-07,2.04378e-06) 11058.4 9242.1 0.013241
subcontact = (2.87,-0.728997,4.96999) 213.879 (-34.1349,-54.2228,-167.421) 1127 -4.09515e-07 (3.73593e-07,5.25545e-07,1.62643e-06) 12797.4 10726.1 0.0167127
subcontact = (2.827,-0.991997,4.17099) 116.624 (19.3339,-30.4733,-90.7339) 1126 -1.54294e-07 (-5.13413e-07,5.6267e-07,1.66171e-06) 4821.69 4037.15 0.0241873
subcontact = (2.45,-0.972997,4.19299) 234.903 (33.2873,-61.331,-183.103) 1125 -2.21152e-07 (-4.85238e-07,6.8663e-07,2.04011e-06) 6911 5764.95 0.0339897
subcontact = (2.958,-0.756997,4.89399) 476.065 (-62.0067,-121.9,-375.101) 1124 -3.70658e-07 (2.88286e-07,4.98631e-07,1.53737e-06) 11583.1 9714.22 0.0411001
subcontact = (2.45,-0.900997,4.41299) 217.469 (15.7236,-57.0726,-171.719) 1123 -2.93219e-07 (-2.41032e-07,6.80245e-07,2.04203e-06) 9163.11 7653.29 0.0237331
subcontact = (2.823,-0.716998,5.00399) 109.394 (-18.7159,-27.6138,-85.3781) 1122 -4.28029e-07 (4.11692e-07,5.40034e-07,1.67369e-06) 13375.9 11207.9 0.00817847
subcontact = (2.787,-0.706998,5.02899) 63.0506 (-11.2898,-15.8655,-49.1006) 1121 -4.41985e-07 (4.39927e-07,5.51273e-07,1.71024e-06) 13812 11571.1 0.00456491
subcontact = (2.45,-0.802998,4.70899) 100.057 (-3.60857,-26.0754,-79.3955) 1120 -3.90297e-07 (8.77417e-08,6.71763e-07,2.04496e-06) 12196.8 10196.3 0.00820353
subcontact = (2.45,-0.771998,4.80399) 36.967 (-2.65094,-9.57479,-29.2694) 1119 -4.21408e-07 (1.93178e-07,6.68997e-07,2.04576e-06) 13169 11011.1 0.00280713
subcontact = (2.87,-0.728998,4.96999) 213.879 (-34.1348,-54.2228,-167.421) 1118 -4.09515e-07 (3.73592e-07,5.25545e-07,1.62643e-06) 12797.4 10726.1 0.0167127
subcontact = (2.45,-0.839998,4.59799) 146.423 (0.809172,-38.3411,-116.21) 1117 -3.53867e-07 (-3.55944e-08,6.74919e-07,2.04378e-06) 11058.4 9242.1 0.013241
subcontact = (2.45,-0.900998,4.41299) 217.469 (15.7237,-57.0726,-171.718) 1116 -2.93219e-07 (-2.41033e-07,6.80245e-07,2.04203e-06) 9163.1 7653.28 0.0237331
subcontact = (2.45,-0.972998,4.19299) 234.903 (33.2874,-61.331,-183.102) 1115 -2.21152e-07 (-4.85239e-07,6.8663e-07,2.04011e-06) 6911 5764.95 0.0339897
subcontact = (2.958,-0.756998,4.89399) 476.065 (-62.0065,-121.9,-375.101) 1114 -3.70658e-07 (2.88285e-07,4.98631e-07,1.53737e-06) 11583.1 9714.22 0.0411001
subcontact = (2.827,-0.991998,4.17099) 116.624 (19.3339,-30.4733,-90.7338) 1113 -1.54294e-07 (-5.13414e-07,5.6267e-07,1.66171e-06) 4821.69 4037.14 0.0241873
contact = 31 1 33 23 (0.323332,2.75084,3.49066) (-0.574286,0.0706248,-0.815602)
subcontact = (-7.04753e-07,2.45,3.69199) 24.0631 (15.4588,-0.565106,-10.9338) 1112 -2.90723e-08 (-9.50307e-07,1.89433e-07,6.85539e-07) 908.509 715.204 0.0264863
subcontact = (-6.37383e-07,3.166,3.75399) 586.212 (387.273,-98.2244,-281.194) 1111 -3.79659e-07 (-7.84888e-07,1.99444e-07,5.6993e-07) 11864.3 9888.13 0.0494096
subcontact = (0.648999,2.8,3.26599) 591.151 (151.789,3.49002,-106.576) 1110 -1.42445e-06 (-8.79208e-07,-2.84813e-08,6.16606e-07) 44514 13968.3 0.0132801
subcontact = (0.626999,2.45,3.25099) 1259.8 (415.077,7.59078,-291.609) 1109 -1.21172e-06 (-9.59573e-07,-2.57742e-08,6.73428e-07) 37866.2 15248.9 0.0332698
subcontact = (0.301999,3.189,3.54399) 1686.13 (573.011,-75.2411,-409.987) 1108 -9.60193e-07 (-7.84469e-07,9.5984e-08,5.60676e-07) 30006 12609.8 0.056193
subcontact = (0.361999,2.45,3.43699) 1544.58 (861.975,-65.5314,-612.613) 1107 -7.12207e-07 (-9.55259e-07,6.52982e-08,6.78276e-07) 22256.5 15267.1 0.0693992
subcontact = (-7.05277e-08,3.166,3.75399) 586.213 (387.274,-98.2245,-281.195) 1106 -3.79659e-07 (-7.84888e-07,1.99444e-07,5.6993e-07) 11864.4 9888.14 0.0494096
subcontact = (2.28858e-07,2.45,3.69199) 24.0638 (15.4593,-0.565202,-10.9342) 1105 -2.90732e-08 (-9.50307e-07,1.89433e-07,6.85539e-07) 908.536 715.227 0.0264863
subcontact = (0.362,2.45,3.43699) 1544.59 (861.975,-65.5313,-612.613) 1104 -7.12208e-07 (-9.55259e-07,6.52981e-08,6.78276e-07) 22256.5 15267.1 0.0693992
subcontact = (0.627,2.45,3.25099) 1259.8 (415.077,7.59084,-291.609) 1103 -1.21172e-06 (-9.59573e-07,-2.57744e-08,6.73428e-07) 37866.2 15248.9 0.0332698
subcontact = (0.302,3.189,3.54399) 1686.13 (573.011,-75.241,-409.987) 1102 -9.60194e-07 (-7.84469e-07,9.59839e-08,5.60676e-07) 30006.1 12609.8 0.056193
subcontact = (0.649,2.8,3.26599) 591.152 (151.789,3.49004,-106.576) 1101 -1.42445e-06 (-8.79208e-07,-2.84815e-08,6.16606e-07) 44514 13968.3 0.0132801
contact = 32 1 33 25 (0.841995,2.63741,4.44025) (0.949442,-0.0272468,0.312757)
subcontact = (0.800003,2.45,4.55199) 2.3299 (-0.6132,-0.244259,1.84022) 1100 -3.2343e-08 (1.51115e-06,3.50144e-07,-4.5569e-06) 1010.72 848.094 0.00230519
subcontact = (0.747002,2.759,4.73799) 25.2317 (-6.63478,-1.32321,20.026) 1099 -2.57402e-07 (1.32928e-06,4.34282e-09,-4.03494e-06) 8043.83 6738.75 0.00313678
subcontact = (0.748002,2.796,4.73999) 55.0065 (-14.4644,-2.69419,43.675) 1098 -2.89026e-07 (1.30855e-06,1.99656e-09,-3.9722e-06) 9032.07 7567.45 0.00609013
subcontact = (0.828003,2.45,4.46699) 10.858 (-2.85741,-1.15761,8.57344) 1097 -5.16928e-08 (1.51529e-06,5.1006e-07,-4.55554e-06) 1615.4 1355.48 0.00672153
subcontact = (0.750002,2.843,4.73799) 147.497 (-38.7655,-6.74488,117.094) 1096 -3.30162e-07 (1.28237e-06,6.50281e-09,-3.89234e-06) 10317.6 8640.89 0.0142957
subcontact = (0.867003,2.45,4.34899) 30.5119 (-8.02546,-3.51445,24.0568) 1095 -7.85665e-08 (1.52104e-06,7.3224e-07,-4.55366e-06) 2455.2 2060.16 0.0124275
subcontact = (0.935002,2.45,4.14099) 73.4894 (-19.1426,-10.1075,57.2309) 1094 -1.2587e-07 (1.53113e-06,1.12285e-06,-4.55025e-06) 3933.44 3275.02 0.0186833
subcontact = (0.983002,2.45,3.99599) 142.568 (-36.8594,-22.5164,109.933) 1093 -1.589e-07 (1.53821e-06,1.39597e-06,-4.54796e-06) 4965.61 4113.88 0.0287111
subcontact = (0.763002,2.926,4.70599) 436.974 (-114.701,-20.7894,346.388) 1092 -4.09294e-07 (1.23753e-06,6.81442e-08,-3.75085e-06) 12790.4 10697.7 0.0341641
subcontact = (1,2.8,3.97599) 330.14 (-84.8883,-70.2658,251.575) 1091 -4.66428e-07 (1.34354e-06,1.43972e-06,-3.95318e-06) 14575.9 12126 0.0226498
subcontact = (0.800001,2.45,4.55199) 2.32984 (-0.613186,-0.244253,1.84018) 1090 -3.23423e-08 (1.51115e-06,3.5014e-07,-4.5569e-06) 1010.7 848.076 0.00230519
subcontact = (0.828001,2.45,4.46699) 10.8578 (-2.85737,-1.15759,8.57331) 1089 -5.1692e-08 (1.51529e-06,5.10056e-07,-4.55554e-06) 1615.38 1355.46 0.00672153
subcontact = (0.748001,2.796,4.73999) 55.0064 (-14.4644,-2.69415,43.675) 1088 -2.89026e-07 (1.30855e-06,1.99367e-09,-3.9722e-06) 9032.05 7567.43 0.00609013
subcontact = (0.747001,2.759,4.73799) 25.2316 (-6.63477,-1.3232,20.026) 1087 -2.57402e-07 (1.32928e-06,4.33986e-09,-4.03494e-06) 8043.81 6738.74 0.00313678
subcontact = (0.867001,2.45,4.34899) 30.5116 (-8.02537,-3.51439,24.0566) 1086 -7.85656e-08 (1.52104e-06,7.32237e-07,-4.55366e-06) 2455.18 2060.14 0.0124275
subcontact = (0.750001,2.843,4.73799) 147.497 (-38.7655,-6.74478,117.093) 1085 -3.30161e-07 (1.28237e-06,6.50002e-09,-3.89234e-06) 10317.5 8640.88 0.0142957
subcontact = (1,2.8,3.97599) 330.139 (-84.8881,-70.2654,251.575) 1084 -4.66427e-07 (1.34354e-06,1.43972e-06,-3.95318e-06) 14575.8 12126 0.0226498
subcontact = (0.983001,2.45,3.99599) 142.567 (-36.8592,-22.5162,109.932) 1083 -1.58898e-07 (1.53821e-06,1.39597e-06,-4.54796e-06) 4965.57 4113.85 0.0287111
subcontact = (0.763001,2.926,4.70599) 436.973 (-114.701,-20.7891,346.388) 1082 -4.09293e-07 (1.23753e-06,6.81415e-08,-3.75085e-06) 12790.4 10697.7 0.0341641
subcontact = (0.935001,2.45,4.14099) 73.4888 (-19.1424,-10.1074,57.2304) 1081 -1.25869e-07 (1.53113e-06,1.12285e-06,-4.55026e-06) 3933.4 3274.99 0.0186833
contact = 33 1 34 3 (2.78685,-2.46893,3.56885) (0.0711322,-0.573884,-0.815842)
subcontact = (3.116,-3.127,4.05999) 466.64 (-97.0637,288.107,-211.125) 1080 -3.98384e-07 (2.29226e-07,-6.74895e-07,4.94724e-07) 12449.5 9874.86 0.0374826
subcontact = (2.37,-2.38,3.46999) 1558.74 (-71.2506,607.932,-433.847) 1079 -8.29968e-07 (8.62402e-08,-7.73171e-07,5.51388e-07) 25936.5 12483.8 0.0600982
subcontact = (2.45,-2.206,3.35499) 818.899 (-22.7216,292.285,-207.582) 1078 -8.97421e-07 (5.49039e-08,-7.6466e-07,5.42668e-07) 28044.4 12301.9 0.0292001
subcontact = (2.45,-2.138,3.30699) 1573.44 (-33.3708,543.576,-385.275) 1077 -9.27921e-07 (4.23627e-08,-7.65135e-07,5.41909e-07) 28997.5 12294.2 0.0542613
subcontact = (3.397,-2.916,3.93699) 1630.19 (-264.13,887.012,-646.976) 1076 -4.56157e-07 (1.92688e-07,-6.41849e-07,4.68294e-07) 14254.9 9874.28 0.11436
subcontact = (2.938,-2.046,3.28499) 1349.28 (-21.1881,440.66,-311.819) 1075 -9.0562e-07 (2.91489e-08,-7.05344e-07,4.98698e-07) 28300.6 11331.3 0.0476768
subcontact = (3.116,-3.127,4.05999) 466.64 (-97.0636,288.107,-211.125) 1074 -3.98384e-07 (2.29226e-07,-6.74895e-07,4.94724e-07) 12449.5 9874.86 0.0374826
subcontact = (2.37,-2.38,3.46999) 1558.74 (-71.2505,607.932,-433.847) 1073 -8.29968e-07 (8.62402e-08,-7.73171e-07,5.51388e-07) 25936.5 12483.8 0.0600982
subcontact = (2.938,-2.046,3.28499) 1349.28 (-21.188,440.66,-311.819) 1072 -9.0562e-07 (2.91489e-08,-7.05344e-07,4.98698e-07) 28300.6 11331.3 0.0476768
subcontact = (2.45,-2.138,3.30699) 1573.44 (-33.3707,543.576,-385.275) 1071 -9.27921e-07 (4.23627e-08,-7.65135e-07,5.41909e-07) 28997.5 12294.2 0.0542613
subcontact = (3.397,-2.916,3.93699) 1630.19 (-264.13,887.012,-646.976) 1070 -4.56157e-07 (1.92688e-07,-6.41849e-07,4.68294e-07) 14254.9 9874.28 0.11436
subcontact = (2.45,-2.206,3.35499) 818.899 (-22.7216,292.285,-207.582) 1069 -8.97421e-07 (5.49038e-08,-7.6466e-07,5.42668e-07) 28044.4 12301.9 0.0292001
contact = 34 1 34 26 (2.65945,-2.66955,4.18566) (-0.707775,-0.706437,0)
subcontact = (3.116,-3.127,4.05999) 0 (0,0,0) 1068 6.60337e-07 (-4.1669e-07,4.17479e-07,4.75084e-08) 0 0 0.0493806
subcontact = (2.37,-2.38,3.46999) 0 (0,0,0) 1067 3.76262e-07 (-1.28722e-07,1.28966e-07,-6.82028e-07) 0 0 0.0910489
subcontact = (2.37,-2.38,4.51199) 0 (0,0,0) 1066 1.63517e-06 (-6.37155e-07,6.38362e-07,-6.82029e-07) 0 0 0.0203088
subcontact = (2.832,-2.842,4.48399) 0 (0,0,0) 1065 1.336e-06 (-6.2367e-07,6.24851e-07,-2.29999e-07) 0 0 0.0249183
subcontact = (2.898,-2.909,4.44899) 0 (0,0,0) 1064 1.25552e-06 (-6.06415e-07,6.07563e-07,-1.65788e-07) 0 0 0.0956583
subcontact = (2.37,-2.38,4.13899) 0 (0,0,0) 1063 1.18452e-06 (-4.55153e-07,4.56015e-07,-6.82029e-07) 0 0 0.0665865
subcontact = (2.37,-2.38,3.46999) 0 (0,0,0) 1062 3.76263e-07 (-1.28722e-07,1.28966e-07,-6.82028e-07) 0 0 0.0910489
subcontact = (3.116,-3.127,4.05999) 0 (0,0,0) 1061 6.60337e-07 (-4.1669e-07,4.17479e-07,4.75086e-08) 0 0 0.0493806
subcontact = (2.37,-2.38,4.51199) 0 (0,0,0) 1060 1.63517e-06 (-6.37155e-07,6.38362e-07,-6.82029e-07) 0 0 0.0203088
subcontact = (2.37,-2.38,4.13899) 0 (0,0,0) 1059 1.18452e-06 (-4.55154e-07,4.56016e-07,-6.82028e-07) 0 0 0.0665865
subcontact = (2.898,-2.909,4.44899) 0 (0,0,0) 1058 1.25552e-06 (-6.06415e-07,6.07563e-07,-1.65787e-07) 0 0 0.0956583
subcontact = (2.832,-2.842,4.48399) 0 (0,0,0) 1057 1.336e-06 (-6.2367e-07,6.24851e-07,-2.29999e-07) 0 0 0.0249183
contact = 35 1 34 32 (2.6443,-1.91264,4.63401) (-0.0277793,0.949099,0.313752)
subcontact = (2.45,-1.946,4.71699) 53.085 (1.27125,-13.9417,42.2863) 1056 -4.08183e-07 (-1.10797e-07,6.32982e-07,-1.92458e-06) 12755.7 10703.3 0.00416166
subcontact = (2.737,-2.042,5.03299) 85.4324 (12.3554,-21.8373,67.1518) 1055 -4.34856e-07 (-3.4366e-07,5.63253e-07,-1.73427e-06) 13589.2 11402.7 0.00628676
subcontact = (2.45,-1.891,4.55199) 111.202 (-4.08855,-29.3671,88.4734) 1054 -3.50364e-07 (1.17372e-08,6.36168e-07,-1.92337e-06) 10948.9 9187.19 0.0101565
subcontact = (2.789,-2.041,5.03599) 126.041 (18.6555,-32.1822,99.0029) 1053 -4.20642e-07 (-3.45576e-07,5.51634e-07,-1.69929e-06) 13145.1 11030 0.00958845
subcontact = (2.853,-2.038,5.03099) 135.379 (20.1831,-34.5543,106.314) 1052 -4.00229e-07 (-3.41419e-07,5.37621e-07,-1.65653e-06) 12507.1 10494.7 0.0108241
subcontact = (2.45,-1.848,4.42199) 183.602 (-15.758,-48.5171,145.369) 1051 -3.04847e-07 (1.08297e-07,6.38713e-07,-1.92252e-06) 9526.48 7993.65 0.0192728
subcontact = (2.847,-1.729,4.09599) 74.312 (-18.9185,-18.8923,55.4743) 1050 -7.4622e-08 (3.53036e-07,5.57265e-07,-1.65447e-06) 2331.94 1932.44 0.0318671
subcontact = (2.45,-1.753,4.13299) 257.197 (-51.0352,-67.1617,198.646) 1049 -2.03726e-07 (3.22989e-07,6.44434e-07,-1.92082e-06) 6366.43 5342.06 0.0403989
subcontact = (2.967,-2.024,4.99899) 580.275 (82.3396,-148.452,456.357) 1048 -3.55668e-07 (-3.16917e-07,5.13005e-07,-1.5799e-06) 11114.6 9326.25 0.0522083
subcontact = (2.45,-1.815,4.32099) 110.429 (-13.7684,-29.1239,86.8809) 1047 -2.6953e-07 (1.83339e-07,6.40734e-07,-1.92199e-06) 8422.81 7067.56 0.0131107
subcontact = (2.789,-2.041,5.03599) 126.041 (18.6556,-32.1822,99.0029) 1046 -4.20642e-07 (-3.45577e-07,5.51634e-07,-1.69929e-06) 13145.1 11030 0.00958845
subcontact = (2.737,-2.042,5.03299) 85.4324 (12.3554,-21.8373,67.1519) 1045 -4.34856e-07 (-3.4366e-07,5.63253e-07,-1.73427e-06) 13589.3 11402.7 0.00628676
subcontact = (2.45,-1.891,4.55199) 111.202 (-4.08849,-29.3671,88.4735) 1044 -3.50365e-07 (1.17365e-08,6.36168e-07,-1.92337e-06) 10948.9 9187.19 0.0101565
subcontact = (2.45,-1.946,4.71699) 53.085 (1.27128,-13.9417,42.2864) 1043 -4.08184e-07 (-1.10798e-07,6.32982e-07,-1.92458e-06) 12755.7 10703.3 0.00416166
subcontact = (2.853,-2.038,5.03099) 135.379 (20.1832,-34.5544,106.314) 1042 -4.00229e-07 (-3.4142e-07,5.37621e-07,-1.65653e-06) 12507.2 10494.7 0.0108241
subcontact = (2.45,-1.848,4.42199) 183.602 (-15.7579,-48.5171,145.369) 1041 -3.04848e-07 (1.08296e-07,6.38713e-07,-1.92252e-06) 9526.49 7993.66 0.0192728
subcontact = (2.45,-1.815,4.32099) 110.429 (-13.7684,-29.124,86.881) 1040 -2.6953e-07 (1.83338e-07,6.40734e-07,-1.92199e-06) 8422.82 7067.57 0.0131107
subcontact = (2.45,-1.753,4.13299) 257.197 (-51.0351,-67.1618,198.646) 1039 -2.03726e-07 (3.22988e-07,6.44434e-07,-1.92082e-06) 6366.44 5342.07 0.0403989
subcontact = (2.967,-2.024,4.99899) 580.275 (82.3399,-148.452,456.357) 1038 -3.55668e-07 (-3.16917e-07,5.13005e-07,-1.5799e-06) 11114.6 9326.26 0.0522083
subcontact = (2.847,-1.729,4.09599) 74.3123 (-18.9186,-18.8924,55.4745) 1037 -7.46223e-08 (3.53035e-07,5.57265e-07,-1.65447e-06) 2331.95 1932.44 0.0318671
contact = 36 5 35 13 (-2.18926,-2.98875,1.22949) (-0.991188,-0.113576,0.0681617)
contact = 37 0 35 14 (-2.22064,-2.69891,0.527782) (-0.993207,-0.116332,-0.00242583)
contact = 38 1 36 5 (-2.82299,0.267942,3.48264) (-0.0715854,-0.573777,-0.815877)
subcontact = (-2.45,3.17763e-06,3.63799) 490.938 (68.874,329.349,-237.662) 1036 -5.48566e-07 (-1.83509e-07,-9.01059e-07,6.49783e-07) 17142.7 14384.4 0.0286383
subcontact = (-3.282,2.93461e-06,3.71099) 621.046 (111.975,411.629,-299.309) 1035 -3.51119e-07 (-1.95058e-07,-7.12456e-07,5.18159e-07) 10972.5 9206.93 0.0566005
subcontact = (-2.972,0.560003,3.28999) 748.668 (2.18024,198.537,-139.815) 1034 -1.24202e-06 (-2.48437e-09,-7.90522e-07,5.56164e-07) 38813.1 12589.4 0.019289
subcontact = (-2.45,0.402003,3.35599) 891.112 (17.854,296.805,-210.299) 1033 -1.13481e-06 (-4.85669e-08,-9.07187e-07,6.42253e-07) 35462.9 14493.6 0.025128
subcontact = (-3.334,0.308003,3.49899) 1307.83 (67.5535,487.308,-348.634) 1032 -7.88292e-07 (-9.22392e-08,-7.04976e-07,5.03877e-07) 24634.1 11357.6 0.0530902
subcontact = (-2.45,0.337003,3.40099) 2030.13 (61.8374,736.336,-523.264) 1031 -1.04044e-06 (-7.02057e-08,-9.05736e-07,6.43131e-07) 32513.7 14501.1 0.0624394
subcontact = (-3.282,3.4456e-06,3.71099) 621.047 (111.975,411.63,-299.309) 1030 -3.51119e-07 (-1.95058e-07,-7.12456e-07,5.18159e-07) 10972.5 9206.95 0.0566005
subcontact = (-2.45,3.76393e-06,3.63799) 490.939 (68.8741,329.349,-237.663) 1029 -5.48567e-07 (-1.83509e-07,-9.01059e-07,6.49783e-07) 17142.7 14384.4 0.0286383
subcontact = (-2.45,0.337003,3.40099) 2030.14 (61.8373,736.336,-523.264) 1028 -1.04044e-06 (-7.02055e-08,-9.05736e-07,6.43131e-07) 32513.7 14501.1 0.0624394
subcontact = (-2.45,0.402003,3.35599) 891.112 (17.8539,296.805,-210.299) 1027 -1.13481e-06 (-4.85668e-08,-9.07187e-07,6.42253e-07) 35462.9 14493.6 0.025128
subcontact = (-3.334,0.308003,3.49899) 1307.83 (67.5534,487.308,-348.634) 1026 -7.88292e-07 (-9.22391e-08,-7.04976e-07,5.03877e-07) 24634.1 11357.6 0.0530902
subcontact = (-2.972,0.560003,3.28999) 748.668 (2.18021,198.537,-139.815) 1025 -1.24202e-06 (-2.48426e-09,-7.90522e-07,5.56164e-07) 38813.1 12589.4 0.019289
contact = 39 1 38 10 (-2.74701,2.43153,3.54762) (-0.0715886,0.57342,-0.816128)
subcontact = (-3.03001,3.03001,3.99299) 389.201 (76.7386,-236.212,-172.696) 1024 -4.19441e-07 (-2.34135e-07,7.10207e-07,5.19536e-07) 13107.5 10187.8 0.0296929
subcontact = (-2.375,2.37501,3.47499) 1413.81 (93.779,-490.107,-352.58) 1023 -9.30361e-07 (-1.45096e-07,7.71277e-07,5.54634e-07) 29073.8 12564.5 0.0486283
subcontact = (-2.45,2.20401,3.36199) 785.624 (43.0818,-261.386,-187.432) 1022 -9.6276e-07 (-1.23424e-07,7.65703e-07,5.48817e-07) 30086.2 12427.6 0.0261124
subcontact = (-2.45,2.11801,3.30099) 1452.9 (70.2504,-468.201,-335.125) 1021 -9.94688e-07 (-1.11994e-07,7.66062e-07,5.48066e-07) 31084 12409.8 0.0467411
subcontact = (-3.265,2.82101,3.86699) 1193.21 (214.676,-727.061,-529.671) 1020 -4.00366e-07 (-2.08241e-07,6.90706e-07,5.03563e-07) 12511.4 9697.03 0.0953694
subcontact = (-2.912,2.04101,3.28799) 1030.7 (55.6853,-375.646,-268.817) 1019 -8.33646e-07 (-1.0466e-07,7.25948e-07,5.19239e-07) 26051.4 11759.8 0.0395641
subcontact = (-3.03,3.03001,3.99299) 389.201 (76.7386,-236.212,-172.696) 1018 -4.19441e-07 (-2.34135e-07,7.10207e-07,5.19536e-07) 13107.5 10187.8 0.0296929
subcontact = (-2.375,2.37501,3.47499) 1413.81 (93.779,-490.107,-352.58) 1017 -9.30361e-07 (-1.45096e-07,7.71277e-07,5.54634e-07) 29073.8 12564.5 0.0486283
subcontact = (-2.912,2.04101,3.28799) 1030.7 (55.6853,-375.646,-268.817) 1016 -8.33646e-07 (-1.0466e-07,7.25948e-07,5.19239e-07) 26051.4 11759.8 0.0395641
subcontact = (-2.45,2.11801,3.30099) 1452.9 (70.2504,-468.201,-335.125) 1015 -9.94688e-07 (-1.11993e-07,7.66062e-07,5.48066e-07) 31084 12409.8 0.0467411
subcontact = (-3.265,2.82101,3.86699) 1193.21 (214.676,-727.061,-529.671) 1014 -4.00366e-07 (-2.08241e-07,6.90706e-07,5.03563e-07) 12511.4 9697.03 0.0953694
subcontact = (-2.45,2.20401,3.36199) 785.624 (43.0818,-261.386,-187.432) 1013 -9.6276e-07 (-1.23424e-07,7.65703e-07,5.48817e-07) 30086.2 12427.6 0.0261124
contact = 40 1 39 10 (-2.42426,2.74433,3.54243) (-0.572988,0.0721364,-0.816383)
subcontact = (-3.03001,3.03001,3.99299) 337.003 (213.336,-61.6639,-155.181) 1012 -3.58968e-07 (-7.21311e-07,2.171e-07,5.25444e-07) 11217.8 9017.94 0.0300419
subcontact = (-2.375,2.37501,3.47499) 1307.6 (467.898,-111.559,-338.257) 1011 -8.75269e-07 (-7.48917e-07,1.76732e-07,5.41253e-07) 27352.2 12300.5 0.0478063
subcontact = (-2.017,2.90101,3.26999) 942.418 (376.706,-82.2566,-271.664) 1010 -7.63069e-07 (-7.28823e-07,1.56837e-07,5.25391e-07) 23845.9 11934.7 0.0395212
subcontact = (-2.098,2.45001,3.28699) 1440.73 (480.585,-104.807,-346.565) 1009 -9.36578e-07 (-7.46575e-07,1.60507e-07,5.38175e-07) 29268.1 12223.6 0.0492253
subcontact = (-2.811,3.26001,3.85899) 1004.78 (628.41,-171.662,-456.225) 1008 -3.31365e-07 (-7.12589e-07,2.04521e-07,5.18211e-07) 10355.2 8196.34 0.0970316
subcontact = (-2.215,2.45001,3.36999) 769.461 (268.049,-60.9862,-193.523) 1007 -8.96402e-07 (-7.46438e-07,1.67738e-07,5.38718e-07) 28012.5 12239 0.0274685
subcontact = (-3.03,3.03001,3.99299) 337.003 (213.336,-61.6639,-155.181) 1006 -3.58968e-07 (-7.21311e-07,2.171e-07,5.25444e-07) 11217.8 9017.95 0.0300419
subcontact = (-2.375,2.37501,3.47499) 1307.6 (467.898,-111.559,-338.257) 1005 -8.75269e-07 (-7.48917e-07,1.76732e-07,5.41253e-07) 27352.2 12300.5 0.0478063
subcontact = (-2.215,2.45001,3.36999) 769.462 (268.049,-60.9862,-193.523) 1004 -8.96402e-07 (-7.46438e-07,1.67738e-07,5.38718e-07) 28012.6 12239 0.0274685
subcontact = (-2.098,2.45001,3.28699) 1440.73 (480.585,-104.807,-346.565) 1003 -9.36579e-07 (-7.46575e-07,1.60507e-07,5.38175e-07) 29268.1 12223.6 0.0492253
subcontact = (-2.811,3.26001,3.85899) 1004.78 (628.41,-171.662,-456.226) 1002 -3.31365e-07 (-7.12589e-07,2.04521e-07,5.18211e-07) 10355.2 8196.35 0.0970316
subcontact = (-2.017,2.90101,3.26999) 942.418 (376.706,-82.2566,-271.664) 1001 -7.63069e-07 (-7.28823e-07,1.56837e-07,5.25391e-07) 23845.9 11934.7 0.0395212
contact = 41 1 39 37 (-1.87462,2.62361,4.42448) (0.949567,-0.0265151,0.31244)
subcontact = (-1.981,2.74001,4.75798) 118.795 (-29.6421,23.2683,92.0629) 1000 -5.11154e-07 (1.8549e-06,-1.58851e-06,-5.77222e-06) 15973.6 13376 0.00743699
subcontact = (-1.978,2.68601,4.74298) 90.1074 (-22.5139,17.523,69.9112) 999 -6.03084e-07 (1.8705e-06,-1.57413e-06,-5.8184e-06) 18846.4 15792.9 0.00478116
subcontact = (-1.867,2.45001,4.38599) 165.854 (-42.0668,25.7929,130.038) 998 -6.4197e-07 (1.94477e-06,-1.24058e-06,-6.01582e-06) 20061.6 16823.7 0.00826727
subcontact = (-1.921,2.45001,4.54998) 89.7739 (-22.6435,15.492,70.1327) 997 -8.45713e-07 (1.9409e-06,-1.39468e-06,-6.01714e-06) 26428.5 22170 0.00339686
subcontact = (-1.984,2.80601,4.77298) 94.8095 (-23.6152,18.6023,73.3499) 996 -3.94836e-07 (1.83609e-06,-1.60225e-06,-5.71621e-06) 12338.6 10316.4 0.00768396
subcontact = (-1.822,2.45001,4.24899) 245.629 (-62.5313,34.8193,193) 995 -4.71816e-07 (1.94804e-06,-1.11166e-06,-6.01484e-06) 14744.3 12356.1 0.0166593
subcontact = (-1.778,2.45001,4.11599) 117.021 (-29.822,15.1802,91.9233) 994 -3.06499e-07 (1.9511e-06,-9.87031e-07,-6.01354e-06) 9578.08 8006.87 0.0122176
subcontact = (-1.724,2.45001,3.95299) 113.704 (-28.2878,13.6923,87.1342) 993 -1.0386e-07 (1.95481e-06,-8.34412e-07,-6.01188e-06) 3245.62 2644.03 0.035033
subcontact = (-1.982,2.92001,4.77699) 237.779 (-58.636,43.7692,181.921) 992 -1.66717e-07 (1.80412e-06,-1.60534e-06,-5.61933e-06) 5209.92 4296.36 0.0456396
subcontact = (-1.709,2.83401,3.93999) 0 (0,0,0) 991 6.97238e-07 (1.84795e-06,-8.19199e-07,-5.68581e-06) 0 0 0.0283046
subcontact = (-1.92101,2.45001,4.54999) 89.7741 (-22.6435,15.4921,70.1329) 990 -8.45715e-07 (1.9409e-06,-1.39468e-06,-6.01714e-06) 26428.6 22170 0.00339686
subcontact = (-1.97801,2.68601,4.74299) 90.1077 (-22.5139,17.5231,69.9114) 989 -6.03086e-07 (1.8705e-06,-1.57413e-06,-5.8184e-06) 18846.4 15793 0.00478116
subcontact = (-1.867,2.45001,4.38599) 165.855 (-42.0669,25.7931,130.039) 988 -6.41972e-07 (1.94477e-06,-1.24058e-06,-6.01582e-06) 20061.6 16823.7 0.00826727
subcontact = (-1.98101,2.74001,4.75799) 118.796 (-29.6422,23.2684,92.0632) 987 -5.11156e-07 (1.8549e-06,-1.58851e-06,-5.77222e-06) 15973.6 13376 0.00743699
subcontact = (-1.98401,2.80601,4.77299) 94.8099 (-23.6153,18.6024,73.3502) 986 -3.94838e-07 (1.83609e-06,-1.60225e-06,-5.71621e-06) 12338.7 10316.5 0.00768396
subcontact = (-1.822,2.45001,4.24899) 245.63 (-62.5316,34.8196,193.001) 985 -4.71818e-07 (1.94804e-06,-1.11167e-06,-6.01483e-06) 14744.3 12356.1 0.0166593
subcontact = (-1.709,2.83401,3.93999) 0 (0,0,0) 984 6.97236e-07 (1.84795e-06,-8.19202e-07,-5.68581e-06) 0 0 0.0283046
subcontact = (-1.724,2.45001,3.95299) 113.707 (-28.2885,13.6927,87.1365) 983 -1.03862e-07 (1.95481e-06,-8.34414e-07,-6.01188e-06) 3245.7 2644.1 0.035033
subcontact = (-1.98201,2.92001,4.77699) 237.781 (-58.6365,43.7697,181.923) 982 -1.66719e-07 (1.80412e-06,-1.60534e-06,-5.61933e-06) 5209.97 4296.41 0.0456396
subcontact = (-1.778,2.45001,4.11599) 117.022 (-29.8223,15.1804,91.9241) 981 -3.06501e-07 (1.9511e-06,-9.87034e-07,-6.01354e-06) 9578.16 8006.94 0.0122176
contact = 42 1 39 38 (-2.61234,2.61234,4.18249) (-0.707107,-0.707107,0)
subcontact = (-2.375,2.37501,3.47499) 0 (0,0,0) 980 2.07254e-07 (-2.23548e-08,2.23548e-08,-5.81197e-08) 0 0 0.0846003
subcontact = (-3.03,3.03001,3.99299) 0 (0,0,0) 979 4.17197e-07 (-1.65163e-08,1.65163e-08,-4.33544e-08) 0 0 0.0492658
subcontact = (-2.37501,2.37501,4.51299) 0 (0,0,0) 978 4.73206e-08 (-1.06553e-08,1.06553e-08,-5.81197e-08) 0 0 0.0132333
subcontact = (-2.375,2.37501,4.19399) 0 (0,0,0) 977 9.64717e-08 (-1.42508e-08,1.42508e-08,-5.81197e-08) 0 0 0.0521461
subcontact = (-2.79201,2.79201,4.44299) 0 (0,0,0) 976 2.42576e-07 (-1.14443e-08,1.14443e-08,-4.87195e-08) 0 0 0.0881786
subcontact = (-2.72701,2.72701,4.47699) 0 (0,0,0) 975 2.08583e-07 (-1.10611e-08,1.10611e-08,-5.01848e-08) 0 0 0.0168116
subcontact = (-3.03,3.03001,3.99299) 0 (0,0,0) 974 4.17197e-07 (-1.65163e-08,1.65163e-08,-4.33544e-08) 0 0 0.0492658
subcontact = (-2.375,2.37501,3.47499) 0 (0,0,0) 973 2.07254e-07 (-2.23548e-08,2.23548e-08,-5.81197e-08) 0 0 0.0846003
subcontact = (-2.37501,2.37501,4.51299) 0 (0,0,0) 972 4.73206e-08 (-1.06553e-08,1.06553e-08,-5.81197e-08) 0 0 0.0132333
subcontact = (-2.727,2.72701,4.47699) 0 (0,0,0) 971 2.08583e-07 (-1.10611e-08,1.10611e-08,-5.01848e-08) 0 0 0.0168116
subcontact = (-2.792,2.79201,4.44299) 0 (0,0,0) 970 2.42576e-07 (-1.14443e-08,1.14443e-08,-4.87195e-08) 0 0 0.0881786
subcontact = (-2.375,2.37501,4.19399) 0 (0,0,0) 969 9.64717e-08 (-1.42508e-08,1.42508e-08,-5.81197e-08) 0 0 0.0521461
contact = 43 1 41 23 (-0.291966,2.76934,3.51444) (0.573424,0.0706769,-0.816204)
subcontact = (-6.37383e-07,3.166,3.75399) 462.77 (-300.379,-94.3722,-219.203) 968 -3.04045e-07 (7.87434e-07,2.49635e-07,5.74828e-07) 9501.42 7876.84 0.0487054
subcontact = (-7.04753e-07,2.45,3.69199) 104.936 (-66.7039,-14.3747,-48.1075) 967 -1.30126e-07 (1.02893e-06,2.35052e-07,7.43229e-07) 4066.45 3235.34 0.0258052
subcontact = (-0.353001,2.45,3.44399) 1562.91 (-784.307,-49.7073,-555.319) 966 -8.61443e-07 (1.03612e-06,5.85478e-08,7.32996e-07) 26920.1 16574.7 0.0580574
subcontact = (-0.477001,2.45,3.35699) 992.259 (-384.585,-1.55644,-270.325) 965 -1.11823e-06 (1.03877e-06,-3.45739e-09,7.29491e-07) 34944.5 16555.2 0.0283953
subcontact = (-0.302001,3.189,3.54399) 1498.98 (-525.895,-70.783,-375.596) 964 -9.35121e-07 (7.86025e-07,9.90938e-08,5.60802e-07) 29222.5 12673.9 0.0512954
subcontact = (-0.620001,2.911,3.29599) 908.658 (-219.966,14.235,-153.304) 963 -1.52689e-06 (8.85691e-07,-6.55564e-08,6.16565e-07) 47715.4 14099.2 0.0190433
subcontact = (-1.65907e-06,2.45,3.69199) 104.936 (-66.7045,-14.3748,-48.1079) 962 -1.30127e-07 (1.02893e-06,2.35052e-07,7.43229e-07) 4066.48 3235.37 0.0258052
subcontact = (-1.25047e-06,3.166,3.75399) 462.772 (-300.379,-94.3724,-219.203) 961 -3.04046e-07 (7.87434e-07,2.49634e-07,5.74828e-07) 9501.44 7876.86 0.0487054
subcontact = (-0.620001,2.911,3.29599) 908.659 (-219.966,14.2351,-153.304) 960 -1.52689e-06 (8.85691e-07,-6.55566e-08,6.16565e-07) 47715.5 14099.2 0.0190433
subcontact = (-0.477001,2.45,3.35699) 992.26 (-384.585,-1.55635,-270.325) 959 -1.11823e-06 (1.03877e-06,-3.45764e-09,7.29491e-07) 34944.6 16555.2 0.0283953
subcontact = (-0.302001,3.189,3.54399) 1498.98 (-525.895,-70.7829,-375.596) 958 -9.35122e-07 (7.86025e-07,9.90936e-08,5.60802e-07) 29222.6 12673.9 0.0512954
subcontact = (-0.353001,2.45,3.44399) 1562.91 (-784.307,-49.7071,-555.319) 957 -8.61444e-07 (1.03612e-06,5.85475e-08,7.32996e-07) 26920.1 16574.7 0.0580574
contact = 44 1 41 33 (-6.60491e-07,2.76484,4.18916) (1,0,0)
subcontact = (-7.05277e-08,3.166,3.75399) 0 (0,0,0) 956 1.17994e-06 (0,5.55147e-08,-5.65894e-08) 0 0 0.0733562
subcontact = (2.28858e-07,2.45,3.69199) 0 (0,0,0) 955 1.88792e-06 (0,3.84752e-08,1.40189e-07) 0 0 0.039559
subcontact = (1.19513e-06,2.45,4.44899) 0 (0,0,0) 954 4.29596e-06 (0,2.46521e-07,1.4019e-07) 0 0 0.00452767
subcontact = (9.0743e-07,3.028,4.46299) 0 (0,0,0) 953 3.60976e-06 (0,2.50369e-07,-1.86622e-08) 0 0 0.0066555
subcontact = (8.46108e-07,3.045,4.42199) 0 (0,0,0) 952 3.45784e-06 (0,2.39101e-07,-2.33344e-08) 0 0 0.0359251
subcontact = (1.07514e-06,2.45,4.35499) 0 (0,0,0) 951 3.99695e-06 (0,2.20687e-07,1.4019e-07) 0 0 0.0800117
subcontact = (-1.65907e-06,2.45,3.69199) 0 (0,0,0) 950 1.88792e-06 (0,3.84752e-08,1.40189e-07) 0 0 0.039559
subcontact = (-1.25047e-06,3.166,3.75399) 0 (0,0,0) 949 1.17994e-06 (0,5.55147e-08,-5.65894e-08) 0 0 0.0733562
subcontact = (-3.10083e-06,2.45,4.44899) 0 (0,0,0) 948 4.29596e-06 (0,2.46521e-07,1.4019e-07) 0 0 0.00452767
subcontact = (-2.9218e-06,2.45,4.35499) 0 (0,0,0) 947 3.99695e-06 (0,2.20687e-07,1.4019e-07) 0 0 0.0800117
subcontact = (-2.61174e-06,3.045,4.42199) 0 (0,0,0) 946 3.45784e-06 (0,2.39101e-07,-2.33343e-08) 0 0 0.0359251
subcontact = (-2.70233e-06,3.028,4.46299) 0 (0,0,0) 945 3.60976e-06 (0,2.50369e-07,-1.86622e-08) 0 0 0.0066555
contact = 45 1 41 37 (-0.839318,2.6397,4.45009) (-0.949301,-0.0268475,0.313221)
subcontact = (-0.800004,2.45,4.55199) 7.34557 (1.79147,-0.321482,5.40198) 944 -1.01961e-07 (-7.14115e-07,1.32781e-07,-2.15294e-06) 3186.28 2472.64 0.00230538
subcontact = (-0.828004,2.45,4.46699) 22.3095 (5.50999,-1.86941,16.5393) 943 -1.06794e-07 (-7.17541e-07,2.6712e-07,-2.15181e-06) 3337.3 2622.76 0.00668489
subcontact = (-0.748004,2.796,4.73999) 66.3426 (17.2382,4.5703,52.6367) 942 -3.50928e-07 (-5.43761e-07,-1.59573e-07,-1.66169e-06) 10966.5 9186.73 0.00604957
subcontact = (-0.748004,2.759,4.73799) 31.5947 (8.19257,2.05384,25.0058) 941 -3.23289e-07 (-5.61262e-07,-1.56446e-07,-1.71447e-06) 10102.8 8439.71 0.00312733
subcontact = (-0.867004,2.45,4.34999) 42.6331 (10.6392,-6.10656,31.7216) 940 -1.13462e-07 (-7.22273e-07,4.52577e-07,-2.15025e-06) 3545.7 2828.61 0.0120239
subcontact = (-0.750004,2.843,4.73799) 167.007 (43.3926,11.7613,132.521) 939 -3.86312e-07 (-5.2173e-07,-1.55773e-07,-1.5946e-06) 12072.3 10115.7 0.0138339
subcontact = (-0.990002,2.823,4.00899) 298.9 (71.1873,-123.4,205.175) 938 -4.12767e-07 (-5.60538e-07,9.96621e-07,-1.61344e-06) 12899 10779.4 0.0231724
subcontact = (-0.967003,2.45,4.04799) 112.543 (27.7274,-34.6031,81.0693) 937 -1.30651e-07 (-7.34463e-07,9.30489e-07,-2.14623e-06) 4082.86 3352.24 0.0275647
subcontact = (-0.763003,2.926,4.70599) 463.545 (120.75,23.9614,368.019) 936 -4.50422e-07 (-4.83975e-07,-1.03962e-07,-1.47573e-06) 14075.7 11783.6 0.0329323
subcontact = (-0.932003,2.45,4.15299) 64.5001 (16.0667,-16.121,47.3126) 935 -1.24667e-07 (-7.30217e-07,7.64053e-07,-2.14763e-06) 3895.83 3171.17 0.0165562
subcontact = (-0.800003,2.45,4.55199) 7.34556 (1.79147,-0.321475,5.40197) 934 -1.01961e-07 (-7.14115e-07,1.32779e-07,-2.15294e-06) 3186.27 2472.63 0.00230538
subcontact = (-0.748003,2.759,4.73799) 31.5947 (8.19257,2.05386,25.0058) 933 -3.23289e-07 (-5.61262e-07,-1.56447e-07,-1.71447e-06) 10102.8 8439.7 0.00312733
subcontact = (-0.748003,2.796,4.73999) 66.3426 (17.2382,4.57035,52.6367) 932 -3.50928e-07 (-5.43761e-07,-1.59574e-07,-1.66169e-06) 10966.5 9186.73 0.00604957
subcontact = (-0.828003,2.45,4.46699) 22.3094 (5.50997,-1.86938,16.5392) 931 -1.06793e-07 (-7.17541e-07,2.67119e-07,-2.15181e-06) 3337.29 2622.76 0.00668489
subcontact = (-0.750003,2.843,4.73799) 167.007 (43.3926,11.7614,132.521) 930 -3.86312e-07 (-5.2173e-07,-1.55774e-07,-1.5946e-06) 12072.3 10115.7 0.0138339
subcontact = (-0.867003,2.45,4.34999) 42.633 (10.6392,-6.1065,31.7215) 929 -1.13462e-07 (-7.22273e-07,4.52575e-07,-2.15025e-06) 3545.69 2828.6 0.0120239
subcontact = (-0.932003,2.45,4.15299) 64.4999 (16.0666,-16.1209,47.3124) 928 -1.24666e-07 (-7.30217e-07,7.64052e-07,-2.14763e-06) 3895.82 3171.16 0.0165562
subcontact = (-0.967002,2.45,4.04799) 112.542 (27.7273,-34.6028,81.069) 927 -1.30651e-07 (-7.34463e-07,9.30487e-07,-2.14623e-06) 4082.84 3352.23 0.0275647
subcontact = (-0.763003,2.926,4.70599) 463.545 (120.75,23.9617,368.019) 926 -4.50422e-07 (-4.83975e-07,-1.03963e-07,-1.47573e-06) 14075.7 11783.6 0.0329323
subcontact = (-0.990002,2.823,4.00899) 298.9 (71.1872,-123.4,205.175) 925 -4.12766e-07 (-5.60538e-07,9.9662e-07,-1.61344e-06) 12898.9 10779.4 0.0231724
contact = 46 1 42 36 (-2.6487,0.82473,4.5678) (-0.0272721,-0.949263,-0.313299)
subcontact = (-2.45,0.783006,4.67599) 34.0419 (-0.764036,8.90352,-26.9102) 924 -3.68399e-07 (2.48933e-08,-2.4512e-07,7.40521e-07) 11512.5 9589.28 0.00295696
subcontact = (-2.777,0.728006,4.87299) 61.7939 (2.26732,13.2233,-40.2626) 923 -4.50706e-07 (-3.61154e-08,-2.12837e-07,6.48018e-07) 14084.6 9673.04 0.00438735
subcontact = (-2.45,0.817006,4.57299) 89.5862 (-4.64306,23.4389,-70.6133) 922 -3.33621e-07 (5.72984e-08,-2.45959e-07,7.40242e-07) 10425.7 8675.4 0.00859286
subcontact = (-2.815,0.734006,4.85799) 114.545 (3.8156,24.5317,-74.6607) 921 -4.47488e-07 (-3.13002e-08,-2.09406e-07,6.37201e-07) 13984 9605.51 0.00819116
subcontact = (-2.864,0.743006,4.83399) 111.698 (3.06756,24.0198,-73.0443) 920 -4.41793e-07 (-2.36647e-08,-2.05044e-07,6.23321e-07) 13806 9511.57 0.0080905
subcontact = (-2.45,0.861005,4.44199) 169.789 (-15.0378,44.3426,-133.044) 919 -2.89314e-07 (9.86204e-08,-2.46955e-07,7.39663e-07) 9041.08 7510.37 0.0187798
subcontact = (-2.828,0.965005,4.15699) 136.942 (-24.8799,33.3368,-98.8411) 918 -2.11504e-07 (1.89168e-07,-2.13971e-07,6.31843e-07) 6609.51 5175.84 0.0207189
subcontact = (-2.45,0.939005,4.20399) 161.57 (-23.7084,39.7989,-118.522) 917 -2.0901e-07 (1.73418e-07,-2.48947e-07,7.39186e-07) 6531.57 5144.34 0.0247367
subcontact = (-2.953,0.768006,4.76599) 486.034 (3.50032,105.572,-320.176) 916 -4.23148e-07 (-2.0321e-09,-1.97265e-07,5.97868e-07) 13223.4 9172.74 0.0367557
subcontact = (-2.45,0.909005,4.29499) 78.6739 (-9.88695,20.0489,-59.8854) 915 -2.39732e-07 (1.44794e-07,-2.48202e-07,7.39421e-07) 7491.64 6086.86 0.0105016
subcontact = (-2.815,0.734006,4.85799) 114.545 (3.81559,24.5317,-74.6607) 914 -4.47488e-07 (-3.13001e-08,-2.09406e-07,6.37201e-07) 13984 9605.51 0.00819116
subcontact = (-2.777,0.728006,4.87299) 61.7939 (2.26731,13.2233,-40.2626) 913 -4.50706e-07 (-3.61154e-08,-2.12837e-07,6.48018e-07) 14084.6 9673.04 0.00438735
subcontact = (-2.45,0.817006,4.57299) 89.5862 (-4.64307,23.4389,-70.6132) 912 -3.33621e-07 (5.72984e-08,-2.45959e-07,7.40242e-07) 10425.7 8675.4 0.00859286
subcontact = (-2.45,0.783006,4.67599) 34.0419 (-0.764039,8.90352,-26.9102) 911 -3.68399e-07 (2.48934e-08,-2.4512e-07,7.40521e-07) 11512.5 9589.28 0.00295696
subcontact = (-2.864,0.743006,4.83399) 111.698 (3.06755,24.0198,-73.0443) 910 -4.41793e-07 (-2.36646e-08,-2.05044e-07,6.23321e-07) 13806 9511.57 0.0080905
subcontact = (-2.45,0.861005,4.44199) 169.789 (-15.0378,44.3425,-133.044) 909 -2.89314e-07 (9.86205e-08,-2.46955e-07,7.39663e-07) 9041.07 7510.37 0.0187798
subcontact = (-2.45,0.909005,4.29499) 78.6739 (-9.88695,20.0489,-59.8853) 908 -2.39732e-07 (1.44794e-07,-2.48202e-07,7.39421e-07) 7491.63 6086.86 0.0105016
subcontact = (-2.45,0.939005,4.20399) 161.57 (-23.7085,39.7988,-118.522) 907 -2.0901e-07 (1.73418e-07,-2.48947e-07,7.39186e-07) 6531.57 5144.34 0.0247367
subcontact = (-2.953,0.768006,4.76599) 486.034 (3.50028,105.572,-320.176) 906 -4.23148e-07 (-2.03203e-09,-1.97265e-07,5.97868e-07) 13223.4 9172.74 0.0367557
subcontact = (-2.828,0.965005,4.15699) 136.942 (-24.8799,33.3368,-98.8411) 905 -2.11504e-07 (1.89168e-07,-2.13971e-07,6.31843e-07) 6609.51 5175.84 0.0207189
contact = 47 1 42 38 (-2.627,1.89525,4.52764) (-0.0276913,0.949185,-0.313498)
subcontact = (-2.74801,2.01901,4.91199) 129.45 (14.907,-33.1835,-101.787) 904 -4.2383e-07 (-1.07344e-06,1.95057e-06,6.00061e-06) 13244.7 11059.5 0.00977372
subcontact = (-2.69501,2.02101,4.91399) 89.2926 (10.3535,-22.8821,-70.1951) 903 -4.70829e-07 (-1.07507e-06,1.96014e-06,6.02971e-06) 14713.4 12284.6 0.0060688
subcontact = (-2.45001,1.87501,4.44999) 141.228 (13.2681,-36.4948,-111.668) 902 -4.53512e-07 (-7.93223e-07,2.01211e-06,6.16218e-06) 14172.2 11864.1 0.00996514
subcontact = (-2.45001,1.93401,4.62999) 65.6091 (6.7337,-16.8931,-51.7425) 901 -5.42726e-07 (-9.03326e-07,2.00915e-06,6.16294e-06) 16960.2 14177.7 0.00386842
subcontact = (-2.81301,2.01401,4.90499) 121.858 (13.8658,-31.255,-95.8564) 900 -3.63755e-07 (-1.06933e-06,1.93875e-06,5.96445e-06) 11367.4 9493.67 0.01072
subcontact = (-2.45,1.82601,4.30099) 235.803 (20.6425,-61.1294,-186.906) 899 -3.79635e-07 (-7.02185e-07,2.01454e-06,6.16149e-06) 11863.6 9948.07 0.0198762
subcontact = (-2.45,1.78401,4.17499) 98.762 (8.17714,-25.6477,-78.3766) 898 -3.17066e-07 (-6.2556e-07,2.0165e-06,6.16065e-06) 9908.31 8314.02 0.00996759
subcontact = (-2.45,1.74701,4.06199) 265.236 (21.0012,-68.934,-210.568) 897 -2.61066e-07 (-5.56415e-07,2.01836e-06,6.16019e-06) 8158.31 6845.59 0.0325111
subcontact = (-2.92501,2.00001,4.86999) 349.04 (38.1587,-89.6843,-274.91) 896 -2.49237e-07 (-1.04685e-06,1.91909e-06,5.90296e-06) 7788.66 6508.6 0.0448139
subcontact = (-2.839,1.73401,4.05699) 0 (0,0,0) 895 7.93478e-08 (-5.51303e-07,1.94777e-06,5.946e-06) 0 0 0.0278033
subcontact = (-2.45,1.93401,4.62999) 65.609 (6.73367,-16.8931,-51.7424) 894 -5.42725e-07 (-9.03325e-07,2.00915e-06,6.16294e-06) 16960.2 14177.7 0.00386842
subcontact = (-2.695,2.02101,4.91399) 89.2925 (10.3535,-22.882,-70.195) 893 -4.70828e-07 (-1.07507e-06,1.96014e-06,6.02972e-06) 14713.4 12284.6 0.0060688
subcontact = (-2.45,1.87501,4.44999) 141.228 (13.2681,-36.4948,-111.668) 892 -4.53511e-07 (-7.93222e-07,2.01211e-06,6.16218e-06) 14172.2 11864.1 0.00996514
subcontact = (-2.748,2.01901,4.91199) 129.45 (14.9069,-33.1835,-101.787) 891 -4.23829e-07 (-1.07344e-06,1.95057e-06,6.00062e-06) 13244.6 11059.5 0.00977372
subcontact = (-2.813,2.01401,4.90499) 121.858 (13.8657,-31.2549,-95.8562) 890 -3.63754e-07 (-1.06933e-06,1.93875e-06,5.96445e-06) 11367.3 9493.65 0.01072
subcontact = (-2.45,1.82601,4.30099) 235.802 (20.6424,-61.1292,-186.906) 889 -3.79634e-07 (-7.02184e-07,2.01454e-06,6.16149e-06) 11863.6 9948.05 0.0198762
subcontact = (-2.839,1.734,4.05699) 0 (0,0,0) 888 7.93489e-08 (-5.51301e-07,1.94777e-06,5.946e-06) 0 0 0.0278033
subcontact = (-2.45,1.747,4.06199) 265.235 (21.0011,-68.9337,-210.567) 887 -2.61065e-07 (-5.56413e-07,2.01836e-06,6.16019e-06) 8158.28 6845.56 0.0325111
subcontact = (-2.925,2.00001,4.86999) 349.039 (38.1585,-89.684,-274.909) 886 -2.49236e-07 (-1.04685e-06,1.91909e-06,5.90296e-06) 7788.63 6508.58 0.0448139
subcontact = (-2.45,1.784,4.17499) 98.7616 (8.17709,-25.6477,-78.3764) 885 -3.17065e-07 (-6.25558e-07,2.0165e-06,6.16065e-06) 9908.28 8313.99 0.00996759
contact = 48 1 43 0 (-2.65938,-2.66962,4.18282) (0.707545,-0.706668,0)
subcontact = (-2.37,-2.38,3.46999) 0 (0,0,0) 884 3.79521e-07 (1.29204e-07,1.29364e-07,-6.87784e-07) 0 0 0.090862
subcontact = (-3.116,-3.127,4.05999) 0 (0,0,0) 883 6.51139e-07 (4.2536e-07,4.25887e-07,6.20815e-08) 0 0 0.0493806
subcontact = (-2.37,-2.38,4.49799) 0 (0,0,0) 882 1.59828e-06 (6.45244e-07,6.46044e-07,-6.87785e-07) 0 0 0.0197099
subcontact = (-2.37,-2.38,4.13599) 0 (0,0,0) 881 1.16911e-06 (4.63525e-07,4.641e-07,-6.87784e-07) 0 0 0.0658242
subcontact = (-2.898,-2.909,4.44899) 0 (0,0,0) 880 1.23727e-06 (6.20577e-07,6.21347e-07,-1.57147e-07) 0 0 0.095495
subcontact = (-2.832,-2.842,4.48399) 0 (0,0,0) 879 1.31688e-06 (6.38332e-07,6.39124e-07,-2.23183e-07) 0 0 0.0243429
subcontact = (-3.116,-3.127,4.05999) 0 (0,0,0) 878 6.51139e-07 (4.2536e-07,4.25887e-07,6.20817e-08) 0 0 0.0493806
subcontact = (-2.37,-2.38,3.46999) 0 (0,0,0) 877 3.79522e-07 (1.29204e-07,1.29364e-07,-6.87783e-07) 0 0 0.090862
subcontact = (-2.37,-2.38,4.49799) 0 (0,0,0) 876 1.59828e-06 (6.45244e-07,6.46044e-07,-6.87784e-07) 0 0 0.0197099
subcontact = (-2.832,-2.842,4.48399) 0 (0,0,0) 875 1.31688e-06 (6.38332e-07,6.39124e-07,-2.23183e-07) 0 0 0.0243429
subcontact = (-2.898,-2.909,4.44899) 0 (0,0,0) 874 1.23727e-06 (6.20577e-07,6.21347e-07,-1.57146e-07) 0 0 0.095495
subcontact = (-2.37,-2.38,4.13599) 0 (0,0,0) 873 1.16911e-06 (4.63525e-07,4.641e-07,-6.87784e-07) 0 0 0.0658242
contact = 49 1 43 12 (-2.78718,-2.46527,3.56634) (-0.0707864,-0.574056,-0.81575)
subcontact = (-3.116,-3.127,4.05999) 491.112 (98.368,285.304,-209.309) 872 -4.19277e-07 (-2.31801e-07,-6.69166e-07,4.91017e-07) 13102.4 9798.34 0.0374826
subcontact = (-2.37,-2.38,3.46999) 1571.78 (68.8482,618.024,-440.888) 871 -8.22578e-07 (-8.14917e-08,-7.72386e-07,5.50612e-07) 25705.6 12466.7 0.0611456
subcontact = (-2.94,-2.043,3.28299) 1323.18 (16.2068,438.324,-309.862) 870 -8.87408e-07 (-2.09349e-08,-7.00899e-07,4.95051e-07) 27731.5 11255.3 0.0477139
subcontact = (-2.45,-2.129,3.30099) 1549.99 (27.338,542.226,-383.945) 869 -9.153e-07 (-3.36989e-08,-7.64086e-07,5.40624e-07) 28603.1 12271 0.0541896
subcontact = (-3.397,-2.916,3.93699) 1692.29 (269.174,887.417,-647.847) 868 -4.6953e-07 (-1.93408e-07,-6.34438e-07,4.63247e-07) 14672.8 9808.16 0.115335
subcontact = (-2.45,-2.196,3.34799) 836.146 (20.2743,301.298,-213.787) 867 -8.87786e-07 (-4.66315e-08,-7.63526e-07,5.41352e-07) 27743.3 12276.4 0.0301386
subcontact = (-3.116,-3.127,4.05999) 491.113 (98.3679,285.304,-209.309) 866 -4.19277e-07 (-2.31801e-07,-6.69166e-07,4.91017e-07) 13102.4 9798.34 0.0374826
subcontact = (-2.37,-2.38,3.46999) 1571.78 (68.8482,618.024,-440.888) 865 -8.22578e-07 (-8.14916e-08,-7.72386e-07,5.50612e-07) 25705.6 12466.7 0.0611456
subcontact = (-2.45,-2.196,3.34799) 836.146 (20.2743,301.298,-213.787) 864 -8.87787e-07 (-4.66314e-08,-7.63526e-07,5.41352e-07) 27743.3 12276.4 0.0301386
subcontact = (-2.45,-2.129,3.30099) 1549.99 (27.3379,542.226,-383.945) 863 -9.15301e-07 (-3.36989e-08,-7.64086e-07,5.40624e-07) 28603.1 12271 0.0541896
subcontact = (-3.397,-2.916,3.93699) 1692.29 (269.174,887.418,-647.847) 862 -4.6953e-07 (-1.93408e-07,-6.34438e-07,4.63247e-07) 14672.8 9808.16 0.115335
subcontact = (-2.94,-2.043,3.28299) 1323.18 (16.2068,438.324,-309.862) 861 -8.87408e-07 (-2.09349e-08,-7.00899e-07,4.95051e-07) 27731.5 11255.3 0.0477139
contact = 50 1 43 40 (-2.6448,-1.9087,4.61429) (0.0262416,0.949301,0.313271)
subcontact = (-2.79,-2.043,5.03399) 141.475 (-21.9021,-36.0166,110.975) 860 -4.46987e-07 (3.19034e-07,4.99955e-07,-1.54173e-06) 13968.3 11720.8 0.0101283
subcontact = (-2.738,-2.044,5.03199) 94.5928 (-14.325,-24.1078,74.2535) 859 -4.59343e-07 (3.17892e-07,5.1121e-07,-1.57574e-06) 14354.5 12044.8 0.00658979
subcontact = (-2.45,-1.883,4.51899) 110.958 (7.69446,-29.269,88.0489) 858 -3.33388e-07 (-5.1435e-08,5.82485e-07,-1.76079e-06) 10418.4 8742 0.0106503
subcontact = (-2.45,-1.939,4.68899) 53.604 (-0.248905,-14.089,42.7145) 857 -3.99177e-07 (7.15216e-08,5.79409e-07,-1.76176e-06) 12474.3 10467.1 0.00429715
subcontact = (-2.854,-2.04,5.02999) 152.441 (-23.8644,-38.7858,119.531) 856 -4.29322e-07 (3.15758e-07,4.86263e-07,-1.49996e-06) 13416.3 11257.6 0.0113623
subcontact = (-2.45,-1.838,4.38299) 174.763 (23.0814,-45.9569,137.329) 855 -2.80732e-07 (-1.49796e-07,5.84924e-07,-1.75994e-06) 8772.87 7361.27 0.0199208
subcontact = (-2.45,-1.805,4.28399) 97.3496 (17.6041,-25.4354,75.6019) 854 -2.42372e-07 (-2.21392e-07,5.8667e-07,-1.75923e-06) 7574.12 6355.4 0.0128529
subcontact = (-2.45,-1.744,4.09999) 218.742 (61.7875,-55.6996,163.61) 853 -1.71117e-07 (-3.54467e-07,5.89956e-07,-1.75804e-06) 5347.41 4486.94 0.0409062
subcontact = (-2.967,-2.026,4.99699) 642.647 (-95.311,-163.949,504.795) 852 -3.88076e-07 (2.91218e-07,4.62537e-07,-1.42601e-06) 12127.4 10176 0.0529914
subcontact = (-2.849,-1.725,4.07499) 61.9822 (27.7787,-14.1695,40.6106) 851 -6.09325e-08 (-3.74928e-07,5.04559e-07,-1.49755e-06) 1904.14 1572.97 0.0325513
subcontact = (-2.45,-1.939,4.68899) 53.604 (-0.248934,-14.089,42.7146) 850 -3.99178e-07 (7.15223e-08,5.79409e-07,-1.76176e-06) 12474.3 10467.1 0.00429715
subcontact = (-2.738,-2.044,5.03199) 94.5929 (-14.3251,-24.1078,74.2535) 849 -4.59343e-07 (3.17892e-07,5.11209e-07,-1.57574e-06) 14354.5 12044.8 0.00658979
subcontact = (-2.45,-1.883,4.51899) 110.959 (7.6944,-29.269,88.049) 848 -3.33388e-07 (-5.14343e-08,5.82485e-07,-1.76079e-06) 10418.4 8742.01 0.0106503
subcontact = (-2.79,-2.043,5.03399) 141.476 (-21.9022,-36.0166,110.975) 847 -4.46987e-07 (3.19034e-07,4.99955e-07,-1.54173e-06) 13968.3 11720.8 0.0101283
subcontact = (-2.854,-2.04,5.02999) 152.441 (-23.8645,-38.7858,119.531) 846 -4.29322e-07 (3.15759e-07,4.86263e-07,-1.49996e-06) 13416.3 11257.6 0.0113623
subcontact = (-2.45,-1.838,4.38299) 174.763 (23.0813,-45.9569,137.329) 845 -2.80732e-07 (-1.49795e-07,5.84924e-07,-1.75994e-06) 8772.88 7361.28 0.0199208
subcontact = (-2.849,-1.725,4.07499) 61.9826 (27.7788,-14.1696,40.6109) 844 -6.09328e-08 (-3.74927e-07,5.04559e-07,-1.49755e-06) 1904.15 1572.98 0.0325513
subcontact = (-2.45,-1.744,4.09999) 218.743 (61.7874,-55.6998,163.61) 843 -1.71118e-07 (-3.54466e-07,5.89956e-07,-1.75804e-06) 5347.42 4486.96 0.0409062
subcontact = (-2.967,-2.026,4.99699) 642.647 (-95.3114,-163.949,504.796) 842 -3.88077e-07 (2.91218e-07,4.62537e-07,-1.42601e-06) 12127.4 10176 0.0529914
subcontact = (-2.45,-1.805,4.28399) 97.3498 (17.604,-25.4355,75.6021) 841 -2.42372e-07 (-2.21391e-07,5.8667e-07,-1.75923e-06) 7574.13 6355.41 0.0128529
contact = 51 1 44 5 (-2.82466,-0.267248,3.48344) (-0.0721366,0.572887,-0.816454)
subcontact = (-3.282,2.93461e-06,3.71099) 628.256 (155.769,-403.611,-296.967) 840 -3.55823e-07 (-3.04721e-07,7.74848e-07,5.70617e-07) 11119.5 9287.39 0.0565006
subcontact = (-2.45,3.17763e-06,3.63799) 687.667 (109.44,-390.464,-283.649) 839 -7.6839e-07 (-2.88296e-07,1.04706e-06,7.6017e-07) 24012.2 17280 0.0286383
subcontact = (-2.45,-0.336997,3.40099) 2475.87 (107.216,-862.926,-614.968) 838 -1.25942e-06 (-1.24945e-07,1.05343e-06,7.50207e-07) 39356.8 16930.1 0.0629084
subcontact = (-2.45,-0.407997,3.35199) 1069.25 (31.7816,-345.217,-245.039) 837 -1.36221e-06 (-9.10721e-08,1.05547e-06,7.48649e-07) 42569 16901.5 0.025118
subcontact = (-3.339,-0.304997,3.50199) 1277.51 (113.061,-525.928,-379.021) 836 -7.7161e-07 (-1.58294e-07,7.62337e-07,5.48901e-07) 24112.8 12420.8 0.0529803
subcontact = (-2.977,-0.552997,3.29599) 767.323 (9.08988,-215.761,-152.198) 835 -1.31235e-06 (-3.1037e-08,8.85592e-07,6.24142e-07) 41010.8 14120.4 0.0187103
subcontact = (-2.45,2.57077e-06,3.63799) 687.668 (109.44,-390.464,-283.649) 834 -7.68391e-07 (-2.88296e-07,1.04706e-06,7.6017e-07) 24012.2 17280 0.0286383
subcontact = (-3.282,2.3636e-06,3.71099) 628.257 (155.769,-403.611,-296.968) 833 -3.55823e-07 (-3.04721e-07,7.74848e-07,5.70617e-07) 11119.5 9287.41 0.0565006
subcontact = (-2.977,-0.552997,3.29599) 767.323 (9.08984,-215.761,-152.198) 832 -1.31235e-06 (-3.10368e-08,8.85592e-07,6.24142e-07) 41010.8 14120.4 0.0187103
subcontact = (-2.45,-0.407997,3.35199) 1069.25 (31.7815,-345.217,-245.039) 831 -1.36221e-06 (-9.10719e-08,1.05547e-06,7.48649e-07) 42569 16901.5 0.025118
subcontact = (-3.339,-0.304998,3.50199) 1277.51 (113.06,-525.928,-379.021) 830 -7.71611e-07 (-1.58294e-07,7.62337e-07,5.48901e-07) 24112.8 12420.8 0.0529803
subcontact = (-2.45,-0.336997,3.40099) 2475.88 (107.216,-862.926,-614.968) 829 -1.25942e-06 (-1.24945e-07,1.05343e-06,7.50207e-07) 39356.9 16930.1 0.0629084
contact = 52 1 44 36 (-2.794,3.00817e-06,4.17366) (0,1,0)
subcontact = (-3.282,3.4456e-06,3.71099) 0 (0,0,0) 828 1.08199e-06 (-1.0913e-07,0,5.64999e-08) 0 0 0.0854878
subcontact = (-2.45,3.76393e-06,3.63799) 0 (0,0,0) 827 1.19316e-06 (-8.86274e-08,0,2.90177e-07) 0 0 0.0458987
subcontact = (-2.45,5.49029e-06,4.49399) 0 (0,0,0) 826 3.18862e-06 (-3.29046e-07,0,2.90176e-07) 0 0 0.00973233
subcontact = (-3.052,5.1131e-06,4.47399) 0 (0,0,0) 825 2.93843e-06 (-3.23429e-07,0,1.21097e-07) 0 0 0.0125965
subcontact = (-3.08,4.99861e-06,4.42499) 0 (0,0,0) 824 2.81473e-06 (-3.09667e-07,0,1.13233e-07) 0 0 0.0424533
subcontact = (-2.45,5.09904e-06,4.29999) 0 (0,0,0) 823 2.73638e-06 (-2.74559e-07,0,2.90176e-07) 0 0 0.0980843
subcontact = (-2.45,2.57077e-06,3.63799) 0 (0,0,0) 822 1.19316e-06 (-8.86274e-08,0,2.90177e-07) 0 0 0.0458987
subcontact = (-3.282,2.3636e-06,3.71099) 0 (0,0,0) 821 1.08199e-06 (-1.0913e-07,0,5.64999e-08) 0 0 0.0854878
subcontact = (-2.45,2.30167e-06,4.49399) 0 (0,0,0) 820 3.18862e-06 (-3.29046e-07,0,2.90176e-07) 0 0 0.00973233
subcontact = (-2.45,2.36266e-06,4.29999) 0 (0,0,0) 819 2.73638e-06 (-2.74559e-07,0,2.90176e-07) 0 0 0.0980843
subcontact = (-3.08,2.18388e-06,4.42499) 0 (0,0,0) 818 2.81473e-06 (-3.09667e-07,0,1.13233e-07) 0 0 0.0424533
subcontact = (-3.052,2.17467e-06,4.47399) 0 (0,0,0) 817 2.93843e-06 (-3.23429e-07,0,1.21097e-07) 0 0 0.0125965
contact = 53 1 44 40 (-2.651,-0.816922,4.67876) (0.0276477,-0.949238,0.313341)
subcontact = (-2.45,-0.764998,4.81899) 43.7699 (-3.96623,11.323,34.652) 816 -4.63765e-07 (1.66387e-07,-4.70966e-07,-1.44143e-06) 14492.7 12141.9 0.00302014
subcontact = (-2.784,-0.712998,5.00599) 67.4511 (-16.0062,16.5834,51.6504) 815 -4.90482e-07 (3.60988e-07,-3.60687e-07,-1.12452e-06) 15327.6 12852.5 0.00440064
subcontact = (-2.45,-0.798998,4.71599) 114.877 (-3.85182,30.0339,91.3249) 814 -4.1895e-07 (5.75146e-08,-4.73826e-07,-1.44049e-06) 13092.2 10965.2 0.00877445
subcontact = (-2.822,-0.718998,4.99199) 124.849 (-29.3117,30.7338,95.6916) 813 -4.78137e-07 (3.45797e-07,-3.49085e-07,-1.08804e-06) 14941.8 12529.5 0.00835573
subcontact = (-2.871,-0.727998,4.96599) 119.743 (-27.0326,29.6028,92.0642) 812 -4.58942e-07 (3.18031e-07,-3.34518e-07,-1.04146e-06) 14341.9 12026.9 0.00834911
subcontact = (-2.45,-0.842998,4.58199) 215.845 (9.43447,56.8085,171.264) 811 -3.60678e-07 (-8.40873e-08,-4.77575e-07,-1.43935e-06) 11271.2 9435.24 0.0191501
subcontact = (-2.824,-0.987998,4.17599) 91.2777 (30.7664,22.6133,65.7904) 810 -1.22826e-07 (-5.16676e-07,-3.71163e-07,-1.07882e-06) 3838.31 3198.72 0.0237807
subcontact = (-2.45,-0.968998,4.20199) 209.559 (54.1585,53.5415,157.421) 809 -1.95266e-07 (-4.85844e-07,-4.88053e-07,-1.43565e-06) 6102.05 5092.08 0.0343424
subcontact = (-2.959,-0.755998,4.89099) 598.651 (-110.942,150.556,465.885) 808 -4.11821e-07 (2.37837e-07,-3.08827e-07,-9.56548e-07) 12869.4 10792.1 0.0465173
subcontact = (-2.45,-0.889998,4.43799) 158.26 (20.3429,41.5366,124.037) 807 -2.98095e-07 (-2.3621e-07,-4.81641e-07,-1.43825e-06) 9315.48 7792.05 0.016989
subcontact = (-2.822,-0.718998,4.99199) 124.85 (-29.3117,30.7338,95.6916) 806 -4.78137e-07 (3.45798e-07,-3.49085e-07,-1.08804e-06) 14941.8 12529.5 0.00835573
subcontact = (-2.784,-0.712998,5.00599) 67.4511 (-16.0063,16.5834,51.6504) 805 -4.90482e-07 (3.60989e-07,-3.60687e-07,-1.12452e-06) 15327.6 12852.6 0.00440064
subcontact = (-2.45,-0.798998,4.71599) 114.877 (-3.85188,30.0339,91.3249) 804 -4.1895e-07 (5.75153e-08,-4.73826e-07,-1.44049e-06) 13092.2 10965.2 0.00877445
subcontact = (-2.45,-0.764998,4.81899) 43.7699 (-3.96625,11.323,34.652) 803 -4.63765e-07 (1.66388e-07,-4.70966e-07,-1.44143e-06) 14492.7 12141.9 0.00302014
subcontact = (-2.871,-0.727998,4.96599) 119.743 (-27.0326,29.6028,92.0642) 802 -4.58942e-07 (3.18031e-07,-3.34518e-07,-1.04146e-06) 14342 12026.9 0.00834911
subcontact = (-2.45,-0.842998,4.58199) 215.845 (9.43436,56.8085,171.264) 801 -3.60678e-07 (-8.40865e-08,-4.77575e-07,-1.43935e-06) 11271.2 9435.25 0.0191501
subcontact = (-2.45,-0.889998,4.43799) 158.261 (20.3428,41.5367,124.037) 800 -2.98096e-07 (-2.3621e-07,-4.81641e-07,-1.43825e-06) 9315.49 7792.06 0.016989
subcontact = (-2.45,-0.968998,4.20199) 209.56 (54.1584,53.5416,157.421) 799 -1.95266e-07 (-4.85844e-07,-4.88053e-07,-1.43565e-06) 6102.06 5092.09 0.0343424
subcontact = (-2.959,-0.755998,4.89099) 598.651 (-110.942,150.556,465.885) 798 -4.11821e-07 (2.37838e-07,-3.08826e-07,-9.56548e-07) 12869.4 10792.1 0.0465173
subcontact = (-2.824,-0.987998,4.17599) 91.2778 (30.7664,22.6134,65.7906) 797 -1.22826e-07 (-5.16676e-07,-3.71163e-07,-1.07882e-06) 3838.32 3198.73 0.0237807
contact = 54 4 45 0 (-1.57957,-2.58243,3.84154) (-0.701118,-0.465793,0.53988)
contact = 55 2 45 1 (-0.00019563,-2.72802,4.37147) (3.42062e-05,-0.11502,0.993363)
contact = 56 2 45 2 (-0.950651,-2.68873,4.17218) (-0.354478,-0.290395,0.888829)
contact = 57 1 46 0 (-1.7215,-2.62522,3.66999) (-0.712378,-0.428519,0.555778)
contact = 58 0 46 2 (-1.40323,-2.81374,3.90305) (0.375956,-0.00549279,0.926621)
contact = 59 1 46 12 (-2.08156,-2.73681,2.75153) (-0.936596,-0.286673,0.20151)
contact = 60 1 46 45 (-1.20637,-2.67058,3.50411) (0.795272,0.289397,0.532721)
subcontact = (-1.35,-2.93699,3.86299) 0 (0,0,0) 796 3.00471e-07 (8.30766e-07,5.99064e-07,-1.56565e-06) 0 0 0.0102623
subcontact = (-1.228,-2.91199,3.66699) 85.9722 (-26.5951,-32.9094,57.5803) 795 -9.05782e-08 (8.14657e-07,6.49398e-07,-1.56894e-06) 2830.57 2352.6 0.0303728
subcontact = (-1.595,-2.44999,3.96499) 0 (0,0,0) 794 4.10659e-08 (7.78436e-07,5.51154e-07,-1.4615e-06) 0 0 0.0203237
subcontact = (-1.456,-2.44999,3.75699) 327.476 (-114.493,-103.458,227.125) 793 -3.49304e-07 (7.64515e-07,6.05619e-07,-1.4703e-06) 10915.8 9152.8 0.0300003
subcontact = (-1.1,-2.88899,3.46399) 452.516 (-157.276,-144.759,313.428) 792 -4.9326e-07 (7.98598e-07,7.02263e-07,-1.57369e-06) 15414.4 12923 0.0293568
subcontact = (-1.312,-2.44999,3.54199) 674.802 (-237.014,-211.503,468.725) 791 -7.52999e-07 (7.50275e-07,6.62247e-07,-1.47981e-06) 23531.2 19745 0.0286769
subcontact = (-0.973005,-2.86799,3.26299) 761.31 (-260.983,-251.282,526.116) 790 -8.9011e-07 (7.82735e-07,7.54291e-07,-1.57827e-06) 27815.9 23339.4 0.0273696
subcontact = (-0.850007,-2.84999,3.06999) 683.055 (-173.23,-181.175,357.029) 789 -1.26932e-06 (7.67891e-07,8.04619e-07,-1.58345e-06) 39666.2 25333 0.0172201
subcontact = (-1.16901,-2.44999,3.32799) 959.394 (-256.476,-249.733,518.546) 788 -1.15462e-06 (7.35948e-07,7.18272e-07,-1.48886e-06) 36082 23697.9 0.0265893
subcontact = (-1.03101,-2.44999,3.12198) 416.069 (-81.768,-87.2568,169.469) 787 -1.54144e-06 (7.22317e-07,7.72559e-07,-1.498e-06) 48169.9 24012.8 0.00863753
subcontact = (-1.456,-2.44999,3.75699) 327.475 (-114.493,-103.458,227.124) 786 -3.49302e-07 (7.64515e-07,6.05619e-07,-1.4703e-06) 10915.7 9152.76 0.0300003
subcontact = (-1.228,-2.91199,3.66699) 85.9705 (-26.5945,-32.9088,57.5791) 785 -9.05764e-08 (8.14657e-07,6.49398e-07,-1.56894e-06) 2830.51 2352.55 0.0303728
subcontact = (-1.595,-2.44999,3.96499) 0 (0,0,0) 784 4.10675e-08 (7.78436e-07,5.51154e-07,-1.4615e-06) 0 0 0.0203237
subcontact = (-1.35,-2.93699,3.86299) 0 (0,0,0) 783 3.00472e-07 (8.30766e-07,5.99064e-07,-1.56565e-06) 0 0 0.0102623
subcontact = (-1.312,-2.44999,3.54199) 674.801 (-237.014,-211.503,468.724) 782 -7.52998e-07 (7.50275e-07,6.62247e-07,-1.47981e-06) 23531.2 19745 0.0286769
subcontact = (-1.1,-2.88899,3.46399) 452.515 (-157.275,-144.758,313.427) 781 -4.93258e-07 (7.98598e-07,7.02263e-07,-1.57369e-06) 15414.3 12923 0.0293568
subcontact = (-1.03101,-2.44999,3.12199) 416.068 (-81.768,-87.2568,169.469) 780 -1.54143e-06 (7.22317e-07,7.72558e-07,-1.498e-06) 48169.8 24012.8 0.00863753
subcontact = (-0.850006,-2.84999,3.06999) 683.054 (-173.23,-181.175,357.029) 779 -1.26932e-06 (7.67891e-07,8.04619e-07,-1.58345e-06) 39666.1 25333 0.0172201
subcontact = (-1.16901,-2.44999,3.32799) 959.392 (-256.476,-249.733,518.546) 778 -1.15462e-06 (7.35948e-07,7.18272e-07,-1.48886e-06) 36082 23697.9 0.0265893
subcontact = (-0.973005,-2.86799,3.26299) 761.308 (-260.983,-251.281,526.115) 777 -8.90108e-07 (7.82735e-07,7.54291e-07,-1.57827e-06) 27815.9 23339.4 0.0273696
contact = 61 2 47 1 (0.00101492,-2.72817,4.37142) (-0.000176785,-0.115013,0.993364)
contact = 62 2 47 4 (0.945927,-2.68525,4.17505) (0.356199,-0.290732,0.88803)
contact = 63 4 47 26 (1.58581,-2.58097,3.83496) (0.700716,-0.465715,0.540469)
contact = 64 1 47 45 (2.66381e-14,-2.63068,3.89758) (-1,0,0)
subcontact = (-4.60201e-07,-2.44998,4.15998) 0 (0,0,0) 776 9.20401e-07 (0,-5.80614e-15,-9.74397e-15) 0 0 0.0226609
subcontact = (2.06446e-07,-2.81398,4.14098) 289.077 (0,1.92181e-06,-1.52616e-06) 775 -4.12892e-07 (0,-6.58787e-15,5.23158e-15) 12902.9 0.000109537 0.0224041
subcontact = (1.13048e-06,-2.44998,4.40298) 1042.54 (0,-8.05257e-07,1.87207e-06) 774 -2.26097e-06 (0,4.19128e-15,-9.74394e-15) 70655.3 0.000138114 0.0147553
subcontact = (1.79493e-06,-2.81598,4.38298) 828.398 (0,-3.23874e-07,-5.10932e-07) 773 -3.58986e-06 (0,3.36842e-15,5.31389e-15) 112183 8.19213e-05 0.00738433
subcontact = (-2.12289e-06,-2.44998,3.90598) 0 (0,0,0) 772 4.24578e-06 (0,-1.62561e-14,-9.744e-15) 0 0 0.0228238
subcontact = (-1.44967e-06,-2.81098,3.88898) 0 (0,0,0) 771 2.89935e-06 (0,-1.69556e-14,5.10813e-15) 0 0 0.0228737
subcontact = (-5.37627e-06,-2.44999,3.40898) 0 (0,0,0) 770 1.07525e-05 (0,-3.67035e-14,-9.74406e-15) 0 0 0.00722925
subcontact = (-4.68556e-06,-2.80699,3.39598) 0 (0,0,0) 769 9.37112e-06 (0,-3.72384e-14,4.9435e-15) 0 0 0.0144417
subcontact = (-3.78558e-06,-2.44998,3.65198) 0 (0,0,0) 768 7.57117e-06 (0,-2.67061e-14,-9.74403e-15) 0 0 0.0220405
subcontact = (-3.10362e-06,-2.80898,3.63698) 0 (0,0,0) 767 6.20724e-06 (0,-2.73233e-14,5.02581e-15) 0 0 0.0223951
subcontact = (-1.79493e-06,-2.81598,4.38298) 828.398 (0,-3.23874e-07,-5.10932e-07) 766 -3.58986e-06 (0,3.36842e-15,5.31389e-15) 112183 8.19213e-05 0.00738433
subcontact = (-2.06446e-07,-2.81398,4.14098) 289.077 (0,1.92181e-06,-1.52616e-06) 765 -4.12892e-07 (0,-6.58787e-15,5.23158e-15) 12902.9 0.000109537 0.0224041
subcontact = (-1.13048e-06,-2.44998,4.40298) 1042.54 (0,-8.05257e-07,1.87207e-06) 764 -2.26097e-06 (0,4.19128e-15,-9.74394e-15) 70655.3 0.000138114 0.0147553
subcontact = (4.60201e-07,-2.44998,4.15998) 0 (0,0,0) 763 9.20401e-07 (0,-5.80614e-15,-9.74397e-15) 0 0 0.0226609
subcontact = (1.44967e-06,-2.81098,3.88898) 0 (0,0,0) 762 2.89935e-06 (0,-1.69556e-14,5.10812e-15) 0 0 0.0228737
subcontact = (2.12289e-06,-2.44998,3.90598) 0 (0,0,0) 761 4.24578e-06 (0,-1.62561e-14,-9.744e-15) 0 0 0.0228238
subcontact = (3.10362e-06,-2.80898,3.63698) 0 (0,0,0) 760 6.20724e-06 (0,-2.73233e-14,5.02581e-15) 0 0 0.0223951
subcontact = (4.68556e-06,-2.80699,3.39598) 0 (0,0,0) 759 9.37112e-06 (0,-3.72384e-14,4.9435e-15) 0 0 0.0144417
subcontact = (3.78558e-06,-2.44998,3.65198) 0 (0,0,0) 758 7.57117e-06 (0,-2.67061e-14,-9.74403e-15) 0 0 0.0220405
subcontact = (5.37627e-06,-2.44999,3.40898) 0 (0,0,0) 757 1.07525e-05 (0,-3.67035e-14,-9.74406e-15) 0 0 0.00722925
contact = 65 0 48 16 (2.22064,-2.69891,0.527782) (0.993208,-0.11633,-0.00242676)
contact = 66 5 48 20 (2.18926,-2.98875,1.22949) (0.991188,-0.113576,0.0681617)
contact = 67 2 49 3 (2.08933,-2.81297,2.58388) (0.942691,-0.223875,0.247413)
contact = 68 0 49 16 (2.23125,-2.62975,1.155) (0.617829,-0.114168,-0.77798)
contact = 69 1 49 20 (2.20006,-2.77521,1.77694) (0.988161,-0.149853,0.032879)
contact = 70 1 49 48 (1.86497,-2.75105,1.15792) (0.148272,-0.21653,-0.964951)
subcontact = (1.98601,-3.105,1.256) 1425.33 (-134.9,439.961,-119.453) 756 -1.51141e-06 (3.43312e-07,-1.11968e-06,3.04002e-07) 47231.7 15754.4 0.0301775
subcontact = (2.09401,-2.45,1.125) 2005.38 (65.2518,403.702,-80.5621) 755 -2.17981e-06 (-1.70226e-07,-1.05316e-06,2.10167e-07) 68119.2 14158 0.0294393
subcontact = (2.16401,-3.168,1.298) 569.553 (-104.999,258.612,-74.165) 754 -9.01473e-07 (3.98854e-07,-9.82377e-07,2.81727e-07) 28171 14284.5 0.0202177
subcontact = (2.24801,-2.45,1.14899) 517.683 (20.5645,116.405,-22.9608) 753 -1.73379e-06 (-1.65296e-07,-9.35654e-07,1.84557e-07) 54180.9 12602.9 0.00955472
subcontact = (1.79901,-3.045,1.214) 1881.01 (-106.793,462.636,-120.223) 752 -2.1424e-06 (2.9192e-07,-1.26462e-06,3.2863e-07) 66950 17432.8 0.0280957
subcontact = (1.93101,-2.45,1.1) 2311.21 (63.3003,427.824,-86.275) 751 -2.65161e-06 (-1.74296e-07,-1.17801e-06,2.37556e-07) 82862.9 15811.1 0.027892
subcontact = (1.43501,-2.95,1.136) 870.532 (-22.3536,167.83,-41.095) 750 -3.33883e-06 (2.05763e-07,-1.54487e-06,3.78277e-07) 104339 20882.3 0.00834334
subcontact = (1.61301,-2.993,1.173) 2162.9 (-79.7379,459.709,-115.409) 749 -2.75921e-06 (2.44132e-07,-1.40748e-06,3.53344e-07) 86225.2 19160.8 0.0250843
subcontact = (1.76801,-2.45,1.075) 2451.72 (58.3367,426.114,-86.6538) 748 -3.12341e-06 (-1.78366e-07,-1.30285e-06,2.64946e-07) 97606.7 17466.5 0.0251184
subcontact = (1.61201,-2.45,1.051) 1749.4 (37.2044,289.986,-59.3546) 747 -3.57501e-06 (-1.82471e-07,-1.42225e-06,2.91107e-07) 111719 19051.5 0.0156589
subcontact = (2.24801,-2.45,1.14899) 517.683 (20.5646,116.405,-22.9608) 746 -1.73379e-06 (-1.65296e-07,-9.35654e-07,1.84557e-07) 54180.9 12602.9 0.00955472
subcontact = (2.09401,-2.45,1.12499) 2005.38 (65.2519,403.702,-80.562) 745 -2.17981e-06 (-1.70227e-07,-1.05316e-06,2.10167e-07) 68119.2 14158 0.0294393
subcontact = (2.16401,-3.168,1.29799) 569.554 (-104.999,258.612,-74.1649) 744 -9.01475e-07 (3.98853e-07,-9.82377e-07,2.81727e-07) 28171.1 14284.5 0.0202177
subcontact = (1.98601,-3.105,1.25599) 1425.34 (-134.9,439.961,-119.453) 743 -1.51142e-06 (3.43312e-07,-1.11968e-06,3.04002e-07) 47231.8 15754.4 0.0301775
subcontact = (1.93101,-2.45,1.09999) 2311.21 (63.3004,427.824,-86.275) 742 -2.65161e-06 (-1.74296e-07,-1.17801e-06,2.37556e-07) 82863 15811.1 0.027892
subcontact = (1.79901,-3.045,1.21399) 1881.01 (-106.793,462.636,-120.223) 741 -2.1424e-06 (2.9192e-07,-1.26462e-06,3.2863e-07) 66950.1 17432.8 0.0280957
subcontact = (1.43501,-2.95,1.136) 870.533 (-22.3535,167.83,-41.095) 740 -3.33883e-06 (2.05763e-07,-1.54487e-06,3.78277e-07) 104339 20882.3 0.00834334
subcontact = (1.61201,-2.45,1.05099) 1749.4 (37.2045,289.986,-59.3546) 739 -3.57501e-06 (-1.82471e-07,-1.42225e-06,2.91107e-07) 111719 19051.5 0.0156589
subcontact = (1.76801,-2.45,1.07499) 2451.72 (58.3368,426.114,-86.6537) 738 -3.12341e-06 (-1.78366e-07,-1.30285e-06,2.64946e-07) 97606.7 17466.5 0.0251184
subcontact = (1.61301,-2.993,1.173) 2162.9 (-79.7377,459.709,-115.409) 737 -2.75921e-06 (2.44131e-07,-1.40748e-06,3.53344e-07) 86225.2 19160.8 0.0250843
contact = 71 0 50 35 (-1.52013,-2.69518,0.81633) (-0.941612,-0.336691,-0.00246657)
contact = 72 1 51 3 (2.08677,-2.72904,2.74118) (0.936217,-0.286369,0.203691)
contact = 73 0 51 4 (1.40323,-2.81374,3.90305) (-0.375838,-0.00558058,0.926669)
contact = 74 1 51 26 (1.72288,-2.6286,3.66502) (0.711808,-0.429967,0.555389)
contact = 75 1 51 47 (1.20637,-2.67058,3.50411) (-0.795272,0.289397,0.532721)
subcontact = (1.456,-2.44999,3.75699) 327.476 (114.493,-103.458,227.125) 736 -3.49304e-07 (-7.64515e-07,6.05619e-07,-1.4703e-06) 10915.8 9152.8 0.0300003
subcontact = (1.228,-2.91199,3.66699) 85.9722 (26.5951,-32.9094,57.5803) 735 -9.05782e-08 (-8.14657e-07,6.49398e-07,-1.56894e-06) 2830.57 2352.6 0.0303728
subcontact = (1.595,-2.44999,3.96499) 0 (0,0,0) 734 4.10659e-08 (-7.78436e-07,5.51154e-07,-1.4615e-06) 0 0 0.0203237
subcontact = (1.35,-2.93699,3.86299) 0 (0,0,0) 733 3.00471e-07 (-8.30766e-07,5.99064e-07,-1.56565e-06) 0 0 0.0102623
subcontact = (1.312,-2.44999,3.54199) 674.802 (237.014,-211.503,468.725) 732 -7.52999e-07 (-7.50275e-07,6.62247e-07,-1.47981e-06) 23531.2 19745 0.0286769
subcontact = (1.1,-2.88899,3.46399) 452.516 (157.276,-144.759,313.428) 731 -4.9326e-07 (-7.98598e-07,7.02263e-07,-1.57369e-06) 15414.4 12923 0.0293568
subcontact = (1.03101,-2.44999,3.12198) 416.069 (81.768,-87.2568,169.469) 730 -1.54144e-06 (-7.22317e-07,7.72559e-07,-1.498e-06) 48169.9 24012.8 0.00863753
subcontact = (0.850007,-2.84999,3.06999) 683.055 (173.23,-181.175,357.029) 729 -1.26932e-06 (-7.67891e-07,8.04619e-07,-1.58345e-06) 39666.2 25333 0.0172201
subcontact = (1.16901,-2.44999,3.32799) 959.394 (256.476,-249.733,518.546) 728 -1.15462e-06 (-7.35948e-07,7.18273e-07,-1.48886e-06) 36082 23697.9 0.0265893
subcontact = (0.973005,-2.86799,3.26299) 761.31 (260.983,-251.282,526.116) 727 -8.9011e-07 (-7.82735e-07,7.54291e-07,-1.57827e-06) 27815.9 23339.4 0.0273696
subcontact = (1.35,-2.93699,3.86299) 0 (0,0,0) 726 3.00472e-07 (-8.30766e-07,5.99064e-07,-1.56565e-06) 0 0 0.0102623
subcontact = (1.228,-2.91199,3.66699) 85.9705 (26.5945,-32.9088,57.5791) 725 -9.05764e-08 (-8.14657e-07,6.49398e-07,-1.56894e-06) 2830.51 2352.55 0.0303728
subcontact = (1.595,-2.44999,3.96499) 0 (0,0,0) 724 4.10675e-08 (-7.78436e-07,5.51154e-07,-1.4615e-06) 0 0 0.0203237
subcontact = (1.456,-2.44999,3.75699) 327.475 (114.493,-103.458,227.124) 723 -3.49302e-07 (-7.64515e-07,6.05619e-07,-1.4703e-06) 10915.7 9152.76 0.0300003
subcontact = (1.1,-2.88899,3.46399) 452.515 (157.275,-144.758,313.427) 722 -4.93258e-07 (-7.98598e-07,7.02263e-07,-1.57369e-06) 15414.3 12923 0.0293568
subcontact = (1.312,-2.44999,3.54199) 674.801 (237.014,-211.503,468.724) 721 -7.52998e-07 (-7.50275e-07,6.62247e-07,-1.47981e-06) 23531.2 19745 0.0286769
subcontact = (0.973005,-2.86799,3.26299) 761.308 (260.983,-251.281,526.115) 720 -8.90108e-07 (-7.82735e-07,7.54291e-07,-1.57827e-06) 27815.9 23339.4 0.0273696
subcontact = (0.850006,-2.84999,3.06999) 683.054 (173.23,-181.175,357.029) 719 -1.26932e-06 (-7.67891e-07,8.04619e-07,-1.58345e-06) 39666.1 25333 0.0172201
subcontact = (1.16901,-2.44999,3.32799) 959.392 (256.476,-249.733,518.546) 718 -1.15462e-06 (-7.35948e-07,7.18272e-07,-1.48886e-06) 36082 23697.9 0.0265893
subcontact = (1.03101,-2.44999,3.12199) 416.068 (81.768,-87.2568,169.469) 717 -1.54143e-06 (-7.22317e-07,7.72559e-07,-1.498e-06) 48169.8 24012.8 0.00863753
contact = 76 1 51 49 (1.7833,-2.73969,2.35271) (0.427972,-0.358187,-0.829784)
subcontact = (1.85001,-3.078,2.53299) 0 (0,0,0) 716 1.01019e-06 (2.10948e-06,-1.50028e-06,1.73561e-06) 0 0 0.0348641
subcontact = (2.02501,-3.133,2.64699) 0 (0,0,0) 715 2.72694e-06 (2.28282e-06,-1.11139e-06,1.65714e-06) 0 0 0.0234925
subcontact = (2.23601,-2.45,2.46099) 0 (0,0,0) 714 1.8317e-06 (1.01318e-06,-9.19991e-07,9.1969e-07) 0 0 0.0112312
subcontact = (2.07201,-2.45,2.37699) 0 (0,0,0) 713 4.29291e-07 (9.55974e-07,-1.26588e-06,1.03949e-06) 0 0 0.0343457
subcontact = (1.66801,-3.025,2.416) 773.361 (-381.572,377.043,-359.556) 712 -7.59669e-07 (1.93597e-06,-1.90293e-06,1.81993e-06) 23739.6 19823.5 0.0325768
subcontact = (1.90001,-2.45,2.28799) 1066.72 (-363.961,665.397,-474.945) 711 -1.04533e-06 (8.90539e-07,-1.62782e-06,1.16198e-06) 32666.6 27404 0.0326548
subcontact = (1.31201,-2.934,2.194) 1238.74 (-201.958,332.949,-247.885) 710 -4.16561e-06 (1.62994e-06,-2.68712e-06,2.00059e-06) 130175 48509.7 0.00951595
subcontact = (1.48601,-2.977,2.302) 2286.37 (-675.623,875.989,-726.594) 709 -2.5062e-06 (1.7774e-06,-2.30451e-06,1.91149e-06) 78318.6 45337.3 0.0291932
subcontact = (1.72601,-2.45,2.19799) 2356.93 (-319.184,771.875,-497.813) 708 -2.53695e-06 (8.24553e-07,-1.99399e-06,1.28601e-06) 79279.8 32707.2 0.0297293
subcontact = (1.55801,-2.45,2.11099) 2289.35 (-182.314,562.961,-337.041) 707 -3.97758e-06 (7.60219e-07,-2.34745e-06,1.4054e-06) 124299 36974.6 0.018418
subcontact = (1.85001,-3.07799,2.53299) 0 (0,0,0) 706 1.01018e-06 (2.10948e-06,-1.50028e-06,1.73561e-06) 0 0 0.0348641
subcontact = (2.07201,-2.44999,2.37699) 0 (0,0,0) 705 4.29283e-07 (9.55972e-07,-1.26588e-06,1.03949e-06) 0 0 0.0343457
subcontact = (2.23601,-2.44999,2.46099) 0 (0,0,0) 704 1.83169e-06 (1.01318e-06,-9.19993e-07,9.1969e-07) 0 0 0.0112312
subcontact = (2.02501,-3.13299,2.647) 0 (0,0,0) 703 2.72693e-06 (2.28282e-06,-1.1114e-06,1.65714e-06) 0 0 0.0234925
subcontact = (1.90001,-2.44999,2.28799) 1066.73 (-363.963,665.403,-474.948) 702 -1.04534e-06 (8.90537e-07,-1.62782e-06,1.16198e-06) 32666.9 27404.2 0.0326548
subcontact = (1.66801,-3.02499,2.41599) 773.374 (-381.578,377.05,-359.562) 701 -7.59682e-07 (1.93597e-06,-1.90294e-06,1.81993e-06) 23740 19823.8 0.0325768
subcontact = (1.31201,-2.93399,2.19399) 1238.74 (-201.958,332.949,-247.884) 700 -4.16562e-06 (1.62993e-06,-2.68712e-06,2.00059e-06) 130176 48509.7 0.00951595
subcontact = (1.55801,-2.45,2.11099) 2289.35 (-182.314,562.961,-337.04) 699 -3.97759e-06 (7.60216e-07,-2.34745e-06,1.4054e-06) 124300 36974.6 0.018418
subcontact = (1.72601,-2.44999,2.19799) 2356.94 (-319.183,771.875,-497.813) 698 -2.53696e-06 (8.2455e-07,-1.994e-06,1.28601e-06) 79280.1 32707.2 0.0297293
subcontact = (1.48601,-2.97699,2.30199) 2286.38 (-675.622,875.99,-726.594) 697 -2.50621e-06 (1.77739e-06,-2.30451e-06,1.91149e-06) 78319 45337.3 0.0291932
contact = 77 2 52 12 (-2.08781,-2.81561,2.58771) (-0.942853,-0.224111,0.24658)
contact = 78 1 52 13 (-2.19988,-2.77631,1.77824) (-0.988178,-0.149767,0.0327819)
contact = 79 0 52 14 (-2.23125,-2.62975,1.155) (-0.617921,-0.114172,-0.777906)
contact = 80 1 52 35 (-1.86497,-2.75105,1.15792) (-0.148272,-0.21653,-0.964951)
subcontact = (-2.24801,-2.45,1.14899) 517.683 (-20.5645,116.405,-22.9608) 696 -1.73379e-06 (1.65296e-07,-9.35654e-07,1.84557e-07) 54180.9 12602.9 0.00955472
subcontact = (-2.09401,-2.45,1.125) 2005.38 (-65.2518,403.702,-80.5621) 695 -2.17981e-06 (1.70226e-07,-1.05316e-06,2.10167e-07) 68119.2 14158 0.0294393
subcontact = (-2.16401,-3.168,1.298) 569.553 (104.999,258.612,-74.165) 694 -9.01473e-07 (-3.98854e-07,-9.82377e-07,2.81727e-07) 28171 14284.5 0.0202177
subcontact = (-1.98601,-3.105,1.256) 1425.33 (134.9,439.961,-119.453) 693 -1.51141e-06 (-3.43312e-07,-1.11968e-06,3.04002e-07) 47231.7 15754.4 0.0301775
subcontact = (-1.93101,-2.45,1.1) 2311.21 (-63.3003,427.824,-86.275) 692 -2.65161e-06 (1.74296e-07,-1.17801e-06,2.37556e-07) 82862.9 15811.1 0.027892
subcontact = (-1.79901,-3.045,1.214) 1881.01 (106.793,462.636,-120.223) 691 -2.1424e-06 (-2.9192e-07,-1.26462e-06,3.2863e-07) 66950 17432.8 0.0280957
subcontact = (-1.43501,-2.95,1.136) 870.532 (22.3536,167.83,-41.095) 690 -3.33883e-06 (-2.05763e-07,-1.54487e-06,3.78277e-07) 104339 20882.3 0.00834334
subcontact = (-1.61201,-2.45,1.051) 1749.4 (-37.2044,289.986,-59.3546) 689 -3.57501e-06 (1.82471e-07,-1.42225e-06,2.91107e-07) 111719 19051.5 0.0156589
subcontact = (-1.76801,-2.45,1.075) 2451.72 (-58.3367,426.114,-86.6538) 688 -3.12341e-06 (1.78366e-07,-1.30285e-06,2.64946e-07) 97606.7 17466.5 0.0251184
subcontact = (-1.61301,-2.993,1.173) 2162.9 (79.7379,459.709,-115.409) 687 -2.75921e-06 (-2.44132e-07,-1.40748e-06,3.53344e-07) 86225.2 19160.8 0.0250843
subcontact = (-1.98601,-3.105,1.25599) 1425.34 (134.9,439.961,-119.453) 686 -1.51142e-06 (-3.43312e-07,-1.11968e-06,3.04002e-07) 47231.8 15754.4 0.0301775
subcontact = (-2.09401,-2.45,1.12499) 2005.38 (-65.2519,403.702,-80.562) 685 -2.17981e-06 (1.70227e-07,-1.05316e-06,2.10167e-07) 68119.2 14158 0.0294393
subcontact = (-2.16401,-3.168,1.29799) 569.554 (104.999,258.612,-74.1649) 684 -9.01475e-07 (-3.98853e-07,-9.82377e-07,2.81727e-07) 28171.1 14284.5 0.0202177
subcontact = (-2.24801,-2.45,1.14899) 517.683 (-20.5646,116.405,-22.9608) 683 -1.73379e-06 (1.65296e-07,-9.35654e-07,1.84557e-07) 54180.9 12602.9 0.00955472
subcontact = (-1.79901,-3.045,1.21399) 1881.01 (106.793,462.636,-120.223) 682 -2.1424e-06 (-2.9192e-07,-1.26462e-06,3.2863e-07) 66950.1 17432.8 0.0280957
subcontact = (-1.93101,-2.45,1.09999) 2311.21 (-63.3004,427.824,-86.275) 681 -2.65161e-06 (1.74296e-07,-1.17801e-06,2.37556e-07) 82863 15811.1 0.027892
subcontact = (-1.43501,-2.95,1.136) 870.533 (22.3535,167.83,-41.095) 680 -3.33883e-06 (-2.05763e-07,-1.54487e-06,3.78277e-07) 104339 20882.3 0.00834334
subcontact = (-1.61301,-2.993,1.173) 2162.9 (79.7377,459.709,-115.409) 679 -2.75921e-06 (-2.44131e-07,-1.40748e-06,3.53344e-07) 86225.2 19160.8 0.0250843
subcontact = (-1.76801,-2.45,1.07499) 2451.72 (-58.3368,426.114,-86.6537) 678 -3.12341e-06 (1.78366e-07,-1.30285e-06,2.64946e-07) 97606.7 17466.5 0.0251184
subcontact = (-1.61201,-2.45,1.05099) 1749.4 (-37.2045,289.986,-59.3546) 677 -3.57501e-06 (1.82471e-07,-1.42225e-06,2.91107e-07) 111719 19051.5 0.0156589
contact = 81 1 52 46 (-1.7833,-2.73969,2.35271) (0.427972,0.358187,0.829784)
subcontact = (-1.85001,-3.07799,2.53299) 0 (0,0,0) 676 1.01018e-06 (2.10948e-06,1.50028e-06,-1.73561e-06) 0 0 0.0348641
subcontact = (-2.02501,-3.13299,2.647) 0 (0,0,0) 675 2.72693e-06 (2.28282e-06,1.1114e-06,-1.65714e-06) 0 0 0.0234925
subcontact = (-2.23601,-2.44999,2.46099) 0 (0,0,0) 674 1.83169e-06 (1.01318e-06,9.19993e-07,-9.1969e-07) 0 0 0.0112312
subcontact = (-2.07201,-2.44999,2.37699) 0 (0,0,0) 673 4.29283e-07 (9.55972e-07,1.26588e-06,-1.03949e-06) 0 0 0.0343457
subcontact = (-1.66801,-3.02499,2.41599) 773.374 (-381.578,-377.05,359.562) 672 -7.59682e-07 (1.93597e-06,1.90294e-06,-1.81993e-06) 23740 19823.8 0.0325768
subcontact = (-1.90001,-2.44999,2.28799) 1066.73 (-363.963,-665.403,474.948) 671 -1.04534e-06 (8.90537e-07,1.62782e-06,-1.16198e-06) 32666.9 27404.2 0.0326548
subcontact = (-1.31201,-2.93399,2.19399) 1238.74 (-201.958,-332.949,247.884) 670 -4.16562e-06 (1.62993e-06,2.68712e-06,-2.00059e-06) 130176 48509.7 0.00951595
subcontact = (-1.48601,-2.97699,2.30199) 2286.38 (-675.622,-875.99,726.594) 669 -2.50621e-06 (1.77739e-06,2.30451e-06,-1.91149e-06) 78319 45337.3 0.0291932
subcontact = (-1.72601,-2.44999,2.19799) 2356.94 (-319.183,-771.875,497.813) 668 -2.53696e-06 (8.2455e-07,1.994e-06,-1.28601e-06) 79280.1 32707.2 0.0297293
subcontact = (-1.55801,-2.45,2.11099) 2289.35 (-182.314,-562.961,337.04) 667 -3.97759e-06 (7.60216e-07,2.34745e-06,-1.4054e-06) 124300 36974.6 0.018418
subcontact = (-1.85001,-3.078,2.53299) 0 (0,0,0) 666 1.01019e-06 (2.10948e-06,1.50028e-06,-1.73561e-06) 0 0 0.0348641
subcontact = (-2.07201,-2.45,2.37699) 0 (0,0,0) 665 4.29291e-07 (9.55974e-07,1.26588e-06,-1.03949e-06) 0 0 0.0343457
subcontact = (-2.23601,-2.45,2.46099) 0 (0,0,0) 664 1.8317e-06 (1.01318e-06,9.19991e-07,-9.1969e-07) 0 0 0.0112312
subcontact = (-2.02501,-3.133,2.64699) 0 (0,0,0) 663 2.72694e-06 (2.28282e-06,1.11139e-06,-1.65714e-06) 0 0 0.0234925
subcontact = (-1.90001,-2.45,2.28799) 1066.72 (-363.961,-665.397,474.945) 662 -1.04533e-06 (8.90539e-07,1.62782e-06,-1.16198e-06) 32666.6 27404 0.0326548
subcontact = (-1.66801,-3.025,2.416) 773.361 (-381.572,-377.043,359.556) 661 -7.59669e-07 (1.93597e-06,1.90293e-06,-1.81993e-06) 23739.6 19823.5 0.0325768
subcontact = (-1.31201,-2.934,2.194) 1238.74 (-201.958,-332.949,247.885) 660 -4.16561e-06 (1.62994e-06,2.68712e-06,-2.00059e-06) 130175 48509.7 0.00951595
subcontact = (-1.55801,-2.45,2.11099) 2289.35 (-182.314,-562.961,337.041) 659 -3.97758e-06 (7.60219e-07,2.34745e-06,-1.4054e-06) 124299 36974.6 0.018418
subcontact = (-1.72601,-2.45,2.19799) 2356.93 (-319.184,-771.875,497.813) 658 -2.53695e-06 (8.24553e-07,1.99399e-06,-1.28601e-06) 79279.8 32707.2 0.0297293
subcontact = (-1.48601,-2.977,2.302) 2286.37 (-675.623,-875.989,726.594) 657 -2.5062e-06 (1.7774e-06,2.30451e-06,-1.91149e-06) 78318.6 45337.3 0.0291932
contact = 82 2 52 50 (-1.47399,-2.71745,1.59213) (0.931074,0.352173,-0.095265)
contact = 83 0 53 35 (-1.54769,-2.61658,0.445083) (-0.940172,-0.3407,-0.000803155)
contact = 84 1 53 50 (-1.16471,-2.66542,0.744396) (0.0643057,0.153714,0.986021)
subcontact = (-1.427,-2.941,0.804995) 351.208 (11.2333,-63.4647,9.16109) 656 -1.50432e-06 (-1.15477e-07,6.52408e-07,-9.41747e-08) 47010 8713.65 0.00747092
subcontact = (-1.26,-2.905,0.787996) 1083.52 (33.7926,-188.379,27.1631) 655 -1.62122e-06 (-1.2135e-07,6.76474e-07,-9.75435e-08) 50663.2 9038.54 0.0213866
subcontact = (-1.604,-2.45,0.739995) 831.57 (35.6853,-118.798,16.1925) 654 -1.82947e-06 (-1.8842e-07,6.27261e-07,-8.54973e-08) 57171 8600.34 0.0145453
subcontact = (-1.42,-2.45,0.727995) 1231.22 (50.2983,-174.374,23.9033) 653 -1.92453e-06 (-1.88692e-07,6.54158e-07,-8.96726e-08) 60141.6 8941.51 0.020472
subcontact = (-1.093,-2.874,0.771996) 1065.15 (32.3451,-179.36,25.8516) 652 -1.73385e-06 (-1.26363e-07,7.0071e-07,-1.00995e-07) 54182.7 9363.8 0.0196584
subcontact = (-1.237,-2.45,0.715995) 1202.53 (46.9012,-168.96,23.2809) 651 -2.01909e-06 (-1.88997e-07,6.80856e-07,-9.38148e-08) 63096.4 9281.27 0.0190586
subcontact = (-0.926003,-2.851,0.757996) 1057.26 (31.0813,-173.747,25.0589) 650 -1.83956e-06 (-1.2979e-07,7.25539e-07,-1.04642e-07) 57486.3 9693.32 0.0183915
subcontact = (-0.758003,-2.833,0.743997) 718.808 (20.4916,-115.678,16.6969) 649 -1.94167e-06 (-1.32846e-07,7.49933e-07,-1.08245e-07) 60677.1 10016.4 0.0118465
subcontact = (-1.053,-2.45,0.702996) 1195.1 (44.6994,-166.5,23.0411) 648 -2.11431e-06 (-1.89791e-07,7.0695e-07,-9.78309e-08) 66072.1 9615.78 0.0180879
subcontact = (-0.869003,-2.45,0.690996) 411.3 (14.7427,-56.9226,7.91236) 647 -2.20937e-06 (-1.90063e-07,7.33847e-07,-1.02006e-07) 69042.8 9959.53 0.00595718
subcontact = (-1.42,-2.45,0.727997) 1231.22 (50.2983,-174.374,23.9033) 646 -1.92453e-06 (-1.88692e-07,6.54158e-07,-8.96726e-08) 60141.6 8941.51 0.020472
subcontact = (-1.26,-2.905,0.787997) 1083.52 (33.7926,-188.379,27.1631) 645 -1.62122e-06 (-1.2135e-07,6.76474e-07,-9.75435e-08) 50663.2 9038.54 0.0213866
subcontact = (-1.604,-2.45,0.739997) 831.57 (35.6853,-118.798,16.1925) 644 -1.82947e-06 (-1.8842e-07,6.27261e-07,-8.54973e-08) 57171 8600.34 0.0145453
subcontact = (-1.427,-2.941,0.804997) 351.208 (11.2333,-63.4647,9.16109) 643 -1.50432e-06 (-1.15477e-07,6.52408e-07,-9.41747e-08) 47010 8713.65 0.00747092
subcontact = (-1.237,-2.45,0.715998) 1202.53 (46.9011,-168.96,23.2809) 642 -2.01909e-06 (-1.88997e-07,6.80856e-07,-9.38148e-08) 63096.4 9281.27 0.0190586
subcontact = (-1.093,-2.874,0.771998) 1065.15 (32.3451,-179.36,25.8516) 641 -1.73385e-06 (-1.26363e-07,7.0071e-07,-1.00995e-07) 54182.7 9363.8 0.0196584
subcontact = (-0.869002,-2.45,0.690998) 411.3 (14.7427,-56.9226,7.91236) 640 -2.20937e-06 (-1.90063e-07,7.33847e-07,-1.02006e-07) 69042.8 9959.53 0.00595718
subcontact = (-0.758002,-2.833,0.743999) 718.808 (20.4916,-115.678,16.6969) 639 -1.94167e-06 (-1.32846e-07,7.49933e-07,-1.08245e-07) 60677.1 10016.4 0.0118465
subcontact = (-1.053,-2.45,0.702998) 1195.1 (44.6994,-166.5,23.0411) 638 -2.11431e-06 (-1.89791e-07,7.0695e-07,-9.78309e-08) 66072.1 9615.78 0.0180879
subcontact = (-0.926002,-2.851,0.757998) 1057.26 (31.0813,-173.747,25.0589) 637 -1.83956e-06 (-1.2979e-07,7.25539e-07,-1.04642e-07) 57486.3 9693.32 0.0183915
contact = 85 4 54 46 (-1.23143,-2.64361,2.63337) (-0.803097,-0.423919,0.418721)
subcontact = (-1.35681,-2.62452,2.50154) 0 (0,0,0) 1652 6.21771e-07 (-5.25446e-06,5.06003e-06,-4.95509e-06) 0 0 0.000340692
subcontact = (-1.35681,-2.62452,2.50154) 0 (0,0,0) 1650 6.21434e-07 (-5.25473e-06,5.05988e-06,-4.95575e-06) 0 0 0.000340692
contact = 86 1 54 50 (-1.14038,-2.66727,1.49018) (-0.23277,-0.325025,-0.916612)
subcontact = (-1.412,-2.45,1.483) 701.96 (41.5561,235.541,-94.0744) 636 -9.80678e-07 (-1.39335e-07,-7.89753e-07,3.15425e-07) 30646.2 11220.7 0.0229053
subcontact = (-1.228,-2.911,1.599) 489.415 (145.811,278.104,-135.642) 635 -6.52638e-07 (-4.66655e-07,-8.90049e-07,4.34111e-07) 20394.9 14254.1 0.0239969
subcontact = (-1.6,-2.45,1.52999) 289.327 (31.6223,139.741,-57.5816) 634 -5.67682e-07 (-1.48909e-07,-6.58038e-07,2.71151e-07) 17740.1 9467.77 0.0163092
subcontact = (-1.398,-2.95,1.656) 57.1252 (23.1255,37.1587,-19.0489) 633 -2.16487e-07 (-5.05409e-07,-7.69308e-07,4.01139e-07) 6765.21 5652.89 0.00844396
subcontact = (-1.223,-2.45,1.434) 928.416 (34.921,254.782,-99.2124) 632 -1.39752e-06 (-1.26158e-07,-9.20443e-07,3.58421e-07) 43672.6 12966 0.0212586
subcontact = (-1.058,-2.877,1.544) 742.698 (123.725,289.44,-134.053) 631 -1.08062e-06 (-4.32045e-07,-1.01072e-06,4.68111e-07) 33769.3 15556.2 0.0219933
subcontact = (-0.842004,-2.45,1.337) 464.341 (8.9293,102.584,-38.6434) 630 -2.23615e-06 (-1.03203e-07,-1.18565e-06,4.46633e-07) 69879.7 16551.8 0.00664485
subcontact = (-0.721004,-2.833,1.442) 770.741 (64.1447,211.603,-91.3224) 629 -1.89299e-06 (-3.78104e-07,-1.2473e-06,5.38304e-07) 59155.8 18361.2 0.013029
subcontact = (-1.033,-2.45,1.385) 1134.18 (29.5144,273.732,-104.559) 628 -1.81633e-06 (-1.13438e-07,-1.05208e-06,4.01869e-07) 56760.3 14738.5 0.0199819
subcontact = (-0.889004,-2.852,1.491) 946.949 (105.994,298.209,-132.66) 627 -1.49344e-06 (-4.01192e-07,-1.12874e-06,5.02125e-07) 46670 16912.7 0.0202903
subcontact = (-1.398,-2.95,1.65599) 57.1255 (23.1256,37.1589,-19.049) 626 -2.16488e-07 (-5.05409e-07,-7.69308e-07,4.01139e-07) 6765.25 5652.92 0.00844396
subcontact = (-1.228,-2.911,1.59899) 489.416 (145.81,278.104,-135.642) 625 -6.5264e-07 (-4.66654e-07,-8.90049e-07,4.34111e-07) 20395 14254.1 0.0239969
subcontact = (-1.6,-2.45,1.52999) 289.327 (31.6223,139.741,-57.5816) 624 -5.67682e-07 (-1.48909e-07,-6.58038e-07,2.71151e-07) 17740.1 9467.77 0.0163092
subcontact = (-1.412,-2.45,1.48299) 701.961 (41.556,235.541,-94.0744) 623 -9.80679e-07 (-1.39334e-07,-7.89753e-07,3.15425e-07) 30646.2 11220.7 0.0229053
subcontact = (-1.058,-2.877,1.54399) 742.699 (123.725,289.44,-134.053) 622 -1.08062e-06 (-4.32044e-07,-1.01072e-06,4.68111e-07) 33769.4 15556.2 0.0219933
subcontact = (-1.223,-2.45,1.43399) 928.417 (34.921,254.782,-99.2124) 621 -1.39752e-06 (-1.26158e-07,-9.20443e-07,3.58421e-07) 43672.6 12966 0.0212586
subcontact = (-0.889004,-2.852,1.49099) 946.95 (105.994,298.209,-132.66) 620 -1.49344e-06 (-4.01192e-07,-1.12874e-06,5.02125e-07) 46670 16912.7 0.0202903
subcontact = (-0.721004,-2.833,1.44199) 770.742 (64.1447,211.603,-91.3224) 619 -1.89299e-06 (-3.78103e-07,-1.2473e-06,5.38304e-07) 59155.8 18361.2 0.013029
subcontact = (-1.033,-2.45,1.38499) 1134.18 (29.5143,273.732,-104.559) 618 -1.81633e-06 (-1.13437e-07,-1.05208e-06,4.01869e-07) 56760.3 14738.5 0.0199819
subcontact = (-0.842004,-2.45,1.33699) 464.341 (8.92926,102.584,-38.6434) 617 -2.23615e-06 (-1.03203e-07,-1.18565e-06,4.46633e-07) 69879.7 16551.8 0.00664485
contact = 87 1 54 52 (-1.48102,-2.6874,1.68214) (-0.921748,-0.379064,0.0818003)
contact = 88 1 55 5 (-2.64309,-0.422279,2.81376) (-0.275795,0.959299,0.0606766)
contact = 89 0 55 6 (-2.887,-0.4565,2.20899) (-0.3703,0.857255,-0.357761)
contact = 90 1 55 12 (-2.60793,-2.1349,2.84123) (-0.178971,-0.981795,0.063619)
contact = 91 0 55 13 (-2.71118,-2.1491,2.23474) (-0.176708,-0.984261,-0.00196343)
contact = 92 0 55 43 (-2.69429,-1.98519,3.48733) (-0.159145,-0.891966,0.423166)
contact = 93 0 55 44 (-2.975,-0.556999,3.28949) (-0.14596,0.441926,0.885097)
contact = 94 1 56 45 (-0.439061,-2.65645,3.28524) (-0.302646,-0.152589,0.940809)
contact = 95 1 56 47 (0.434346,-2.65659,3.28695) (0.304085,-0.151998,0.940441)
contact = 96 0 57 6 (-2.73806,-0.411796,1.16175) (-0.270498,0.962592,0.0157047)
contact = 97 2 57 7 (-2.71347,-0.409924,0.571744) (-0.287307,0.957795,-0.00907452)
contact = 98 0 57 13 (-2.62421,-2.16892,1.16067) (-0.175638,-0.984362,0.0135164)
contact = 99 2 57 14 (-2.65967,-2.15991,0.482163) (-0.183597,-0.982994,-0.0038855)
contact = 100 0 58 48 (1.54769,-2.61658,0.445083) (0.940172,-0.3407,-0.000803155)
contact = 101 2 59 5 (-2.68313,-0.424856,2.58067) (-0.268862,0.961198,0.0617387)
contact = 102 0 59 6 (-2.82559,-0.435964,1.67057) (-0.274631,0.961549,0.00131746)
contact = 103 0 59 7 (-2.88125,-0.452756,1.16175) (-0.289927,0.760597,-0.580891)
contact = 104 5 59 12 (-2.58094,-2.17265,2.23472) (-0.169652,-0.983127,0.0684062)
contact = 105 0 59 13 (-2.7122,-2.15185,1.70269) (-0.176567,-0.984285,0.00272125)
contact = 106 0 59 14 (-2.84237,-2.13015,1.17949) (-0.147365,-0.781123,-0.606738)
contact = 107 1 59 55 (-2.6829,-1.2794,2.26) (0,0,1)
subcontact = (-3.031,-0.503,2.25999) 579.65 (0.00124115,-3.08423e-05,0) 616 -8.9418e-07 (1.09142e-12,-7.96704e-12,0) 27943.1 0.0598503 0.0207439
subcontact = (-2.87,-0.886,2.25999) 1500.09 (0.00306297,-5.6919e-05,0) 615 -9.39326e-07 (1.07483e-12,-7.98304e-12,0) 29353.9 0.0599469 0.0511035
subcontact = (-2.45,-0.339,2.25999) 1191.76 (0.00217945,-2.7782e-05,0) 614 -1.03705e-06 (1.13465e-12,-8.02264e-12,0) 32407.9 0.0592711 0.0367739
subcontact = (-2.45,-0.797,2.25999) 1478.91 (0.00270186,-2.60176e-05,0) 613 -1.04299e-06 (1.10411e-12,-8.02327e-12,0) 32593.4 0.0595485 0.0453746
subcontact = (-2.45,-1.265,2.25999) 984.476 (0.00179675,-1.16491e-05,0) 612 -1.04906e-06 (1.0729e-12,-8.02392e-12,0) 32783.1 0.0598329 0.03003
subcontact = (-2.835,-1.288,2.25999) 1751.33 (0.00353643,-5.3289e-05,0) 611 -9.53274e-07 (1.04997e-12,-7.98695e-12,0) 29789.8 0.0601609 0.0587896
subcontact = (-2.45,-1.733,2.25999) 1501.95 (0.00273846,-9.2478e-06,0) 610 -1.05513e-06 (1.04169e-12,-8.02456e-12,0) 32972.7 0.0601184 0.0455513
subcontact = (-2.872,-1.695,2.25999) 1446.68 (0.00294702,-3.88272e-05,0) 609 -9.49317e-07 (1.02077e-12,-7.98396e-12,0) 29666.2 0.0604378 0.0487653
subcontact = (-2.45,-2.191,2.25999) 1138.5 (0.00207381,-7.77137e-07,0) 608 -1.06107e-06 (1.01114e-12,-8.02519e-12,0) 33158.3 0.0603986 0.0343353
subcontact = (-2.971,-2.097,2.25999) 529.679 (0.00110756,-1.40963e-05,0) 607 -9.29822e-07 (9.88457e-13,-7.975e-12,0) 29056.9 0.0607629 0.018229
subcontact = (-2.45,-0.797,2.26) 1478.91 (0.00270186,-2.60176e-05,0) 606 -1.04299e-06 (1.10411e-12,-8.02327e-12,0) 32593.4 0.0595485 0.0453746
subcontact = (-2.87,-0.886,2.26) 1500.09 (0.00306297,-5.6919e-05,0) 605 -9.39326e-07 (1.07483e-12,-7.98304e-12,0) 29353.9 0.0599469 0.0511035
subcontact = (-2.45,-0.339,2.26) 1191.76 (0.00217945,-2.7782e-05,0) 604 -1.03705e-06 (1.13465e-12,-8.02264e-12,0) 32407.9 0.0592711 0.0367739
subcontact = (-3.031,-0.503,2.26) 579.65 (0.00124115,-3.08423e-05,0) 603 -8.9418e-07 (1.09142e-12,-7.96704e-12,0) 27943.1 0.0598503 0.0207439
subcontact = (-2.835,-1.288,2.26) 1751.33 (0.00353643,-5.3289e-05,0) 602 -9.53274e-07 (1.04997e-12,-7.98695e-12,0) 29789.8 0.0601609 0.0587896
subcontact = (-2.45,-1.265,2.26) 984.476 (0.00179675,-1.16491e-05,0) 601 -1.04906e-06 (1.0729e-12,-8.02392e-12,0) 32783.1 0.0598329 0.03003
subcontact = (-2.971,-2.097,2.26) 529.679 (0.00110756,-1.40963e-05,0) 600 -9.29822e-07 (9.88457e-13,-7.975e-12,0) 29056.9 0.0607629 0.018229
subcontact = (-2.872,-1.695,2.26) 1446.68 (0.00294702,-3.88272e-05,0) 599 -9.49317e-07 (1.02077e-12,-7.98396e-12,0) 29666.2 0.0604378 0.0487653
subcontact = (-2.45,-2.191,2.26) 1138.5 (0.00207381,-7.77147e-07,0) 598 -1.06107e-06 (1.01114e-12,-8.02519e-12,0) 33158.3 0.0603986 0.0343353
subcontact = (-2.45,-1.733,2.26) 1501.95 (0.00273846,-9.24781e-06,0) 597 -1.05513e-06 (1.04169e-12,-8.02456e-12,0) 32972.7 0.0601184 0.0455513
contact = 108 1 59 57 (-2.682,-1.2793,1.18) (0,0,-1)
subcontact = (-2.45,-0.795,1.18) 2445 (-0.00351365,3.6212e-05,0) 596 -1.71959e-06 (5.84137e-12,2.88881e-14,0) 53737.1 0.0772283 0.0454993
subcontact = (-2.869,-0.884,1.18) 2595.94 (-0.00396225,5.32523e-05,0) 595 -1.63063e-06 (5.8836e-12,9.98206e-15,0) 50957.3 0.0777844 0.0509435
subcontact = (-2.45,-0.335,1.18) 1964.12 (-0.0028212,2.93735e-05,0) 594 -1.71797e-06 (5.83252e-12,2.87034e-14,0) 53686.6 0.0771177 0.036585
subcontact = (-3.023,-0.498,1.18) 1023.9 (-0.00159836,2.34666e-05,0) 593 -1.59647e-06 (5.89108e-12,2.86511e-15,0) 49889.7 0.0778885 0.0205233
subcontact = (-2.835,-1.288,1.18) 3023.33 (-0.00459339,6.01284e-05,0) 592 -1.63929e-06 (5.88808e-12,1.16814e-14,0) 51227.9 0.077838 0.0590172
subcontact = (-2.45,-1.265,1.18) 1622.17 (-0.00233236,2.37878e-05,0) 591 -1.72123e-06 (5.8504e-12,2.90769e-14,0) 53788.6 0.0773412 0.0301583
subcontact = (-2.971,-2.101,1.18) 923.331 (-0.00143229,1.99264e-05,0) 590 -1.61317e-06 (5.91687e-12,5.85974e-15,0) 50411.7 0.078207 0.0183158
subcontact = (-2.872,-1.697,1.18) 2499.93 (-0.0038203,5.0697e-05,0) 589 -1.63285e-06 (5.89952e-12,1.0173e-14,0) 51026.5 0.0779835 0.0489928
subcontact = (-2.45,-2.195,1.18) 1858.82 (-0.00267527,2.67243e-05,0) 588 -1.7245e-06 (5.86828e-12,2.94505e-14,0) 53890.6 0.0775648 0.0344925
subcontact = (-2.45,-1.735,1.18) 2463.52 (-0.00354383,3.57668e-05,0) 587 -1.72288e-06 (5.85944e-12,2.92657e-14,0) 53840.1 0.0774542 0.0457562
subcontact = (-3.023,-0.498,1.18) 1023.9 (-0.00159836,2.34665e-05,0) 586 -1.59647e-06 (5.89108e-12,2.86553e-15,0) 49889.7 0.0778885 0.0205233
subcontact = (-2.869,-0.884,1.18) 2595.94 (-0.00396225,5.3252e-05,0) 585 -1.63063e-06 (5.8836e-12,9.98249e-15,0) 50957.3 0.0777844 0.0509435
subcontact = (-2.45,-0.335,1.18) 1964.12 (-0.0028212,2.93733e-05,0) 584 -1.71797e-06 (5.83252e-12,2.87038e-14,0) 53686.6 0.0771178 0.036585
subcontact = (-2.45,-0.795,1.18) 2445 (-0.00351365,3.62118e-05,0) 583 -1.71959e-06 (5.84137e-12,2.88886e-14,0) 53737.1 0.0772283 0.0454993
subcontact = (-2.45,-1.265,1.18) 1622.17 (-0.00233236,2.37876e-05,0) 582 -1.72123e-06 (5.8504e-12,2.90774e-14,0) 53788.6 0.0773412 0.0301583
subcontact = (-2.835,-1.288,1.18) 3023.33 (-0.00459339,6.01281e-05,0) 581 -1.63929e-06 (5.88808e-12,1.16818e-14,0) 51227.9 0.077838 0.0590172
subcontact = (-2.45,-1.735,1.18) 2463.52 (-0.00354383,3.57665e-05,0) 580 -1.72288e-06 (5.85944e-12,2.92661e-14,0) 53840.1 0.0774542 0.0457562
subcontact = (-2.872,-1.697,1.18) 2499.93 (-0.0038203,5.06967e-05,0) 579 -1.63285e-06 (5.89953e-12,1.01734e-14,0) 51026.5 0.0779835 0.0489928
subcontact = (-2.45,-2.195,1.18) 1858.82 (-0.00267527,2.67241e-05,0) 578 -1.7245e-06 (5.86828e-12,2.94509e-14,0) 53890.6 0.0775648 0.0344925
subcontact = (-2.971,-2.101,1.18) 923.331 (-0.00143229,1.99263e-05,0) 577 -1.61317e-06 (5.91687e-12,5.86019e-15,0) 50411.7 0.078207 0.0183158
contact = 109 1 60 45 (-0.518735,-2.61245,3.26504) (-0.307402,-0.156308,0.938654)
contact = 110 4 60 46 (-1.22384,-2.61374,2.68141) (-0.789452,-0.454124,0.412962)
subcontact = (-1.3568,-2.62455,2.50155) 0 (0,0,0) 576 1.34529e-06 (-5.20743e-06,4.92802e-06,-4.53573e-06) 0 0 0.000340692
subcontact = (-1.328,-2.45,2.77399) 0 (0,0,0) 575 0 (0,0,0) 0 0 0.000340692
contact = 111 1 60 54 (-0.981074,-2.65335,2.26069) (-0.517921,-0.386674,-0.763048)
subcontact = (-1.267,-2.45,2.35199) 352.366 (143.835,177.513,-187.583) 574 -4.49384e-07 (-4.74768e-07,-5.83882e-07,6.18132e-07) 14043.2 11781.3 0.0250915
subcontact = (-1.035,-2.875,2.40999) 244.942 (108.844,114.002,-131.648) 573 -3.0788e-07 (-6.36809e-07,-6.52602e-07,7.62942e-07) 9621.24 8066.66 0.0254584
subcontact = (-1.46,-2.45,2.48299) 77.1272 (34.6514,35.4902,-41.5044) 572 -1.39583e-07 (-4.98431e-07,-4.83393e-07,5.8327e-07) 4361.96 3657.73 0.0176818
subcontact = (-1.191,-2.907,2.53199) 5.14806 (2.09655,2.51255,-2.69627) 571 -1.88853e-08 (-6.70181e-07,-5.67424e-07,7.42429e-07) 590.165 486.076 0.0087231
subcontact = (-1.076,-2.45,2.22199) 550.095 (136.685,207.052,-197.699) 570 -7.56329e-07 (-4.5103e-07,-6.83223e-07,6.52361e-07) 23635.3 13630.3 0.0232743
subcontact = (-0.881004,-2.85,2.29299) 424.693 (174.975,212.286,-226.34) 569 -5.85107e-07 (-6.06904e-07,-7.35908e-07,7.84859e-07) 18284.6 15337.7 0.0232269
subcontact = (-0.707004,-2.45,1.97099) 308.811 (38.6542,83.467,-68.5335) 568 -1.34918e-06 (-4.05307e-07,-8.7519e-07,7.18605e-07) 42161.8 15660.9 0.00732443
subcontact = (-0.577004,-2.819,2.07099) 479.724 (100.039,161.636,-149.81) 567 -1.11051e-06 (-5.55789e-07,-8.98008e-07,8.32308e-07) 34703.4 17508.3 0.0138235
subcontact = (-0.888004,-2.45,2.09499) 715.388 (120.787,220.222,-193.582) 566 -1.0575e-06 (-4.28521e-07,-7.81289e-07,6.86777e-07) 33047 14648.9 0.0216476
subcontact = (-0.728004,-2.832,2.17899) 571.225 (161.511,227.968,-225.149) 565 -8.53481e-07 (-5.79163e-07,-8.17472e-07,8.07362e-07) 26671.3 16753.5 0.0214172
subcontact = (-1.191,-2.907,2.53199) 5.1483 (2.09667,2.51266,-2.6964) 564 -1.88862e-08 (-6.70181e-07,-5.67424e-07,7.42429e-07) 590.192 486.099 0.0087231
subcontact = (-1.035,-2.875,2.40999) 244.942 (108.844,114.002,-131.649) 563 -3.07881e-07 (-6.36809e-07,-6.52602e-07,7.62942e-07) 9621.27 8066.69 0.0254584
subcontact = (-1.46,-2.45,2.48299) 77.1276 (34.6516,35.4904,-41.5046) 562 -1.39583e-07 (-4.98431e-07,-4.83393e-07,5.8327e-07) 4361.98 3657.75 0.0176818
subcontact = (-1.267,-2.45,2.35199) 352.367 (143.835,177.513,-187.583) 561 -4.49384e-07 (-4.74767e-07,-5.83882e-07,6.18132e-07) 14043.3 11781.4 0.0250915
subcontact = (-0.881003,-2.85,2.29299) 424.694 (174.975,212.286,-226.341) 560 -5.85108e-07 (-6.06904e-07,-7.35909e-07,7.84859e-07) 18284.6 15337.7 0.0232269
subcontact = (-1.076,-2.45,2.22199) 550.095 (136.685,207.052,-197.699) 559 -7.56329e-07 (-4.5103e-07,-6.83224e-07,6.52361e-07) 23635.3 13630.3 0.0232743
subcontact = (-0.728004,-2.832,2.17899) 571.225 (161.511,227.968,-225.149) 558 -8.53482e-07 (-5.79163e-07,-8.17472e-07,8.07362e-07) 26671.3 16753.5 0.0214172
subcontact = (-0.577004,-2.819,2.07099) 479.725 (100.039,161.636,-149.81) 557 -1.11051e-06 (-5.55789e-07,-8.98008e-07,8.32308e-07) 34703.5 17508.3 0.0138235
subcontact = (-0.888004,-2.45,2.09499) 715.389 (120.787,220.222,-193.582) 556 -1.0575e-06 (-4.2852e-07,-7.8129e-07,6.86777e-07) 33047 14648.9 0.0216476
subcontact = (-0.707004,-2.45,1.97099) 308.811 (38.6542,83.467,-68.5335) 555 -1.34918e-06 (-4.05307e-07,-8.7519e-07,7.18605e-07) 42161.8 15660.9 0.00732443
contact = 112 1 60 56 (-0.405562,-2.6303,2.85747) (0.94769,0.139329,0.287179)
subcontact = (-0.508,-2.81999,3.28698) 180.032 (-38.3984,-32.1891,142.332) 554 -8.05819e-07 (2.62235e-06,1.91442e-06,-9.58258e-06) 25181.8 21106.1 0.00714928
subcontact = (-0.442,-2.81399,3.06798) 326.054 (-72.4731,-41.7914,259.437) 553 -4.83944e-07 (2.68765e-06,1.45426e-06,-9.57479e-06) 15123.2 12643.6 0.0215598
subcontact = (-0.574,-2.44999,3.32698) 331.891 (-71.0399,-58.4722,262.8) 552 -7.30281e-07 (2.82665e-06,2.02969e-06,-1.03127e-05) 22821.3 19146 0.0145431
subcontact = (-0.504,-2.44999,3.09598) 266.683 (-59.5668,-33.8182,212.978) 551 -3.93247e-07 (2.892e-06,1.5443e-06,-1.02929e-05) 12289 10309.3 0.021701
subcontact = (-0.377,-2.80899,2.84898) 107.997 (-24.9762,-6.16615,85.4131) 550 -1.62831e-07 (2.75273e-06,9.95124e-07,-9.56682e-06) 5088.48 4202.97 0.0212239
subcontact = (-0.434,-2.44999,2.86498) 37.5958 (-8.88529,-1.77279,30.1815) 549 -5.62138e-08 (2.95736e-06,1.05891e-06,-1.0273e-05) 1756.68 1472.42 0.0214016
subcontact = (-0.311,-2.806,2.62998) 0 (0,0,0) 548 1.57805e-07 (2.81642e-06,5.35132e-07,-9.55382e-06) 0 0 0.0209386
subcontact = (-0.245,-2.804,2.41198) 0 (0,0,0) 547 4.76675e-07 (2.87919e-06,7.70041e-08,-9.5387e-06) 0 0 0.0139605
subcontact = (-0.365,-2.45,2.63498) 0 (0,0,0) 546 2.79117e-07 (3.02267e-06,5.76303e-07,-1.02544e-05) 0 0 0.021155
subcontact = (-0.295,-2.45,2.40598) 0 (0,0,0) 545 6.13444e-07 (3.08727e-06,9.45266e-08,-1.02338e-05) 0 0 0.00713296
subcontact = (-0.504003,-2.45,3.09599) 266.686 (-59.5674,-33.8193,212.981) 544 -3.93252e-07 (2.892e-06,1.54431e-06,-1.02929e-05) 12289.1 10309.4 0.021701
subcontact = (-0.442002,-2.814,3.06799) 326.057 (-72.4737,-41.7926,259.439) 543 -4.83948e-07 (2.68764e-06,1.45427e-06,-9.57478e-06) 15123.4 12643.7 0.0215598
subcontact = (-0.574002,-2.44999,3.32699) 331.893 (-71.0402,-58.4732,262.802) 542 -7.30285e-07 (2.82664e-06,2.0297e-06,-1.03127e-05) 22821.4 19146.1 0.0145431
subcontact = (-0.508002,-2.81999,3.28699) 180.033 (-38.3986,-32.1896,142.333) 541 -8.05823e-07 (2.62235e-06,1.91443e-06,-9.58258e-06) 25182 21106.3 0.00714928
subcontact = (-0.434003,-2.45,2.86499) 37.5989 (-8.886,-1.77314,30.1841) 540 -5.62185e-08 (2.95736e-06,1.05892e-06,-1.0273e-05) 1756.83 1472.54 0.0214016
subcontact = (-0.377003,-2.809,2.84899) 108 (-24.9769,-6.1667,85.4155) 539 -1.62836e-07 (2.75273e-06,9.95136e-07,-9.56682e-06) 5088.62 4203.09 0.0212239
subcontact = (-0.295004,-2.45,2.40599) 0 (0,0,0) 538 6.1344e-07 (3.08726e-06,9.45388e-08,-1.02338e-05) 0 0 0.00713296
subcontact = (-0.245003,-2.804,2.41199) 0 (0,0,0) 537 4.76671e-07 (2.87919e-06,7.70156e-08,-9.5387e-06) 0 0 0.0139605
subcontact = (-0.365003,-2.45,2.63499) 0 (0,0,0) 536 2.79112e-07 (3.02267e-06,5.76315e-07,-1.02544e-05) 0 0 0.021155
subcontact = (-0.311003,-2.806,2.62999) 0 (0,0,0) 535 1.57801e-07 (2.81642e-06,5.35144e-07,-9.55382e-06) 0 0 0.0209386
contact = 113 0 61 48 (1.52013,-2.69518,0.81633) (0.941612,-0.336691,-0.00246657)
contact = 114 2 61 49 (1.47142,-2.72101,1.60257) (0.93143,-0.351397,0.0946428)
contact = 115 1 61 58 (1.16471,-2.66542,0.744396) (0.0643057,-0.153714,-0.986021)
subcontact = (1.427,-2.941,0.804997) 351.209 (11.2334,63.4647,-9.16109) 534 -1.50432e-06 (-1.15478e-07,-6.52408e-07,9.41747e-08) 47010.1 8713.66 0.00747092
subcontact = (1.26,-2.905,0.787997) 1083.52 (33.7929,188.379,-27.1631) 533 -1.62123e-06 (-1.21351e-07,-6.76474e-07,9.75434e-08) 50663.3 9038.54 0.0213866
subcontact = (1.604,-2.45,0.739997) 831.569 (35.6851,118.799,-16.1926) 532 -1.82947e-06 (-1.88419e-07,-6.27262e-07,8.54976e-08) 57170.9 8600.35 0.0145453
subcontact = (1.42,-2.45,0.727997) 1231.22 (50.298,174.374,-23.9034) 531 -1.92453e-06 (-1.88691e-07,-6.54158e-07,8.96727e-08) 60141.5 8941.52 0.020472
subcontact = (1.093,-2.874,0.771998) 1065.15 (32.3453,179.36,-25.8515) 530 -1.73385e-06 (-1.26364e-07,-7.00709e-07,1.00995e-07) 54182.8 9363.79 0.0196584
subcontact = (1.237,-2.45,0.715998) 1202.53 (46.9009,168.96,-23.2809) 529 -2.01908e-06 (-1.88996e-07,-6.80856e-07,9.38148e-08) 63096.3 9281.26 0.0190586
subcontact = (0.926002,-2.851,0.757998) 1057.26 (31.0815,173.747,-25.0588) 528 -1.83956e-06 (-1.29791e-07,-7.25537e-07,1.04642e-07) 57486.4 9693.3 0.0183915
subcontact = (0.758002,-2.833,0.743999) 718.809 (20.4917,115.677,-16.6969) 527 -1.94167e-06 (-1.32847e-07,-7.4993e-07,1.08245e-07) 60677.1 10016.4 0.0118465
subcontact = (1.053,-2.45,0.702998) 1195.1 (44.6991,166.5,-23.041) 526 -2.1143e-06 (-1.8979e-07,-7.06949e-07,9.78308e-08) 66072 9615.76 0.0180879
subcontact = (0.869002,-2.45,0.690998) 411.299 (14.7426,56.9225,-7.91234) 525 -2.20936e-06 (-1.90062e-07,-7.33845e-07,1.02006e-07) 69042.6 9959.51 0.00595718
subcontact = (1.42,-2.45,0.727995) 1231.22 (50.298,174.374,-23.9034) 524 -1.92453e-06 (-1.88691e-07,-6.54158e-07,8.96727e-08) 60141.5 8941.52 0.020472
subcontact = (1.26,-2.905,0.787996) 1083.52 (33.7929,188.379,-27.1631) 523 -1.62123e-06 (-1.21351e-07,-6.76474e-07,9.75434e-08) 50663.3 9038.54 0.0213866
subcontact = (1.604,-2.45,0.739995) 831.569 (35.6852,118.799,-16.1926) 522 -1.82947e-06 (-1.88419e-07,-6.27262e-07,8.54976e-08) 57170.9 8600.35 0.0145453
subcontact = (1.427,-2.941,0.804995) 351.209 (11.2334,63.4647,-9.16109) 521 -1.50432e-06 (-1.15478e-07,-6.52408e-07,9.41747e-08) 47010.1 8713.66 0.00747092
subcontact = (1.237,-2.45,0.715995) 1202.53 (46.9009,168.96,-23.2809) 520 -2.01908e-06 (-1.88996e-07,-6.80856e-07,9.38148e-08) 63096.3 9281.26 0.0190586
subcontact = (1.093,-2.874,0.771996) 1065.15 (32.3453,179.36,-25.8515) 519 -1.73385e-06 (-1.26364e-07,-7.00709e-07,1.00995e-07) 54182.8 9363.79 0.0196584
subcontact = (0.869003,-2.45,0.690996) 411.299 (14.7426,56.9225,-7.91234) 518 -2.20936e-06 (-1.90062e-07,-7.33845e-07,1.02006e-07) 69042.6 9959.51 0.00595718
subcontact = (0.758003,-2.833,0.743997) 718.809 (20.4918,115.677,-16.6969) 517 -1.94167e-06 (-1.32847e-07,-7.4993e-07,1.08245e-07) 60677.2 10016.4 0.0118465
subcontact = (1.053,-2.45,0.702996) 1195.1 (44.6991,166.5,-23.041) 516 -2.1143e-06 (-1.8979e-07,-7.06949e-07,9.78308e-08) 66072 9615.76 0.0180879
subcontact = (0.926003,-2.851,0.757996) 1057.26 (31.0815,173.747,-25.0588) 515 -1.83956e-06 (-1.29791e-07,-7.25537e-07,1.04642e-07) 57486.4 9693.3 0.0183915
contact = 116 5 62 5 (-2.58166,-0.444074,3.30348) (-0.27102,0.961914,0.0356265)
contact = 117 0 62 12 (-2.69414,-2.08062,3.28748) (-0.179165,-0.983604,0.0205632)
contact = 118 1 62 40 (-2.66361,-1.36241,4.18533) (-0.0561585,-0.133743,0.989424)
contact = 119 1 62 43 (-2.65784,-1.9423,3.69193) (-0.154201,-0.89554,0.417408)
contact = 120 1 62 44 (-2.65969,-0.678579,3.77409) (-0.234127,0.824947,0.514439)
contact = 121 1 62 55 (-2.6693,-1.278,3.28299) (0,0,-1)
subcontact = (-2.45,-0.831,3.28299) 578.126 (-0.00135244,1.79311e-05,0) 514 -4.58936e-07 (3.36655e-11,5.14727e-11,0) 14341.8 0.0335533 0.0403107
subcontact = (-2.851,-0.916,3.28299) 564.175 (-0.00151067,-4.05962e-05,0) 513 -4.12361e-07 (3.36583e-11,5.15106e-11,0) 12886.3 0.0345176 0.0437811
subcontact = (-2.45,-0.407,3.28299) 445.72 (-0.00103531,-8.03704e-06,0) 512 -4.57055e-07 (3.37104e-11,5.14725e-11,0) 14283 0.0331773 0.0312064
subcontact = (-2.973,-0.561,3.28299) 211.109 (-0.000587133,-3.36066e-05,0) 511 -3.96501e-07 (3.36965e-11,5.15219e-11,0) 12390.7 0.0345171 0.0170377
subcontact = (-2.826,-1.287,3.28299) 684.678 (-0.00182755,-1.1527e-05,0) 510 -4.16934e-07 (3.36189e-11,5.15084e-11,0) 13029.2 0.0347784 0.0525495
subcontact = (-2.45,-1.264,3.28299) 391.239 (-0.000921859,3.1599e-05,0) 509 -4.60857e-07 (3.36196e-11,5.14729e-11,0) 14401.8 0.0339542 0.027166
subcontact = (-2.937,-2.032,3.28299) 198.225 (-0.000555761,9.27731e-06,0) 508 -4.07243e-07 (3.35405e-11,5.15192e-11,0) 12726.3 0.0356856 0.015576
subcontact = (-2.856,-1.663,3.28299) 553.838 (-0.0015019,1.23857e-05,0) 507 -4.1509e-07 (3.35792e-11,5.15114e-11,0) 12971.6 0.0351775 0.0426963
subcontact = (-2.45,-2.121,3.28299) 433.985 (-0.0010371,7.73551e-05,0) 506 -4.6466e-07 (3.35288e-11,5.14733e-11,0) 14520.6 0.0347966 0.0298875
subcontact = (-2.45,-1.698,3.28299) 588.877 (-0.00139752,7.67269e-05,0) 505 -4.62783e-07 (3.35736e-11,5.14731e-11,0) 14462 0.0343729 0.040719
subcontact = (-2.973,-0.561,3.28299) 211.109 (-0.000587133,-3.36066e-05,0) 504 -3.96501e-07 (3.36965e-11,5.15219e-11,0) 12390.7 0.0345171 0.0170377
subcontact = (-2.851,-0.916,3.28299) 564.175 (-0.00151067,-4.05962e-05,0) 503 -4.12361e-07 (3.36583e-11,5.15106e-11,0) 12886.3 0.0345176 0.0437811
subcontact = (-2.45,-0.407,3.28299) 445.72 (-0.00103531,-8.03703e-06,0) 502 -4.57055e-07 (3.37104e-11,5.14725e-11,0) 14283 0.0331773 0.0312064
subcontact = (-2.45,-0.831,3.28299) 578.126 (-0.00135244,1.79311e-05,0) 501 -4.58936e-07 (3.36655e-11,5.14727e-11,0) 14341.8 0.0335533 0.0403107
subcontact = (-2.45,-1.264,3.28299) 391.239 (-0.000921859,3.1599e-05,0) 500 -4.60857e-07 (3.36196e-11,5.14729e-11,0) 14401.8 0.0339542 0.027166
subcontact = (-2.826,-1.287,3.28299) 684.678 (-0.00182755,-1.1527e-05,0) 499 -4.16934e-07 (3.36189e-11,5.15084e-11,0) 13029.2 0.0347784 0.0525495
subcontact = (-2.45,-1.698,3.28299) 588.877 (-0.00139752,7.67269e-05,0) 498 -4.62783e-07 (3.35736e-11,5.14731e-11,0) 14462 0.0343729 0.040719
subcontact = (-2.856,-1.663,3.28299) 553.838 (-0.0015019,1.23857e-05,0) 497 -4.1509e-07 (3.35792e-11,5.15114e-11,0) 12971.6 0.0351775 0.0426963
subcontact = (-2.45,-2.121,3.28299) 433.985 (-0.0010371,7.73551e-05,0) 496 -4.6466e-07 (3.35288e-11,5.14733e-11,0) 14520.6 0.0347966 0.0298875
subcontact = (-2.937,-2.032,3.28299) 198.225 (-0.000555761,9.27732e-06,0) 495 -4.07243e-07 (3.35405e-11,5.15192e-11,0) 12726.3 0.0356856 0.015576
contact = 122 1 63 47 (0.552394,-2.61139,3.25592) (0.300182,-0.155922,0.941052)
contact = 123 4 63 51 (1.22179,-2.61397,2.68626) (0.790279,-0.453378,0.412198)
subcontact = (1.35679,-2.62455,2.50155) 0 (0,0,0) 494 1.35693e-06 (5.19711e-06,4.93209e-06,-4.53923e-06) 0 0 0.000340692
subcontact = (1.328,-2.45,2.77399) 0 (0,0,0) 493 0 (0,0,0) 0 0 0.000340692
contact = 124 1 63 56 (0.405562,-2.6303,2.85747) (-0.94769,0.139329,0.287179)
subcontact = (0.504,-2.44999,3.09598) 266.682 (59.5667,-33.8179,212.977) 492 -3.93246e-07 (-2.89195e-06,1.54425e-06,-1.02926e-05) 12288.9 10309.3 0.021701
subcontact = (0.442,-2.81399,3.06798) 326.055 (72.4734,-41.7912,259.438) 491 -4.83945e-07 (-2.68758e-06,1.4542e-06,-9.57455e-06) 15123.3 12643.6 0.0215598
subcontact = (0.574,-2.44999,3.32698) 331.891 (71.0399,-58.4719,262.8) 490 -7.3028e-07 (-2.82659e-06,2.02965e-06,-1.03124e-05) 22821.2 19146 0.0145431
subcontact = (0.508,-2.81999,3.28698) 180.032 (38.3985,-32.1891,142.332) 489 -8.0582e-07 (-2.62229e-06,1.91438e-06,-9.58234e-06) 25181.9 21106.2 0.00714928
subcontact = (0.434,-2.44999,2.86498) 37.595 (8.8851,-1.77275,30.1809) 488 -5.62127e-08 (-2.95731e-06,1.05885e-06,-1.02728e-05) 1756.65 1472.39 0.0214016
subcontact = (0.377,-2.80899,2.84898) 107.998 (24.9764,-6.16617,85.4138) 487 -1.62833e-07 (-2.75267e-06,9.95061e-07,-9.56659e-06) 5088.52 4203.01 0.0212239
subcontact = (0.295,-2.45,2.40598) 0 (0,0,0) 486 6.13446e-07 (-3.08721e-06,9.44417e-08,-1.02336e-05) 0 0 0.00713296
subcontact = (0.245,-2.804,2.41198) 0 (0,0,0) 485 4.76674e-07 (-2.87913e-06,7.69187e-08,-9.53846e-06) 0 0 0.0139605
subcontact = (0.365,-2.45,2.63498) 0 (0,0,0) 484 2.79118e-07 (-3.02262e-06,5.7623e-07,-1.02542e-05) 0 0 0.021155
subcontact = (0.311,-2.806,2.62998) 0 (0,0,0) 483 1.57804e-07 (-2.81636e-06,5.35058e-07,-9.55359e-06) 0 0 0.0209386
subcontact = (0.508002,-2.81999,3.28699) 180.033 (38.3987,-32.1896,142.333) 482 -8.05825e-07 (-2.62229e-06,1.91439e-06,-9.58234e-06) 25182 21106.3 0.00714928
subcontact = (0.442002,-2.814,3.06799) 326.058 (72.4739,-41.7923,259.44) 481 -4.8395e-07 (-2.68758e-06,1.45422e-06,-9.57455e-06) 15123.4 12643.7 0.0215598
subcontact = (0.574002,-2.44999,3.32699) 331.893 (71.0402,-58.4729,262.802) 480 -7.30284e-07 (-2.82658e-06,2.02966e-06,-1.03124e-05) 22821.4 19146.1 0.0145431
subcontact = (0.504003,-2.45,3.09599) 266.686 (59.5673,-33.8189,212.98) 479 -3.93251e-07 (-2.89194e-06,1.54426e-06,-1.02926e-05) 12289.1 10309.4 0.021701
subcontact = (0.377003,-2.809,2.84899) 108.001 (24.977,-6.16672,85.4161) 478 -1.62837e-07 (-2.75267e-06,9.95072e-07,-9.56659e-06) 5088.66 4203.12 0.0212239
subcontact = (0.434003,-2.45,2.86499) 37.5982 (8.88582,-1.7731,30.1834) 477 -5.62173e-08 (-2.95731e-06,1.05886e-06,-1.02728e-05) 1756.79 1472.51 0.0214016
subcontact = (0.311003,-2.806,2.62999) 0 (0,0,0) 476 1.578e-07 (-2.81636e-06,5.35069e-07,-9.55359e-06) 0 0 0.0209386
subcontact = (0.245003,-2.804,2.41199) 0 (0,0,0) 475 4.7667e-07 (-2.87913e-06,7.69303e-08,-9.53846e-06) 0 0 0.0139605
subcontact = (0.365003,-2.45,2.63499) 0 (0,0,0) 474 2.79114e-07 (-3.02261e-06,5.76242e-07,-1.02542e-05) 0 0 0.021155
subcontact = (0.295004,-2.45,2.40599) 0 (0,0,0) 473 6.13441e-07 (-3.08721e-06,9.44539e-08,-1.02336e-05) 0 0 0.00713296
contact = 125 2 64 49 (1.48134,-2.68442,1.68881) (0.922573,-0.376917,0.0824195)
contact = 126 4 64 51 (1.2357,-2.64576,2.62028) (0.801396,-0.426786,0.419067)
subcontact = (1.35681,-2.62452,2.50154) 0 (0,0,0) 1651 5.96556e-07 (5.27571e-06,5.05114e-06,-4.94474e-06) 0 0 0.000340692
subcontact = (1.35681,-2.62452,2.50154) 0 (0,0,0) 1649 5.96219e-07 (5.27598e-06,5.05099e-06,-4.9454e-06) 0 0 0.000340692
contact = 127 1 64 61 (1.14038,-2.66727,1.49018) (0.23277,-0.325025,-0.916612)
subcontact = (1.398,-2.95,1.656) 57.126 (-23.1259,37.1593,-19.0492) 472 -2.1649e-07 (5.05409e-07,-7.69307e-07,4.01138e-07) 6765.31 5652.98 0.00844396
subcontact = (1.228,-2.911,1.599) 489.417 (-145.81,278.104,-135.642) 471 -6.52641e-07 (4.66654e-07,-8.90048e-07,4.34111e-07) 20395 14254.1 0.0239969
subcontact = (1.6,-2.45,1.52999) 289.326 (-31.6223,139.741,-57.5816) 470 -5.6768e-07 (1.48909e-07,-6.58038e-07,2.71151e-07) 17740 9467.77 0.0163092
subcontact = (1.412,-2.45,1.483) 701.959 (-41.5561,235.541,-94.0744) 469 -9.80676e-07 (1.39335e-07,-7.89753e-07,3.15425e-07) 30646.1 11220.7 0.0229053
subcontact = (1.058,-2.877,1.544) 742.699 (-123.725,289.44,-134.053) 468 -1.08062e-06 (4.32044e-07,-1.01072e-06,4.68111e-07) 33769.4 15556.2 0.0219933
subcontact = (1.223,-2.45,1.434) 928.415 (-34.9211,254.782,-99.2124) 467 -1.39752e-06 (1.26158e-07,-9.20443e-07,3.58421e-07) 43672.5 12966 0.0212586
subcontact = (0.889004,-2.852,1.491) 946.951 (-105.994,298.209,-132.66) 466 -1.49344e-06 (4.01192e-07,-1.12874e-06,5.02124e-07) 46670.1 16912.7 0.0202903
subcontact = (0.721004,-2.833,1.442) 770.742 (-64.1447,211.603,-91.3223) 465 -1.89299e-06 (3.78103e-07,-1.2473e-06,5.38303e-07) 59155.8 18361.2 0.013029
subcontact = (1.033,-2.45,1.385) 1134.18 (-29.5144,273.732,-104.559) 464 -1.81633e-06 (1.13438e-07,-1.05208e-06,4.01869e-07) 56760.2 14738.5 0.0199819
subcontact = (0.842004,-2.45,1.337) 464.34 (-8.92932,102.584,-38.6434) 463 -2.23615e-06 (1.03203e-07,-1.18565e-06,4.46633e-07) 69879.6 16551.8 0.00664485
subcontact = (1.412,-2.45,1.48299) 701.96 (-41.556,235.541,-94.0744) 462 -9.80677e-07 (1.39335e-07,-7.89753e-07,3.15425e-07) 30646.2 11220.7 0.0229053
subcontact = (1.228,-2.911,1.59899) 489.418 (-145.81,278.104,-135.642) 461 -6.52642e-07 (4.66654e-07,-8.90048e-07,4.34111e-07) 20395.1 14254.1 0.0239969
subcontact = (1.6,-2.45,1.52999) 289.326 (-31.6223,139.741,-57.5816) 460 -5.67681e-07 (1.48909e-07,-6.58038e-07,2.71151e-07) 17740 9467.77 0.0163092
subcontact = (1.398,-2.95,1.65599) 57.1264 (-23.126,37.1595,-19.0493) 459 -2.16491e-07 (5.05408e-07,-7.69307e-07,4.01138e-07) 6765.35 5653.01 0.00844396
subcontact = (1.223,-2.45,1.43399) 928.415 (-34.921,254.782,-99.2124) 458 -1.39752e-06 (1.26158e-07,-9.20443e-07,3.58421e-07) 43672.5 12966 0.0212586
subcontact = (1.058,-2.877,1.54399) 742.7 (-123.725,289.44,-134.053) 457 -1.08062e-06 (4.32044e-07,-1.01072e-06,4.68111e-07) 33769.4 15556.2 0.0219933
subcontact = (0.842004,-2.45,1.33699) 464.34 (-8.92928,102.584,-38.6433) 456 -2.23615e-06 (1.03203e-07,-1.18565e-06,4.46633e-07) 69879.7 16551.8 0.00664485
subcontact = (0.721004,-2.833,1.44199) 770.742 (-64.1446,211.603,-91.3223) 455 -1.89299e-06 (3.78103e-07,-1.2473e-06,5.38303e-07) 59155.9 18361.2 0.013029
subcontact = (1.033,-2.45,1.38499) 1134.18 (-29.5144,273.732,-104.559) 454 -1.81633e-06 (1.13437e-07,-1.05208e-06,4.01868e-07) 56760.2 14738.5 0.0199819
subcontact = (0.889004,-2.852,1.49099) 946.951 (-105.993,298.209,-132.66) 453 -1.49344e-06 (4.01191e-07,-1.12874e-06,5.02124e-07) 46670.1 16912.7 0.0202903
contact = 128 1 64 63 (0.981071,-2.65335,2.26069) (-0.517886,0.386831,0.762992)
subcontact = (1.267,-2.45,2.35199) 352.339 (143.762,-177.531,187.586) 452 -4.49349e-07 (-4.74765e-07,5.84225e-07,-6.18447e-07) 14042.2 11780.5 0.0250915
subcontact = (1.035,-2.875,2.40999) 244.919 (108.796,-114.012,131.649) 451 -3.07851e-07 (-6.36783e-07,6.52908e-07,-7.6324e-07) 9620.36 8065.92 0.0254584
subcontact = (1.46,-2.45,2.48299) 77.1174 (34.6331,-35.495,41.5031) 450 -1.39565e-07 (-4.98446e-07,4.83708e-07,-5.8356e-07) 4361.4 3657.28 0.0176818
subcontact = (1.191,-2.907,2.53199) 5.14453 (2.09396,-2.51149,2.6946) 449 -1.88723e-08 (-6.70169e-07,5.67703e-07,-7.42702e-07) 589.76 485.735 0.00872309
subcontact = (1.076,-2.45,2.22199) 550.058 (136.679,-207.164,197.802) 448 -7.56278e-07 (-4.51011e-07,6.83594e-07,-6.52703e-07) 23633.7 13636.1 0.0232743
subcontact = (0.881003,-2.85,2.29299) 424.662 (174.895,-212.302,226.346) 447 -5.85064e-07 (-6.06864e-07,7.36241e-07,-7.85181e-07) 18283.2 15336.6 0.0232269
subcontact = (0.707004,-2.45,1.97099) 308.792 (38.6492,-83.5075,68.571) 446 -1.34909e-06 (-4.05255e-07,8.75614e-07,-7.18998e-07) 42159.2 15667.7 0.00732443
subcontact = (0.577004,-2.819,2.07099) 479.694 (100.027,-161.705,149.877) 445 -1.11044e-06 (-5.55722e-07,8.98389e-07,-8.32676e-07) 34701.2 17514.3 0.0138235
subcontact = (0.888004,-2.45,2.09499) 715.343 (120.777,-220.334,193.686) 444 -1.05744e-06 (-4.28485e-07,7.81687e-07,-6.87146e-07) 33044.9 14655.3 0.0216476
subcontact = (0.728004,-2.832,2.17899) 571.186 (161.496,-228.068,225.245) 443 -8.53424e-07 (-5.7911e-07,8.1783e-07,-8.07708e-07) 26669.5 16759 0.0214172
subcontact = (1.191,-2.907,2.53199) 5.14429 (2.09385,-2.51139,2.69447) 442 -1.88714e-08 (-6.70169e-07,5.67703e-07,-7.42702e-07) 589.732 485.712 0.00872309
subcontact = (1.035,-2.875,2.40999) 244.918 (108.796,-114.011,131.649) 441 -3.07851e-07 (-6.36784e-07,6.52908e-07,-7.6324e-07) 9620.33 8065.9 0.0254584
subcontact = (1.46,-2.45,2.48299) 77.117 (34.6329,-35.4948,41.5029) 440 -1.39564e-07 (-4.98446e-07,4.83708e-07,-5.8356e-07) 4361.38 3657.26 0.0176818
subcontact = (1.267,-2.45,2.35199) 352.339 (143.762,-177.531,187.586) 439 -4.49348e-07 (-4.74765e-07,5.84225e-07,-6.18447e-07) 14042.1 11780.4 0.0250915
subcontact = (0.881004,-2.85,2.29299) 424.662 (174.895,-212.301,226.346) 438 -5.85063e-07 (-6.06864e-07,7.36241e-07,-7.85181e-07) 18283.2 15336.5 0.0232269
subcontact = (1.076,-2.45,2.22199) 550.057 (136.679,-207.164,197.802) 437 -7.56277e-07 (-4.51011e-07,6.83594e-07,-6.52703e-07) 23633.7 13636.1 0.0232743
subcontact = (0.728004,-2.832,2.17899) 571.186 (161.496,-228.068,225.245) 436 -8.53423e-07 (-5.7911e-07,8.1783e-07,-8.07708e-07) 26669.5 16759 0.0214172
subcontact = (0.577004,-2.819,2.07099) 479.693 (100.027,-161.705,149.877) 435 -1.11044e-06 (-5.55723e-07,8.98389e-07,-8.32676e-07) 34701.2 17514.3 0.0138235
subcontact = (0.888004,-2.45,2.09499) 715.342 (120.777,-220.334,193.686) 434 -1.05744e-06 (-4.28485e-07,7.81687e-07,-6.87146e-07) 33044.8 14655.3 0.0216476
subcontact = (0.707004,-2.45,1.97099) 308.792 (38.6492,-83.5075,68.571) 433 -1.34909e-06 (-4.05255e-07,8.75614e-07,-7.18998e-07) 42159.2 15667.7 0.00732443
contact = 129 1 65 15 (2.69329,-0.427459,0.618497) (0.373148,0.92768,-0.0130562)
contact = 130 4 65 16 (2.57276,-2.17529,0.359497) (0.184894,-0.982748,-0.00464575)
contact = 131 0 65 18 (2.58741,-0.381687,1.22442) (0.350379,0.936602,0.00324645)
contact = 132 0 65 20 (2.66693,-2.15981,1.18708) (0.180745,-0.983453,0.0122661)
contact = 133 1 66 15 (2.66702,0.419302,0.618497) (0.380582,-0.924685,-0.010693)
contact = 134 0 66 18 (2.57687,0.380425,1.15588) (0.363011,-0.931785,0)
contact = 135 3 66 21 (2.79056,2.12705,0.294995) (0.20057,0.979664,-0.0054199)
contact = 136 0 66 22 (2.61167,2.16866,1.16483) (0.190416,0.981633,0.0117706)
contact = 137 5 67 19 (2.5785,0.466252,3.30274) (0.333998,-0.9418,0.0381811)
contact = 138 0 67 24 (2.565,2.10797,3.29174) (0.193973,0.980256,0.038373)
contact = 139 1 67 27 (2.6376,1.95624,3.69177) (0.185998,0.894792,0.405897)
contact = 140 1 67 28 (2.66901,0.713977,3.76579) (0.270178,-0.835403,0.47865)
contact = 141 1 67 29 (2.67016,1.35113,4.18123) (0.0710076,0.0907543,0.993339)
contact = 142 0 68 15 (2.869,0.493003,1.16225) (0.369803,-0.798951,-0.47426)
contact = 143 0 68 18 (2.67769,0.418134,1.6223) (0.360065,-0.932926,0.00132895)
contact = 144 3 68 19 (2.44999,0.357538,2.48499) (0.344465,-0.936241,0.0692601)
contact = 145 0 68 21 (2.81412,2.13007,1.17951) (0.151104,0.745851,-0.648748)
contact = 146 0 68 22 (2.68069,2.15532,1.63833) (0.188572,0.982058,0.00146622)
contact = 147 5 68 24 (2.565,2.15772,2.49774) (0.183921,0.980794,0.0649339)
contact = 148 1 68 66 (2.6742,1.2923,1.18) (0,0,-1)
subcontact = (2.45,0.795,1.18) 2379.11 (0.000472333,1.23104e-06,0) 432 -1.70187e-06 (-7.88418e-13,-1.30564e-14,0) 53183.6 0.0105587 0.044734
subcontact = (2.866,0.923,1.18) 2522.19 (0.000558496,-1.09101e-05,0) 431 -1.62653e-06 (-8.41849e-13,5.91226e-15,0) 50829.1 0.0112574 0.049621
subcontact = (2.45,0.335,1.18) 1881.54 (0.00037265,8.7881e-07,0) 430 -1.68573e-06 (-7.78757e-13,-1.2852e-14,0) 52679.2 0.0104334 0.035717
subcontact = (3.007,0.552,1.18) 980.149 (0.000224956,-6.05655e-06,0) 429 -1.58646e-06 (-8.51256e-13,1.25257e-14,0) 49576.8 0.0113826 0.0197703
subcontact = (2.45,1.265,1.18) 1598.44 (0.000318108,9.07759e-07,0) 428 -1.71836e-06 (-7.9829e-13,-1.32653e-14,0) 53698.9 0.0106867 0.0297667
subcontact = (2.83,1.313,1.18) 2938.56 (0.000645354,-1.11849e-05,0) 427 -1.64712e-06 (-8.45649e-13,4.0925e-15,0) 51472.6 0.0113059 0.0570898
subcontact = (2.934,2.101,1.18) 849.618 (0.000191966,-4.15626e-06,0) 426 -1.65481e-06 (-8.74885e-13,8.4987e-15,0) 51712.9 0.011687 0.0164295
subcontact = (2.855,1.709,1.18) 2348.4 (0.00051961,-9.45247e-06,0) 425 -1.65622e-06 (-8.57016e-13,5.05988e-15,0) 51756.9 0.0114537 0.0453737
subcontact = (2.45,2.195,1.18) 1748.51 (0.000349582,1.16261e-06,0) 424 -1.75099e-06 (-8.17822e-13,-1.36785e-14,0) 54718.6 0.0109401 0.0319545
subcontact = (2.45,1.735,1.18) 2376.07 (0.000473982,1.46698e-06,0) 423 -1.73486e-06 (-8.08161e-13,-1.34741e-14,0) 54214.2 0.0108148 0.0438275
subcontact = (3.007,0.552,1.18) 980.149 (0.000224956,-6.05645e-06,0) 422 -1.58646e-06 (-8.51256e-13,1.25253e-14,0) 49576.8 0.0113826 0.0197703
subcontact = (2.866,0.923,1.18) 2522.19 (0.000558496,-1.09098e-05,0) 421 -1.62653e-06 (-8.41849e-13,5.91186e-15,0) 50829.1 0.0112574 0.049621
subcontact = (2.45,0.335,1.18) 1881.54 (0.00037265,8.78993e-07,0) 420 -1.68573e-06 (-7.78757e-13,-1.28524e-14,0) 52679.2 0.0104334 0.035717
subcontact = (2.45,0.795,1.18) 2379.11 (0.000472333,1.23127e-06,0) 419 -1.70187e-06 (-7.88418e-13,-1.30568e-14,0) 53183.6 0.0105587 0.044734
subcontact = (2.83,1.313,1.18) 2938.56 (0.000645354,-1.11846e-05,0) 418 -1.64712e-06 (-8.45649e-13,4.0921e-15,0) 51472.6 0.0113059 0.0570898
subcontact = (2.45,1.265,1.18) 1598.44 (0.000318108,9.07914e-07,0) 417 -1.71836e-06 (-7.9829e-13,-1.32656e-14,0) 53698.9 0.0106867 0.0297667
subcontact = (2.45,1.735,1.18) 2376.07 (0.000473982,1.46721e-06,0) 416 -1.73486e-06 (-8.08161e-13,-1.34745e-14,0) 54214.2 0.0108148 0.0438275
subcontact = (2.855,1.709,1.18) 2348.4 (0.00051961,-9.45223e-06,0) 415 -1.65622e-06 (-8.57016e-13,5.05948e-15,0) 51756.9 0.0114537 0.0453737
subcontact = (2.45,2.195,1.18) 1748.51 (0.000349582,1.16278e-06,0) 414 -1.75099e-06 (-8.17822e-13,-1.36789e-14,0) 54718.6 0.0109401 0.0319545
subcontact = (2.934,2.101,1.18) 849.618 (0.000191966,-4.15618e-06,0) 413 -1.65481e-06 (-8.74885e-13,8.49829e-15,0) 51712.9 0.011687 0.0164295
contact = 149 0 69 18 (2.8735,0.496508,2.21) (0.429846,-0.860036,-0.274901)
contact = 150 1 69 19 (2.55309,0.407212,2.75642) (0.346485,-0.935509,0.0690782)
contact = 151 0 69 22 (2.65332,2.15801,2.192) (0.190046,0.981771,-0.0028155)
contact = 152 1 69 24 (2.63731,2.12801,2.86753) (0.192719,0.979362,0.0609047)
contact = 153 0 69 27 (2.7945,2.062,3.28599) (0.148964,0.7258,0.671584)
contact = 154 0 69 28 (2.833,0.69476,3.50574) (0.333724,-0.796894,0.503574)
contact = 155 1 69 67 (2.6631,1.2954,3.28599) (0,0,1)
subcontact = (2.959,0.613,3.28599) 197.4 (-8.76441e-05,1.97775e-05,0) 412 -3.89514e-07 (2.16126e-11,-2.15677e-11,0) 12172.3 0.00554029 0.0162172
subcontact = (2.85,0.954,3.28599) 541.532 (-0.000220931,3.02618e-05,0) 411 -4.07948e-07 (2.1651e-11,-2.15549e-11,0) 12748.4 0.00524956 0.0424785
subcontact = (2.45,0.42,3.28599) 416.856 (-0.000140417,1.16032e-05,0) 410 -4.40479e-07 (2.15756e-11,-2.15062e-11,0) 13765 0.0046525 0.0302838
subcontact = (2.45,0.842,3.28599) 555.678 (-0.000181933,8.11986e-07,0) 409 -4.4878e-07 (2.16267e-11,-2.15066e-11,0) 14024.4 0.00459172 0.0396223
subcontact = (2.822,1.312,3.28599) 664.306 (-0.000260316,1.77543e-05,0) 408 -4.18003e-07 (2.16936e-11,-2.15519e-11,0) 13062.6 0.00513062 0.0508557
subcontact = (2.45,1.273,3.28599) 382.281 (-0.000121534,-9.39513e-06,0) 407 -4.57257e-07 (2.1679e-11,-2.15071e-11,0) 14289.3 0.00455639 0.026753
subcontact = (2.45,1.705,3.28599) 568.881 (-0.000175531,-2.83379e-05,0) 406 -4.65755e-07 (2.17313e-11,-2.15075e-11,0) 14554.8 0.00454912 0.0390853
subcontact = (2.842,1.675,3.28599) 527.073 (-0.0002037,3.00112e-06,0) 405 -4.22991e-07 (2.17381e-11,-2.15547e-11,0) 13218.5 0.00510914 0.039874
subcontact = (2.45,2.127,3.28599) 414.295 (-0.000124098,-3.05246e-05,0) 404 -4.74056e-07 (2.17824e-11,-2.15079e-11,0) 14814.2 0.00456974 0.027966
subcontact = (2.908,2.033,3.28599) 187.421 (-7.33052e-05,-1.47705e-06,0) 403 -4.22932e-07 (2.17832e-11,-2.1563e-11,0) 13216.6 0.00517043 0.0141807
subcontact = (2.45,0.842,3.28599) 555.678 (-0.000181933,8.11994e-07,0) 402 -4.4878e-07 (2.16267e-11,-2.15066e-11,0) 14024.4 0.00459172 0.0396223
subcontact = (2.85,0.954,3.28599) 541.532 (-0.000220931,3.02618e-05,0) 401 -4.07948e-07 (2.1651e-11,-2.15549e-11,0) 12748.4 0.00524956 0.0424785
subcontact = (2.45,0.42,3.28599) 416.856 (-0.000140417,1.16032e-05,0) 400 -4.40479e-07 (2.15756e-11,-2.15062e-11,0) 13765 0.0046525 0.0302838
subcontact = (2.959,0.613,3.28599) 197.4 (-8.76441e-05,1.97775e-05,0) 399 -3.89514e-07 (2.16126e-11,-2.15677e-11,0) 12172.3 0.00554029 0.0162172
subcontact = (2.45,1.273,3.28599) 382.281 (-0.000121534,-9.39513e-06,0) 398 -4.57257e-07 (2.1679e-11,-2.15071e-11,0) 14289.3 0.00455639 0.026753
subcontact = (2.822,1.312,3.28599) 664.306 (-0.000260316,1.77543e-05,0) 397 -4.18003e-07 (2.16936e-11,-2.15519e-11,0) 13062.6 0.00513062 0.0508557
subcontact = (2.908,2.033,3.28599) 187.421 (-7.33052e-05,-1.47705e-06,0) 396 -4.22932e-07 (2.17832e-11,-2.1563e-11,0) 13216.6 0.00517043 0.0141807
subcontact = (2.842,1.675,3.28599) 527.073 (-0.0002037,3.00113e-06,0) 395 -4.22991e-07 (2.17381e-11,-2.15547e-11,0) 13218.5 0.00510914 0.039874
subcontact = (2.45,2.127,3.28599) 414.295 (-0.000124098,-3.05246e-05,0) 394 -4.74056e-07 (2.17824e-11,-2.15079e-11,0) 14814.2 0.00456974 0.027966
subcontact = (2.45,1.705,3.28599) 568.881 (-0.000175531,-2.83379e-05,0) 393 -4.65755e-07 (2.17313e-11,-2.15075e-11,0) 14554.8 0.00454912 0.0390853
contact = 156 1 69 68 (2.6754,1.293,2.26) (0,0,-1)
subcontact = (2.45,0.798,2.26) 1435.68 (0.000360737,9.11e-07,0) 392 -1.02798e-06 (4.91375e-12,-3.56892e-12,0) 32124.4 0.0080718 0.0446912
subcontact = (2.868,0.925,2.26) 1452.2 (0.000432671,-1.09714e-05,0) 391 -9.33264e-07 (4.86787e-12,-3.55131e-12,0) 29164.5 0.00869211 0.0497934
subcontact = (2.45,0.34,2.26) 1133.4 (0.000285015,-4.72562e-07,0) 390 -1.01095e-06 (4.92832e-12,-3.56932e-12,0) 31592.3 0.00794448 0.0358759
subcontact = (3.013,0.556,2.26) 551.008 (0.000175092,-6.65658e-06,0) 389 -8.85053e-07 (4.8651e-12,-3.54556e-12,0) 27657.9 0.00879511 0.0199222
subcontact = (2.45,1.266,2.26) 968.282 (0.000243106,1.61856e-06,0) 388 -1.04538e-06 (4.89886e-12,-3.56852e-12,0) 32668.1 0.00820214 0.02964
subcontact = (2.83,1.313,2.26) 1703.51 (0.000498232,-9.64162e-06,0) 387 -9.56728e-07 (4.85933e-12,-3.55256e-12,0) 29897.8 0.00874592 0.056978
subcontact = (2.937,2.098,2.26) 494.095 (0.000149999,-2.89554e-06,0) 386 -9.60457e-07 (4.82365e-12,-3.5474e-12,0) 30014.3 0.00911352 0.016462
subcontact = (2.856,1.708,2.26) 1368.76 (0.000403431,-7.0748e-06,0) 385 -9.65228e-07 (4.84416e-12,-3.55113e-12,0) 30163.4 0.00889178 0.0453782
subcontact = (2.45,2.192,2.26) 1078.37 (0.000270358,3.90287e-06,0) 384 -1.0798e-06 (4.8694e-12,-3.56771e-12,0) 33743.8 0.00846075 0.0319577
subcontact = (2.45,1.734,2.26) 1452.56 (0.000364421,3.88219e-06,0) 383 -1.06278e-06 (4.88397e-12,-3.56811e-12,0) 33211.8 0.00833273 0.0437362
subcontact = (3.013,0.556,2.25999) 551.008 (0.000175092,-6.65655e-06,0) 382 -8.85053e-07 (4.8651e-12,-3.54556e-12,0) 27657.9 0.00879511 0.0199222
subcontact = (2.868,0.925,2.25999) 1452.2 (0.000432671,-1.09713e-05,0) 381 -9.33264e-07 (4.86787e-12,-3.55131e-12,0) 29164.5 0.00869211 0.0497934
subcontact = (2.45,0.34,2.25999) 1133.4 (0.000285015,-4.72509e-07,0) 380 -1.01095e-06 (4.92832e-12,-3.56932e-12,0) 31592.3 0.00794448 0.0358759
subcontact = (2.45,0.798,2.25999) 1435.68 (0.000360737,9.11068e-07,0) 379 -1.02798e-06 (4.91375e-12,-3.56892e-12,0) 32124.4 0.0080718 0.0446912
subcontact = (2.83,1.313,2.25999) 1703.51 (0.000498232,-9.64153e-06,0) 378 -9.56728e-07 (4.85933e-12,-3.55256e-12,0) 29897.8 0.00874592 0.056978
subcontact = (2.45,1.266,2.25999) 968.282 (0.000243106,1.61861e-06,0) 377 -1.04538e-06 (4.89886e-12,-3.56852e-12,0) 32668.1 0.00820214 0.02964
subcontact = (2.45,1.734,2.25999) 1452.56 (0.000364421,3.88226e-06,0) 376 -1.06278e-06 (4.88397e-12,-3.56811e-12,0) 33211.8 0.00833273 0.0437362
subcontact = (2.856,1.708,2.25999) 1368.76 (0.000403431,-7.07473e-06,0) 375 -9.65228e-07 (4.84416e-12,-3.55113e-12,0) 30163.4 0.00889178 0.0453782
subcontact = (2.45,2.192,2.25999) 1078.37 (0.000270358,3.90292e-06,0) 374 -1.0798e-06 (4.8694e-12,-3.56771e-12,0) 33743.8 0.00846075 0.0319577
subcontact = (2.937,2.098,2.25999) 494.095 (0.000149999,-2.89552e-06,0) 373 -9.60457e-07 (4.82365e-12,-3.5474e-12,0) 30014.3 0.00911351 0.016462
contact = 157 0 70 3 (2.69359,-2.0877,3.29001) (0.187383,-0.981694,0.0341298)
contact = 158 5 70 19 (2.5795,-0.461748,3.30349) (0.326226,0.944051,0.0484129)
contact = 159 1 70 31 (2.66474,-0.710677,3.77551) (0.251924,0.834474,0.49009)
contact = 160 1 70 32 (2.66892,-1.34867,4.19668) (0.0528968,-0.101977,0.993379)
contact = 161 1 70 34 (2.64835,-1.95443,3.7066) (0.182155,-0.893423,0.410628)
contact = 162 2 71 50 (-0.795386,-2.64177,1.04952) (-0.958743,-0.28023,0.0477699)
contact = 163 0 71 53 (-0.814461,-2.62154,0.444899) (-0.960952,-0.276714,0)
contact = 164 0 71 58 (0.814394,-2.62152,0.444898) (0.960951,-0.276714,0.00138144)
contact = 165 2 71 61 (0.795386,-2.64177,1.04952) (0.958743,-0.28023,0.0477699)
contact = 166 4 72 50 (-0.791277,-2.64161,1.12322) (-0.959696,-0.277412,0.0450144)
contact = 167 1 72 54 (-0.697711,-2.66454,1.75261) (-0.9452,-0.24692,0.213605)
contact = 168 2 72 56 (3.68209e-11,-2.61227,2.42793) (4.97066e-12,0.0119729,0.999928)
contact = 169 1 72 60 (-0.455782,-2.57905,2.24598) (-0.722354,-0.100217,0.684223)
contact = 170 4 72 61 (0.791277,-2.64161,1.12322) (0.959696,-0.277412,0.0450144)
contact = 171 1 72 63 (0.454479,-2.57668,2.2468) (0.722019,-0.105091,0.683845)
contact = 172 1 72 64 (0.703225,-2.65893,1.73698) (0.944677,-0.24696,0.215862)
contact = 173 1 72 71 (-2.15855e-17,-2.635,1.18) (0,0,-1)
subcontact = (-0.427,-2.45,1.18) 731.114 (-5.45228e-14,1.63667e-06,0) 372 -6.40322e-07 (1.14612e-22,-4.89111e-14,0) 20010.1 4.47943e-05 0.0365373
subcontact = (-0.371,-2.813,1.18) 697.578 (-5.36207e-14,1.75197e-06,0) 371 -6.26194e-07 (1.15528e-22,-4.92563e-14,0) 19568.5 4.91464e-05 0.0356479
subcontact = (-0.844,-2.45,1.18) 488.095 (-3.63997e-14,1.09265e-06,0) 370 -6.40322e-07 (1.14612e-22,-4.89111e-14,0) 20010.1 4.47943e-05 0.0243925
subcontact = (-0.733,-2.834,1.18) 230.182 (-1.77247e-14,5.81824e-07,0) 369 -6.25376e-07 (1.15581e-22,-4.92763e-14,0) 19543 4.93982e-05 0.0117782
subcontact = (-6.21561e-22,-2.806,1.18) 936.687 (-7.1958e-14,2.34745e-06,0) 368 -6.26466e-07 (1.15511e-22,-4.92497e-14,0) 19577.1 4.90625e-05 0.0478462
subcontact = (-6.22033e-22,-2.45,1.18) 506.962 (-3.78066e-14,1.13488e-06,0) 367 -6.40322e-07 (1.14612e-22,-4.89111e-14,0) 20010.1 4.47943e-05 0.0253353
subcontact = (0.733,-2.834,1.18) 230.182 (-1.77247e-14,5.81824e-07,0) 366 -6.25376e-07 (1.15581e-22,-4.92763e-14,0) 19543 4.93982e-05 0.0117782
subcontact = (0.371,-2.813,1.18) 697.578 (-5.36207e-14,1.75197e-06,0) 365 -6.26194e-07 (1.15528e-22,-4.92563e-14,0) 19568.5 4.91464e-05 0.0356479
subcontact = (0.844,-2.45,1.18) 488.095 (-3.63997e-14,1.09265e-06,0) 364 -6.40322e-07 (1.14612e-22,-4.89111e-14,0) 20010.1 4.47943e-05 0.0243925
subcontact = (0.427,-2.45,1.18) 731.114 (-5.45228e-14,1.63667e-06,0) 363 -6.40322e-07 (1.14612e-22,-4.89111e-14,0) 20010.1 4.47943e-05 0.0365373
subcontact = (-0.733,-2.834,1.18) 230.182 (-1.77247e-14,5.81824e-07,0) 362 -6.25376e-07 (1.15581e-22,-4.92763e-14,0) 19543 4.93982e-05 0.0117782
subcontact = (-0.371,-2.813,1.18) 697.578 (-5.36207e-14,1.75197e-06,0) 361 -6.26194e-07 (1.15528e-22,-4.92563e-14,0) 19568.5 4.91464e-05 0.0356479
subcontact = (-0.844,-2.45,1.18) 488.095 (-3.63997e-14,1.09265e-06,0) 360 -6.40322e-07 (1.14612e-22,-4.89111e-14,0) 20010.1 4.47943e-05 0.0243925
subcontact = (-0.427,-2.45,1.18) 731.114 (-5.45228e-14,1.63667e-06,0) 359 -6.40322e-07 (1.14612e-22,-4.89111e-14,0) 20010.1 4.47943e-05 0.0365373
subcontact = (-7.36646e-22,-2.45,1.18) 506.962 (-3.78066e-14,1.13488e-06,0) 358 -6.40322e-07 (1.14612e-22,-4.89111e-14,0) 20010.1 4.47943e-05 0.0253353
subcontact = (-7.37072e-22,-2.806,1.18) 936.687 (-7.1958e-14,2.34745e-06,0) 357 -6.26466e-07 (1.15511e-22,-4.92497e-14,0) 19577.1 4.90625e-05 0.0478462
subcontact = (0.427,-2.45,1.18) 731.114 (-5.45228e-14,1.63667e-06,0) 356 -6.40322e-07 (1.14612e-22,-4.89111e-14,0) 20010.1 4.47943e-05 0.0365373
subcontact = (0.371,-2.813,1.18) 697.578 (-5.36207e-14,1.75197e-06,0) 355 -6.26194e-07 (1.15528e-22,-4.92563e-14,0) 19568.5 4.91464e-05 0.0356479
subcontact = (0.844,-2.45,1.18) 488.095 (-3.63997e-14,1.09265e-06,0) 354 -6.40322e-07 (1.14612e-22,-4.89111e-14,0) 20010.1 4.47943e-05 0.0243925
subcontact = (0.733,-2.834,1.18) 230.182 (-1.77247e-14,5.81824e-07,0) 353 -6.25376e-07 (1.15581e-22,-4.92763e-14,0) 19543 4.93982e-05 0.0117782
contact = 174 4 73 3 (2.70156,-2.13457,2.49126) (0.178782,-0.982069,0.0598103)
contact = 175 0 73 15 (2.872,-0.488502,1.16225) (0.359319,0.796507,-0.486279)
contact = 176 0 73 16 (2.78738,-2.13656,1.05157) (0.182962,-0.98309,-0.00767399)
contact = 177 0 73 18 (2.67424,-0.413149,1.60392) (0.348716,0.937228,0.000661231)
contact = 178 3 73 19 (2.44979,-0.35736,2.4852) (0.331329,0.940978,0.0691536)
contact = 179 0 73 20 (2.71062,-2.15165,1.70284) (0.180388,-0.983592,0.00276214)
contact = 180 1 73 65 (2.6803,-1.2912,1.18) (0,0,-1)
subcontact = (2.45,-1.735,1.18) 2461.09 (0.00303041,4.78785e-05,0) 352 -1.73862e-06 (-5.06057e-12,-4.90031e-16,0) 54332 0.066909 0.0452972
subcontact = (2.872,-1.709,1.18) 2464.22 (0.00322269,8.47849e-05,0) 351 -1.64896e-06 (-5.09792e-12,-5.51857e-14,0) 51530.1 0.067414 0.047821
subcontact = (2.45,-2.195,1.18) 1847.49 (0.0022799,3.51201e-05,0) 350 -1.75016e-06 (-5.10637e-12,5.30236e-16,0) 54692.4 0.0675011 0.0337797
subcontact = (2.968,-2.099,1.18) 901.324 (0.00119722,3.38139e-05,0) 349 -1.63849e-06 (-5.14584e-12,-6.67502e-14,0) 51202.9 0.0680391 0.017603
subcontact = (2.835,-1.312,1.18) 2991.18 (0.00388455,0.000100277,0) 348 -1.64681e-06 (-5.0549e-12,-5.12757e-14,0) 51463 0.0668557 0.0581229
subcontact = (2.45,-1.265,1.18) 1627.46 (0.00199936,3.24111e-05,0) 347 -1.72684e-06 (-5.01378e-12,-1.53248e-15,0) 53963.8 0.066304 0.0301583
subcontact = (3.011,-0.546,1.18) 997.199 (0.00132549,4.11791e-05,0) 346 -1.59049e-06 (-4.99529e-12,-7.57621e-14,0) 49702.7 0.0660972 0.0200632
subcontact = (2.867,-0.921,1.18) 2545.83 (0.00331659,8.96618e-05,0) 345 -1.63026e-06 (-5.01899e-12,-5.62861e-14,0) 50945.7 0.0663938 0.0499715
subcontact = (2.45,-0.335,1.18) 1919.04 (0.00234665,4.0008e-05,0) 344 -1.70353e-06 (-4.92118e-12,-3.59519e-15,0) 53235.2 0.0651071 0.0360482
subcontact = (2.45,-0.795,1.18) 2411.13 (0.00295522,4.91463e-05,0) 343 -1.71506e-06 (-4.96698e-12,-2.57492e-15,0) 53595.6 0.0656991 0.0449874
subcontact = (2.968,-2.099,1.18) 901.324 (0.00119722,3.38138e-05,0) 342 -1.63849e-06 (-5.14584e-12,-6.67498e-14,0) 51202.9 0.0680391 0.017603
subcontact = (2.872,-1.709,1.18) 2464.22 (0.00322269,8.47846e-05,0) 341 -1.64896e-06 (-5.09792e-12,-5.51853e-14,0) 51530.1 0.067414 0.047821
subcontact = (2.45,-2.195,1.18) 1847.49 (0.0022799,3.51199e-05,0) 340 -1.75016e-06 (-5.10637e-12,5.30707e-16,0) 54692.4 0.0675011 0.0337797
subcontact = (2.45,-1.735,1.18) 2461.09 (0.00303041,4.78782e-05,0) 339 -1.73862e-06 (-5.06057e-12,-4.89565e-16,0) 54332 0.066909 0.0452972
subcontact = (2.45,-1.265,1.18) 1627.46 (0.00199936,3.2411e-05,0) 338 -1.72684e-06 (-5.01378e-12,-1.53202e-15,0) 53963.8 0.066304 0.0301583
subcontact = (2.835,-1.312,1.18) 2991.18 (0.00388455,0.000100277,0) 337 -1.64681e-06 (-5.0549e-12,-5.12753e-14,0) 51463 0.0668557 0.0581229
subcontact = (2.45,-0.795,1.18) 2411.13 (0.00295522,4.9146e-05,0) 336 -1.71506e-06 (-4.96698e-12,-2.57447e-15,0) 53595.6 0.0656991 0.0449874
subcontact = (2.867,-0.921,1.18) 2545.83 (0.00331659,8.96615e-05,0) 335 -1.63026e-06 (-5.01899e-12,-5.62857e-14,0) 50945.7 0.0663938 0.0499715
subcontact = (2.45,-0.335,1.18) 1919.04 (0.00234665,4.00078e-05,0) 334 -1.70353e-06 (-4.92118e-12,-3.59474e-15,0) 53235.2 0.0651071 0.0360482
subcontact = (3.011,-0.546,1.18) 997.199 (0.00132549,4.1179e-05,0) 333 -1.59049e-06 (-4.99529e-12,-7.57617e-14,0) 49702.7 0.0660972 0.0200632
contact = 181 1 74 3 (2.64668,-2.13022,2.85047) (0.185416,-0.981035,0.0564865)
contact = 182 0 74 18 (2.8765,-0.491251,2.20974) (0.421678,0.859312,-0.289432)
contact = 183 1 74 19 (2.54674,-0.403834,2.77954) (0.334476,0.940012,0.0670998)
contact = 184 0 74 20 (2.84012,-2.1256,2.25958) (0.156412,-0.813297,-0.560431)
contact = 185 0 74 31 (2.83649,-0.694521,3.51123) (0.313165,0.800269,0.511368)
contact = 186 0 74 34 (2.8155,-2.06425,3.28449) (0.150923,-0.772107,0.617311)
contact = 187 1 74 70 (2.6682,-1.2945,3.28399) (0,0,1)
subcontact = (2.936,-2.035,3.28399) 199.597 (-0.000469177,-2.67291e-05,0) 332 -4.22083e-07 (3.05986e-11,-2.50124e-11,0) 13190.1 0.0310552 0.0151323
subcontact = (2.856,-1.677,3.28399) 556.427 (-0.00127506,-4.94069e-05,0) 331 -4.25281e-07 (3.05849e-11,-2.50155e-11,0) 13290 0.0304772 0.041868
subcontact = (2.45,-2.13,3.28399) 441.499 (-0.000888937,-6.77597e-05,0) 330 -4.79827e-07 (3.05999e-11,-2.50327e-11,0) 14994.6 0.0302785 0.0294438
subcontact = (2.45,-1.707,3.28399) 595.796 (-0.00119869,-6.19351e-05,0) 329 -4.72686e-07 (3.05841e-11,-2.50325e-11,0) 14771.4 0.0297585 0.0403343
subcontact = (2.45,-1.273,3.28399) 395.061 (-0.000794219,-2.04318e-05,0) 328 -4.6536e-07 (3.0568e-11,-2.50322e-11,0) 14542.5 0.0292454 0.027166
subcontact = (2.826,-1.312,3.28399) 685.073 (-0.00155585,-2.82865e-05,0) 327 -4.22584e-07 (3.05712e-11,-2.50166e-11,0) 13205.8 0.0299961 0.0518768
subcontact = (2.45,-0.84,3.28399) 572.381 (-0.00114984,1.08967e-06,0) 326 -4.5805e-07 (3.05519e-11,-2.5032e-11,0) 14314.1 0.0287551 0.0399873
subcontact = (2.85,-0.95,3.28399) 555.82 (-0.00127407,5.25587e-06,0) 325 -4.13701e-07 (3.05579e-11,-2.50154e-11,0) 12928.2 0.0296346 0.042993
subcontact = (2.45,-0.416,3.28399) 432.664 (-0.000868548,2.42035e-05,0) 324 -4.50892e-07 (3.05362e-11,-2.50317e-11,0) 14090.4 0.0282966 0.0307063
subcontact = (2.964,-0.605,3.28399) 204.422 (-0.000488357,1.36342e-05,0) 323 -3.94708e-07 (3.05456e-11,-2.50104e-11,0) 12334.6 0.0294785 0.016573
subcontact = (2.45,-1.707,3.28399) 595.796 (-0.00119869,-6.19351e-05,0) 322 -4.72686e-07 (3.05841e-11,-2.50325e-11,0) 14771.4 0.0297585 0.0403343
subcontact = (2.856,-1.677,3.28399) 556.427 (-0.00127506,-4.94069e-05,0) 321 -4.25281e-07 (3.05849e-11,-2.50155e-11,0) 13290 0.0304772 0.041868
subcontact = (2.45,-2.13,3.28399) 441.499 (-0.000888937,-6.77597e-05,0) 320 -4.79827e-07 (3.05999e-11,-2.50327e-11,0) 14994.6 0.0302785 0.0294438
subcontact = (2.936,-2.035,3.28399) 199.597 (-0.000469177,-2.67291e-05,0) 319 -4.22083e-07 (3.05986e-11,-2.50124e-11,0) 13190.1 0.0310552 0.0151323
subcontact = (2.826,-1.312,3.28399) 685.073 (-0.00155585,-2.82865e-05,0) 318 -4.22584e-07 (3.05712e-11,-2.50166e-11,0) 13205.8 0.0299961 0.0518768
subcontact = (2.45,-1.273,3.28399) 395.061 (-0.000794219,-2.04318e-05,0) 317 -4.6536e-07 (3.0568e-11,-2.50322e-11,0) 14542.5 0.0292454 0.027166
subcontact = (2.964,-0.605,3.28399) 204.422 (-0.000488357,1.36342e-05,0) 316 -3.94708e-07 (3.05456e-11,-2.50104e-11,0) 12334.6 0.0294785 0.016573
subcontact = (2.85,-0.95,3.28399) 555.82 (-0.00127407,5.25587e-06,0) 315 -4.13701e-07 (3.05579e-11,-2.50154e-11,0) 12928.2 0.0296346 0.042993
subcontact = (2.45,-0.416,3.28399) 432.664 (-0.000868548,2.42035e-05,0) 314 -4.50892e-07 (3.05362e-11,-2.50317e-11,0) 14090.4 0.0282966 0.0307063
subcontact = (2.45,-0.84,3.28399) 572.381 (-0.00114984,1.08968e-06,0) 313 -4.5805e-07 (3.05519e-11,-2.5032e-11,0) 14314.1 0.0287551 0.0399873
contact = 188 1 74 73 (2.681,-1.2917,2.26) (0,0,-1)
subcontact = (2.45,-1.734,2.26) 1504.97 (0.00234593,1.98495e-05,0) 312 -1.06968e-06 (1.37104e-12,7.91269e-12,0) 33427.5 0.052108 0.0450221
subcontact = (2.871,-1.707,2.26) 1435.16 (0.00249239,6.54689e-05,0) 311 -9.6532e-07 (1.35197e-12,7.84518e-12,0) 30166.2 0.0524068 0.0475749
subcontact = (2.45,-2.192,2.26) 1140.75 (0.00177671,8.75709e-06,0) 310 -1.08527e-06 (1.30772e-12,7.91361e-12,0) 33914.6 0.0528224 0.033636
subcontact = (2.968,-2.096,2.26) 524.14 (0.000932345,2.52207e-05,0) 309 -9.54727e-07 (1.29294e-12,7.83042e-12,0) 29835.2 0.0530906 0.0175678
subcontact = (2.835,-1.312,2.26) 1738.47 (0.00299628,8.41559e-05,0) 308 -9.60721e-07 (1.40853e-12,7.85016e-12,0) 30022.5 0.0517645 0.0579057
subcontact = (2.45,-1.266,2.26) 988.879 (0.0015428,1.87962e-05,0) 307 -1.05375e-06 (1.43574e-12,7.91175e-12,0) 32929.7 0.0513791 0.03003
subcontact = (3.017,-0.549,2.26) 563.201 (0.00102651,4.36608e-05,0) 306 -8.90034e-07 (1.50415e-12,7.81947e-12,0) 27813.5 0.0507397 0.0202492
subcontact = (2.869,-0.923,2.26) 1472.6 (0.00256725,8.44142e-05,0) 305 -9.39127e-07 (1.46046e-12,7.84393e-12,0) 29347.7 0.0511908 0.0501777
subcontact = (2.45,-0.34,2.26) 1157.71 (0.00180952,3.60124e-05,0) 304 -1.02223e-06 (1.56376e-12,7.9099e-12,0) 31944.8 0.0499402 0.036241
subcontact = (2.45,-0.798,2.26) 1457.61 (0.00227616,3.64722e-05,0) 303 -1.03782e-06 (1.50044e-12,7.91082e-12,0) 32431.9 0.0506513 0.0449436
subcontact = (2.968,-2.096,2.25999) 524.14 (0.000932345,2.52207e-05,0) 302 -9.54727e-07 (1.29294e-12,7.83042e-12,0) 29835.2 0.0530906 0.0175678
subcontact = (2.871,-1.707,2.25999) 1435.16 (0.00249239,6.54689e-05,0) 301 -9.6532e-07 (1.35197e-12,7.84518e-12,0) 30166.2 0.0524068 0.0475749
subcontact = (2.45,-2.192,2.25999) 1140.75 (0.00177671,8.75707e-06,0) 300 -1.08527e-06 (1.30772e-12,7.91361e-12,0) 33914.6 0.0528224 0.033636
subcontact = (2.45,-1.734,2.25999) 1504.97 (0.00234593,1.98494e-05,0) 299 -1.06968e-06 (1.37104e-12,7.91269e-12,0) 33427.5 0.052108 0.0450221
subcontact = (2.45,-1.266,2.25999) 988.879 (0.0015428,1.87962e-05,0) 298 -1.05375e-06 (1.43574e-12,7.91175e-12,0) 32929.7 0.0513791 0.03003
subcontact = (2.835,-1.312,2.25999) 1738.47 (0.00299628,8.41558e-05,0) 297 -9.60721e-07 (1.40853e-12,7.85016e-12,0) 30022.5 0.0517645 0.0579057
subcontact = (2.45,-0.798,2.25999) 1457.61 (0.00227616,3.64722e-05,0) 296 -1.03782e-06 (1.50044e-12,7.91082e-12,0) 32431.9 0.0506513 0.0449436
subcontact = (2.869,-0.923,2.25999) 1472.6 (0.00256725,8.44142e-05,0) 295 -9.39127e-07 (1.46046e-12,7.84393e-12,0) 29347.7 0.0511908 0.0501777
subcontact = (2.45,-0.34,2.25999) 1157.71 (0.00180952,3.60123e-05,0) 294 -1.02223e-06 (1.56376e-12,7.9099e-12,0) 31944.8 0.0499402 0.036241
subcontact = (3.017,-0.549,2.25999) 563.201 (0.00102651,4.36608e-05,0) 293 -8.90034e-07 (1.50415e-12,7.81947e-12,0) 27813.5 0.0507397 0.0202492
contact = 189 2 75 8 (-2.17894,2.5996,0.314749) (-0.977868,0.209104,-0.00708826)
contact = 190 0 75 9 (-2.16275,2.6927,1.17274) (-0.978339,0.206004,0.0203654)
contact = 191 0 75 11 (-0.4341,2.69353,0.582197) (0.940518,0.339742,-0.00104569)
contact = 192 0 75 17 (-0.43441,2.6956,1.16449) (0.941107,0.337594,0.0186782)
contact = 193 0 76 6 (-2.66008,0.392931,1.20733) (-0.285247,-0.958434,0.00612392)
contact = 194 2 76 7 (-2.66625,0.398722,0.522827) (-0.296914,-0.95487,-0.00814716)
contact = 195 2 76 8 (-2.6812,2.15264,0.582494) (-0.198621,0.980051,-0.00707961)
contact = 196 0 76 9 (-2.61251,2.1692,1.16366) (-0.185508,0.982557,0.0129785)
contact = 197 5 77 10 (-2.07425,2.56275,3.27374) (-0.920838,0.151845,-0.359167)
contact = 198 5 77 23 (-0.51075,2.565,3.31299) (0.940264,0.329092,0.0871918)
contact = 199 1 77 37 (-1.36988,2.66181,4.04409) (-0.0956247,0.0372495,0.99472)
contact = 200 1 77 39 (-1.90091,2.65666,3.61962) (-0.878594,0.12849,0.459959)
contact = 201 1 77 41 (-0.744156,2.64514,3.69574) (0.81122,0.252517,0.527406)
contact = 202 1 78 5 (-2.68179,0.434754,2.79829) (-0.291089,-0.954937,0.0579911)
contact = 203 0 78 6 (-2.8825,0.461759,2.20925) (-0.38017,-0.857179,-0.347441)
contact = 204 0 78 9 (-2.6954,2.14998,2.239) (-0.183979,0.98291,-0.00636601)
contact = 205 1 78 10 (-2.62417,2.13541,2.73222) (-0.17496,0.981833,0.0734423)
contact = 206 0 78 36 (-2.79586,0.60221,3.45309) (-0.303114,-0.806494,0.507632)
contact = 207 5 78 38 (-2.79577,2.05534,3.28914) (-0.0926829,0.529804,0.84304)
contact = 208 0 79 8 (-2.13804,2.81462,1.17953) (-0.744681,0.162933,-0.647228)
contact = 209 4 79 9 (-2.13624,2.81625,1.71999) (-0.979375,0.201982,0.00534573)
contact = 210 5 79 10 (-2.18338,2.57138,2.21957) (-0.973444,0.197379,0.11597)
contact = 211 0 79 11 (-0.434051,2.69501,1.0797) (0.941279,0.337623,-0.00228897)
contact = 212 0 79 17 (-0.444062,2.72091,1.52929) (0.941368,0.337365,0.00340904)
contact = 213 3 79 23 (-0.425442,2.56903,2.50484) (0.946094,0.307096,0.102945)
contact = 214 1 79 75 (-1.2969,2.6645,1.18) (0,0,-1)
subcontact = (-0.81,2.45,1.18) 2170.84 (3.30611e-06,0.000656549,0) 292 -1.61892e-06 (-2.36592e-13,-1.05896e-12,0) 50591.3 0.015301 0.0429093
subcontact = (-0.912,2.843,1.18) 2213.59 (-1.33493e-06,0.000699426,0) 291 -1.56008e-06 (-2.29159e-13,-1.06654e-12,0) 48752.5 0.0154044 0.0454045
subcontact = (-0.351,2.45,1.18) 1629.88 (3.02444e-06,0.000493148,0) 290 -1.62098e-06 (-2.36766e-13,-1.06151e-12,0) 50655.5 0.015327 0.0321758
subcontact = (-0.527,2.94,1.18) 828.992 (-6.93044e-07,0.000264917,0) 289 -1.54739e-06 (-2.2748e-13,-1.07069e-12,0) 48356.1 0.015453 0.0171435
subcontact = (-1.311,2.824,1.18) 2737.73 (-2.20927e-06,0.000862913,0) 288 -1.56112e-06 (-2.29365e-13,-1.06392e-12,0) 48785 0.0153767 0.0561183
subcontact = (-1.28,2.45,1.18) 1478.66 (1.74257e-06,0.000447014,0) 287 -1.61682e-06 (-2.36413e-13,-1.05635e-12,0) 50525.6 0.0152746 0.0292655
subcontact = (-2.107,2.934,1.18) 798.125 (-1.62861e-06,0.000254582,0) 286 -1.54122e-06 (-2.26992e-13,-1.06178e-12,0) 48163 0.0153631 0.0165713
subcontact = (-1.713,2.854,1.18) 2219.66 (-2.84925e-06,0.000701792,0) 285 -1.55486e-06 (-2.28647e-13,-1.06231e-12,0) 48589.5 0.0153627 0.045682
subcontact = (-2.209,2.45,1.18) 1615.59 (7.85018e-07,0.000488003,0) 284 -1.61266e-06 (-2.3606e-13,-1.05118e-12,0) 50395.7 0.0152225 0.032058
subcontact = (-1.749,2.45,1.18) 2206.51 (1.83316e-06,0.00066677,0) 283 -1.61472e-06 (-2.36235e-13,-1.05374e-12,0) 50460 0.0152482 0.0437278
subcontact = (-0.527,2.94,1.18) 828.992 (-6.93022e-07,0.000264917,0) 282 -1.54739e-06 (-2.2748e-13,-1.07069e-12,0) 48356.1 0.015453 0.0171435
subcontact = (-0.912,2.843,1.18) 2213.59 (-1.33487e-06,0.000699426,0) 281 -1.56008e-06 (-2.29159e-13,-1.06654e-12,0) 48752.5 0.0154044 0.0454045
subcontact = (-0.351,2.45,1.18) 1629.88 (3.02448e-06,0.000493148,0) 280 -1.62098e-06 (-2.36767e-13,-1.06151e-12,0) 50655.5 0.015327 0.0321757
subcontact = (-0.81,2.45,1.18) 2170.84 (3.30616e-06,0.000656549,0) 279 -1.61892e-06 (-2.36592e-13,-1.05896e-12,0) 50591.3 0.015301 0.0429093
subcontact = (-1.28,2.45,1.18) 1478.66 (1.74261e-06,0.000447014,0) 278 -1.61682e-06 (-2.36413e-13,-1.05635e-12,0) 50525.6 0.0152746 0.0292655
subcontact = (-1.311,2.824,1.18) 2737.73 (-2.2092e-06,0.000862913,0) 277 -1.56112e-06 (-2.29365e-13,-1.06392e-12,0) 48785 0.0153767 0.0561182
subcontact = (-1.749,2.45,1.18) 2206.51 (1.83322e-06,0.00066677,0) 276 -1.61472e-06 (-2.36235e-13,-1.05374e-12,0) 50460 0.0152482 0.0437278
subcontact = (-1.713,2.854,1.18) 2219.66 (-2.84919e-06,0.000701792,0) 275 -1.55486e-06 (-2.28647e-13,-1.06231e-12,0) 48589.5 0.0153627 0.045682
subcontact = (-2.209,2.45,1.18) 1615.59 (7.85057e-07,0.000488003,0) 274 -1.61266e-06 (-2.3606e-13,-1.05118e-12,0) 50395.7 0.0152225 0.032058
subcontact = (-2.107,2.934,1.18) 798.125 (-1.62859e-06,0.000254582,0) 273 -1.54122e-06 (-2.26992e-13,-1.06178e-12,0) 48163 0.0153631 0.0165713
contact = 215 0 80 9 (-2.15693,2.69324,2.23974) (-0.978722,0.20517,-0.00303955)
contact = 216 1 80 10 (-2.13209,2.6245,2.73478) (-0.976346,0.190512,0.102244)
contact = 217 0 80 17 (-0.483252,2.81925,2.21674) (0.906449,0.388943,-0.164542)
contact = 218 1 80 23 (-0.447228,2.59531,2.75906) (0.944334,0.313537,0.0996384)
contact = 219 0 80 39 (-2.03317,2.78784,3.27016) (-0.525536,0.106518,0.844077)
contact = 220 0 80 41 (-0.58225,2.7955,3.28249) (0.298288,0.104418,0.948747)
contact = 221 1 80 77 (-1.2955,2.6551,3.26899) (0,0,1)
subcontact = (-0.625,2.91,3.26899) 152.394 (6.91354e-06,-0.000102463,0) 272 -3.50216e-07 (6.66255e-11,4.24973e-11,0) 10944.2 0.00737517 0.0139246
subcontact = (-0.962,2.835,3.26899) 424.912 (1.76378e-06,-0.000267039,0) 271 -3.56365e-07 (6.66187e-11,4.2531e-11,0) 11136.4 0.0069989 0.0381552
subcontact = (-0.464,2.45,3.26899) 322.783 (6.36654e-05,-0.000174892,0) 270 -3.85095e-07 (6.65834e-11,4.24866e-11,0) 12034.2 0.00693906 0.0268221
subcontact = (-0.866,2.45,3.26899) 444.235 (5.6584e-05,-0.000231218,0) 269 -3.85607e-07 (6.65835e-11,4.25259e-11,0) 12050.2 0.00645706 0.0368652
subcontact = (-1.311,2.818,3.26899) 537.492 (-2.98958e-05,-0.000324232,0) 268 -3.58107e-07 (6.66172e-11,4.25653e-11,0) 11190.8 0.00677931 0.0480297
subcontact = (-1.278,2.45,3.26899) 304.916 (1.70939e-05,-0.000152091,0) 267 -3.86132e-07 (6.65835e-11,4.25661e-11,0) 12066.6 0.00605669 0.0252693
subcontact = (-1.69,2.45,3.26899) 447.809 (-6.69919e-06,-0.000213735,0) 266 -3.86657e-07 (6.65836e-11,4.26063e-11,0) 12083 0.00576994 0.037061
subcontact = (-1.662,2.839,3.26899) 420.787 (-5.3616e-05,-0.000248214,0) 265 -3.56952e-07 (6.66191e-11,4.25993e-11,0) 11154.8 0.00673174 0.0377227
subcontact = (-2.091,2.45,3.26899) 318.148 (-2.66626e-05,-0.000145245,0) 264 -3.87168e-07 (6.65836e-11,4.26454e-11,0) 12099 0.00561587 0.0262954
subcontact = (-2.006,2.899,3.26899) 146.598 (-3.10413e-05,-8.63515e-05,0) 263 -3.52814e-07 (6.66247e-11,4.26323e-11,0) 11025.4 0.00690125 0.0132963
subcontact = (-0.866,2.45,3.269) 444.235 (5.6584e-05,-0.000231218,0) 262 -3.85607e-07 (6.65835e-11,4.25259e-11,0) 12050.2 0.00645706 0.0368652
subcontact = (-0.962,2.835,3.269) 424.912 (1.76378e-06,-0.000267039,0) 261 -3.56365e-07 (6.66187e-11,4.2531e-11,0) 11136.4 0.0069989 0.0381552
subcontact = (-0.464,2.45,3.269) 322.783 (6.36654e-05,-0.000174892,0) 260 -3.85095e-07 (6.65834e-11,4.24866e-11,0) 12034.2 0.00693906 0.0268221
subcontact = (-0.625,2.91,3.269) 152.394 (6.91354e-06,-0.000102463,0) 259 -3.50216e-07 (6.66255e-11,4.24973e-11,0) 10944.2 0.00737517 0.0139246
subcontact = (-1.278,2.45,3.269) 304.916 (1.70939e-05,-0.000152091,0) 258 -3.86132e-07 (6.65835e-11,4.25661e-11,0) 12066.6 0.00605669 0.0252693
subcontact = (-1.311,2.818,3.269) 537.492 (-2.98958e-05,-0.000324232,0) 257 -3.58107e-07 (6.66172e-11,4.25653e-11,0) 11190.8 0.00677931 0.0480297
subcontact = (-2.006,2.899,3.269) 146.598 (-3.10413e-05,-8.63515e-05,0) 256 -3.52814e-07 (6.66247e-11,4.26323e-11,0) 11025.4 0.00690125 0.0132963
subcontact = (-1.662,2.839,3.269) 420.787 (-5.3616e-05,-0.000248214,0) 255 -3.56952e-07 (6.66191e-11,4.25993e-11,0) 11154.8 0.00673174 0.0377227
subcontact = (-2.091,2.45,3.269) 318.148 (-2.66626e-05,-0.000145245,0) 254 -3.87168e-07 (6.65836e-11,4.26454e-11,0) 12099 0.00561587 0.0262954
subcontact = (-1.69,2.45,3.269) 447.809 (-6.69919e-06,-0.000213735,0) 253 -3.86657e-07 (6.65836e-11,4.26063e-11,0) 12083 0.00576994 0.037061
contact = 222 1 80 79 (-1.2968,2.6649,2.26) (0,0,-1)
subcontact = (-0.813,2.45,2.26) 1266.15 (9.49242e-06,0.000498625,0) 252 -9.48896e-07 (-7.67272e-12,2.22787e-12,0) 29653 0.0116798 0.0426988
subcontact = (-0.915,2.844,2.26) 1244.74 (1.86567e-06,0.000527255,0) 251 -8.81291e-07 (-7.66223e-12,2.23052e-12,0) 27540.4 0.0116658 0.0451968
subcontact = (-0.357,2.45,2.26) 952.178 (1.11904e-05,0.000374569,0) 250 -9.51439e-07 (-7.67292e-12,2.22194e-12,0) 29732.5 0.0117014 0.0320248
subcontact = (-0.533,2.941,2.26) 461.982 (1.88155e-06,0.000199164,0) 249 -8.66918e-07 (-7.65983e-12,2.22589e-12,0) 27091.2 0.0116798 0.0170528
subcontact = (-1.311,2.824,2.26) 1539.1 (-3.4444e-06,0.000650199,0) 248 -8.82486e-07 (-7.66259e-12,2.2356e-12,0) 27577.7 0.0116504 0.0558097
subcontact = (-1.28,2.45,2.26) 859.898 (2.66966e-06,0.000339025,0) 247 -9.46292e-07 (-7.67251e-12,2.23394e-12,0) 29571.6 0.0116593 0.0290785
subcontact = (-2.101,2.935,2.26) 442.384 (-5.377e-06,0.0001914,0) 246 -8.59194e-07 (-7.65929e-12,2.24625e-12,0) 26849.8 0.0116213 0.0164762
subcontact = (-1.71,2.855,2.26) 1242.08 (-8.42829e-06,0.00052847,0) 245 -8.74986e-07 (-7.66159e-12,2.2409e-12,0) 27343.3 0.0116353 0.0454255
subcontact = (-2.202,2.45,2.26) 937.216 (-5.31505e-06,0.00037036,0) 244 -9.4115e-07 (-7.6721e-12,2.24592e-12,0) 29410.9 0.0116235 0.0318662
subcontact = (-1.746,2.45,2.26) 1282.03 (-1.68397e-06,0.00050604,0) 243 -9.43693e-07 (-7.6723e-12,2.23999e-12,0) 29490.4 0.0116404 0.0434729
subcontact = (-0.533,2.941,2.26) 461.982 (1.88155e-06,0.000199164,0) 242 -8.66918e-07 (-7.65983e-12,2.22589e-12,0) 27091.2 0.0116798 0.0170528
subcontact = (-0.915,2.844,2.26) 1244.74 (1.86567e-06,0.000527255,0) 241 -8.81291e-07 (-7.66223e-12,2.23052e-12,0) 27540.4 0.0116658 0.0451968
subcontact = (-0.357,2.45,2.26) 952.178 (1.11904e-05,0.000374569,0) 240 -9.51439e-07 (-7.67292e-12,2.22194e-12,0) 29732.5 0.0117014 0.0320248
subcontact = (-0.813,2.45,2.26) 1266.15 (9.49242e-06,0.000498625,0) 239 -9.48896e-07 (-7.67272e-12,2.22787e-12,0) 29653 0.0116798 0.0426988
subcontact = (-1.28,2.45,2.26) 859.898 (2.66966e-06,0.000339025,0) 238 -9.46292e-07 (-7.67251e-12,2.23394e-12,0) 29571.6 0.0116593 0.0290785
subcontact = (-1.311,2.824,2.26) 1539.1 (-3.4444e-06,0.000650199,0) 237 -8.82486e-07 (-7.66259e-12,2.2356e-12,0) 27577.7 0.0116504 0.0558097
subcontact = (-1.746,2.45,2.26) 1282.03 (-1.68397e-06,0.00050604,0) 236 -9.43693e-07 (-7.6723e-12,2.23999e-12,0) 29490.4 0.0116404 0.0434729
subcontact = (-1.71,2.855,2.26) 1242.08 (-8.42829e-06,0.00052847,0) 235 -8.74986e-07 (-7.66159e-12,2.2409e-12,0) 27343.3 0.0116353 0.0454255
subcontact = (-2.202,2.45,2.26) 937.216 (-5.31505e-06,0.00037036,0) 234 -9.4115e-07 (-7.6721e-12,2.24592e-12,0) 29410.9 0.0116235 0.0318662
subcontact = (-2.101,2.935,2.26) 442.384 (-5.377e-06,0.0001914,0) 233 -8.59194e-07 (-7.65929e-12,2.24625e-12,0) 26849.8 0.0116213 0.0164762
contact = 223 3 81 5 (-2.58041,0.391328,2.46672) (-0.271866,-0.959917,0.0681822)
contact = 224 0 81 6 (-2.70305,0.405316,1.66012) (-0.285227,-0.958457,0.00258017)
contact = 225 0 81 7 (-2.87725,0.457752,1.162) (-0.302972,-0.792226,-0.529704)
contact = 226 0 81 8 (-2.81525,2.13075,1.1725) (-0.189175,0.821056,-0.538591)
contact = 227 0 81 9 (-2.69944,2.15299,1.66565) (-0.186197,0.98251,0.0023764)
contact = 228 5 81 10 (-2.45,2.17575,2.49924) (-0.179383,0.980983,0.0741222)
contact = 229 1 81 76 (-2.6757,1.2804,1.18) (0,0,-1)
subcontact = (-2.45,1.735,1.18) 2374.83 (-0.00152114,-3.53276e-06,0) 232 -1.71579e-06 (2.61212e-12,-4.0091e-15,0) 53618.5 0.0343442 0.0442912
subcontact = (-2.855,1.697,1.18) 2378.16 (-0.00162635,-4.5283e-06,0) 231 -1.63757e-06 (2.66214e-12,-2.68547e-15,0) 51174.1 0.0349966 0.0464719
subcontact = (-2.45,2.195,1.18) 1745.79 (-0.00111804,-2.63228e-06,0) 230 -1.71423e-06 (2.60934e-12,-3.91675e-15,0) 53569.8 0.0343075 0.032589
subcontact = (-2.936,2.103,1.18) 864.146 (-0.000598844,-1.73856e-06,0) 229 -1.62053e-06 (2.66964e-12,-2.33771e-15,0) 50641.5 0.0350941 0.017064
subcontact = (-2.83,1.288,1.18) 2976.33 (-0.00202729,-5.53037e-06,0) 228 -1.64379e-06 (2.66154e-12,-2.84975e-15,0) 51368.5 0.0349891 0.0579407
subcontact = (-2.45,1.265,1.18) 1597.52 (-0.00102342,-2.34356e-06,0) 227 -1.71738e-06 (2.61496e-12,-4.10345e-15,0) 53668.1 0.0343816 0.0297667
subcontact = (-3.018,0.505,1.18) 1014.29 (-0.000712679,-2.05585e-06,0) 226 -1.61007e-06 (2.68938e-12,-2.38898e-15,0) 50314.7 0.035353 0.020159
subcontact = (-2.868,0.886,1.18) 2583.3 (-0.00177071,-4.85732e-06,0) 225 -1.6378e-06 (2.66864e-12,-2.80555e-15,0) 51181.2 0.0350821 0.0504735
subcontact = (-2.45,0.335,1.18) 1945.4 (-0.00124669,-2.77489e-06,0) 224 -1.72053e-06 (2.62058e-12,-4.29016e-15,0) 53766.5 0.0344558 0.0361823
subcontact = (-2.45,0.795,1.18) 2427.93 (-0.00155567,-3.51188e-06,0) 223 -1.71897e-06 (2.6178e-12,-4.19781e-15,0) 53717.8 0.0344191 0.0451978
subcontact = (-2.936,2.103,1.18) 864.146 (-0.000598844,-1.7385e-06,0) 222 -1.62053e-06 (2.66964e-12,-2.33798e-15,0) 50641.5 0.0350941 0.017064
subcontact = (-2.855,1.697,1.18) 2378.16 (-0.00162635,-4.52813e-06,0) 221 -1.63757e-06 (2.66214e-12,-2.68574e-15,0) 51174.1 0.0349966 0.0464719
subcontact = (-2.45,2.195,1.18) 1745.79 (-0.00111804,-2.63216e-06,0) 220 -1.71423e-06 (2.60934e-12,-3.91702e-15,0) 53569.8 0.0343075 0.032589
subcontact = (-2.45,1.735,1.18) 2374.83 (-0.00152114,-3.53261e-06,0) 219 -1.71579e-06 (2.61212e-12,-4.00937e-15,0) 53618.5 0.0343442 0.0442912
subcontact = (-2.45,1.265,1.18) 1597.52 (-0.00102342,-2.34345e-06,0) 218 -1.71738e-06 (2.61496e-12,-4.10372e-15,0) 53668.1 0.0343816 0.0297667
subcontact = (-2.83,1.288,1.18) 2976.33 (-0.00202729,-5.53016e-06,0) 217 -1.64379e-06 (2.66154e-12,-2.85002e-15,0) 51368.5 0.0349891 0.0579407
subcontact = (-2.45,0.795,1.18) 2427.93 (-0.00155567,-3.51172e-06,0) 216 -1.71897e-06 (2.6178e-12,-4.19808e-15,0) 53717.8 0.0344191 0.0451978
subcontact = (-2.868,0.886,1.18) 2583.3 (-0.00177071,-4.85714e-06,0) 215 -1.6378e-06 (2.66864e-12,-2.80582e-15,0) 51181.2 0.0350821 0.0504735
subcontact = (-2.45,0.335,1.18) 1945.4 (-0.00124669,-2.77477e-06,0) 214 -1.72053e-06 (2.62058e-12,-4.29042e-15,0) 53766.5 0.0344558 0.0361823
subcontact = (-3.018,0.505,1.18) 1014.29 (-0.000712679,-2.05578e-06,0) 213 -1.61007e-06 (2.68938e-12,-2.38924e-15,0) 50314.7 0.035353 0.020159
contact = 230 1 81 78 (-2.677,1.2805,2.26) (0,0,1)
subcontact = (-2.94,2.099,2.25999) 496.358 (0.000464602,1.53981e-06,0) 212 -9.26654e-07 (3.19091e-12,2.91672e-12,0) 28957.9 0.0271054 0.0171407
subcontact = (-2.856,1.695,2.25999) 1376.07 (0.00125572,4.21465e-06,0) 211 -9.472e-07 (3.20109e-12,2.91831e-12,0) 29600 0.0270114 0.0464888
subcontact = (-2.45,2.191,2.25999) 1064.87 (0.000862108,-1.94204e-06,0) 210 -1.04411e-06 (3.23974e-12,2.92586e-12,0) 32628.4 0.0264157 0.0326363
subcontact = (-2.45,1.733,2.25999) 1441.75 (0.0011679,-1.35613e-06,0) 209 -1.04456e-06 (3.24172e-12,2.92588e-12,0) 32642.4 0.026442 0.0441682
subcontact = (-2.45,1.265,2.25999) 967.944 (0.000784544,-3.63856e-08,0) 208 -1.04501e-06 (3.24374e-12,2.92591e-12,0) 32656.7 0.0264691 0.02964
subcontact = (-2.83,1.288,2.25999) 1721.52 (0.0015593,6.27795e-06,0) 207 -9.53835e-07 (3.20546e-12,2.91882e-12,0) 29807.3 0.0269988 0.0577549
subcontact = (-2.45,0.797,2.25999) 1472.62 (0.0011943,1.27537e-06,0) 206 -1.04547e-06 (3.24576e-12,2.92594e-12,0) 32671 0.0264962 0.0450743
subcontact = (-2.869,0.888,2.25999) 1493.77 (0.00136978,7.35508e-06,0) 205 -9.4487e-07 (3.20327e-12,2.91811e-12,0) 29527.2 0.0270766 0.0505897
subcontact = (-2.45,0.339,2.25999) 1187.36 (0.000963506,2.07906e-06,0) 204 -1.04592e-06 (3.24773e-12,2.92597e-12,0) 32685 0.0265229 0.0363273
subcontact = (-3.025,0.51,2.25999) 576.904 (0.000555489,4.3728e-06,0) 203 -9.07818e-07 (3.18923e-12,2.91522e-12,0) 28369.3 0.0273171 0.0203355
subcontact = (-2.45,1.733,2.26) 1441.75 (0.0011679,-1.35612e-06,0) 202 -1.04456e-06 (3.24172e-12,2.92588e-12,0) 32642.4 0.026442 0.0441682
subcontact = (-2.856,1.695,2.26) 1376.07 (0.00125572,4.21466e-06,0) 201 -9.472e-07 (3.20109e-12,2.91831e-12,0) 29600 0.0270114 0.0464888
subcontact = (-2.45,2.191,2.26) 1064.87 (0.000862108,-1.94203e-06,0) 200 -1.04411e-06 (3.23974e-12,2.92586e-12,0) 32628.4 0.0264157 0.0326363
subcontact = (-2.94,2.099,2.26) 496.358 (0.000464602,1.53981e-06,0) 199 -9.26654e-07 (3.19091e-12,2.91672e-12,0) 28957.9 0.0271054 0.0171407
subcontact = (-2.83,1.288,2.26) 1721.52 (0.0015593,6.27795e-06,0) 198 -9.53835e-07 (3.20546e-12,2.91882e-12,0) 29807.3 0.0269988 0.0577549
subcontact = (-2.45,1.265,2.26) 967.944 (0.000784544,-3.63834e-08,0) 197 -1.04501e-06 (3.24374e-12,2.92591e-12,0) 32656.7 0.0264691 0.02964
subcontact = (-3.025,0.51,2.26) 576.904 (0.000555489,4.3728e-06,0) 196 -9.07818e-07 (3.18923e-12,2.91522e-12,0) 28369.3 0.0273171 0.0203355
subcontact = (-2.869,0.888,2.26) 1493.77 (0.00136978,7.35508e-06,0) 195 -9.4487e-07 (3.20327e-12,2.91811e-12,0) 29527.2 0.0270766 0.0505897
subcontact = (-2.45,0.339,2.26) 1187.36 (0.000963506,2.07906e-06,0) 194 -1.04592e-06 (3.24773e-12,2.92597e-12,0) 32685 0.0265229 0.0363273
subcontact = (-2.45,0.797,2.26) 1472.62 (0.0011943,1.27537e-06,0) 193 -1.04547e-06 (3.24576e-12,2.92594e-12,0) 32671 0.0264962 0.0450742
contact = 231 5 82 5 (-2.58046,0.442129,3.30649) (-0.294237,-0.955183,0.0324076)
contact = 232 0 82 10 (-2.72371,2.07916,3.11981) (-0.169066,0.983027,0.0712397)
contact = 233 1 82 36 (-2.65209,0.642853,3.73474) (-0.294484,-0.812512,0.503093)
contact = 234 1 82 38 (-2.65968,1.92616,3.69298) (-0.114489,0.904945,0.409839)
contact = 235 1 82 42 (-2.67046,1.38354,4.166) (-0.0177149,0.131047,0.991218)
contact = 236 1 82 78 (-2.6641,1.2747,3.28999) (0,0,-1)
subcontact = (-2.45,1.687,3.28999) 558.527 (-0.000592829,-2.39105e-05,0) 192 -4.53545e-07 (2.36643e-11,-3.08294e-11,0) 14173.3 0.015056 0.039407
subcontact = (-2.842,1.661,3.28999) 521.413 (-0.000636851,1.52806e-05,0) 191 -4.10953e-07 (2.36769e-11,-3.08597e-11,0) 12842.3 0.01569 0.0406013
subcontact = (-2.45,2.109,3.28999) 400.954 (-0.00043011,-1.89867e-05,0) 190 -4.52725e-07 (2.3629e-11,-3.08294e-11,0) 14147.7 0.0151912 0.0283407
subcontact = (-2.909,2.03,3.28999) 183.282 (-0.000231585,7.10935e-06,0) 189 -4.02947e-07 (2.36478e-11,-3.08649e-11,0) 12592.1 0.0159182 0.0145553
subcontact = (-2.822,1.287,3.28999) 665.643 (-0.000799631,1.96749e-05,0) 188 -4.13855e-07 (2.37077e-11,-3.08582e-11,0) 12933 0.015541 0.0514687
subcontact = (-2.45,1.256,3.28999) 379.438 (-0.000398383,-1.44897e-05,0) 187 -4.54383e-07 (2.37004e-11,-3.08295e-11,0) 14199.5 0.0149183 0.026722
subcontact = (-2.968,0.57,3.28999) 208.511 (-0.000259917,1.42539e-05,0) 186 -3.99366e-07 (2.37716e-11,-3.08696e-11,0) 12480.2 0.0155804 0.0167073
subcontact = (-2.85,0.919,3.28999) 556.33 (-0.000669176,2.1933e-05,0) 185 -4.11525e-07 (2.37393e-11,-3.08605e-11,0) 12860.1 0.015477 0.04326
subcontact = (-2.45,0.403,3.28999) 438.569 (-0.000450566,-1.27588e-05,0) 184 -4.56041e-07 (2.37718e-11,-3.08296e-11,0) 14251.3 0.014647 0.030774
subcontact = (-2.45,0.825,3.28999) 567.798 (-0.000589655,-1.90682e-05,0) 183 -4.55221e-07 (2.37365e-11,-3.08295e-11,0) 14225.6 0.014781 0.0399137
subcontact = (-2.909,2.03,3.28999) 183.282 (-0.000231585,7.10935e-06,0) 182 -4.02947e-07 (2.36478e-11,-3.08649e-11,0) 12592.1 0.0159182 0.0145553
subcontact = (-2.842,1.661,3.28999) 521.413 (-0.000636851,1.52806e-05,0) 181 -4.10953e-07 (2.36769e-11,-3.08597e-11,0) 12842.3 0.01569 0.0406013
subcontact = (-2.45,2.109,3.28999) 400.954 (-0.00043011,-1.89867e-05,0) 180 -4.52725e-07 (2.3629e-11,-3.08294e-11,0) 14147.7 0.0151912 0.0283407
subcontact = (-2.45,1.687,3.28999) 558.527 (-0.000592829,-2.39105e-05,0) 179 -4.53545e-07 (2.36643e-11,-3.08294e-11,0) 14173.3 0.015056 0.039407
subcontact = (-2.45,1.256,3.28999) 379.438 (-0.000398383,-1.44897e-05,0) 178 -4.54383e-07 (2.37004e-11,-3.08295e-11,0) 14199.5 0.0149183 0.026722
subcontact = (-2.822,1.287,3.28999) 665.643 (-0.000799631,1.96748e-05,0) 177 -4.13855e-07 (2.37077e-11,-3.08582e-11,0) 12933 0.015541 0.0514687
subcontact = (-2.45,0.825,3.28999) 567.798 (-0.000589655,-1.90682e-05,0) 176 -4.55221e-07 (2.37365e-11,-3.08295e-11,0) 14225.6 0.014781 0.0399137
subcontact = (-2.85,0.919,3.28999) 556.33 (-0.000669176,2.1933e-05,0) 175 -4.11525e-07 (2.37393e-11,-3.08605e-11,0) 12860.1 0.015477 0.04326
subcontact = (-2.45,0.403,3.28999) 438.569 (-0.000450566,-1.27588e-05,0) 174 -4.56041e-07 (2.37718e-11,-3.08296e-11,0) 14251.3 0.014647 0.030774
subcontact = (-2.968,0.57,3.28999) 208.511 (-0.000259917,1.42538e-05,0) 173 -3.99366e-07 (2.37716e-11,-3.08696e-11,0) 12480.2 0.0155804 0.0167073
contact = 237 1 83 7 (-1.3878,0.000200028,-2.73318e-06) (0,0,1)
subcontact = (-2.45,0.2,-3.90293e-06) 8117.37 (48.7272,-98.5295,0) 172 -3.90293e-06 (-5.62287e-08,1.13698e-07,0) 121966 1651.59 0.0665542
subcontact = (-2.45,0.325,-3.98763e-06) 5797.79 (47.6818,-68.8792,0) 171 -3.98763e-06 (-7.87075e-08,1.13698e-07,0) 124613 1800.55 0.0465262
subcontact = (-3.211,0.2,-5.46636e-06) 12281 (52.6344,21.6751,0) 170 -5.46636e-06 (-5.6227e-08,-2.31546e-08,0) 170824 791.771 0.0718928
subcontact = (-2.936,0.487,-5.09587e-06) 4884.39 (43.0682,-10.5033,0) 169 -5.09587e-06 (-1.07839e-07,2.62993e-08,0) 159246 1445.31 0.030672
subcontact = (-2.45,1.13698e-07,-3.7674e-06) 5965.05 (13.3676,-75.009,0) 168 -3.7674e-06 (-2.02625e-08,1.13698e-07,0) 117731 1503.77 0.0506667
subcontact = (-3.21,-2.29747e-08,-5.32878e-06) 16885.6 (26.7507,30.3338,0) 167 -5.32878e-06 (-2.02609e-08,-2.29747e-08,0) 166524 398.858 0.1014
subcontact = (-2.938,-0.483,-4.44267e-06) 4193.65 (-26.1933,-10.2024,0) 166 -4.44267e-06 (6.65969e-08,2.59398e-08,0) 138833 930.605 0.0302063
subcontact = (-2.45,-0.325,-3.54717e-06) 5105.76 (-22.8999,-68.1899,0) 165 -3.54717e-06 (3.81826e-08,1.13698e-07,0) 110849 1561.69 0.0460605
subcontact = (-3.211,-0.2,-5.19531e-06) 11596.4 (-14.6066,21.5346,0) 154 -5.19531e-06 (1.57053e-08,-2.31545e-08,0) 162353 364.301 0.0714272
subcontact = (-2.45,-0.2,-3.63187e-06) 7553.63 (-13.6087,-98.5296,0) 153 -3.63187e-06 (1.57037e-08,1.13698e-07,0) 113496 1494.5 0.0665542
contact = 238 1 83 8 (-1.29715,1.296,-2.90879e-06) (0,0,1)
subcontact = (-2.296,2.442,-3.22393e-06) 2740.44 (61.1331,-56.7195,0) 164 -3.22393e-06 (-1.72605e-07,1.60143e-07,0) 100748 3065.8 0.027201
subcontact = (-2.219,2.45,-3.10782e-06) 7198.84 (166.23,-151.098,0) 163 -3.10782e-06 (-1.72232e-07,1.56554e-07,0) 97119.3 3030.61 0.0741237
subcontact = (-2.91,3.193,-5.81759e-06) 22316.4 (219.92,-301.71,0) 162 -5.81759e-06 (-1.37593e-07,1.88764e-07,0) 181800 3041.52 0.122753
subcontact = (-2.115,2.891,-3.83154e-06) 7623.23 (125.737,-125.763,0) 161 -3.83154e-06 (-1.51673e-07,1.51705e-07,0) 119736 2793.24 0.0636672
subcontact = (-2.375,2.375,-3.22272e-06) 9794.88 (222.54,-207.467,0) 160 -3.22272e-06 (-1.75728e-07,1.63826e-07,0) 100710 3128.24 0.0972583
subcontact = (-3.051,3.051,-5.76954e-06) 11497.5 (119.744,-162.194,0) 159 -5.76954e-06 (-1.44212e-07,1.95337e-07,0) 180298 3161.51 0.0637693
subcontact = (-2.892,2.107,-3.56372e-06) 7135.3 (157.024,-156.779,0) 158 -3.56372e-06 (-1.88222e-07,1.87927e-07,0) 111366 3463.25 0.0640707
subcontact = (-2.45,2.205,-3.0038e-06) 7160.25 (182.409,-166.189,0) 157 -3.0038e-06 (-1.83653e-07,1.67323e-07,0) 93868.6 3234.97 0.0762795
subcontact = (-3.193,2.91,-5.72526e-06) 22348 (245.24,-328.466,0) 156 -5.72526e-06 (-1.50786e-07,2.01957e-07,0) 178914 3281.74 0.124909
subcontact = (-2.442,2.296,-3.1763e-06) 2873.89 (67.6374,-62.9394,0) 155 -3.1763e-06 (-1.79411e-07,1.66949e-07,0) 99259.3 3191.05 0.0289533
contact = 239 1 83 11 (0.0115,1.3807,-1.97388e-06) (0,0,1)
subcontact = (0.2,2.45,-3.29296e-06) 7038.7 (6.51272,-67.3396,0) 152 -3.29296e-06 (-7.31252e-09,7.56093e-08,0) 102905 989.09 0.0684
subcontact = (0.54,2.45,-3.28106e-06) 6553.23 (6.08552,-52.1465,0) 151 -3.28106e-06 (-7.31252e-09,6.26606e-08,0) 102533 821.43 0.0639133
subcontact = (0.2,3.21,-3.93376e-06) 14085.3 (-32.2729,-112.803,0) 150 -3.93376e-06 (2.16317e-08,7.56091e-08,0) 122930 1023.99 0.11458
subcontact = (0.548,2.8,-3.57588e-06) 2329.54 (-1.63327,-16.9259,0) 149 -3.57588e-06 (6.01704e-09,6.23558e-08,0) 111746 815.696 0.0208467
subcontact = (2.16317e-08,3.21,-3.94076e-06) 9359.3 (-21.4064,-82.359,0) 148 -3.94076e-06 (2.16317e-08,8.32259e-08,0) 123149 1119.68 0.076
subcontact = (-7.31252e-09,2.45,-3.29996e-06) 7837.41 (7.23635,-82.3593,0) 147 -3.29996e-06 (-7.31252e-09,8.32262e-08,0) 103124 1087.85 0.076
subcontact = (-0.517,2.934,-3.72614e-06) 3920.29 (-4.87491,-45.1159,0) 146 -3.72614e-06 (1.11204e-08,1.02916e-07,0) 116442 1347.85 0.0336673
subcontact = (-0.341,2.45,-3.3119e-06) 5332.91 (4.90618,-64.5521,0) 145 -3.3119e-06 (-7.31252e-09,9.6213e-08,0) 103497 1256.39 0.0515273
subcontact = (-0.2,3.21,-3.94776e-06) 9482.1 (-21.6488,-90.9146,0) 144 -3.94776e-06 (2.16317e-08,9.08428e-08,0) 123367 1215.92 0.0768607
subcontact = (-0.2,2.45,-3.30696e-06) 7081.72 (6.52478,-81.057,0) 143 -3.30696e-06 (-7.31252e-09,9.08431e-08,0) 103343 1186.68 0.0685267
contact = 240 1 83 14 (-1.35155,-1.3558,-2.57382e-06) (0,0,1)
subcontact = (-2.442,-2.296,-3.79497e-06) 5171.34 (345.083,76.427,0) 142 -3.79497e-06 (-6.07771e-07,-1.34606e-07,0) 118593 8105.44 0.0436058
subcontact = (-2.45,-2.205,-3.81957e-06) 14184.4 (949.284,209.059,0) 141 -3.81957e-06 (-6.13495e-07,-1.35109e-07,0) 119362 8179.63 0.118836
subcontact = (-3.511,-3.228,-5.14765e-06) 31131.4 (1383.78,508.628,0) 140 -5.14765e-06 (-5.49146e-07,-2.01847e-07,0) 160864 7618.06 0.193526
subcontact = (-2.944,-2.108,-4.52265e-06) 14328.3 (817.897,219.369,0) 139 -4.52265e-06 (-6.19596e-07,-1.66182e-07,0) 141333 8352.79 0.10138
subcontact = (-2.37,-2.38,-3.68217e-06) 16423.9 (1119.72,241.747,0) 138 -3.68217e-06 (-6.02487e-07,-1.30077e-07,0) 115068 8025.64 0.142732
subcontact = (-3.364,-3.374,-4.92112e-06) 14420 (659.256,235.152,0) 137 -4.92112e-06 (-5.39962e-07,-1.92601e-07,0) 153785 7464.63 0.0937673
subcontact = (-2.175,-3.122,-3.30064e-06) 12672.7 (889.183,188.472,0) 136 -3.30064e-06 (-5.55815e-07,-1.17811e-07,0) 103145 7397.96 0.122863
subcontact = (-2.251,-2.45,-3.50591e-06) 14475.4 (1028.92,210.901,0) 135 -3.50591e-06 (-5.98084e-07,-1.22591e-07,0) 109560 7949.46 0.132123
subcontact = (-3.228,-3.511,-4.71126e-06) 29469.7 (1384.86,479.683,0) 134 -4.71126e-06 (-5.31345e-07,-1.84046e-07,0) 147227 7321.84 0.200165
subcontact = (-2.296,-2.442,-3.56984e-06) 3578.22 (249.997,52.3819,0) 133 -3.56984e-06 (-5.98587e-07,-1.25422e-07,0) 111557 7963.36 0.0320752
contact = 241 1 83 15 (1.387,0.000200027,-2.70176e-06) (0,0,1)
subcontact = (2.45,-0.2,-3.5977e-06) 7482.56 (8.33707,-82.0418,0) 132 -3.5977e-06 (-9.62054e-09,9.46719e-08,0) 112428 1239.06 0.0665542
subcontact = (2.45,-0.325,-3.5118e-06) 5704.67 (17.3594,-64.0784,0) 131 -3.5118e-06 (-2.56475e-08,9.4672e-08,0) 109744 1277.14 0.0519818
subcontact = (3.211,-0.2,-5.12863e-06) 12396.6 (9.69081,2.92168,0) 130 -5.12863e-06 (-9.62209e-09,-2.90096e-09,0) 160270 130.858 0.0773485
subcontact = (2.93,-0.531,-4.33586e-06) 4895.14 (24.49,-15.5838,0) 129 -4.33586e-06 (-5.20608e-08,3.3128e-08,0) 135496 803.481 0.0361277
subcontact = (2.45,9.46719e-08,-3.73514e-06) 5913.98 (-10.5704,-62.4572,0) 128 -3.73514e-06 (1.60225e-08,9.46719e-08,0) 116723 1250.24 0.0506667
subcontact = (3.21,-2.77279e-09,-5.26406e-06) 16680.5 (-21.1527,3.66095,0) 127 -5.26406e-06 (1.6021e-08,-2.77279e-09,0) 164502 211.708 0.1014
subcontact = (2.928,0.535,-5.06442e-06) 5791.37 (-40.3178,-15.9068,0) 126 -5.06442e-06 (8.46167e-08,3.33842e-08,0) 158263 1184.43 0.0365933
subcontact = (2.45,0.325,-3.95849e-06) 6487.91 (-39.3988,-64.6523,0) 125 -3.95849e-06 (5.76925e-08,9.46718e-08,0) 123703 1443.56 0.0524475
subcontact = (3.211,0.2,-5.40352e-06) 13139.7 (-42.2142,2.93936,0) 124 -5.40352e-06 (4.1664e-08,-2.90105e-09,0) 168860 543.814 0.0778142
subcontact = (2.45,0.2,-3.87259e-06) 8054.28 (-36.107,-82.0417,0) 123 -3.87259e-06 (4.16656e-08,9.46719e-08,0) 121018 1346.81 0.0665542
contact = 242 1 83 16 (1.3514,-1.35575,-2.56934e-06) (0,0,1)
subcontact = (2.296,-2.442,-3.57357e-06) 3581.97 (-247.548,53.5882,0) 122 -3.57357e-06 (5.92724e-07,-1.2831e-07,0) 111674 7896.52 0.0320752
subcontact = (2.251,-2.45,-3.50925e-06) 14489.2 (-1018.99,216.764,0) 121 -3.50925e-06 (5.92313e-07,-1.25999e-07,0) 109664 7884.97 0.132123
subcontact = (3.228,-3.511,-4.69435e-06) 29363.9 (-1401.74,459.171,0) 120 -4.69435e-06 (5.37821e-07,-1.76176e-07,0) 146698 7369.03 0.200165
subcontact = (2.175,-3.122,-3.28789e-06) 12623.8 (-892.36,195.327,0) 119 -3.28789e-06 (5.578e-07,-1.22096e-07,0) 102747 7434.98 0.122863
subcontact = (2.37,-2.38,-3.68771e-06) 16448.6 (-1107.49,245.527,0) 118 -3.68771e-06 (5.95908e-07,-1.32111e-07,0) 115241 7947.61 0.142732
subcontact = (3.364,-3.374,-4.90805e-06) 14381.7 (-665.232,223.626,0) 117 -4.90805e-06 (5.44857e-07,-1.8316e-07,0) 153377 7484.62 0.0937673
subcontact = (2.941,-2.107,-4.53322e-06) 14314.4 (-802.477,212.4,0) 116 -4.53322e-06 (6.09928e-07,-1.61436e-07,0) 141663 8215.24 0.101045
subcontact = (2.45,-2.205,-3.82958e-06) 14181.5 (-933.342,210.184,0) 115 -3.82958e-06 (6.04895e-07,-1.36219e-07,0) 119674 8073.48 0.118501
subcontact = (3.511,-3.228,-5.13868e-06) 31023.4 (-1389.46,479.733,0) 114 -5.13868e-06 (5.52355e-07,-1.9071e-07,0) 160584 7608.74 0.193191
subcontact = (2.442,-2.296,-3.80281e-06) 5182.02 (-340.796,77.1099,0) 113 -3.80281e-06 (6.00222e-07,-1.35808e-07,0) 118838 8012.94 0.0436058
subcontact = (3.36902,-3.36902,-2.45796e-06) 52.3381 (-2.41818,0.813661,0) 112 -4.91592e-06 (5.45113e-07,-1.83418e-07,0) 153623 7488.85 0.000340692
subcontact = (2.37462,-2.37462,-1.84754e-06) 39.3402 (-2.64473,0.587108,0) 111 -3.69508e-06 (5.96184e-07,-1.32348e-07,0) 115471 7951.79 0.000340692
contact = 243 1 83 21 (1.2952,1.29135,-2.8644e-06) (0,0,1)
subcontact = (2.442,2.296,-3.19334e-06) 2889.31 (-73.0543,-60.6269,0) 110 -3.19334e-06 (1.9378e-07,1.60816e-07,0) 99791.8 3278.88 0.0289533
subcontact = (2.45,2.205,-3.03655e-06) 7238.94 (-198.826,-160.297,0) 109 -3.03655e-06 (2.00167e-07,1.61377e-07,0) 94892.3 3347.88 0.0762858
subcontact = (3.193,2.91,-5.71128e-06) 22294.5 (-245.088,-347.292,0) 108 -5.71128e-06 (1.50685e-07,2.13521e-07,0) 178478 3402.83 0.124915
subcontact = (2.891,2.106,-3.65008e-06) 7308.94 (-172.803,-160.466,0) 107 -3.65008e-06 (2.07114e-07,1.92328e-07,0) 114065 3680.23 0.064077
subcontact = (2.375,2.375,-3.22052e-06) 9775.54 (-238.07,-197.444,0) 106 -3.22052e-06 (1.88235e-07,1.56113e-07,0) 100641 3184.22 0.0971325
subcontact = (3.051,3.051,-5.71914e-06) 11376.9 (-116.695,-168.719,0) 105 -5.71914e-06 (1.40789e-07,2.03555e-07,0) 178723 3222.65 0.0636567
subcontact = (2.148,2.8,-3.6088e-06) 5012.85 (-91.6821,-81.1336,0) 104 -3.6088e-06 (1.58407e-07,1.40181e-07,0) 112775 2754.25 0.04445
subcontact = (2.148,2.45,-2.94997e-06) 5878.61 (-151.925,-116.396,0) 103 -2.94997e-06 (1.82972e-07,1.40182e-07,0) 92186.5 3001.28 0.0637687
subcontact = (2.91,3.192,-5.72881e-06) 20099.5 (-191.349,-283.106,0) 102 -5.72881e-06 (1.30893e-07,1.93659e-07,0) 179025 3043.56 0.112272
subcontact = (2.296,2.442,-3.20335e-06) 3608.78 (-86.1505,-70.6772,0) 101 -3.20335e-06 (1.83533e-07,1.50569e-07,0) 100105 3091.05 0.03605
contact = 244 1 83 35 (-0.93245,-1.36775,-2.85179e-06) (0,0,1)
subcontact = (-1.988,-3.066,-3.69123e-06) 6301.17 (434.2,51.9938,0) 100 -3.69123e-06 (-6.10452e-07,-7.30993e-08,0) 115351 8005.37 0.054626
subcontact = (-2.09,-2.45,-4.79861e-06) 7999.78 (716.601,99.2218,0) 99 -4.79861e-06 (-1.03164e-06,-1.42842e-07,0) 149957 13560.9 0.0533473
subcontact = (-2.167,-3.12,-4.68435e-06) 5374.61 (274.182,93.4568,0) 98 -4.68435e-06 (-5.73526e-07,-1.9549e-07,0) 146386 7889.69 0.0367153
subcontact = (-2.246,-2.45,-5.70352e-06) 3104.85 (233.998,56.5938,0) 97 -5.70352e-06 (-1.03163e-06,-2.49507e-07,0) 178235 13820 0.01742
subcontact = (-1.801,-3.016,-2.64836e-06) 4250.5 (431.092,-36.6206,0) 96 -2.64836e-06 (-6.44642e-07,5.47614e-08,0) 82761.4 8424.01 0.0513585
subcontact = (-1.928,-2.45,-3.8589e-06) 6103.41 (679.869,21.1379,0) 95 -3.8589e-06 (-1.03164e-06,-3.20748e-08,0) 120591 13439.3 0.0506127
subcontact = (-1.437,-2.932,-6.07234e-07) 291.406 (140.384,-60.7153,0) 94 -6.07234e-07 (-7.02082e-07,3.03645e-07,0) 18976.1 9960.05 0.0153565
subcontact = (-1.614,-2.971,-1.60131e-06) 2307.22 (405.483,-109.637,0) 93 -1.60131e-06 (-6.75413e-07,1.82622e-07,0) 50040.8 9110.25 0.0461067
subcontact = (-1.766,-2.45,-2.91919e-06) 4199.26 (618.342,-47.1664,0) 92 -2.91919e-06 (-1.03164e-06,7.86923e-08,0) 91224.5 13471.8 0.0460322
subcontact = (-1.612,-2.45,-2.02588e-06) 1818.78 (385.91,-68.8255,0) 91 -2.02588e-06 (-1.03164e-06,1.83989e-07,0) 63308.7 13644.8 0.0287288
contact = 245 1 83 48 (0.93245,-1.36775,-2.85179e-06) (0,0,1)
subcontact = (2.246,-2.45,-5.70352e-06) 3104.85 (-233.998,56.5938,0) 90 -5.70352e-06 (1.03163e-06,-2.49507e-07,0) 178235 13820 0.01742
subcontact = (2.09,-2.45,-4.79861e-06) 7999.78 (-716.601,99.2218,0) 89 -4.79861e-06 (1.03164e-06,-1.42842e-07,0) 149957 13560.9 0.0533473
subcontact = (2.167,-3.12,-4.68435e-06) 5374.61 (-274.182,93.4568,0) 88 -4.68435e-06 (5.73526e-07,-1.9549e-07,0) 146386 7889.69 0.0367153
subcontact = (1.988,-3.066,-3.69123e-06) 6301.17 (-434.2,51.9938,0) 87 -3.69123e-06 (6.10452e-07,-7.30993e-08,0) 115351 8005.37 0.054626
subcontact = (1.928,-2.45,-3.8589e-06) 6103.41 (-679.869,21.1379,0) 86 -3.8589e-06 (1.03164e-06,-3.20748e-08,0) 120591 13439.3 0.0506127
subcontact = (1.801,-3.016,-2.64836e-06) 4250.5 (-431.092,-36.6206,0) 85 -2.64836e-06 (6.44642e-07,5.47614e-08,0) 82761.4 8424.01 0.0513585
subcontact = (1.437,-2.932,-6.07234e-07) 291.406 (-140.384,-60.7153,0) 84 -6.07234e-07 (7.02082e-07,3.03645e-07,0) 18976.1 9960.05 0.0153565
subcontact = (1.612,-2.45,-2.02588e-06) 1818.78 (-385.91,-68.8255,0) 83 -2.02588e-06 (1.03164e-06,1.83989e-07,0) 63308.7 13644.8 0.0287288
subcontact = (1.766,-2.45,-2.91919e-06) 4199.26 (-618.342,-47.1664,0) 82 -2.91919e-06 (1.03164e-06,7.86923e-08,0) 91224.5 13471.8 0.0460322
subcontact = (1.614,-2.971,-1.60131e-06) 2307.22 (-405.483,-109.637,0) 81 -1.60131e-06 (6.75413e-07,1.82622e-07,0) 50040.8 9110.25 0.0461067
contact = 246 1 83 53 (-0.5826,-1.331,-1.6835e-06) (0,0,1)
subcontact = (-1.427,-2.93,-3.18279e-06) 1420.62 (78.915,6.09924,0) 80 -3.18279e-06 (-4.24328e-07,-3.27957e-08,0) 99462 5541.58 0.014283
subcontact = (-1.261,-2.896,-2.74574e-06) 3527.93 (229.599,5.70246,0) 79 -2.74574e-06 (-4.28864e-07,-1.06515e-08,0) 85804.3 5585.89 0.041116
subcontact = (-1.604,-2.45,-3.36697e-06) 2941.93 (177.795,20.5361,0) 78 -3.36697e-06 (-4.88359e-07,-5.64074e-08,0) 105218 6401.12 0.0279603
subcontact = (-1.42,-2.45,-2.90311e-06) 3590.96 (251.696,16.4214,0) 77 -2.90311e-06 (-4.8836e-07,-3.1862e-08,0) 90722.1 6372.37 0.039582
subcontact = (-1.094,-2.868,-2.30944e-06) 2747.03 (214.403,-5.76207,0) 76 -2.30944e-06 (-4.326e-07,1.16261e-08,0) 72170.1 5634.84 0.0380633
subcontact = (-1.237,-2.45,-2.44176e-06) 2827.23 (235.606,3.59422,0) 75 -2.44176e-06 (-4.8836e-07,-7.45003e-09,0) 76305.1 6359.6 0.0370517
subcontact = (-0.927,-2.846,-1.87642e-06) 2091.08 (202.233,-15.7425,0) 74 -1.87642e-06 (-4.35535e-07,3.39037e-08,0) 58638.3 5688.18 0.0356607
subcontact = (-0.76,-2.83,-1.44668e-06) 1040.31 (131.138,-16.8334,0) 73 -1.44668e-06 (-4.3767e-07,5.61813e-08,0) 45208.8 5745.59 0.0230113
subcontact = (-1.053,-2.45,-1.9779e-06) 2172.93 (223.548,-7.82543,0) 72 -1.9779e-06 (-4.88361e-07,1.70954e-08,0) 61809.3 6362.76 0.0351553
subcontact = (-0.869,-2.45,-1.51403e-06) 551.36 (74.1021,-6.3184,0) 71 -1.51403e-06 (-4.88362e-07,4.16407e-08,0) 47313.5 6381.95 0.0116533
contact = 247 1 83 57 (-1.3325,-0.63905,-1.40865e-06) (0,0,1)
subcontact = (-2.936,-0.493,-2.8173e-06) 2992.92 (0.00311099,6.76987e-06,0) 70 -2.8173e-06 (-7.02825e-12,-1.52943e-14,0) 88040.5 0.0915139 0.0339948
subcontact = (-2.841,-0.882,-2.71883e-06) 7693.05 (0.00818247,-2.19787e-05,0) 69 -2.71883e-06 (-6.94032e-12,1.86422e-14,0) 84963.5 0.090369 0.0905453
subcontact = (-2.45,-0.336,-2.56313e-06) 5118.76 (0.00594638,-0.00011967,0) 68 -2.56313e-06 (-7.14611e-12,1.43814e-13,0) 80097.9 0.0930671 0.0639063
subcontact = (-2.45,-0.795,-2.50978e-06) 6733.05 (0.00785227,-0.000164221,0) 67 -2.50978e-06 (-7.02474e-12,1.46915e-13,0) 78430.7 0.091488 0.0858472
subcontact = (-2.45,-1.265,-2.45515e-06) 4495.49 (0.0052646,-0.000114508,0) 66 -2.45515e-06 (-6.90047e-12,1.50089e-13,0) 76723.5 0.0898711 0.0585933
subcontact = (-2.824,-1.287,-2.66223e-06) 9416.86 (0.010075,-3.9765e-05,0) 65 -2.66223e-06 (-6.8359e-12,2.69806e-14,0) 83194.7 0.0890098 0.113191
subcontact = (-2.45,-1.735,-2.40052e-06) 6630.73 (0.00779884,-0.000176395,0) 64 -2.40052e-06 (-6.77619e-12,1.53264e-13,0) 75016.3 0.0882543 0.0883905
subcontact = (-2.857,-1.696,-2.63319e-06) 7687.08 (0.00817719,-2.29504e-05,0) 63 -2.63319e-06 (-6.72257e-12,1.88678e-14,0) 82287.1 0.0875338 0.0934178
subcontact = (-2.45,-2.194,-2.34717e-06) 4801.4 (0.00567216,-0.000133276,0) 62 -2.34717e-06 (-6.65483e-12,1.56365e-13,0) 73349.1 0.0866753 0.0654595
subcontact = (-2.942,-2.098,-2.6341e-06) 2825.41 (0.00295103,2.8736e-06,0) 61 -2.6341e-06 (-6.60292e-12,-6.42969e-15,0) 82315.8 0.0859756 0.034324
contact = 248 1 83 58 (0.5826,-1.331,-1.6835e-06) (0,0,1)
subcontact = (1.42,-2.45,-2.9031e-06) 3590.96 (-251.695,16.4209,0) 60 -2.9031e-06 (4.88359e-07,-3.18611e-08,0) 90722 6372.35 0.039582
subcontact = (1.261,-2.896,-2.74574e-06) 3527.94 (-229.599,5.70247,0) 59 -2.74574e-06 (4.28865e-07,-1.06516e-08,0) 85804.5 5585.91 0.041116
subcontact = (1.604,-2.45,-3.36697e-06) 2941.93 (-177.795,20.5353,0) 58 -3.36697e-06 (4.88358e-07,-5.64053e-08,0) 105218 6401.1 0.0279603
subcontact = (1.427,-2.93,-3.18279e-06) 1420.62 (-78.9153,6.09905,0) 57 -3.18279e-06 (4.24329e-07,-3.27947e-08,0) 99462.3 5541.6 0.014283
subcontact = (1.237,-2.45,-2.44176e-06) 2827.23 (-235.606,3.59431,0) 56 -2.44176e-06 (4.88359e-07,-7.45022e-09,0) 76305 6359.58 0.0370517
subcontact = (1.094,-2.868,-2.30945e-06) 2747.04 (-214.404,-5.76154,0) 55 -2.30945e-06 (4.32601e-07,1.1625e-08,0) 72170.2 5634.86 0.0380633
subcontact = (0.869,-2.45,-1.51403e-06) 551.357 (-74.1019,-6.31803,0) 54 -1.51403e-06 (4.8836e-07,4.16383e-08,0) 47313.3 6381.93 0.0116533
subcontact = (0.76,-2.83,-1.44668e-06) 1040.32 (-131.138,-16.8325,0) 53 -1.44668e-06 (4.37671e-07,5.61781e-08,0) 45208.8 5745.59 0.0230113
subcontact = (1.053,-2.45,-1.97789e-06) 2172.92 (-223.547,-7.82482,0) 52 -1.97789e-06 (4.8836e-07,1.7094e-08,0) 61809.1 6362.74 0.0351553
subcontact = (0.927,-2.846,-1.87643e-06) 2091.08 (-202.233,-15.7416,0) 51 -1.87643e-06 (4.35536e-07,3.39016e-08,0) 58638.4 5688.2 0.0356607
contact = 249 1 83 65 (1.33195,-0.6451,-1.40115e-06) (0,0,1)
subcontact = (2.939,-2.097,-2.65122e-06) 2736.49 (-0.002466,-3.43686e-05,0) 50 -2.65122e-06 (5.73398e-12,7.99145e-14,0) 82850.7 0.0746684 0.0330292
subcontact = (2.857,-1.708,-2.64507e-06) 7536.39 (-0.0068814,-0.000110448,0) 49 -2.64507e-06 (5.79644e-12,9.30339e-14,0) 82658.4 0.0754842 0.0911752
subcontact = (2.45,-2.194,-2.37043e-06) 4753.05 (-0.00484295,-0.000142431,0) 48 -2.37043e-06 (5.79663e-12,1.70479e-13,0) 74075.8 0.0755096 0.0641647
subcontact = (2.45,-1.735,-2.41679e-06) 6604.07 (-0.00666691,-0.000191437,0) 47 -2.41679e-06 (5.85548e-12,1.68137e-13,0) 75524.6 0.0762747 0.0874427
subcontact = (2.45,-1.265,-2.46426e-06) 4512.16 (-0.00451332,-0.000126449,0) 46 -2.46426e-06 (5.91574e-12,1.6574e-13,0) 77008.1 0.0770581 0.0585933
subcontact = (2.824,-1.312,-2.66678e-06) 9297.53 (-0.00850148,-0.000141044,0) 45 -2.66678e-06 (5.85228e-12,9.70922e-14,0) 83336.8 0.0762121 0.111566
subcontact = (2.45,-0.795,-2.51173e-06) 6685.13 (-0.00662729,-0.000181144,0) 44 -2.51173e-06 (5.976e-12,1.63342e-13,0) 78491.6 0.0778416 0.08517
subcontact = (2.841,-0.919,-2.7159e-06) 7550.17 (-0.00683423,-0.000106516,0) 43 -2.7159e-06 (5.90006e-12,9.19562e-14,0) 84871.7 0.0768331 0.0889598
subcontact = (2.45,-0.336,-2.55809e-06) 5036.09 (-0.00495031,-0.000132067,0) 42 -2.55809e-06 (6.03485e-12,1.61001e-13,0) 79940.4 0.0786068 0.062998
subcontact = (2.928,-0.541,-2.80229e-06) 2897.44 (-0.00255695,-3.18817e-05,0) 41 -2.80229e-06 (5.93517e-12,7.40034e-14,0) 87571.6 0.0772868 0.0330865
contact = 250 1 83 66 (1.32785,0.64525,-1.41072e-06) (0,0,1)
subcontact = (2.926,0.545,-2.82144e-06) 2887.19 (-0.000384801,2.20836e-06,0) 40 -2.82144e-06 (9.02493e-13,-5.17936e-15,0) 88170.1 0.0117514 0.0327457
subcontact = (2.84,0.92,-2.7472e-06) 7599.36 (-0.00107139,7.28937e-06,0) 39 -2.7472e-06 (9.29547e-13,-6.32433e-15,0) 85850 0.0121038 0.088519
subcontact = (2.45,0.336,-2.47953e-06) 4849.09 (-0.000837354,8.53494e-06,0) 38 -2.47953e-06 (1.02761e-12,-1.04742e-14,0) 77485.4 0.0133811 0.0625807
subcontact = (2.45,0.795,-2.46567e-06) 6518.61 (-0.00113743,1.17687e-05,0) 37 -2.46567e-06 (1.03256e-12,-1.06837e-14,0) 77052.1 0.0134455 0.0846
subcontact = (2.818,1.312,-2.71926e-06) 9257.93 (-0.00133297,9.57867e-06,0) 36 -2.71926e-06 (9.39658e-13,-6.75233e-15,0) 84977 0.0122354 0.108946
subcontact = (2.45,1.265,-2.45147e-06) 4416.73 (-0.000778939,8.18115e-06,0) 35 -2.45147e-06 (1.03762e-12,-1.08981e-14,0) 76608.4 0.0135115 0.0576533
subcontact = (2.45,1.735,-2.43727e-06) 6364.12 (-0.00113443,1.20903e-05,0) 34 -2.43727e-06 (1.04269e-12,-1.11126e-14,0) 76164.7 0.0135775 0.0835573
subcontact = (2.834,1.707,-2.71904e-06) 7145.19 (-0.00102884,7.39231e-06,0) 33 -2.71904e-06 (9.39633e-13,-6.75138e-15,0) 84969.9 0.0122351 0.0840908
subcontact = (2.45,2.194,-2.4234e-06) 4448.17 (-0.000801225,8.659e-06,0) 32 -2.4234e-06 (1.04764e-12,-1.1322e-14,0) 75731.4 0.0136419 0.0587362
subcontact = (2.889,2.096,-2.74752e-06) 2520.86 (-0.000355192,2.41077e-06,0) 31 -2.74752e-06 (9.29107e-13,-6.30606e-15,0) 85860 0.012098 0.0293602
contact = 251 1 83 71 (-2.9976e-17,-1.31675,-6.86315e-07) (0,0,1)
subcontact = (-0.747,-2.829,-1.37075e-06) 1006.91 (5.00142e-14,-1.49106e-06,0) 30 -1.37075e-06 (-1.63408e-22,4.87164e-15,0) 42835.8 6.34328e-05 0.0235062
subcontact = (-0.38,-2.811,-1.37084e-06) 3073.83 (1.52693e-13,-4.55133e-06,0) 29 -1.37084e-06 (-1.63432e-22,4.87142e-15,0) 42838.6 6.34299e-05 0.0717537
subcontact = (-0.855,-2.45,-1.37263e-06) 2094.82 (1.04229e-13,-3.09484e-06,0) 28 -1.37263e-06 (-1.63911e-22,4.86695e-15,0) 42894.7 6.33717e-05 0.0488363
subcontact = (-0.434,-2.45,-1.37263e-06) 3171.03 (1.57776e-13,-4.68481e-06,0) 27 -1.37263e-06 (-1.63911e-22,4.86695e-15,0) 42894.7 6.33717e-05 0.0739258
subcontact = (-1.63911e-22,-2.45,-1.37263e-06) 2202.93 (1.09608e-13,-3.25456e-06,0) 26 -1.37263e-06 (-1.63911e-22,4.86695e-15,0) 42894.7 6.33717e-05 0.0513567
subcontact = (-1.6344e-22,-2.805,-1.37086e-06) 4163.63 (2.06835e-13,-6.16474e-06,0) 25 -1.37086e-06 (-1.6344e-22,4.87134e-15,0) 42839.5 6.34289e-05 0.0971913
subcontact = (0.434,-2.45,-1.37263e-06) 3171.03 (1.57776e-13,-4.68481e-06,0) 24 -1.37263e-06 (-1.63911e-22,4.86695e-15,0) 42894.7 6.33717e-05 0.0739258
subcontact = (0.38,-2.811,-1.37084e-06) 3073.83 (1.52693e-13,-4.55133e-06,0) 23 -1.37084e-06 (-1.63432e-22,4.87142e-15,0) 42838.6 6.34299e-05 0.0717537
subcontact = (0.855,-2.45,-1.37263e-06) 2094.82 (1.04229e-13,-3.09484e-06,0) 22 -1.37263e-06 (-1.63911e-22,4.86695e-15,0) 42894.7 6.33717e-05 0.0488363
subcontact = (0.747,-2.829,-1.37075e-06) 1006.91 (5.00142e-14,-1.49106e-06,0) 21 -1.37075e-06 (-1.63408e-22,4.87164e-15,0) 42835.8 6.34328e-05 0.0235062
contact = 252 1 83 75 (-0.64825,1.32815,-1.26324e-06) (0,0,1)
subcontact = (-0.527,2.931,-2.39766e-06) 2511.42 (-6.43167e-06,-0.000557642,0) 20 -2.39766e-06 (1.47368e-14,1.27772e-12,0) 74926.7 0.016638 0.0335183
subcontact = (-0.912,2.84,-2.41179e-06) 6752.82 (-1.23992e-05,-0.00151219,0) 19 -2.41179e-06 (1.06282e-14,1.2962e-12,0) 75368.6 0.0168781 0.0895973
subcontact = (-0.352,2.45,-2.27958e-06) 4508.46 (1.26832e-05,-0.00105583,0) 18 -2.27958e-06 (-1.53909e-14,1.28125e-12,0) 71236.9 0.0166841 0.0632883
subcontact = (-0.81,2.45,-2.31954e-06) 6154.44 (1.50883e-05,-0.00143805,0) 17 -2.31954e-06 (-1.36479e-14,1.30076e-12,0) 72485.6 0.0169379 0.0849057
subcontact = (-1.28,2.45,-2.36054e-06) 4248.39 (8.8931e-06,-0.00099045,0) 16 -2.36054e-06 (-1.18591e-14,1.32078e-12,0) 73767 0.0171984 0.057592
subcontact = (-1.311,2.818,-2.4419e-06) 8368.38 (-1.54203e-05,-0.00187585,0) 15 -2.4419e-06 (1.07992e-14,1.3137e-12,0) 76309.5 0.017106 0.109664
subcontact = (-1.749,2.45,-2.40146e-06) 6296.63 (1.1006e-05,-0.00146479,0) 14 -2.40146e-06 (-1.00742e-14,1.34076e-12,0) 75045.7 0.0174584 0.083904
subcontact = (-1.712,2.834,-2.48031e-06) 6577.16 (-1.4701e-05,-0.00146997,0) 13 -2.48031e-06 (1.33054e-14,1.33042e-12,0) 77509.6 0.017324 0.084856
subcontact = (-2.208,2.45,-2.44151e-06) 4508.65 (6.4074e-06,-0.00104669,0) 12 -2.44151e-06 (-8.32731e-15,1.36032e-12,0) 76297.1 0.0177128 0.0590933
subcontact = (-2.104,2.89,-2.52648e-06) 2346.26 (-7.05295e-06,-0.000520765,0) 11 -2.52648e-06 (1.82273e-14,1.34584e-12,0) 78952.4 0.0175255 0.0297173
contact = 253 1 83 76 (-1.3284,0.6392,-1.42276e-06) (0,0,1)
subcontact = (-2.891,2.097,-2.7218e-06) 2591.54 (0.00118314,-6.66743e-06,0) 10 -2.7218e-06 (-2.98226e-12,1.68062e-14,0) 85056.2 0.0388322 0.0304685
subcontact = (-2.834,1.695,-2.70324e-06) 7270.28 (0.003389,-1.26454e-05,0) 9 -2.70324e-06 (-3.02423e-12,1.12843e-14,0) 84476.1 0.0393783 0.0860632
subcontact = (-2.45,2.194,-2.3933e-06) 4475.82 (0.00241095,2.43461e-05,0) 8 -2.3933e-06 (-3.09404e-12,-3.1244e-14,0) 74790.8 0.040289 0.0598445
subcontact = (-2.45,1.735,-2.41976e-06) 6383.74 (0.00343458,3.35062e-05,0) 7 -2.41976e-06 (-3.12451e-12,-3.04814e-14,0) 75617.6 0.0406857 0.0844213
subcontact = (-2.45,1.265,-2.44686e-06) 4408.42 (0.00236898,2.2296e-05,0) 6 -2.44686e-06 (-3.15571e-12,-2.97005e-14,0) 76464.2 0.0410918 0.0576533
subcontact = (-2.818,1.287,-2.71504e-06) 9378.48 (0.00439787,-1.47162e-05,0) 5 -2.71504e-06 (-3.0556e-12,1.02247e-14,0) 84845 0.0397867 0.110537
subcontact = (-2.45,0.795,-2.47395e-06) 6602.57 (0.0035439,3.21591e-05,0) 4 -2.47395e-06 (-3.18691e-12,-2.89196e-14,0) 77310.9 0.041498 0.0854028
subcontact = (-2.841,0.883,-2.75517e-06) 7766.91 (0.00361336,-1.5732e-05,0) 3 -2.75517e-06 (-3.07626e-12,1.33935e-14,0) 86099 0.0400558 0.090209
subcontact = (-2.45,0.336,-2.50041e-06) 4965.21 (0.00266206,2.32972e-05,0) 2 -2.50041e-06 (-3.21738e-12,-2.81571e-14,0) 78137.7 0.0418946 0.0635443
subcontact = (-2.934,0.497,-2.84551e-06) 2990.71 (0.00134748,-1.05689e-05,0) 1 -2.84551e-06 (-3.07695e-12,2.41339e-14,0) 88922.3 0.0400657 0.0336328
3dec>log off
**********************************************
* Logging ended at Tue Sep 10 21:54:47 2024
**********************************************
**********************************************
* Logging started at Wed Oct 30 09:17:20 2024
* By 3dec Version 7.00 Release 161
* 
* 
* Job Title: 
**********************************************
3dec>log-file 'init_state.txt'
**********************************************
* Logging ended at Wed Oct 30 09:17:20 2024
**********************************************
