;__create Blocks__
block create group "Blocks" poly face -2.217,-2.453,3.703 -2.217,-2.455,4.195 -2.370,-2.380,4.136 -2.370,-2.380,3.470 face -2.898,-2.909,4.449 -3.116,-3.127,4.060 -2.370,-2.380,3.470 -2.370,-2.380,4.136 face -2.258,-2.449,4.529 -2.370,-2.380,4.498 -2.370,-2.380,4.136 -2.217,-2.455,4.195 face -2.052,-2.449,3.941 -2.064,-2.449,4.300 -2.217,-2.455,4.195 -2.217,-2.453,3.703 face -2.154,-2.450,3.325 -2.072,-2.450,3.595 -2.217,-2.453,3.703 -2.370,-2.380,3.470 face -2.135,-2.450,4.586 -2.258,-2.449,4.529 -2.217,-2.455,4.195 -2.064,-2.449,4.300 face -1.875,-2.450,4.170 -1.921,-2.450,4.417 -2.064,-2.449,4.300 -2.052,-2.449,3.941 face -2.072,-2.450,3.595 -1.961,-2.450,3.854 -2.052,-2.449,3.941 -2.217,-2.453,3.703 face -2.017,-2.450,4.654 -2.135,-2.450,4.586 -2.064,-2.449,4.300 -1.921,-2.450,4.417 face -1.679,-2.450,4.383 -1.777,-2.450,4.534 -1.921,-2.450,4.417 -1.875,-2.450,4.170 face -1.961,-2.450,3.854 -1.814,-2.450,4.095 -1.875,-2.450,4.170 -2.052,-2.449,3.941 face -1.900,-2.450,4.724 -2.017,-2.450,4.654 -1.921,-2.450,4.417 -1.777,-2.450,4.534 face -2.018,-2.957,4.951 -2.031,-2.884,4.965 -1.777,-2.450,4.534 -1.679,-2.450,4.383 face -1.814,-2.450,4.095 -1.631,-2.450,4.308 -1.679,-2.450,4.383 -1.875,-2.450,4.170 face -2.832,-2.842,4.484 -2.898,-2.909,4.449 -2.370,-2.380,4.136 -2.370,-2.380,4.498 face -2.627,-2.898,4.582 -2.832,-2.842,4.484 -2.370,-2.380,4.498 -2.258,-2.449,4.529 face -2.429,-2.889,4.711 -2.627,-2.898,4.582 -2.258,-2.449,4.529 -2.135,-2.450,4.586 face -2.232,-2.861,4.840 -2.429,-2.889,4.711 -2.135,-2.450,4.586 -2.017,-2.450,4.654 face -2.033,-2.826,4.963 -2.232,-2.861,4.840 -2.017,-2.450,4.654 -1.900,-2.450,4.724 face -2.031,-2.884,4.965 -2.033,-2.826,4.963 -1.900,-2.450,4.724 -1.777,-2.450,4.534 face -2.676,-2.968,4.555 -2.898,-2.909,4.449 -2.832,-2.842,4.484 -2.627,-2.898,4.582 face -2.461,-2.956,4.693 -2.676,-2.968,4.555 -2.627,-2.898,4.582 -2.429,-2.889,4.711 face -2.247,-2.924,4.832 -2.461,-2.956,4.693 -2.429,-2.889,4.711 -2.232,-2.861,4.840 face -2.031,-2.884,4.965 -2.247,-2.924,4.832 -2.232,-2.861,4.840 -2.033,-2.826,4.963 face -2.857,-3.120,4.306 -3.116,-3.127,4.060 -2.898,-2.909,4.449 -2.676,-2.968,4.555 face -2.589,-3.079,4.539 -2.857,-3.120,4.306 -2.676,-2.968,4.555 -2.461,-2.956,4.693 face -2.309,-3.022,4.754 -2.589,-3.079,4.539 -2.461,-2.956,4.693 -2.247,-2.924,4.832 face -2.018,-2.957,4.951 -2.309,-3.022,4.754 -2.247,-2.924,4.832 -2.031,-2.884,4.965 face -2.678,-3.339,4.186 -2.865,-3.423,3.909 -3.116,-3.127,4.060 -2.857,-3.120,4.306 face -2.467,-3.252,4.445 -2.678,-3.339,4.186 -2.857,-3.120,4.306 -2.589,-3.079,4.539 face -2.233,-3.167,4.682 -2.467,-3.252,4.445 -2.589,-3.079,4.539 -2.309,-3.022,4.754 face -1.975,-3.086,4.897 -2.233,-3.167,4.682 -2.309,-3.022,4.754 -2.018,-2.957,4.951 face -2.154,-2.450,3.325 -2.370,-2.380,3.470 -3.116,-3.127,4.060 -2.865,-3.423,3.909 face -1.745,-3.039,3.363 -1.848,-3.072,3.164 -2.865,-3.423,3.909 -2.678,-3.339,4.186 face -1.625,-3.004,3.552 -1.745,-3.039,3.363 -2.678,-3.339,4.186 -2.467,-3.252,4.445 face -1.488,-2.969,3.730 -1.625,-3.004,3.552 -2.467,-3.252,4.445 -2.233,-3.167,4.682 face -1.334,-2.934,3.892 -1.488,-2.969,3.730 -2.233,-3.167,4.682 -1.975,-3.086,4.897 face -1.679,-2.450,4.383 -1.631,-2.450,4.308 -1.975,-3.086,4.897 -2.018,-2.957,4.951 face -2.087,-2.450,3.278 -2.154,-2.450,3.325 -2.865,-3.423,3.909 -1.848,-3.072,3.164 face -1.984,-2.450,3.510 -2.087,-2.450,3.278 -1.848,-3.072,3.164 -1.745,-3.039,3.363 face -1.846,-2.450,3.723 -1.984,-2.450,3.510 -1.745,-3.039,3.363 -1.625,-3.004,3.552 face -1.674,-2.450,3.910 -1.846,-2.450,3.723 -1.625,-3.004,3.552 -1.488,-2.969,3.730 face -1.473,-2.450,4.065 -1.674,-2.450,3.910 -1.488,-2.969,3.730 -1.334,-2.934,3.892 face -1.631,-2.450,4.308 -1.473,-2.450,4.065 -1.334,-2.934,3.892 -1.975,-3.086,4.897 face -2.072,-2.450,3.595 -2.154,-2.450,3.325 -2.087,-2.450,3.278 -1.984,-2.450,3.510 face -1.961,-2.450,3.854 -2.072,-2.450,3.595 -1.984,-2.450,3.510 -1.846,-2.450,3.723 face -1.814,-2.450,4.095 -1.961,-2.450,3.854 -1.846,-2.450,3.723 -1.674,-2.450,3.910 face -1.631,-2.450,4.308 -1.814,-2.450,4.095 -1.674,-2.450,3.910 -1.473,-2.450,4.065  r=0
;__create Blocks__
block create group "Blocks" poly face -0.308,-2.450,4.978 -0.319,-2.450,5.093 -0.635,-2.450,5.053 -0.612,-2.450,4.934 face -0.713,-2.698,5.474 -0.711,-2.759,5.470 -0.612,-2.450,4.934 -0.635,-2.450,5.053 face -0.329,-2.450,5.199 -0.658,-2.450,5.169 -0.635,-2.450,5.053 -0.319,-2.450,5.093 face -0.000,-2.450,4.993 0.000,-2.450,5.106 -0.319,-2.450,5.093 -0.308,-2.450,4.978 face -0.585,-2.450,4.792 -0.293,-2.450,4.828 -0.308,-2.450,4.978 -0.612,-2.450,4.934 face 0.000,-2.450,5.210 -0.329,-2.450,5.199 -0.319,-2.450,5.093 0.000,-2.450,5.106 face 0.308,-2.450,4.978 0.319,-2.450,5.093 0.000,-2.450,5.106 -0.000,-2.450,4.993 face -0.293,-2.450,4.828 -0.000,-2.450,4.839 -0.000,-2.450,4.993 -0.308,-2.450,4.978 face 0.330,-2.450,5.200 0.000,-2.450,5.210 0.000,-2.450,5.106 0.319,-2.450,5.093 face 0.612,-2.450,4.934 0.635,-2.450,5.054 0.319,-2.450,5.093 0.308,-2.450,4.978 face -0.000,-2.450,4.839 0.293,-2.450,4.828 0.308,-2.450,4.978 -0.000,-2.450,4.993 face 0.658,-2.450,5.170 0.330,-2.450,5.200 0.319,-2.450,5.093 0.635,-2.450,5.054 face 0.711,-2.759,5.470 0.713,-2.698,5.474 0.635,-2.450,5.054 0.612,-2.450,4.934 face 0.293,-2.450,4.828 0.585,-2.450,4.792 0.612,-2.450,4.934 0.308,-2.450,4.978 face -0.714,-2.645,5.476 -0.713,-2.698,5.474 -0.635,-2.450,5.053 -0.658,-2.450,5.169 face -0.359,-2.629,5.522 -0.714,-2.645,5.476 -0.658,-2.450,5.169 -0.329,-2.450,5.199 face -0.000,-2.623,5.537 -0.359,-2.629,5.522 -0.329,-2.450,5.199 0.000,-2.450,5.210 face 0.359,-2.629,5.522 -0.000,-2.623,5.537 0.000,-2.450,5.210 0.330,-2.450,5.200 face 0.714,-2.645,5.476 0.359,-2.629,5.522 0.330,-2.450,5.200 0.658,-2.450,5.170 face 0.713,-2.698,5.474 0.714,-2.645,5.476 0.658,-2.450,5.170 0.635,-2.450,5.054 face -0.358,-2.680,5.520 -0.713,-2.698,5.474 -0.714,-2.645,5.476 -0.359,-2.629,5.522 face -0.000,-2.675,5.535 -0.358,-2.680,5.520 -0.359,-2.629,5.522 -0.000,-2.623,5.537 face 0.358,-2.680,5.520 -0.000,-2.675,5.535 -0.000,-2.623,5.537 0.359,-2.629,5.522 face 0.713,-2.698,5.474 0.358,-2.680,5.520 0.359,-2.629,5.522 0.714,-2.645,5.476 face -0.357,-2.741,5.517 -0.711,-2.759,5.470 -0.713,-2.698,5.474 -0.358,-2.680,5.520 face -0.000,-2.735,5.533 -0.357,-2.741,5.517 -0.358,-2.680,5.520 -0.000,-2.675,5.535 face 0.357,-2.741,5.517 -0.000,-2.735,5.533 -0.000,-2.675,5.535 0.358,-2.680,5.520 face 0.711,-2.759,5.470 0.357,-2.741,5.517 0.358,-2.680,5.520 0.713,-2.698,5.474 face -0.355,-2.837,5.511 -0.707,-2.858,5.459 -0.711,-2.759,5.470 -0.357,-2.741,5.517 face -0.000,-2.830,5.528 -0.355,-2.837,5.511 -0.357,-2.741,5.517 -0.000,-2.735,5.533 face 0.355,-2.837,5.511 -0.000,-2.830,5.528 -0.000,-2.735,5.533 0.357,-2.741,5.517 face 0.707,-2.858,5.459 0.355,-2.837,5.511 0.357,-2.741,5.517 0.711,-2.759,5.470 face -0.585,-2.450,4.792 -0.612,-2.450,4.934 -0.711,-2.759,5.470 -0.707,-2.858,5.459 face -0.247,-2.820,4.379 -0.490,-2.830,4.338 -0.707,-2.858,5.459 -0.355,-2.837,5.511 face -0.000,-2.816,4.393 -0.247,-2.820,4.379 -0.355,-2.837,5.511 -0.000,-2.830,5.528 face 0.247,-2.820,4.379 -0.000,-2.816,4.393 -0.000,-2.830,5.528 0.355,-2.837,5.511 face 0.490,-2.830,4.338 0.247,-2.820,4.379 0.355,-2.837,5.511 0.707,-2.858,5.459 face 0.612,-2.450,4.934 0.585,-2.450,4.792 0.707,-2.858,5.459 0.711,-2.759,5.470 face -0.505,-2.450,4.382 -0.585,-2.450,4.792 -0.707,-2.858,5.459 -0.490,-2.830,4.338 face -0.253,-2.450,4.406 -0.505,-2.450,4.382 -0.490,-2.830,4.338 -0.247,-2.820,4.379 face -0.000,-2.450,4.413 -0.253,-2.450,4.406 -0.247,-2.820,4.379 -0.000,-2.816,4.393 face 0.253,-2.450,4.406 -0.000,-2.450,4.413 -0.000,-2.816,4.393 0.247,-2.820,4.379 face 0.505,-2.450,4.382 0.253,-2.450,4.406 0.247,-2.820,4.379 0.490,-2.830,4.338 face 0.585,-2.450,4.792 0.505,-2.450,4.382 0.490,-2.830,4.338 0.707,-2.858,5.459 face -0.293,-2.450,4.828 -0.585,-2.450,4.792 -0.505,-2.450,4.382 -0.253,-2.450,4.406 face -0.000,-2.450,4.839 -0.293,-2.450,4.828 -0.253,-2.450,4.406 -0.000,-2.450,4.413 face 0.293,-2.450,4.828 -0.000,-2.450,4.839 -0.000,-2.450,4.413 0.253,-2.450,4.406 face 0.585,-2.450,4.792 0.293,-2.450,4.828 0.253,-2.450,4.406 0.505,-2.450,4.382  r=1
;__create Blocks__
block create group "Blocks" poly face -1.448,-2.450,4.582 -1.520,-2.450,4.721 -1.777,-2.450,4.534 -1.679,-2.450,4.383 face -2.031,-2.884,4.965 -2.018,-2.957,4.951 -1.679,-2.450,4.383 -1.777,-2.450,4.534 face -1.610,-2.450,4.888 -1.900,-2.450,4.724 -1.777,-2.450,4.534 -1.520,-2.450,4.721 face -1.189,-2.450,4.743 -1.243,-2.450,4.874 -1.520,-2.450,4.721 -1.448,-2.450,4.582 face -1.631,-2.450,4.308 -1.403,-2.450,4.492 -1.448,-2.450,4.582 -1.679,-2.450,4.383 face -1.305,-2.450,5.021 -1.610,-2.450,4.888 -1.520,-2.450,4.721 -1.243,-2.450,4.874 face -0.907,-2.450,4.858 -0.945,-2.450,4.984 -1.243,-2.450,4.874 -1.189,-2.450,4.743 face -1.403,-2.450,4.492 -1.147,-2.450,4.632 -1.189,-2.450,4.743 -1.448,-2.450,4.582 face -0.986,-2.450,5.113 -1.305,-2.450,5.021 -1.243,-2.450,4.874 -0.945,-2.450,4.984 face -0.612,-2.450,4.934 -0.635,-2.450,5.053 -0.945,-2.450,4.984 -0.907,-2.450,4.858 face -1.147,-2.450,4.632 -0.870,-2.450,4.728 -0.907,-2.450,4.858 -1.189,-2.450,4.743 face -0.658,-2.450,5.169 -0.986,-2.450,5.113 -0.945,-2.450,4.984 -0.635,-2.450,5.053 face -0.711,-2.759,5.470 -0.713,-2.698,5.474 -0.635,-2.450,5.053 -0.612,-2.450,4.934 face -0.870,-2.450,4.728 -0.585,-2.450,4.792 -0.612,-2.450,4.934 -0.907,-2.450,4.858 face -2.033,-2.826,4.963 -2.031,-2.884,4.965 -1.777,-2.450,4.534 -1.900,-2.450,4.724 face -1.724,-2.769,5.136 -2.033,-2.826,4.963 -1.900,-2.450,4.724 -1.610,-2.450,4.888 face -1.401,-2.716,5.284 -1.724,-2.769,5.136 -1.610,-2.450,4.888 -1.305,-2.450,5.021 face -1.063,-2.674,5.398 -1.401,-2.716,5.284 -1.305,-2.450,5.021 -0.986,-2.450,5.113 face -0.714,-2.645,5.476 -1.063,-2.674,5.398 -0.986,-2.450,5.113 -0.658,-2.450,5.169 face -0.713,-2.698,5.474 -0.714,-2.645,5.476 -0.658,-2.450,5.169 -0.635,-2.450,5.053 face -1.721,-2.826,5.135 -2.031,-2.884,4.965 -2.033,-2.826,4.963 -1.724,-2.769,5.136 face -1.398,-2.771,5.282 -1.721,-2.826,5.135 -1.724,-2.769,5.136 -1.401,-2.716,5.284 face -1.061,-2.728,5.395 -1.398,-2.771,5.282 -1.401,-2.716,5.284 -1.063,-2.674,5.398 face -0.713,-2.698,5.474 -1.061,-2.728,5.395 -1.063,-2.674,5.398 -0.714,-2.645,5.476 face -1.713,-2.893,5.126 -2.018,-2.957,4.951 -2.031,-2.884,4.965 -1.721,-2.826,5.135 face -1.393,-2.836,5.275 -1.713,-2.893,5.126 -1.721,-2.826,5.135 -1.398,-2.771,5.282 face -1.058,-2.791,5.390 -1.393,-2.836,5.275 -1.398,-2.771,5.282 -1.061,-2.728,5.395 face -0.711,-2.759,5.470 -1.058,-2.791,5.390 -1.061,-2.728,5.395 -0.713,-2.698,5.474 face -1.687,-3.010,5.089 -1.975,-3.086,4.897 -2.018,-2.957,4.951 -1.713,-2.893,5.126 face -1.378,-2.944,5.249 -1.687,-3.010,5.089 -1.713,-2.893,5.126 -1.393,-2.836,5.275 face -1.049,-2.893,5.373 -1.378,-2.944,5.249 -1.393,-2.836,5.275 -1.058,-2.791,5.390 face -0.707,-2.858,5.459 -1.049,-2.893,5.373 -1.058,-2.791,5.390 -0.711,-2.759,5.470 face -1.631,-2.450,4.308 -1.679,-2.450,4.383 -2.018,-2.957,4.951 -1.975,-3.086,4.897 face -1.149,-2.899,4.045 -1.334,-2.934,3.892 -1.975,-3.086,4.897 -1.687,-3.010,5.089 face -0.944,-2.869,4.172 -1.149,-2.899,4.045 -1.687,-3.010,5.089 -1.378,-2.944,5.249 face -0.723,-2.846,4.270 -0.944,-2.869,4.172 -1.378,-2.944,5.249 -1.049,-2.893,5.373 face -0.490,-2.830,4.338 -0.723,-2.846,4.270 -1.049,-2.893,5.373 -0.707,-2.858,5.459 face -0.612,-2.450,4.934 -0.585,-2.450,4.792 -0.707,-2.858,5.459 -0.711,-2.759,5.470 face -1.473,-2.450,4.065 -1.631,-2.450,4.308 -1.975,-3.086,4.897 -1.334,-2.934,3.892 face -1.248,-2.450,4.187 -1.473,-2.450,4.065 -1.334,-2.934,3.892 -1.149,-2.899,4.045 face -1.008,-2.450,4.278 -1.248,-2.450,4.187 -1.149,-2.899,4.045 -0.944,-2.869,4.172 face -0.759,-2.450,4.340 -1.008,-2.450,4.278 -0.944,-2.869,4.172 -0.723,-2.846,4.270 face -0.505,-2.450,4.382 -0.759,-2.450,4.340 -0.723,-2.846,4.270 -0.490,-2.830,4.338 face -0.585,-2.450,4.792 -0.505,-2.450,4.382 -0.490,-2.830,4.338 -0.707,-2.858,5.459 face -1.403,-2.450,4.492 -1.631,-2.450,4.308 -1.473,-2.450,4.065 -1.248,-2.450,4.187 face -1.147,-2.450,4.632 -1.403,-2.450,4.492 -1.248,-2.450,4.187 -1.008,-2.450,4.278 face -0.870,-2.450,4.728 -1.147,-2.450,4.632 -1.008,-2.450,4.278 -0.759,-2.450,4.340 face -0.585,-2.450,4.792 -0.870,-2.450,4.728 -0.759,-2.450,4.340 -0.505,-2.450,4.382  r=2
;__create Blocks__
block create group "Blocks" poly face 2.370,-2.380,2.498 2.281,-2.447,2.460 2.292,-2.443,2.168 2.370,-2.380,2.174 face 3.359,-3.689,2.639 3.513,-3.523,2.643 2.370,-2.380,2.174 2.292,-2.443,2.168 face 2.245,-2.450,2.445 2.258,-2.450,2.162 2.292,-2.443,2.168 2.281,-2.447,2.460 face 2.370,-2.380,2.822 2.256,-2.450,2.751 2.281,-2.447,2.460 2.370,-2.380,2.498 face 2.443,-2.294,2.175 2.445,-2.287,2.471 2.370,-2.380,2.498 2.370,-2.380,2.174 face 2.216,-2.450,2.727 2.245,-2.450,2.445 2.281,-2.447,2.460 2.256,-2.450,2.751 face 2.370,-2.380,3.146 2.215,-2.450,3.040 2.256,-2.450,2.751 2.370,-2.380,2.822 face 2.445,-2.287,2.471 2.448,-2.273,2.767 2.370,-2.380,2.822 2.370,-2.380,2.498 face 2.166,-2.450,3.006 2.216,-2.450,2.727 2.256,-2.450,2.751 2.215,-2.450,3.040 face 2.370,-2.380,3.470 2.154,-2.450,3.325 2.215,-2.450,3.040 2.370,-2.380,3.146 face 2.448,-2.273,2.767 2.450,-2.247,3.062 2.370,-2.380,3.146 2.370,-2.380,2.822 face 2.087,-2.450,3.278 2.166,-2.450,3.006 2.215,-2.450,3.040 2.154,-2.450,3.325 face 3.116,-3.127,4.060 2.865,-3.423,3.909 2.154,-2.450,3.325 2.370,-2.380,3.470 face 2.450,-2.247,3.062 2.450,-2.206,3.355 2.370,-2.380,3.470 2.370,-2.380,3.146 face 2.112,-3.162,2.260 3.359,-3.689,2.639 2.292,-2.443,2.168 2.258,-2.450,2.162 face 2.070,-3.149,2.493 2.112,-3.162,2.260 2.258,-2.450,2.162 2.245,-2.450,2.445 face 2.013,-3.129,2.723 2.070,-3.149,2.493 2.245,-2.450,2.445 2.216,-2.450,2.727 face 1.939,-3.103,2.947 2.013,-3.129,2.723 2.216,-2.450,2.727 2.166,-2.450,3.006 face 1.848,-3.072,3.164 1.939,-3.103,2.947 2.166,-2.450,3.006 2.087,-2.450,3.278 face 2.865,-3.423,3.909 1.848,-3.072,3.164 2.087,-2.450,3.278 2.154,-2.450,3.325 face 3.275,-3.638,2.974 3.359,-3.689,2.639 2.112,-3.162,2.260 2.070,-3.149,2.493 face 3.165,-3.576,3.299 3.275,-3.638,2.974 2.070,-3.149,2.493 2.013,-3.129,2.723 face 3.028,-3.504,3.612 3.165,-3.576,3.299 2.013,-3.129,2.723 1.939,-3.103,2.947 face 2.865,-3.423,3.909 3.028,-3.504,3.612 1.939,-3.103,2.947 1.848,-3.072,3.164 face 3.438,-3.448,3.010 3.513,-3.523,2.643 3.359,-3.689,2.639 3.275,-3.638,2.974 face 3.345,-3.355,3.369 3.438,-3.448,3.010 3.275,-3.638,2.974 3.165,-3.576,3.299 face 3.237,-3.248,3.719 3.345,-3.355,3.369 3.165,-3.576,3.299 3.028,-3.504,3.612 face 3.116,-3.127,4.060 3.237,-3.248,3.719 3.028,-3.504,3.612 2.865,-3.423,3.909 face 3.633,-3.296,2.992 3.687,-3.372,2.655 3.513,-3.523,2.643 3.438,-3.448,3.010 face 3.566,-3.195,3.320 3.633,-3.296,2.992 3.438,-3.448,3.010 3.345,-3.355,3.369 face 3.487,-3.069,3.636 3.566,-3.195,3.320 3.345,-3.355,3.369 3.237,-3.248,3.719 face 3.397,-2.916,3.937 3.487,-3.069,3.636 3.237,-3.248,3.719 3.116,-3.127,4.060 face 2.443,-2.294,2.175 2.370,-2.380,2.174 3.513,-3.523,2.643 3.687,-3.372,2.655 face 2.966,-2.100,2.517 2.971,-2.106,2.260 3.687,-3.372,2.655 3.633,-3.296,2.992 face 2.960,-2.090,2.774 2.966,-2.100,2.517 3.633,-3.296,2.992 3.566,-3.195,3.320 face 2.951,-2.073,3.030 2.960,-2.090,2.774 3.566,-3.195,3.320 3.487,-3.069,3.636 face 2.938,-2.046,3.285 2.951,-2.073,3.030 3.487,-3.069,3.636 3.397,-2.916,3.937 face 2.370,-2.380,3.470 2.450,-2.206,3.355 3.397,-2.916,3.937 3.116,-3.127,4.060 face 2.450,-2.203,2.160 2.443,-2.294,2.175 3.687,-3.372,2.655 2.971,-2.106,2.260 face 2.450,-2.198,2.447 2.450,-2.203,2.160 2.971,-2.106,2.260 2.966,-2.100,2.517 face 2.450,-2.188,2.735 2.450,-2.198,2.447 2.966,-2.100,2.517 2.960,-2.090,2.774 face 2.450,-2.170,3.021 2.450,-2.188,2.735 2.960,-2.090,2.774 2.951,-2.073,3.030 face 2.450,-2.138,3.307 2.450,-2.170,3.021 2.951,-2.073,3.030 2.938,-2.046,3.285 face 2.450,-2.206,3.355 2.450,-2.138,3.307 2.938,-2.046,3.285 3.397,-2.916,3.937 face 2.445,-2.287,2.471 2.443,-2.294,2.175 2.450,-2.203,2.160 2.450,-2.198,2.447 face 2.448,-2.273,2.767 2.445,-2.287,2.471 2.450,-2.198,2.447 2.450,-2.188,2.735 face 2.450,-2.247,3.062 2.448,-2.273,2.767 2.450,-2.188,2.735 2.450,-2.170,3.021 face 2.450,-2.206,3.355 2.450,-2.247,3.062 2.450,-2.170,3.021 2.450,-2.138,3.307  r=3
;__create Blocks__
block create group "Blocks" poly face 0.907,-2.450,4.858 0.945,-2.450,4.984 0.635,-2.450,5.054 0.612,-2.450,4.934 face 0.713,-2.698,5.474 0.711,-2.759,5.470 0.612,-2.450,4.934 0.635,-2.450,5.054 face 0.987,-2.450,5.115 0.658,-2.450,5.170 0.635,-2.450,5.054 0.945,-2.450,4.984 face 1.189,-2.450,4.743 1.243,-2.450,4.875 0.945,-2.450,4.984 0.907,-2.450,4.858 face 0.585,-2.450,4.792 0.870,-2.450,4.728 0.907,-2.450,4.858 0.612,-2.450,4.934 face 1.307,-2.450,5.025 0.987,-2.450,5.115 0.945,-2.450,4.984 1.243,-2.450,4.875 face 1.448,-2.450,4.582 1.521,-2.450,4.721 1.243,-2.450,4.875 1.189,-2.450,4.743 face 0.870,-2.450,4.728 1.147,-2.450,4.632 1.189,-2.450,4.743 0.907,-2.450,4.858 face 1.613,-2.450,4.894 1.307,-2.450,5.025 1.243,-2.450,4.875 1.521,-2.450,4.721 face 1.679,-2.450,4.383 1.778,-2.450,4.535 1.521,-2.450,4.721 1.448,-2.450,4.582 face 1.147,-2.450,4.632 1.403,-2.450,4.492 1.448,-2.450,4.582 1.189,-2.450,4.743 face 1.905,-2.450,4.732 1.613,-2.450,4.894 1.521,-2.450,4.721 1.778,-2.450,4.535 face 2.018,-2.957,4.951 2.031,-2.884,4.965 1.778,-2.450,4.535 1.679,-2.450,4.383 face 1.403,-2.450,4.492 1.631,-2.450,4.308 1.679,-2.450,4.383 1.448,-2.450,4.582 face 0.714,-2.645,5.476 0.713,-2.698,5.474 0.635,-2.450,5.054 0.658,-2.450,5.170 face 1.063,-2.674,5.398 0.714,-2.645,5.476 0.658,-2.450,5.170 0.987,-2.450,5.115 face 1.401,-2.716,5.284 1.063,-2.674,5.398 0.987,-2.450,5.115 1.307,-2.450,5.025 face 1.724,-2.769,5.136 1.401,-2.716,5.284 1.307,-2.450,5.025 1.613,-2.450,4.894 face 2.033,-2.826,4.963 1.724,-2.769,5.136 1.613,-2.450,4.894 1.905,-2.450,4.732 face 2.031,-2.884,4.965 2.033,-2.826,4.963 1.905,-2.450,4.732 1.778,-2.450,4.535 face 1.061,-2.728,5.395 0.713,-2.698,5.474 0.714,-2.645,5.476 1.063,-2.674,5.398 face 1.398,-2.771,5.282 1.061,-2.728,5.395 1.063,-2.674,5.398 1.401,-2.716,5.284 face 1.721,-2.826,5.135 1.398,-2.771,5.282 1.401,-2.716,5.284 1.724,-2.769,5.136 face 2.031,-2.884,4.965 1.721,-2.826,5.135 1.724,-2.769,5.136 2.033,-2.826,4.963 face 1.058,-2.791,5.390 0.711,-2.759,5.470 0.713,-2.698,5.474 1.061,-2.728,5.395 face 1.393,-2.836,5.275 1.058,-2.791,5.390 1.061,-2.728,5.395 1.398,-2.771,5.282 face 1.713,-2.893,5.126 1.393,-2.836,5.275 1.398,-2.771,5.282 1.721,-2.826,5.135 face 2.018,-2.957,4.951 1.713,-2.893,5.126 1.721,-2.826,5.135 2.031,-2.884,4.965 face 1.049,-2.893,5.373 0.707,-2.858,5.459 0.711,-2.759,5.470 1.058,-2.791,5.390 face 1.378,-2.944,5.249 1.049,-2.893,5.373 1.058,-2.791,5.390 1.393,-2.836,5.275 face 1.687,-3.010,5.089 1.378,-2.944,5.249 1.393,-2.836,5.275 1.713,-2.893,5.126 face 1.975,-3.086,4.897 1.687,-3.010,5.089 1.713,-2.893,5.126 2.018,-2.957,4.951 face 0.585,-2.450,4.792 0.612,-2.450,4.934 0.711,-2.759,5.470 0.707,-2.858,5.459 face 0.723,-2.846,4.270 0.490,-2.830,4.338 0.707,-2.858,5.459 1.049,-2.893,5.373 face 0.944,-2.869,4.172 0.723,-2.846,4.270 1.049,-2.893,5.373 1.378,-2.944,5.249 face 1.149,-2.899,4.045 0.944,-2.869,4.172 1.378,-2.944,5.249 1.687,-3.010,5.089 face 1.334,-2.934,3.892 1.149,-2.899,4.045 1.687,-3.010,5.089 1.975,-3.086,4.897 face 1.679,-2.450,4.383 1.631,-2.450,4.308 1.975,-3.086,4.897 2.018,-2.957,4.951 face 0.505,-2.450,4.382 0.585,-2.450,4.792 0.707,-2.858,5.459 0.490,-2.830,4.338 face 0.759,-2.450,4.340 0.505,-2.450,4.382 0.490,-2.830,4.338 0.723,-2.846,4.270 face 1.008,-2.450,4.278 0.759,-2.450,4.340 0.723,-2.846,4.270 0.944,-2.869,4.172 face 1.248,-2.450,4.187 1.008,-2.450,4.278 0.944,-2.869,4.172 1.149,-2.899,4.045 face 1.473,-2.450,4.065 1.248,-2.450,4.187 1.149,-2.899,4.045 1.334,-2.934,3.892 face 1.631,-2.450,4.308 1.473,-2.450,4.065 1.334,-2.934,3.892 1.975,-3.086,4.897 face 0.870,-2.450,4.728 0.585,-2.450,4.792 0.505,-2.450,4.382 0.759,-2.450,4.340 face 1.147,-2.450,4.632 0.870,-2.450,4.728 0.759,-2.450,4.340 1.008,-2.450,4.278 face 1.403,-2.450,4.492 1.147,-2.450,4.632 1.008,-2.450,4.278 1.248,-2.450,4.187 face 1.631,-2.450,4.308 1.403,-2.450,4.492 1.248,-2.450,4.187 1.473,-2.450,4.065  r=4
;__create Blocks__
block create group "Blocks" poly face -2.450,0.000,2.452 -2.450,0.224,2.395 -2.450,0.213,2.057 -2.450,0.000,2.056 face -3.499,0.220,2.423 -3.494,0.000,2.421 -2.450,0.000,2.056 -2.450,0.213,2.057 face -2.450,0.331,2.382 -2.450,0.326,2.057 -2.450,0.213,2.057 -2.450,0.224,2.395 face -2.450,0.000,2.847 -2.450,0.244,2.732 -2.450,0.224,2.395 -2.450,0.000,2.452 face -2.450,-0.213,2.056 -2.450,-0.225,2.394 -2.450,0.000,2.452 -2.450,0.000,2.056 face -2.450,0.342,2.708 -2.450,0.331,2.382 -2.450,0.224,2.395 -2.450,0.244,2.732 face -2.450,0.000,3.243 -2.450,0.279,3.068 -2.450,0.244,2.732 -2.450,0.000,2.847 face -2.450,-0.225,2.394 -2.450,-0.246,2.731 -2.450,0.000,2.847 -2.450,0.000,2.452 face -2.450,0.363,3.032 -2.450,0.342,2.708 -2.450,0.244,2.732 -2.450,0.279,3.068 face -2.450,0.000,3.638 -2.450,0.337,3.401 -2.450,0.279,3.068 -2.450,0.000,3.243 face -2.450,-0.246,2.731 -2.450,-0.281,3.068 -2.450,0.000,3.243 -2.450,0.000,2.847 face -2.450,0.402,3.356 -2.450,0.363,3.032 -2.450,0.279,3.068 -2.450,0.337,3.401 face -3.282,0.000,3.711 -3.334,0.308,3.499 -2.450,0.337,3.401 -2.450,0.000,3.638 face -2.450,-0.281,3.068 -2.450,-0.337,3.401 -2.450,0.000,3.638 -2.450,0.000,3.243 face -3.030,0.501,2.260 -3.499,0.220,2.423 -2.450,0.213,2.057 -2.450,0.326,2.057 face -3.022,0.506,2.518 -3.030,0.501,2.260 -2.450,0.326,2.057 -2.450,0.331,2.382 face -3.010,0.516,2.777 -3.022,0.506,2.518 -2.450,0.331,2.382 -2.450,0.342,2.708 face -2.994,0.532,3.034 -3.010,0.516,2.777 -2.450,0.342,2.708 -2.450,0.363,3.032 face -2.972,0.560,3.290 -2.994,0.532,3.034 -2.450,0.363,3.032 -2.450,0.402,3.356 face -3.334,0.308,3.499 -2.972,0.560,3.290 -2.450,0.402,3.356 -2.450,0.337,3.401 face -3.470,0.232,2.695 -3.499,0.220,2.423 -3.030,0.501,2.260 -3.022,0.506,2.518 face -3.432,0.249,2.965 -3.470,0.232,2.695 -3.022,0.506,2.518 -3.010,0.516,2.777 face -3.387,0.274,3.233 -3.432,0.249,2.965 -3.010,0.516,2.777 -2.994,0.532,3.034 face -3.334,0.308,3.499 -3.387,0.274,3.233 -2.994,0.532,3.034 -2.972,0.560,3.290 face -3.459,0.000,2.746 -3.494,0.000,2.421 -3.499,0.220,2.423 -3.470,0.232,2.695 face -3.412,0.000,3.070 -3.459,0.000,2.746 -3.470,0.232,2.695 -3.432,0.249,2.965 face -3.353,0.000,3.392 -3.412,0.000,3.070 -3.432,0.249,2.965 -3.387,0.274,3.233 face -3.282,0.000,3.711 -3.353,0.000,3.392 -3.387,0.274,3.233 -3.334,0.308,3.499 face -3.470,-0.231,2.695 -3.499,-0.220,2.423 -3.494,0.000,2.421 -3.459,0.000,2.746 face -3.434,-0.248,2.966 -3.470,-0.231,2.695 -3.459,0.000,2.746 -3.412,0.000,3.070 face -3.390,-0.272,3.235 -3.434,-0.248,2.966 -3.412,0.000,3.070 -3.353,0.000,3.392 face -3.339,-0.305,3.502 -3.390,-0.272,3.235 -3.353,0.000,3.392 -3.282,0.000,3.711 face -2.450,-0.213,2.056 -2.450,0.000,2.056 -3.494,0.000,2.421 -3.499,-0.220,2.423 face -3.028,-0.499,2.520 -3.036,-0.494,2.260 -3.499,-0.220,2.423 -3.470,-0.231,2.695 face -3.015,-0.509,2.779 -3.028,-0.499,2.520 -3.470,-0.231,2.695 -3.434,-0.248,2.966 face -2.999,-0.525,3.038 -3.015,-0.509,2.779 -3.434,-0.248,2.966 -3.390,-0.272,3.235 face -2.977,-0.553,3.296 -2.999,-0.525,3.038 -3.390,-0.272,3.235 -3.339,-0.305,3.502 face -2.450,0.000,3.638 -2.450,-0.337,3.401 -3.339,-0.305,3.502 -3.282,0.000,3.711 face -2.450,-0.326,2.056 -2.450,-0.213,2.056 -3.499,-0.220,2.423 -3.036,-0.494,2.260 face -2.450,-0.331,2.381 -2.450,-0.326,2.056 -3.036,-0.494,2.260 -3.028,-0.499,2.520 face -2.450,-0.343,2.705 -2.450,-0.331,2.381 -3.028,-0.499,2.520 -3.015,-0.509,2.779 face -2.450,-0.365,3.030 -2.450,-0.343,2.705 -3.015,-0.509,2.779 -2.999,-0.525,3.038 face -2.450,-0.408,3.352 -2.450,-0.365,3.030 -2.999,-0.525,3.038 -2.977,-0.553,3.296 face -2.450,-0.337,3.401 -2.450,-0.408,3.352 -2.977,-0.553,3.296 -3.339,-0.305,3.502 face -2.450,-0.225,2.394 -2.450,-0.213,2.056 -2.450,-0.326,2.056 -2.450,-0.331,2.381 face -2.450,-0.246,2.731 -2.450,-0.225,2.394 -2.450,-0.331,2.381 -2.450,-0.343,2.705 face -2.450,-0.281,3.068 -2.450,-0.246,2.731 -2.450,-0.343,2.705 -2.450,-0.365,3.030 face -2.450,-0.337,3.401 -2.450,-0.281,3.068 -2.450,-0.365,3.030 -2.450,-0.408,3.352  r=5
;__create Blocks__
block create group "Blocks" poly face -2.450,0.000,1.345 -2.450,0.204,1.345 -2.450,0.202,1.108 -2.450,0.000,1.108 face -3.496,0.203,1.239 -3.494,0.000,1.239 -2.450,0.000,1.108 -2.450,0.202,1.108 face -2.450,0.325,1.345 -2.450,0.325,1.108 -2.450,0.202,1.108 -2.450,0.204,1.345 face -2.450,0.000,1.582 -2.450,0.206,1.582 -2.450,0.204,1.345 -2.450,0.000,1.345 face -2.450,-0.202,1.108 -2.450,-0.204,1.345 -2.450,0.000,1.345 -2.450,0.000,1.108 face -2.450,0.325,1.582 -2.450,0.325,1.345 -2.450,0.204,1.345 -2.450,0.206,1.582 face -2.450,0.000,1.819 -2.450,0.208,1.820 -2.450,0.206,1.582 -2.450,0.000,1.582 face -2.450,-0.204,1.345 -2.450,-0.206,1.582 -2.450,0.000,1.582 -2.450,0.000,1.345 face -2.450,0.325,1.820 -2.450,0.325,1.582 -2.450,0.206,1.582 -2.450,0.208,1.820 face -2.450,0.000,2.056 -2.450,0.213,2.057 -2.450,0.208,1.820 -2.450,0.000,1.819 face -2.450,-0.206,1.582 -2.450,-0.208,1.819 -2.450,0.000,1.819 -2.450,0.000,1.582 face -2.450,0.326,2.057 -2.450,0.325,1.820 -2.450,0.208,1.820 -2.450,0.213,2.057 face -3.494,0.000,2.421 -3.499,0.220,2.423 -2.450,0.213,2.057 -2.450,0.000,2.056 face -2.450,-0.208,1.819 -2.450,-0.213,2.056 -2.450,0.000,2.056 -2.450,0.000,1.819 face -3.023,0.496,1.180 -3.496,0.203,1.239 -2.450,0.202,1.108 -2.450,0.325,1.108 face -3.032,0.497,1.450 -3.023,0.496,1.180 -2.450,0.325,1.108 -2.450,0.325,1.345 face -3.036,0.498,1.720 -3.032,0.497,1.450 -2.450,0.325,1.345 -2.450,0.325,1.582 face -3.035,0.498,1.990 -3.036,0.498,1.720 -2.450,0.325,1.582 -2.450,0.325,1.820 face -3.030,0.501,2.260 -3.035,0.498,1.990 -2.450,0.325,1.820 -2.450,0.326,2.057 face -3.499,0.220,2.423 -3.030,0.501,2.260 -2.450,0.326,2.057 -2.450,0.213,2.057 face -3.522,0.205,1.535 -3.496,0.203,1.239 -3.023,0.496,1.180 -3.032,0.497,1.450 face -3.530,0.207,1.831 -3.522,0.205,1.535 -3.032,0.497,1.450 -3.036,0.498,1.720 face -3.521,0.212,2.128 -3.530,0.207,1.831 -3.036,0.498,1.720 -3.035,0.498,1.990 face -3.499,0.220,2.423 -3.521,0.212,2.128 -3.035,0.498,1.990 -3.030,0.501,2.260 face -3.519,0.000,1.534 -3.494,0.000,1.239 -3.496,0.203,1.239 -3.522,0.205,1.535 face -3.525,0.000,1.830 -3.519,0.000,1.534 -3.522,0.205,1.535 -3.530,0.207,1.831 face -3.515,0.000,2.126 -3.525,0.000,1.830 -3.530,0.207,1.831 -3.521,0.212,2.128 face -3.494,0.000,2.421 -3.515,0.000,2.126 -3.521,0.212,2.128 -3.499,0.220,2.423 face -3.522,-0.205,1.534 -3.496,-0.203,1.239 -3.494,0.000,1.239 -3.519,0.000,1.534 face -3.530,-0.207,1.831 -3.522,-0.205,1.534 -3.519,0.000,1.534 -3.525,0.000,1.830 face -3.521,-0.212,2.127 -3.530,-0.207,1.831 -3.525,0.000,1.830 -3.515,0.000,2.126 face -3.499,-0.220,2.423 -3.521,-0.212,2.127 -3.515,0.000,2.126 -3.494,0.000,2.421 face -2.450,-0.202,1.108 -2.450,0.000,1.108 -3.494,0.000,1.239 -3.496,-0.203,1.239 face -3.038,-0.490,1.450 -3.029,-0.490,1.180 -3.496,-0.203,1.239 -3.522,-0.205,1.534 face -3.042,-0.491,1.720 -3.038,-0.490,1.450 -3.522,-0.205,1.534 -3.530,-0.207,1.831 face -3.041,-0.491,1.990 -3.042,-0.491,1.720 -3.530,-0.207,1.831 -3.521,-0.212,2.127 face -3.036,-0.494,2.260 -3.041,-0.491,1.990 -3.521,-0.212,2.127 -3.499,-0.220,2.423 face -2.450,0.000,2.056 -2.450,-0.213,2.056 -3.499,-0.220,2.423 -3.494,0.000,2.421 face -2.450,-0.325,1.107 -2.450,-0.202,1.108 -3.496,-0.203,1.239 -3.029,-0.490,1.180 face -2.450,-0.325,1.344 -2.450,-0.325,1.107 -3.029,-0.490,1.180 -3.038,-0.490,1.450 face -2.450,-0.325,1.582 -2.450,-0.325,1.344 -3.038,-0.490,1.450 -3.042,-0.491,1.720 face -2.450,-0.325,1.819 -2.450,-0.325,1.582 -3.042,-0.491,1.720 -3.041,-0.491,1.990 face -2.450,-0.326,2.056 -2.450,-0.325,1.819 -3.041,-0.491,1.990 -3.036,-0.494,2.260 face -2.450,-0.213,2.056 -2.450,-0.326,2.056 -3.036,-0.494,2.260 -3.499,-0.220,2.423 face -2.450,-0.204,1.345 -2.450,-0.202,1.108 -2.450,-0.325,1.107 -2.450,-0.325,1.344 face -2.450,-0.206,1.582 -2.450,-0.204,1.345 -2.450,-0.325,1.344 -2.450,-0.325,1.582 face -2.450,-0.208,1.819 -2.450,-0.206,1.582 -2.450,-0.325,1.582 -2.450,-0.325,1.819 face -2.450,-0.213,2.056 -2.450,-0.208,1.819 -2.450,-0.325,1.819 -2.450,-0.326,2.056  r=6
;__create Blocks__
block create group "Blocks" poly face -2.450,0.000,0.277 -2.450,0.200,0.277 -2.450,0.200,0.000 -2.450,0.000,0.000 face -3.211,0.200,0.000 -3.210,0.000,0.000 -2.450,0.000,0.000 -2.450,0.200,0.000 face -2.450,0.325,0.277 -2.450,0.325,0.000 -2.450,0.200,0.000 -2.450,0.200,0.277 face -2.450,0.000,0.554 -2.450,0.200,0.554 -2.450,0.200,0.277 -2.450,0.000,0.277 face -2.450,-0.200,0.000 -2.450,-0.200,0.277 -2.450,0.000,0.277 -2.450,0.000,0.000 face -2.450,0.325,0.554 -2.450,0.325,0.277 -2.450,0.200,0.277 -2.450,0.200,0.554 face -2.450,0.000,0.831 -2.450,0.201,0.831 -2.450,0.200,0.554 -2.450,0.000,0.554 face -2.450,-0.200,0.277 -2.450,-0.200,0.554 -2.450,0.000,0.554 -2.450,0.000,0.277 face -2.450,0.325,0.831 -2.450,0.325,0.554 -2.450,0.200,0.554 -2.450,0.201,0.831 face -2.450,0.000,1.108 -2.450,0.202,1.108 -2.450,0.201,0.831 -2.450,0.000,0.831 face -2.450,-0.200,0.554 -2.450,-0.201,0.831 -2.450,0.000,0.831 -2.450,0.000,0.554 face -2.450,0.325,1.108 -2.450,0.325,0.831 -2.450,0.201,0.831 -2.450,0.202,1.108 face -3.494,0.000,1.239 -3.496,0.203,1.239 -2.450,0.202,1.108 -2.450,0.000,1.108 face -2.450,-0.201,0.831 -2.450,-0.202,1.108 -2.450,0.000,1.108 -2.450,0.000,0.831 face -2.936,0.487,0.000 -3.211,0.200,0.000 -2.450,0.200,0.000 -2.450,0.325,0.000 face -2.964,0.490,0.295 -2.936,0.487,0.000 -2.450,0.325,0.000 -2.450,0.325,0.277 face -2.988,0.493,0.589 -2.964,0.490,0.295 -2.450,0.325,0.277 -2.450,0.325,0.554 face -3.008,0.495,0.885 -2.988,0.493,0.589 -2.450,0.325,0.554 -2.450,0.325,0.831 face -3.023,0.496,1.180 -3.008,0.495,0.885 -2.450,0.325,0.831 -2.450,0.325,1.108 face -3.496,0.203,1.239 -3.023,0.496,1.180 -2.450,0.325,1.108 -2.450,0.202,1.108 face -3.299,0.200,0.306 -3.211,0.200,0.000 -2.936,0.487,0.000 -2.964,0.490,0.295 face -3.380,0.200,0.614 -3.299,0.200,0.306 -2.964,0.490,0.295 -2.988,0.493,0.589 face -3.448,0.201,0.925 -3.380,0.200,0.614 -2.988,0.493,0.589 -3.008,0.495,0.885 face -3.496,0.203,1.239 -3.448,0.201,0.925 -3.008,0.495,0.885 -3.023,0.496,1.180 face -3.299,0.000,0.306 -3.210,0.000,0.000 -3.211,0.200,0.000 -3.299,0.200,0.306 face -3.380,0.000,0.613 -3.299,0.000,0.306 -3.299,0.200,0.306 -3.380,0.200,0.614 face -3.446,0.000,0.924 -3.380,0.000,0.613 -3.380,0.200,0.614 -3.448,0.201,0.925 face -3.494,0.000,1.239 -3.446,0.000,0.924 -3.448,0.201,0.925 -3.496,0.203,1.239 face -3.299,-0.200,0.306 -3.211,-0.200,0.000 -3.210,0.000,0.000 -3.299,0.000,0.306 face -3.380,-0.200,0.614 -3.299,-0.200,0.306 -3.299,0.000,0.306 -3.380,0.000,0.613 face -3.448,-0.201,0.925 -3.380,-0.200,0.614 -3.380,0.000,0.613 -3.446,0.000,0.924 face -3.496,-0.203,1.239 -3.448,-0.201,0.925 -3.446,0.000,0.924 -3.494,0.000,1.239 face -2.450,-0.200,0.000 -2.450,0.000,0.000 -3.210,0.000,0.000 -3.211,-0.200,0.000 face -2.967,-0.485,0.295 -2.938,-0.483,0.000 -3.211,-0.200,0.000 -3.299,-0.200,0.306 face -2.992,-0.487,0.589 -2.967,-0.485,0.295 -3.299,-0.200,0.306 -3.380,-0.200,0.614 face -3.013,-0.489,0.885 -2.992,-0.487,0.589 -3.380,-0.200,0.614 -3.448,-0.201,0.925 face -3.029,-0.490,1.180 -3.013,-0.489,0.885 -3.448,-0.201,0.925 -3.496,-0.203,1.239 face -2.450,0.000,1.108 -2.450,-0.202,1.108 -3.496,-0.203,1.239 -3.494,0.000,1.239 face -2.450,-0.325,0.000 -2.450,-0.200,0.000 -3.211,-0.200,0.000 -2.938,-0.483,0.000 face -2.450,-0.325,0.277 -2.450,-0.325,0.000 -2.938,-0.483,0.000 -2.967,-0.485,0.295 face -2.450,-0.325,0.554 -2.450,-0.325,0.277 -2.967,-0.485,0.295 -2.992,-0.487,0.589 face -2.450,-0.325,0.831 -2.450,-0.325,0.554 -2.992,-0.487,0.589 -3.013,-0.489,0.885 face -2.450,-0.325,1.107 -2.450,-0.325,0.831 -3.013,-0.489,0.885 -3.029,-0.490,1.180 face -2.450,-0.202,1.108 -2.450,-0.325,1.107 -3.029,-0.490,1.180 -3.496,-0.203,1.239 face -2.450,-0.200,0.277 -2.450,-0.200,0.000 -2.450,-0.325,0.000 -2.450,-0.325,0.277 face -2.450,-0.200,0.554 -2.450,-0.200,0.277 -2.450,-0.325,0.277 -2.450,-0.325,0.554 face -2.450,-0.201,0.831 -2.450,-0.200,0.554 -2.450,-0.325,0.554 -2.450,-0.325,0.831 face -2.450,-0.202,1.108 -2.450,-0.201,0.831 -2.450,-0.325,0.831 -2.450,-0.325,1.107  r=7
;__create Blocks__
block create group "Blocks" poly face -2.375,2.375,0.289 -2.296,2.442,0.289 -2.296,2.442,0.000 -2.375,2.375,0.000 face -2.910,3.193,0.000 -3.051,3.051,0.000 -2.375,2.375,0.000 -2.296,2.442,0.000 face -2.219,2.450,0.288 -2.219,2.450,0.000 -2.296,2.442,0.000 -2.296,2.442,0.289 face -2.375,2.375,0.579 -2.296,2.442,0.578 -2.296,2.442,0.289 -2.375,2.375,0.289 face -2.442,2.296,0.000 -2.442,2.296,0.289 -2.375,2.375,0.289 -2.375,2.375,0.000 face -2.219,2.450,0.576 -2.219,2.450,0.288 -2.296,2.442,0.289 -2.296,2.442,0.578 face -2.375,2.375,0.868 -2.296,2.442,0.867 -2.296,2.442,0.578 -2.375,2.375,0.579 face -2.442,2.296,0.289 -2.442,2.296,0.578 -2.375,2.375,0.579 -2.375,2.375,0.289 face -2.219,2.450,0.863 -2.219,2.450,0.576 -2.296,2.442,0.578 -2.296,2.442,0.867 face -2.375,2.375,1.157 -2.296,2.442,1.156 -2.296,2.442,0.867 -2.375,2.375,0.868 face -2.442,2.296,0.578 -2.442,2.296,0.867 -2.375,2.375,0.868 -2.375,2.375,0.579 face -2.219,2.450,1.151 -2.219,2.450,0.863 -2.296,2.442,0.867 -2.296,2.442,1.156 face -3.330,3.330,1.301 -3.190,3.476,1.301 -2.296,2.442,1.156 -2.375,2.375,1.157 face -2.442,2.296,0.867 -2.442,2.296,1.156 -2.375,2.375,1.157 -2.375,2.375,0.868 face -2.115,2.891,0.000 -2.910,3.193,0.000 -2.296,2.442,0.000 -2.219,2.450,0.000 face -2.116,2.907,0.295 -2.115,2.891,0.000 -2.219,2.450,0.000 -2.219,2.450,0.288 face -2.116,2.920,0.590 -2.116,2.907,0.295 -2.219,2.450,0.288 -2.219,2.450,0.576 face -2.117,2.930,0.885 -2.116,2.920,0.590 -2.219,2.450,0.576 -2.219,2.450,0.863 face -2.117,2.937,1.180 -2.117,2.930,0.885 -2.219,2.450,0.863 -2.219,2.450,1.151 face -3.190,3.476,1.301 -2.117,2.937,1.180 -2.219,2.450,1.151 -2.296,2.442,1.156 face -2.998,3.281,0.317 -2.910,3.193,0.000 -2.115,2.891,0.000 -2.116,2.907,0.295 face -3.079,3.362,0.639 -2.998,3.281,0.317 -2.116,2.907,0.295 -2.116,2.920,0.590 face -3.145,3.429,0.967 -3.079,3.362,0.639 -2.116,2.920,0.590 -2.117,2.930,0.885 face -3.190,3.476,1.301 -3.145,3.429,0.967 -2.117,2.930,0.885 -2.117,2.937,1.180 face -3.140,3.140,0.317 -3.051,3.051,0.000 -2.910,3.193,0.000 -2.998,3.281,0.317 face -3.220,3.220,0.638 -3.140,3.140,0.317 -2.998,3.281,0.317 -3.079,3.362,0.639 face -3.285,3.285,0.966 -3.220,3.220,0.638 -3.079,3.362,0.639 -3.145,3.429,0.967 face -3.330,3.330,1.301 -3.285,3.285,0.966 -3.145,3.429,0.967 -3.190,3.476,1.301 face -3.281,2.998,0.317 -3.193,2.910,0.000 -3.051,3.051,0.000 -3.140,3.140,0.317 face -3.362,3.079,0.639 -3.281,2.998,0.317 -3.140,3.140,0.317 -3.220,3.220,0.638 face -3.429,3.145,0.967 -3.362,3.079,0.639 -3.220,3.220,0.638 -3.285,3.285,0.966 face -3.476,3.190,1.301 -3.429,3.145,0.967 -3.285,3.285,0.966 -3.330,3.330,1.301 face -2.442,2.296,0.000 -2.375,2.375,0.000 -3.051,3.051,0.000 -3.193,2.910,0.000 face -2.908,2.109,0.295 -2.892,2.107,0.000 -3.193,2.910,0.000 -3.281,2.998,0.317 face -2.921,2.110,0.590 -2.908,2.109,0.295 -3.281,2.998,0.317 -3.362,3.079,0.639 face -2.931,2.112,0.885 -2.921,2.110,0.590 -3.362,3.079,0.639 -3.429,3.145,0.967 face -2.939,2.112,1.180 -2.931,2.112,0.885 -3.429,3.145,0.967 -3.476,3.190,1.301 face -2.375,2.375,1.157 -2.442,2.296,1.156 -3.476,3.190,1.301 -3.330,3.330,1.301 face -2.450,2.205,0.000 -2.442,2.296,0.000 -3.193,2.910,0.000 -2.892,2.107,0.000 face -2.450,2.205,0.288 -2.450,2.205,0.000 -2.892,2.107,0.000 -2.908,2.109,0.295 face -2.450,2.205,0.575 -2.450,2.205,0.288 -2.908,2.109,0.295 -2.921,2.110,0.590 face -2.450,2.205,0.863 -2.450,2.205,0.575 -2.921,2.110,0.590 -2.931,2.112,0.885 face -2.450,2.205,1.150 -2.450,2.205,0.863 -2.931,2.112,0.885 -2.939,2.112,1.180 face -2.442,2.296,1.156 -2.450,2.205,1.150 -2.939,2.112,1.180 -3.476,3.190,1.301 face -2.442,2.296,0.289 -2.442,2.296,0.000 -2.450,2.205,0.000 -2.450,2.205,0.288 face -2.442,2.296,0.578 -2.442,2.296,0.289 -2.450,2.205,0.288 -2.450,2.205,0.575 face -2.442,2.296,0.867 -2.442,2.296,0.578 -2.450,2.205,0.575 -2.450,2.205,0.863 face -2.442,2.296,1.156 -2.442,2.296,0.867 -2.450,2.205,0.863 -2.450,2.205,1.150  r=8
;__create Blocks__
block create group "Blocks" poly face -2.375,2.375,1.417 -2.296,2.442,1.416 -2.296,2.442,1.156 -2.375,2.375,1.157 face -3.190,3.476,1.301 -3.330,3.330,1.301 -2.375,2.375,1.157 -2.296,2.442,1.156 face -2.219,2.450,1.408 -2.219,2.450,1.151 -2.296,2.442,1.156 -2.296,2.442,1.416 face -2.375,2.375,1.677 -2.297,2.442,1.675 -2.296,2.442,1.416 -2.375,2.375,1.417 face -2.442,2.296,1.156 -2.442,2.296,1.416 -2.375,2.375,1.417 -2.375,2.375,1.157 face -2.219,2.450,1.665 -2.219,2.450,1.408 -2.296,2.442,1.416 -2.297,2.442,1.675 face -2.375,2.375,1.937 -2.296,2.442,1.935 -2.297,2.442,1.675 -2.375,2.375,1.677 face -2.442,2.296,1.416 -2.442,2.297,1.675 -2.375,2.375,1.677 -2.375,2.375,1.417 face -2.218,2.450,1.922 -2.219,2.450,1.665 -2.297,2.442,1.675 -2.296,2.442,1.935 face -2.375,2.375,2.197 -2.295,2.442,2.194 -2.296,2.442,1.935 -2.375,2.375,1.937 face -2.442,2.297,1.675 -2.442,2.296,1.935 -2.375,2.375,1.937 -2.375,2.375,1.677 face -2.214,2.450,2.179 -2.218,2.450,1.922 -2.296,2.442,1.935 -2.295,2.442,2.194 face -3.312,3.312,2.590 -3.162,3.470,2.592 -2.295,2.442,2.194 -2.375,2.375,2.197 face -2.442,2.296,1.935 -2.442,2.294,2.194 -2.375,2.375,2.197 -2.375,2.375,1.937 face -2.117,2.937,1.180 -3.190,3.476,1.301 -2.296,2.442,1.156 -2.219,2.450,1.151 face -2.117,2.941,1.450 -2.117,2.937,1.180 -2.219,2.450,1.151 -2.219,2.450,1.408 face -2.117,2.942,1.720 -2.117,2.941,1.450 -2.219,2.450,1.408 -2.219,2.450,1.665 face -2.116,2.941,1.990 -2.117,2.942,1.720 -2.219,2.450,1.665 -2.218,2.450,1.922 face -2.111,2.938,2.260 -2.116,2.941,1.990 -2.218,2.450,1.922 -2.214,2.450,2.179 face -3.162,3.470,2.592 -2.111,2.938,2.260 -2.214,2.450,2.179 -2.295,2.442,2.194 face -3.211,3.500,1.623 -3.190,3.476,1.301 -2.117,2.937,1.180 -2.117,2.941,1.450 face -3.213,3.504,1.947 -3.211,3.500,1.623 -2.117,2.941,1.450 -2.117,2.942,1.720 face -3.196,3.493,2.271 -3.213,3.504,1.947 -2.117,2.942,1.720 -2.116,2.941,1.990 face -3.162,3.470,2.592 -3.196,3.493,2.271 -2.116,2.941,1.990 -2.111,2.938,2.260 face -3.352,3.352,1.623 -3.330,3.330,1.301 -3.190,3.476,1.301 -3.211,3.500,1.623 face -3.354,3.354,1.946 -3.352,3.352,1.623 -3.211,3.500,1.623 -3.213,3.504,1.947 face -3.340,3.340,2.269 -3.354,3.354,1.946 -3.213,3.504,1.947 -3.196,3.493,2.271 face -3.312,3.312,2.590 -3.340,3.340,2.269 -3.196,3.493,2.271 -3.162,3.470,2.592 face -3.500,3.211,1.624 -3.476,3.190,1.301 -3.330,3.330,1.301 -3.352,3.352,1.623 face -3.504,3.213,1.947 -3.500,3.211,1.624 -3.352,3.352,1.623 -3.354,3.354,1.946 face -3.493,3.196,2.271 -3.504,3.213,1.947 -3.354,3.354,1.946 -3.340,3.340,2.269 face -3.470,3.162,2.592 -3.493,3.196,2.271 -3.340,3.340,2.269 -3.312,3.312,2.590 face -2.442,2.296,1.156 -2.375,2.375,1.157 -3.330,3.330,1.301 -3.476,3.190,1.301 face -2.943,2.113,1.450 -2.939,2.112,1.180 -3.476,3.190,1.301 -3.500,3.211,1.624 face -2.945,2.113,1.720 -2.943,2.113,1.450 -3.500,3.211,1.624 -3.504,3.213,1.947 face -2.945,2.112,1.990 -2.945,2.113,1.720 -3.504,3.213,1.947 -3.493,3.196,2.271 face -2.942,2.109,2.260 -2.945,2.112,1.990 -3.493,3.196,2.271 -3.470,3.162,2.592 face -2.375,2.375,2.197 -2.442,2.294,2.194 -3.470,3.162,2.592 -3.312,3.312,2.590 face -2.450,2.205,1.150 -2.442,2.296,1.156 -3.476,3.190,1.301 -2.939,2.112,1.180 face -2.450,2.205,1.407 -2.450,2.205,1.150 -2.939,2.112,1.180 -2.943,2.113,1.450 face -2.450,2.205,1.663 -2.450,2.205,1.407 -2.943,2.113,1.450 -2.945,2.113,1.720 face -2.450,2.205,1.920 -2.450,2.205,1.663 -2.945,2.113,1.720 -2.945,2.112,1.990 face -2.450,2.203,2.176 -2.450,2.205,1.920 -2.945,2.112,1.990 -2.942,2.109,2.260 face -2.442,2.294,2.194 -2.450,2.203,2.176 -2.942,2.109,2.260 -3.470,3.162,2.592 face -2.442,2.296,1.416 -2.442,2.296,1.156 -2.450,2.205,1.150 -2.450,2.205,1.407 face -2.442,2.297,1.675 -2.442,2.296,1.416 -2.450,2.205,1.407 -2.450,2.205,1.663 face -2.442,2.296,1.935 -2.442,2.297,1.675 -2.450,2.205,1.663 -2.450,2.205,1.920 face -2.442,2.294,2.194 -2.442,2.296,1.935 -2.450,2.205,1.920 -2.450,2.203,2.176  r=9
;__create Blocks__
block create group "Blocks" poly face -2.375,2.375,2.517 -2.289,2.444,2.489 -2.295,2.442,2.194 -2.375,2.375,2.197 face -3.162,3.470,2.592 -3.312,3.312,2.590 -2.375,2.375,2.197 -2.295,2.442,2.194 face -2.205,2.450,2.458 -2.214,2.450,2.179 -2.295,2.442,2.194 -2.289,2.444,2.489 face -2.375,2.375,2.836 -2.278,2.447,2.784 -2.289,2.444,2.489 -2.375,2.375,2.517 face -2.442,2.294,2.194 -2.445,2.288,2.487 -2.375,2.375,2.517 -2.375,2.375,2.197 face -2.187,2.450,2.737 -2.205,2.450,2.458 -2.289,2.444,2.489 -2.278,2.447,2.784 face -2.375,2.375,3.156 -2.256,2.450,3.078 -2.278,2.447,2.784 -2.375,2.375,2.836 face -2.445,2.288,2.487 -2.448,2.275,2.780 -2.375,2.375,2.836 -2.375,2.375,2.517 face -2.154,2.450,3.014 -2.187,2.450,2.737 -2.278,2.447,2.784 -2.256,2.450,3.078 face -2.375,2.375,3.475 -2.215,2.450,3.370 -2.256,2.450,3.078 -2.375,2.375,3.156 face -2.448,2.275,2.780 -2.450,2.249,3.072 -2.375,2.375,3.156 -2.375,2.375,2.836 face -2.098,2.450,3.287 -2.154,2.450,3.014 -2.256,2.450,3.078 -2.215,2.450,3.370 face -3.030,3.030,3.993 -2.811,3.260,3.859 -2.215,2.450,3.370 -2.375,2.375,3.475 face -2.450,2.249,3.072 -2.450,2.204,3.362 -2.375,2.375,3.475 -2.375,2.375,3.156 face -2.111,2.938,2.260 -3.162,3.470,2.592 -2.295,2.442,2.194 -2.214,2.450,2.179 face -2.102,2.933,2.514 -2.111,2.938,2.260 -2.214,2.450,2.179 -2.205,2.450,2.458 face -2.086,2.926,2.767 -2.102,2.933,2.514 -2.205,2.450,2.458 -2.187,2.450,2.737 face -2.059,2.915,3.020 -2.086,2.926,2.767 -2.187,2.450,2.737 -2.154,2.450,3.014 face -2.017,2.901,3.270 -2.059,2.915,3.020 -2.154,2.450,3.014 -2.098,2.450,3.287 face -2.811,3.260,3.859 -2.017,2.901,3.270 -2.098,2.450,3.287 -2.215,2.450,3.370 face -3.109,3.434,2.920 -3.162,3.470,2.592 -2.111,2.938,2.260 -2.102,2.933,2.514 face -3.036,3.387,3.244 -3.109,3.434,2.920 -2.102,2.933,2.514 -2.086,2.926,2.767 face -2.939,3.330,3.558 -3.036,3.387,3.244 -2.086,2.926,2.767 -2.059,2.915,3.020 face -2.811,3.260,3.859 -2.939,3.330,3.558 -2.059,2.915,3.020 -2.017,2.901,3.270 face -3.266,3.266,2.950 -3.312,3.312,2.590 -3.162,3.470,2.592 -3.109,3.434,2.920 face -3.204,3.204,3.305 -3.266,3.266,2.950 -3.109,3.434,2.920 -3.036,3.387,3.244 face -3.126,3.126,3.654 -3.204,3.204,3.305 -3.036,3.387,3.244 -2.939,3.330,3.558 face -3.030,3.030,3.993 -3.126,3.126,3.654 -2.939,3.330,3.558 -2.811,3.260,3.859 face -3.434,3.110,2.921 -3.470,3.162,2.592 -3.312,3.312,2.590 -3.266,3.266,2.950 face -3.388,3.038,3.245 -3.434,3.110,2.921 -3.266,3.266,2.950 -3.204,3.204,3.305 face -3.332,2.943,3.562 -3.388,3.038,3.245 -3.204,3.204,3.305 -3.126,3.126,3.654 face -3.265,2.821,3.867 -3.332,2.943,3.562 -3.126,3.126,3.654 -3.030,3.030,3.993 face -2.442,2.294,2.194 -2.375,2.375,2.197 -3.312,3.312,2.590 -3.470,3.162,2.592 face -2.938,2.103,2.518 -2.942,2.109,2.260 -3.470,3.162,2.592 -3.434,3.110,2.921 face -2.932,2.091,2.775 -2.938,2.103,2.518 -3.434,3.110,2.921 -3.388,3.038,3.245 face -2.923,2.072,3.032 -2.932,2.091,2.775 -3.388,3.038,3.245 -3.332,2.943,3.562 face -2.912,2.041,3.288 -2.923,2.072,3.032 -3.332,2.943,3.562 -3.265,2.821,3.867 face -2.375,2.375,3.475 -2.450,2.204,3.362 -3.265,2.821,3.867 -3.030,3.030,3.993 face -2.450,2.203,2.176 -2.442,2.294,2.194 -3.470,3.162,2.592 -2.942,2.109,2.260 face -2.450,2.196,2.459 -2.450,2.203,2.176 -2.942,2.109,2.260 -2.938,2.103,2.518 face -2.450,2.182,2.741 -2.450,2.196,2.459 -2.938,2.103,2.518 -2.932,2.091,2.775 face -2.450,2.159,3.022 -2.450,2.182,2.741 -2.932,2.091,2.775 -2.923,2.072,3.032 face -2.450,2.118,3.301 -2.450,2.159,3.022 -2.923,2.072,3.032 -2.912,2.041,3.288 face -2.450,2.204,3.362 -2.450,2.118,3.301 -2.912,2.041,3.288 -3.265,2.821,3.867 face -2.445,2.288,2.487 -2.442,2.294,2.194 -2.450,2.203,2.176 -2.450,2.196,2.459 face -2.448,2.275,2.780 -2.445,2.288,2.487 -2.450,2.196,2.459 -2.450,2.182,2.741 face -2.450,2.249,3.072 -2.448,2.275,2.780 -2.450,2.182,2.741 -2.450,2.159,3.022 face -2.450,2.204,3.362 -2.450,2.249,3.072 -2.450,2.159,3.022 -2.450,2.118,3.301  r=10
;__create Blocks__
block create group "Blocks" poly face 0.000,2.450,0.281 0.200,2.450,0.282 0.200,2.450,0.000 0.000,2.450,0.000 face 0.200,3.210,0.000 0.000,3.210,0.000 0.000,2.450,0.000 0.200,2.450,0.000 face 0.540,2.450,0.283 0.540,2.450,0.000 0.200,2.450,0.000 0.200,2.450,0.282 face 0.000,2.450,0.562 0.200,2.450,0.564 0.200,2.450,0.282 0.000,2.450,0.281 face -0.200,2.450,0.000 -0.200,2.450,0.280 0.000,2.450,0.281 0.000,2.450,0.000 face 0.540,2.450,0.567 0.540,2.450,0.283 0.200,2.450,0.282 0.200,2.450,0.564 face 0.000,2.450,0.843 0.201,2.450,0.846 0.200,2.450,0.564 0.000,2.450,0.562 face -0.200,2.450,0.280 -0.200,2.450,0.560 0.000,2.450,0.562 0.000,2.450,0.281 face 0.540,2.450,0.850 0.540,2.450,0.567 0.200,2.450,0.564 0.201,2.450,0.846 face 0.000,2.450,1.124 0.202,2.450,1.128 0.201,2.450,0.846 0.000,2.450,0.843 face -0.200,2.450,0.560 -0.201,2.450,0.840 0.000,2.450,0.843 0.000,2.450,0.562 face 0.540,2.450,1.134 0.540,2.450,0.850 0.201,2.450,0.846 0.202,2.450,1.128 face 0.000,3.237,1.228 0.203,3.237,1.232 0.202,2.450,1.128 0.000,2.450,1.124 face -0.201,2.450,0.840 -0.202,2.450,1.120 0.000,2.450,1.124 0.000,2.450,0.843 face 0.548,2.800,0.000 0.200,3.210,0.000 0.200,2.450,0.000 0.540,2.450,0.000 face 0.548,2.800,0.295 0.548,2.800,0.000 0.540,2.450,0.000 0.540,2.450,0.283 face 0.548,2.800,0.590 0.548,2.800,0.295 0.540,2.450,0.283 0.540,2.450,0.567 face 0.547,2.800,0.885 0.548,2.800,0.590 0.540,2.450,0.567 0.540,2.450,0.850 face 0.547,2.800,1.180 0.547,2.800,0.885 0.540,2.450,0.850 0.540,2.450,1.134 face 0.203,3.237,1.232 0.547,2.800,1.180 0.540,2.450,1.134 0.202,2.450,1.128 face 0.200,3.218,0.308 0.200,3.210,0.000 0.548,2.800,0.000 0.548,2.800,0.295 face 0.200,3.226,0.616 0.200,3.218,0.308 0.548,2.800,0.295 0.548,2.800,0.590 face 0.201,3.232,0.924 0.200,3.226,0.616 0.548,2.800,0.590 0.547,2.800,0.885 face 0.203,3.237,1.232 0.201,3.232,0.924 0.547,2.800,0.885 0.547,2.800,1.180 face 0.000,3.218,0.307 0.000,3.210,0.000 0.200,3.210,0.000 0.200,3.218,0.308 face 0.000,3.226,0.614 0.000,3.218,0.307 0.200,3.218,0.308 0.200,3.226,0.616 face 0.000,3.232,0.921 0.000,3.226,0.614 0.200,3.226,0.616 0.201,3.232,0.924 face 0.000,3.237,1.228 0.000,3.232,0.921 0.201,3.232,0.924 0.203,3.237,1.232 face -0.200,3.218,0.306 -0.200,3.210,0.000 0.000,3.210,0.000 0.000,3.218,0.307 face -0.200,3.226,0.612 -0.200,3.218,0.306 0.000,3.218,0.307 0.000,3.226,0.614 face -0.201,3.232,0.918 -0.200,3.226,0.612 0.000,3.226,0.614 0.000,3.232,0.921 face -0.202,3.237,1.224 -0.201,3.232,0.918 0.000,3.232,0.921 0.000,3.237,1.228 face -0.200,2.450,0.000 0.000,2.450,0.000 0.000,3.210,0.000 -0.200,3.210,0.000 face -0.517,2.936,0.295 -0.517,2.934,0.000 -0.200,3.210,0.000 -0.200,3.218,0.306 face -0.517,2.939,0.590 -0.517,2.936,0.295 -0.200,3.218,0.306 -0.200,3.226,0.612 face -0.517,2.941,0.885 -0.517,2.939,0.590 -0.200,3.226,0.612 -0.201,3.232,0.918 face -0.517,2.943,1.180 -0.517,2.941,0.885 -0.201,3.232,0.918 -0.202,3.237,1.224 face 0.000,2.450,1.124 -0.202,2.450,1.120 -0.202,3.237,1.224 0.000,3.237,1.228 face -0.341,2.450,0.000 -0.200,2.450,0.000 -0.200,3.210,0.000 -0.517,2.934,0.000 face -0.341,2.450,0.279 -0.341,2.450,0.000 -0.517,2.934,0.000 -0.517,2.936,0.295 face -0.341,2.450,0.559 -0.341,2.450,0.279 -0.517,2.936,0.295 -0.517,2.939,0.590 face -0.341,2.450,0.838 -0.341,2.450,0.559 -0.517,2.939,0.590 -0.517,2.941,0.885 face -0.341,2.450,1.118 -0.341,2.450,0.838 -0.517,2.941,0.885 -0.517,2.943,1.180 face -0.202,2.450,1.120 -0.341,2.450,1.118 -0.517,2.943,1.180 -0.202,3.237,1.224 face -0.200,2.450,0.280 -0.200,2.450,0.000 -0.341,2.450,0.000 -0.341,2.450,0.279 face -0.200,2.450,0.560 -0.200,2.450,0.280 -0.341,2.450,0.279 -0.341,2.450,0.559 face -0.201,2.450,0.840 -0.200,2.450,0.560 -0.341,2.450,0.559 -0.341,2.450,0.838 face -0.202,2.450,1.120 -0.201,2.450,0.840 -0.341,2.450,0.838 -0.341,2.450,1.118  r=11
;__create Blocks__
block create group "Blocks" poly face -2.370,-2.380,2.498 -2.445,-2.286,2.469 -2.443,-2.294,2.174 -2.370,-2.380,2.174 face -3.687,-3.372,2.654 -3.513,-3.523,2.643 -2.370,-2.380,2.174 -2.443,-2.294,2.174 face -2.450,-2.197,2.446 -2.450,-2.203,2.159 -2.443,-2.294,2.174 -2.445,-2.286,2.469 face -2.370,-2.380,2.822 -2.449,-2.271,2.763 -2.445,-2.286,2.469 -2.370,-2.380,2.498 face -2.292,-2.443,2.168 -2.281,-2.447,2.460 -2.370,-2.380,2.498 -2.370,-2.380,2.174 face -2.450,-2.186,2.732 -2.450,-2.197,2.446 -2.445,-2.286,2.469 -2.449,-2.271,2.763 face -2.370,-2.380,3.146 -2.450,-2.242,3.057 -2.449,-2.271,2.763 -2.370,-2.380,2.822 face -2.281,-2.447,2.460 -2.256,-2.450,2.751 -2.370,-2.380,2.822 -2.370,-2.380,2.498 face -2.450,-2.165,3.017 -2.450,-2.186,2.732 -2.449,-2.271,2.763 -2.450,-2.242,3.057 face -2.370,-2.380,3.470 -2.450,-2.196,3.348 -2.450,-2.242,3.057 -2.370,-2.380,3.146 face -2.256,-2.450,2.751 -2.215,-2.450,3.040 -2.370,-2.380,3.146 -2.370,-2.380,2.822 face -2.450,-2.129,3.301 -2.450,-2.165,3.017 -2.450,-2.242,3.057 -2.450,-2.196,3.348 face -3.116,-3.127,4.060 -3.397,-2.916,3.937 -2.450,-2.196,3.348 -2.370,-2.380,3.470 face -2.215,-2.450,3.040 -2.154,-2.450,3.325 -2.370,-2.380,3.470 -2.370,-2.380,3.146 face -2.974,-2.107,2.260 -3.687,-3.372,2.654 -2.443,-2.294,2.174 -2.450,-2.203,2.159 face -2.969,-2.101,2.516 -2.974,-2.107,2.260 -2.450,-2.203,2.159 -2.450,-2.197,2.446 face -2.962,-2.090,2.773 -2.969,-2.101,2.516 -2.450,-2.197,2.446 -2.450,-2.186,2.732 face -2.953,-2.072,3.029 -2.962,-2.090,2.773 -2.450,-2.186,2.732 -2.450,-2.165,3.017 face -2.940,-2.043,3.283 -2.953,-2.072,3.029 -2.450,-2.165,3.017 -2.450,-2.129,3.301 face -3.397,-2.916,3.937 -2.940,-2.043,3.283 -2.450,-2.129,3.301 -2.450,-2.196,3.348 face -3.633,-3.296,2.991 -3.687,-3.372,2.654 -2.974,-2.107,2.260 -2.969,-2.101,2.516 face -3.566,-3.195,3.319 -3.633,-3.296,2.991 -2.969,-2.101,2.516 -2.962,-2.090,2.773 face -3.487,-3.069,3.636 -3.566,-3.195,3.319 -2.962,-2.090,2.773 -2.953,-2.072,3.029 face -3.397,-2.916,3.937 -3.487,-3.069,3.636 -2.953,-2.072,3.029 -2.940,-2.043,3.283 face -3.438,-3.448,3.010 -3.513,-3.523,2.643 -3.687,-3.372,2.654 -3.633,-3.296,2.991 face -3.345,-3.355,3.368 -3.438,-3.448,3.010 -3.633,-3.296,2.991 -3.566,-3.195,3.319 face -3.237,-3.248,3.719 -3.345,-3.355,3.368 -3.566,-3.195,3.319 -3.487,-3.069,3.636 face -3.116,-3.127,4.060 -3.237,-3.248,3.719 -3.487,-3.069,3.636 -3.397,-2.916,3.937 face -3.275,-3.638,2.974 -3.360,-3.689,2.639 -3.513,-3.523,2.643 -3.438,-3.448,3.010 face -3.165,-3.576,3.299 -3.275,-3.638,2.974 -3.438,-3.448,3.010 -3.345,-3.355,3.368 face -3.028,-3.504,3.612 -3.165,-3.576,3.299 -3.345,-3.355,3.368 -3.237,-3.248,3.719 face -2.865,-3.423,3.909 -3.028,-3.504,3.612 -3.237,-3.248,3.719 -3.116,-3.127,4.060 face -2.292,-2.443,2.168 -2.370,-2.380,2.174 -3.513,-3.523,2.643 -3.360,-3.689,2.639 face -2.070,-3.149,2.493 -2.112,-3.162,2.260 -3.360,-3.689,2.639 -3.275,-3.638,2.974 face -2.013,-3.129,2.723 -2.070,-3.149,2.493 -3.275,-3.638,2.974 -3.165,-3.576,3.299 face -1.939,-3.103,2.947 -2.013,-3.129,2.723 -3.165,-3.576,3.299 -3.028,-3.504,3.612 face -1.848,-3.072,3.164 -1.939,-3.103,2.947 -3.028,-3.504,3.612 -2.865,-3.423,3.909 face -2.370,-2.380,3.470 -2.154,-2.450,3.325 -2.865,-3.423,3.909 -3.116,-3.127,4.060 face -2.258,-2.450,2.162 -2.292,-2.443,2.168 -3.360,-3.689,2.639 -2.112,-3.162,2.260 face -2.245,-2.450,2.445 -2.258,-2.450,2.162 -2.112,-3.162,2.260 -2.070,-3.149,2.493 face -2.216,-2.450,2.727 -2.245,-2.450,2.445 -2.070,-3.149,2.493 -2.013,-3.129,2.723 face -2.166,-2.450,3.006 -2.216,-2.450,2.727 -2.013,-3.129,2.723 -1.939,-3.103,2.947 face -2.087,-2.450,3.278 -2.166,-2.450,3.006 -1.939,-3.103,2.947 -1.848,-3.072,3.164 face -2.154,-2.450,3.325 -2.087,-2.450,3.278 -1.848,-3.072,3.164 -2.865,-3.423,3.909 face -2.281,-2.447,2.460 -2.292,-2.443,2.168 -2.258,-2.450,2.162 -2.245,-2.450,2.445 face -2.256,-2.450,2.751 -2.281,-2.447,2.460 -2.245,-2.450,2.445 -2.216,-2.450,2.727 face -2.215,-2.450,3.040 -2.256,-2.450,2.751 -2.216,-2.450,2.727 -2.166,-2.450,3.006 face -2.154,-2.450,3.325 -2.215,-2.450,3.040 -2.166,-2.450,3.006 -2.087,-2.450,3.278  r=12
;__create Blocks__
block create group "Blocks" poly face -2.370,-2.380,1.404 -2.442,-2.296,1.404 -2.442,-2.296,1.147 -2.370,-2.380,1.147 face -3.744,-3.458,1.329 -3.592,-3.602,1.325 -2.370,-2.380,1.147 -2.442,-2.296,1.147 face -2.450,-2.205,1.397 -2.450,-2.205,1.142 -2.442,-2.296,1.147 -2.442,-2.296,1.404 face -2.370,-2.380,1.660 -2.442,-2.297,1.661 -2.442,-2.296,1.404 -2.370,-2.380,1.404 face -2.296,-2.442,1.145 -2.296,-2.442,1.400 -2.370,-2.380,1.404 -2.370,-2.380,1.147 face -2.450,-2.205,1.651 -2.450,-2.205,1.397 -2.442,-2.296,1.404 -2.442,-2.297,1.661 face -2.370,-2.380,1.917 -2.442,-2.296,1.918 -2.442,-2.297,1.661 -2.370,-2.380,1.660 face -2.296,-2.442,1.400 -2.297,-2.442,1.656 -2.370,-2.380,1.660 -2.370,-2.380,1.404 face -2.450,-2.205,1.905 -2.450,-2.205,1.651 -2.442,-2.297,1.661 -2.442,-2.296,1.918 face -2.370,-2.380,2.174 -2.443,-2.294,2.174 -2.442,-2.296,1.918 -2.370,-2.380,1.917 face -2.297,-2.442,1.656 -2.296,-2.442,1.912 -2.370,-2.380,1.917 -2.370,-2.380,1.660 face -2.450,-2.203,2.159 -2.450,-2.205,1.905 -2.442,-2.296,1.918 -2.443,-2.294,2.174 face -3.513,-3.523,2.643 -3.687,-3.372,2.654 -2.443,-2.294,2.174 -2.370,-2.380,2.174 face -2.296,-2.442,1.912 -2.292,-2.443,2.168 -2.370,-2.380,2.174 -2.370,-2.380,1.917 face -2.974,-2.111,1.180 -3.744,-3.458,1.329 -2.442,-2.296,1.147 -2.450,-2.205,1.142 face -2.977,-2.111,1.450 -2.974,-2.111,1.180 -2.450,-2.205,1.142 -2.450,-2.205,1.397 face -2.978,-2.111,1.720 -2.977,-2.111,1.450 -2.450,-2.205,1.397 -2.450,-2.205,1.651 face -2.977,-2.110,1.990 -2.978,-2.111,1.720 -2.450,-2.205,1.651 -2.450,-2.205,1.905 face -2.974,-2.107,2.260 -2.977,-2.110,1.990 -2.450,-2.205,1.905 -2.450,-2.203,2.159 face -3.687,-3.372,2.654 -2.974,-2.107,2.260 -2.450,-2.203,2.159 -2.443,-2.294,2.174 face -3.757,-3.468,1.662 -3.744,-3.458,1.329 -2.974,-2.111,1.180 -2.977,-2.111,1.450 face -3.749,-3.456,1.995 -3.757,-3.468,1.662 -2.977,-2.111,1.450 -2.978,-2.111,1.720 face -3.725,-3.424,2.327 -3.749,-3.456,1.995 -2.978,-2.111,1.720 -2.977,-2.110,1.990 face -3.687,-3.372,2.654 -3.725,-3.424,2.327 -2.977,-2.110,1.990 -2.974,-2.107,2.260 face -3.602,-3.613,1.657 -3.592,-3.602,1.325 -3.744,-3.458,1.329 -3.757,-3.468,1.662 face -3.591,-3.602,1.989 -3.602,-3.613,1.657 -3.757,-3.468,1.662 -3.749,-3.456,1.995 face -3.561,-3.571,2.318 -3.591,-3.602,1.989 -3.749,-3.456,1.995 -3.725,-3.424,2.327 face -3.513,-3.523,2.643 -3.561,-3.571,2.318 -3.725,-3.424,2.327 -3.687,-3.372,2.654 face -3.465,-3.757,1.654 -3.456,-3.743,1.323 -3.592,-3.602,1.325 -3.602,-3.613,1.657 face -3.452,-3.750,1.985 -3.465,-3.757,1.654 -3.602,-3.613,1.657 -3.591,-3.602,1.989 face -3.417,-3.726,2.314 -3.452,-3.750,1.985 -3.591,-3.602,1.989 -3.561,-3.571,2.318 face -3.360,-3.689,2.639 -3.417,-3.726,2.314 -3.561,-3.571,2.318 -3.513,-3.523,2.643 face -2.296,-2.442,1.145 -2.370,-2.380,1.147 -3.592,-3.602,1.325 -3.456,-3.743,1.323 face -2.171,-3.174,1.451 -2.172,-3.169,1.180 -3.456,-3.743,1.323 -3.465,-3.757,1.654 face -2.163,-3.175,1.721 -2.171,-3.174,1.451 -3.465,-3.757,1.654 -3.452,-3.750,1.985 face -2.144,-3.172,1.991 -2.163,-3.175,1.721 -3.452,-3.750,1.985 -3.417,-3.726,2.314 face -2.112,-3.162,2.260 -2.144,-3.172,1.991 -3.417,-3.726,2.314 -3.360,-3.689,2.639 face -2.370,-2.380,2.174 -2.292,-2.443,2.168 -3.360,-3.689,2.639 -3.513,-3.523,2.643 face -2.257,-2.450,1.142 -2.296,-2.442,1.145 -3.456,-3.743,1.323 -2.172,-3.169,1.180 face -2.259,-2.450,1.397 -2.257,-2.450,1.142 -2.172,-3.169,1.180 -2.171,-3.174,1.451 face -2.261,-2.450,1.652 -2.259,-2.450,1.397 -2.171,-3.174,1.451 -2.163,-3.175,1.721 face -2.262,-2.450,1.907 -2.261,-2.450,1.652 -2.163,-3.175,1.721 -2.144,-3.172,1.991 face -2.258,-2.450,2.162 -2.262,-2.450,1.907 -2.144,-3.172,1.991 -2.112,-3.162,2.260 face -2.292,-2.443,2.168 -2.258,-2.450,2.162 -2.112,-3.162,2.260 -3.360,-3.689,2.639 face -2.296,-2.442,1.400 -2.296,-2.442,1.145 -2.257,-2.450,1.142 -2.259,-2.450,1.397 face -2.297,-2.442,1.656 -2.296,-2.442,1.400 -2.259,-2.450,1.397 -2.261,-2.450,1.652 face -2.296,-2.442,1.912 -2.297,-2.442,1.656 -2.261,-2.450,1.652 -2.262,-2.450,1.907 face -2.292,-2.443,2.168 -2.296,-2.442,1.912 -2.262,-2.450,1.907 -2.258,-2.450,2.162  r=13
;__create Blocks__
block create group "Blocks" poly face -2.370,-2.380,0.287 -2.442,-2.296,0.287 -2.442,-2.296,0.000 -2.370,-2.380,-0.000 face -3.511,-3.228,0.000 -3.364,-3.374,-0.000 -2.370,-2.380,-0.000 -2.442,-2.296,0.000 face -2.450,-2.205,0.286 -2.450,-2.205,0.000 -2.442,-2.296,0.000 -2.442,-2.296,0.287 face -2.370,-2.380,0.573 -2.442,-2.296,0.574 -2.442,-2.296,0.287 -2.370,-2.380,0.287 face -2.296,-2.442,0.000 -2.296,-2.442,0.286 -2.370,-2.380,0.287 -2.370,-2.380,-0.000 face -2.450,-2.205,0.571 -2.450,-2.205,0.286 -2.442,-2.296,0.287 -2.442,-2.296,0.574 face -2.370,-2.380,0.860 -2.442,-2.296,0.861 -2.442,-2.296,0.574 -2.370,-2.380,0.573 face -2.296,-2.442,0.286 -2.296,-2.442,0.572 -2.370,-2.380,0.573 -2.370,-2.380,0.287 face -2.450,-2.205,0.857 -2.450,-2.205,0.571 -2.442,-2.296,0.574 -2.442,-2.296,0.861 face -2.370,-2.380,1.147 -2.442,-2.296,1.147 -2.442,-2.296,0.861 -2.370,-2.380,0.860 face -2.296,-2.442,0.572 -2.296,-2.442,0.858 -2.370,-2.380,0.860 -2.370,-2.380,0.573 face -2.450,-2.205,1.142 -2.450,-2.205,0.857 -2.442,-2.296,0.861 -2.442,-2.296,1.147 face -3.592,-3.602,1.325 -3.744,-3.458,1.329 -2.442,-2.296,1.147 -2.370,-2.380,1.147 face -2.296,-2.442,0.858 -2.296,-2.442,1.145 -2.370,-2.380,1.147 -2.370,-2.380,0.860 face -2.944,-2.108,0.000 -3.511,-3.228,0.000 -2.442,-2.296,0.000 -2.450,-2.205,0.000 face -2.954,-2.109,0.295 -2.944,-2.108,0.000 -2.450,-2.205,0.000 -2.450,-2.205,0.286 face -2.963,-2.110,0.590 -2.954,-2.109,0.295 -2.450,-2.205,0.286 -2.450,-2.205,0.571 face -2.969,-2.110,0.885 -2.963,-2.110,0.590 -2.450,-2.205,0.571 -2.450,-2.205,0.857 face -2.974,-2.111,1.180 -2.969,-2.110,0.885 -2.450,-2.205,0.857 -2.450,-2.205,1.142 face -3.744,-3.458,1.329 -2.974,-2.111,1.180 -2.450,-2.205,1.142 -2.442,-2.296,1.147 face -3.586,-3.304,0.326 -3.511,-3.228,0.000 -2.944,-2.108,0.000 -2.954,-2.109,0.295 face -3.655,-3.372,0.655 -3.586,-3.304,0.326 -2.954,-2.109,0.295 -2.963,-2.110,0.590 face -3.709,-3.425,0.989 -3.655,-3.372,0.655 -2.963,-2.110,0.590 -2.969,-2.110,0.885 face -3.744,-3.458,1.329 -3.709,-3.425,0.989 -2.969,-2.110,0.885 -2.974,-2.111,1.180 face -3.440,-3.450,0.325 -3.364,-3.374,-0.000 -3.511,-3.228,0.000 -3.586,-3.304,0.326 face -3.507,-3.518,0.653 -3.440,-3.450,0.325 -3.586,-3.304,0.326 -3.655,-3.372,0.655 face -3.560,-3.570,0.987 -3.507,-3.518,0.653 -3.655,-3.372,0.655 -3.709,-3.425,0.989 face -3.592,-3.602,1.325 -3.560,-3.570,0.987 -3.709,-3.425,0.989 -3.744,-3.458,1.329 face -3.303,-3.586,0.324 -3.228,-3.511,0.000 -3.364,-3.374,-0.000 -3.440,-3.450,0.325 face -3.371,-3.654,0.652 -3.303,-3.586,0.324 -3.440,-3.450,0.325 -3.507,-3.518,0.653 face -3.423,-3.708,0.985 -3.371,-3.654,0.652 -3.507,-3.518,0.653 -3.560,-3.570,0.987 face -3.456,-3.743,1.323 -3.423,-3.708,0.985 -3.560,-3.570,0.987 -3.592,-3.602,1.325 face -2.296,-2.442,0.000 -2.370,-2.380,-0.000 -3.364,-3.374,-0.000 -3.228,-3.511,0.000 face -2.174,-3.138,0.295 -2.175,-3.122,0.000 -3.228,-3.511,0.000 -3.303,-3.586,0.324 face -2.173,-3.151,0.590 -2.174,-3.138,0.295 -3.303,-3.586,0.324 -3.371,-3.654,0.652 face -2.173,-3.161,0.885 -2.173,-3.151,0.590 -3.371,-3.654,0.652 -3.423,-3.708,0.985 face -2.172,-3.169,1.180 -2.173,-3.161,0.885 -3.423,-3.708,0.985 -3.456,-3.743,1.323 face -2.370,-2.380,1.147 -2.296,-2.442,1.145 -3.456,-3.743,1.323 -3.592,-3.602,1.325 face -2.251,-2.450,0.000 -2.296,-2.442,0.000 -3.228,-3.511,0.000 -2.175,-3.122,0.000 face -2.253,-2.450,0.285 -2.251,-2.450,0.000 -2.175,-3.122,0.000 -2.174,-3.138,0.295 face -2.254,-2.450,0.571 -2.253,-2.450,0.285 -2.174,-3.138,0.295 -2.173,-3.151,0.590 face -2.255,-2.450,0.856 -2.254,-2.450,0.571 -2.173,-3.151,0.590 -2.173,-3.161,0.885 face -2.257,-2.450,1.142 -2.255,-2.450,0.856 -2.173,-3.161,0.885 -2.172,-3.169,1.180 face -2.296,-2.442,1.145 -2.257,-2.450,1.142 -2.172,-3.169,1.180 -3.456,-3.743,1.323 face -2.296,-2.442,0.286 -2.296,-2.442,0.000 -2.251,-2.450,0.000 -2.253,-2.450,0.285 face -2.296,-2.442,0.572 -2.296,-2.442,0.286 -2.253,-2.450,0.285 -2.254,-2.450,0.571 face -2.296,-2.442,0.858 -2.296,-2.442,0.572 -2.254,-2.450,0.571 -2.255,-2.450,0.856 face -2.296,-2.442,1.145 -2.296,-2.442,0.858 -2.255,-2.450,0.856 -2.257,-2.450,1.142  r=14
;__create Blocks__
block create group "Blocks" poly face 2.450,0.000,0.277 2.450,-0.200,0.277 2.450,-0.200,0.000 2.450,0.000,0.000 face 3.211,-0.200,0.000 3.210,0.000,0.000 2.450,0.000,0.000 2.450,-0.200,0.000 face 2.450,-0.325,0.277 2.450,-0.325,0.000 2.450,-0.200,0.000 2.450,-0.200,0.277 face 2.450,0.000,0.554 2.450,-0.200,0.554 2.450,-0.200,0.277 2.450,0.000,0.277 face 2.450,0.200,0.000 2.450,0.200,0.277 2.450,0.000,0.277 2.450,0.000,0.000 face 2.450,-0.325,0.554 2.450,-0.325,0.277 2.450,-0.200,0.277 2.450,-0.200,0.554 face 2.450,0.000,0.832 2.450,-0.201,0.832 2.450,-0.200,0.554 2.450,0.000,0.554 face 2.450,0.200,0.277 2.450,0.200,0.555 2.450,0.000,0.554 2.450,0.000,0.277 face 2.450,-0.325,0.832 2.450,-0.325,0.554 2.450,-0.200,0.554 2.450,-0.201,0.832 face 2.450,0.000,1.109 2.450,-0.202,1.109 2.450,-0.201,0.832 2.450,0.000,0.832 face 2.450,0.200,0.555 2.450,0.201,0.832 2.450,0.000,0.832 2.450,0.000,0.554 face 2.450,-0.325,1.109 2.450,-0.325,0.832 2.450,-0.201,0.832 2.450,-0.202,1.109 face 3.494,0.000,1.241 3.496,-0.203,1.241 2.450,-0.202,1.109 2.450,0.000,1.109 face 2.450,0.201,0.832 2.450,0.202,1.109 2.450,0.000,1.109 2.450,0.000,0.832 face 2.930,-0.531,0.000 3.211,-0.200,0.000 2.450,-0.200,0.000 2.450,-0.325,0.000 face 2.957,-0.533,0.295 2.930,-0.531,0.000 2.450,-0.325,0.000 2.450,-0.325,0.277 face 2.981,-0.535,0.589 2.957,-0.533,0.295 2.450,-0.325,0.277 2.450,-0.325,0.554 face 3.001,-0.536,0.885 2.981,-0.535,0.589 2.450,-0.325,0.554 2.450,-0.325,0.832 face 3.016,-0.537,1.180 3.001,-0.536,0.885 2.450,-0.325,0.832 2.450,-0.325,1.109 face 3.496,-0.203,1.241 3.016,-0.537,1.180 2.450,-0.325,1.109 2.450,-0.202,1.109 face 3.299,-0.200,0.306 3.211,-0.200,0.000 2.930,-0.531,0.000 2.957,-0.533,0.295 face 3.380,-0.200,0.614 3.299,-0.200,0.306 2.957,-0.533,0.295 2.981,-0.535,0.589 face 3.448,-0.201,0.926 3.380,-0.200,0.614 2.981,-0.535,0.589 3.001,-0.536,0.885 face 3.496,-0.203,1.241 3.448,-0.201,0.926 3.001,-0.536,0.885 3.016,-0.537,1.180 face 3.299,0.000,0.306 3.210,0.000,0.000 3.211,-0.200,0.000 3.299,-0.200,0.306 face 3.380,0.000,0.614 3.299,0.000,0.306 3.299,-0.200,0.306 3.380,-0.200,0.614 face 3.446,0.000,0.926 3.380,0.000,0.614 3.380,-0.200,0.614 3.448,-0.201,0.926 face 3.494,0.000,1.241 3.446,0.000,0.926 3.448,-0.201,0.926 3.496,-0.203,1.241 face 3.299,0.200,0.306 3.211,0.200,0.000 3.210,0.000,0.000 3.299,0.000,0.306 face 3.380,0.200,0.615 3.299,0.200,0.306 3.299,0.000,0.306 3.380,0.000,0.614 face 3.448,0.201,0.926 3.380,0.200,0.615 3.380,0.000,0.614 3.446,0.000,0.926 face 3.496,0.203,1.241 3.448,0.201,0.926 3.446,0.000,0.926 3.494,0.000,1.241 face 2.450,0.200,0.000 2.450,0.000,0.000 3.210,0.000,0.000 3.211,0.200,0.000 face 2.954,0.538,0.295 2.928,0.535,0.000 3.211,0.200,0.000 3.299,0.200,0.306 face 2.978,0.540,0.589 2.954,0.538,0.295 3.299,0.200,0.306 3.380,0.200,0.615 face 2.997,0.542,0.885 2.978,0.540,0.589 3.380,0.200,0.615 3.448,0.201,0.926 face 3.012,0.543,1.180 2.997,0.542,0.885 3.448,0.201,0.926 3.496,0.203,1.241 face 2.450,0.000,1.109 2.450,0.202,1.109 3.496,0.203,1.241 3.494,0.000,1.241 face 2.450,0.325,0.000 2.450,0.200,0.000 3.211,0.200,0.000 2.928,0.535,0.000 face 2.450,0.325,0.277 2.450,0.325,0.000 2.928,0.535,0.000 2.954,0.538,0.295 face 2.450,0.325,0.555 2.450,0.325,0.277 2.954,0.538,0.295 2.978,0.540,0.589 face 2.450,0.325,0.832 2.450,0.325,0.555 2.978,0.540,0.589 2.997,0.542,0.885 face 2.450,0.325,1.109 2.450,0.325,0.832 2.997,0.542,0.885 3.012,0.543,1.180 face 2.450,0.202,1.109 2.450,0.325,1.109 3.012,0.543,1.180 3.496,0.203,1.241 face 2.450,0.200,0.277 2.450,0.200,0.000 2.450,0.325,0.000 2.450,0.325,0.277 face 2.450,0.200,0.555 2.450,0.200,0.277 2.450,0.325,0.277 2.450,0.325,0.555 face 2.450,0.201,0.832 2.450,0.200,0.555 2.450,0.325,0.555 2.450,0.325,0.832 face 2.450,0.202,1.109 2.450,0.201,0.832 2.450,0.325,0.832 2.450,0.325,1.109  r=15
;__create Blocks__
block create group "Blocks" poly face 2.370,-2.380,0.287 2.296,-2.442,0.286 2.296,-2.442,0.000 2.370,-2.380,-0.000 face 3.228,-3.511,0.000 3.364,-3.374,-0.000 2.370,-2.380,-0.000 2.296,-2.442,0.000 face 2.253,-2.450,0.285 2.251,-2.450,0.000 2.296,-2.442,0.000 2.296,-2.442,0.286 face 2.370,-2.380,0.573 2.296,-2.442,0.572 2.296,-2.442,0.286 2.370,-2.380,0.287 face 2.442,-2.296,0.000 2.442,-2.296,0.287 2.370,-2.380,0.287 2.370,-2.380,-0.000 face 2.254,-2.450,0.571 2.253,-2.450,0.285 2.296,-2.442,0.286 2.296,-2.442,0.572 face 2.370,-2.380,0.860 2.296,-2.442,0.858 2.296,-2.442,0.572 2.370,-2.380,0.573 face 2.442,-2.296,0.287 2.442,-2.296,0.574 2.370,-2.380,0.573 2.370,-2.380,0.287 face 2.255,-2.450,0.856 2.254,-2.450,0.571 2.296,-2.442,0.572 2.296,-2.442,0.858 face 2.370,-2.380,1.147 2.296,-2.442,1.145 2.296,-2.442,0.858 2.370,-2.380,0.860 face 2.442,-2.296,0.574 2.442,-2.296,0.861 2.370,-2.380,0.860 2.370,-2.380,0.573 face 2.257,-2.450,1.142 2.255,-2.450,0.856 2.296,-2.442,0.858 2.296,-2.442,1.145 face 3.592,-3.602,1.325 3.456,-3.743,1.323 2.296,-2.442,1.145 2.370,-2.380,1.147 face 2.442,-2.296,0.861 2.442,-2.296,1.148 2.370,-2.380,1.147 2.370,-2.380,0.860 face 2.175,-3.122,0.000 3.228,-3.511,0.000 2.296,-2.442,0.000 2.251,-2.450,0.000 face 2.174,-3.138,0.295 2.175,-3.122,0.000 2.251,-2.450,0.000 2.253,-2.450,0.285 face 2.173,-3.151,0.590 2.174,-3.138,0.295 2.253,-2.450,0.285 2.254,-2.450,0.571 face 2.173,-3.161,0.885 2.173,-3.151,0.590 2.254,-2.450,0.571 2.255,-2.450,0.856 face 2.172,-3.169,1.180 2.173,-3.161,0.885 2.255,-2.450,0.856 2.257,-2.450,1.142 face 3.456,-3.743,1.323 2.172,-3.169,1.180 2.257,-2.450,1.142 2.296,-2.442,1.145 face 3.303,-3.586,0.324 3.228,-3.511,0.000 2.175,-3.122,0.000 2.174,-3.138,0.295 face 3.371,-3.654,0.652 3.303,-3.586,0.324 2.174,-3.138,0.295 2.173,-3.151,0.590 face 3.423,-3.708,0.985 3.371,-3.654,0.652 2.173,-3.151,0.590 2.173,-3.161,0.885 face 3.456,-3.743,1.323 3.423,-3.708,0.985 2.173,-3.161,0.885 2.172,-3.169,1.180 face 3.440,-3.450,0.325 3.364,-3.374,-0.000 3.228,-3.511,0.000 3.303,-3.586,0.324 face 3.507,-3.518,0.653 3.440,-3.450,0.325 3.303,-3.586,0.324 3.371,-3.654,0.652 face 3.560,-3.570,0.987 3.507,-3.518,0.653 3.371,-3.654,0.652 3.423,-3.708,0.985 face 3.592,-3.602,1.325 3.560,-3.570,0.987 3.423,-3.708,0.985 3.456,-3.743,1.323 face 3.587,-3.304,0.326 3.511,-3.228,0.000 3.364,-3.374,-0.000 3.440,-3.450,0.325 face 3.655,-3.372,0.655 3.587,-3.304,0.326 3.440,-3.450,0.325 3.507,-3.518,0.653 face 3.709,-3.425,0.990 3.655,-3.372,0.655 3.507,-3.518,0.653 3.560,-3.570,0.987 face 3.744,-3.458,1.329 3.709,-3.425,0.990 3.560,-3.570,0.987 3.592,-3.602,1.325 face 2.442,-2.296,0.000 2.370,-2.380,-0.000 3.364,-3.374,-0.000 3.511,-3.228,0.000 face 2.951,-2.108,0.295 2.941,-2.107,0.000 3.511,-3.228,0.000 3.587,-3.304,0.326 face 2.960,-2.108,0.590 2.951,-2.108,0.295 3.587,-3.304,0.326 3.655,-3.372,0.655 face 2.967,-2.109,0.885 2.960,-2.108,0.590 3.655,-3.372,0.655 3.709,-3.425,0.990 face 2.971,-2.109,1.180 2.967,-2.109,0.885 3.709,-3.425,0.990 3.744,-3.458,1.329 face 2.370,-2.380,1.147 2.442,-2.296,1.148 3.744,-3.458,1.329 3.592,-3.602,1.325 face 2.450,-2.205,0.000 2.442,-2.296,0.000 3.511,-3.228,0.000 2.941,-2.107,0.000 face 2.450,-2.205,0.286 2.450,-2.205,0.000 2.941,-2.107,0.000 2.951,-2.108,0.295 face 2.450,-2.205,0.571 2.450,-2.205,0.286 2.951,-2.108,0.295 2.960,-2.108,0.590 face 2.450,-2.205,0.857 2.450,-2.205,0.571 2.960,-2.108,0.590 2.967,-2.109,0.885 face 2.450,-2.205,1.143 2.450,-2.205,0.857 2.967,-2.109,0.885 2.971,-2.109,1.180 face 2.442,-2.296,1.148 2.450,-2.205,1.143 2.971,-2.109,1.180 3.744,-3.458,1.329 face 2.442,-2.296,0.287 2.442,-2.296,0.000 2.450,-2.205,0.000 2.450,-2.205,0.286 face 2.442,-2.296,0.574 2.442,-2.296,0.287 2.450,-2.205,0.286 2.450,-2.205,0.571 face 2.442,-2.296,0.861 2.442,-2.296,0.574 2.450,-2.205,0.571 2.450,-2.205,0.857 face 2.442,-2.296,1.148 2.442,-2.296,0.861 2.450,-2.205,0.857 2.450,-2.205,1.143  r=16
;__create Blocks__
block create group "Blocks" poly face 0.000,2.450,1.369 0.204,2.450,1.374 0.202,2.450,1.128 0.000,2.450,1.124 face 0.203,3.237,1.232 0.000,3.237,1.228 0.000,2.450,1.124 0.202,2.450,1.128 face 0.540,2.450,1.383 0.540,2.450,1.134 0.202,2.450,1.128 0.204,2.450,1.374 face 0.000,2.450,1.614 0.206,2.450,1.621 0.204,2.450,1.374 0.000,2.450,1.369 face -0.202,2.450,1.120 -0.204,2.450,1.364 0.000,2.450,1.369 0.000,2.450,1.124 face 0.540,2.450,1.632 0.540,2.450,1.383 0.204,2.450,1.374 0.206,2.450,1.621 face 0.000,2.450,1.859 0.209,2.450,1.868 0.206,2.450,1.621 0.000,2.450,1.614 face -0.204,2.450,1.364 -0.206,2.450,1.607 0.000,2.450,1.614 0.000,2.450,1.369 face 0.541,2.450,1.881 0.540,2.450,1.632 0.206,2.450,1.621 0.209,2.450,1.868 face 0.000,2.450,2.104 0.213,2.450,2.114 0.209,2.450,1.868 0.000,2.450,1.859 face -0.206,2.450,1.607 -0.208,2.450,1.850 0.000,2.450,1.859 0.000,2.450,1.614 face 0.543,2.450,2.130 0.541,2.450,1.881 0.209,2.450,1.868 0.213,2.450,2.114 face 0.000,3.242,2.395 0.217,3.241,2.406 0.213,2.450,2.114 0.000,2.450,2.104 face -0.208,2.450,1.850 -0.213,2.450,2.093 0.000,2.450,2.104 0.000,2.450,1.859 face 0.547,2.800,1.180 0.203,3.237,1.232 0.202,2.450,1.128 0.540,2.450,1.134 face 0.548,2.800,1.450 0.547,2.800,1.180 0.540,2.450,1.134 0.540,2.450,1.383 face 0.547,2.800,1.720 0.548,2.800,1.450 0.540,2.450,1.383 0.540,2.450,1.632 face 0.549,2.800,1.990 0.547,2.800,1.720 0.540,2.450,1.632 0.541,2.450,1.881 face 0.553,2.800,2.260 0.549,2.800,1.990 0.541,2.450,1.881 0.543,2.450,2.130 face 0.217,3.241,2.406 0.553,2.800,2.260 0.543,2.450,2.130 0.213,2.450,2.114 face 0.204,3.241,1.525 0.203,3.237,1.232 0.547,2.800,1.180 0.548,2.800,1.450 face 0.207,3.243,1.819 0.204,3.241,1.525 0.548,2.800,1.450 0.547,2.800,1.720 face 0.211,3.243,2.113 0.207,3.243,1.819 0.547,2.800,1.720 0.549,2.800,1.990 face 0.217,3.241,2.406 0.211,3.243,2.113 0.549,2.800,1.990 0.553,2.800,2.260 face 0.000,3.240,1.520 0.000,3.237,1.228 0.203,3.237,1.232 0.204,3.241,1.525 face 0.000,3.242,1.812 0.000,3.240,1.520 0.204,3.241,1.525 0.207,3.243,1.819 face 0.000,3.243,2.104 0.000,3.242,1.812 0.207,3.243,1.819 0.211,3.243,2.113 face 0.000,3.242,2.395 0.000,3.243,2.104 0.211,3.243,2.113 0.217,3.241,2.406 face -0.204,3.240,1.515 -0.202,3.237,1.224 0.000,3.237,1.228 0.000,3.240,1.520 face -0.207,3.243,1.805 -0.204,3.240,1.515 0.000,3.240,1.520 0.000,3.242,1.812 face -0.210,3.243,2.095 -0.207,3.243,1.805 0.000,3.242,1.812 0.000,3.243,2.104 face -0.217,3.241,2.385 -0.210,3.243,2.095 0.000,3.243,2.104 0.000,3.242,2.395 face -0.202,2.450,1.120 0.000,2.450,1.124 0.000,3.237,1.228 -0.202,3.237,1.224 face -0.518,2.944,1.450 -0.517,2.943,1.180 -0.202,3.237,1.224 -0.204,3.240,1.515 face -0.518,2.945,1.720 -0.518,2.944,1.450 -0.204,3.240,1.515 -0.207,3.243,1.805 face -0.519,2.946,1.990 -0.518,2.945,1.720 -0.207,3.243,1.805 -0.210,3.243,2.095 face -0.524,2.945,2.260 -0.519,2.946,1.990 -0.210,3.243,2.095 -0.217,3.241,2.385 face 0.000,2.450,2.104 -0.213,2.450,2.093 -0.217,3.241,2.385 0.000,3.242,2.395 face -0.341,2.450,1.118 -0.202,2.450,1.120 -0.202,3.237,1.224 -0.517,2.943,1.180 face -0.341,2.450,1.360 -0.341,2.450,1.118 -0.517,2.943,1.180 -0.518,2.944,1.450 face -0.341,2.450,1.602 -0.341,2.450,1.360 -0.518,2.944,1.450 -0.518,2.945,1.720 face -0.341,2.450,1.844 -0.341,2.450,1.602 -0.518,2.945,1.720 -0.519,2.946,1.990 face -0.343,2.450,2.087 -0.341,2.450,1.844 -0.519,2.946,1.990 -0.524,2.945,2.260 face -0.213,2.450,2.093 -0.343,2.450,2.087 -0.524,2.945,2.260 -0.217,3.241,2.385 face -0.204,2.450,1.364 -0.202,2.450,1.120 -0.341,2.450,1.118 -0.341,2.450,1.360 face -0.206,2.450,1.607 -0.204,2.450,1.364 -0.341,2.450,1.360 -0.341,2.450,1.602 face -0.208,2.450,1.850 -0.206,2.450,1.607 -0.341,2.450,1.602 -0.341,2.450,1.844 face -0.213,2.450,2.093 -0.208,2.450,1.850 -0.341,2.450,1.844 -0.343,2.450,2.087  r=17
;__create Blocks__
block create group "Blocks" poly face 2.450,0.000,1.347 2.450,-0.204,1.347 2.450,-0.202,1.109 2.450,0.000,1.109 face 3.496,-0.203,1.241 3.494,0.000,1.241 2.450,0.000,1.109 2.450,-0.202,1.109 face 2.450,-0.325,1.346 2.450,-0.325,1.109 2.450,-0.202,1.109 2.450,-0.204,1.347 face 2.450,0.000,1.584 2.450,-0.206,1.584 2.450,-0.204,1.347 2.450,0.000,1.347 face 2.450,0.202,1.109 2.450,0.204,1.347 2.450,0.000,1.347 2.450,0.000,1.109 face 2.450,-0.325,1.584 2.450,-0.325,1.346 2.450,-0.204,1.347 2.450,-0.206,1.584 face 2.450,0.000,1.822 2.450,-0.208,1.822 2.450,-0.206,1.584 2.450,0.000,1.584 face 2.450,0.204,1.347 2.450,0.206,1.585 2.450,0.000,1.584 2.450,0.000,1.347 face 2.450,-0.325,1.822 2.450,-0.325,1.584 2.450,-0.206,1.584 2.450,-0.208,1.822 face 2.450,0.000,2.060 2.450,-0.213,2.060 2.450,-0.208,1.822 2.450,0.000,1.822 face 2.450,0.206,1.585 2.450,0.208,1.822 2.450,0.000,1.822 2.450,0.000,1.584 face 2.450,-0.327,2.059 2.450,-0.325,1.822 2.450,-0.208,1.822 2.450,-0.213,2.060 face 3.494,0.000,2.426 3.499,-0.220,2.428 2.450,-0.213,2.060 2.450,0.000,2.060 face 2.450,0.208,1.822 2.450,0.213,2.060 2.450,0.000,2.060 2.450,0.000,1.822 face 3.016,-0.537,1.180 3.496,-0.203,1.241 2.450,-0.202,1.109 2.450,-0.325,1.109 face 3.025,-0.537,1.450 3.016,-0.537,1.180 2.450,-0.325,1.109 2.450,-0.325,1.346 face 3.028,-0.538,1.720 3.025,-0.537,1.450 2.450,-0.325,1.346 2.450,-0.325,1.584 face 3.027,-0.538,1.990 3.028,-0.538,1.720 2.450,-0.325,1.584 2.450,-0.325,1.822 face 3.022,-0.540,2.260 3.027,-0.538,1.990 2.450,-0.325,1.822 2.450,-0.327,2.059 face 3.499,-0.220,2.428 3.022,-0.540,2.260 2.450,-0.327,2.059 2.450,-0.213,2.060 face 3.523,-0.205,1.537 3.496,-0.203,1.241 3.016,-0.537,1.180 3.025,-0.537,1.450 face 3.530,-0.207,1.834 3.523,-0.205,1.537 3.025,-0.537,1.450 3.028,-0.538,1.720 face 3.520,-0.212,2.131 3.530,-0.207,1.834 3.028,-0.538,1.720 3.027,-0.538,1.990 face 3.499,-0.220,2.428 3.520,-0.212,2.131 3.027,-0.538,1.990 3.022,-0.540,2.260 face 3.519,0.000,1.536 3.494,0.000,1.241 3.496,-0.203,1.241 3.523,-0.205,1.537 face 3.525,0.000,1.833 3.519,0.000,1.536 3.523,-0.205,1.537 3.530,-0.207,1.834 face 3.515,0.000,2.130 3.525,0.000,1.833 3.530,-0.207,1.834 3.520,-0.212,2.131 face 3.494,0.000,2.426 3.515,0.000,2.130 3.520,-0.212,2.131 3.499,-0.220,2.428 face 3.523,0.205,1.537 3.496,0.203,1.241 3.494,0.000,1.241 3.519,0.000,1.536 face 3.530,0.207,1.835 3.523,0.205,1.537 3.519,0.000,1.536 3.525,0.000,1.833 face 3.520,0.212,2.132 3.530,0.207,1.835 3.525,0.000,1.833 3.515,0.000,2.130 face 3.499,0.220,2.428 3.520,0.212,2.132 3.515,0.000,2.130 3.494,0.000,2.426 face 2.450,0.202,1.109 2.450,0.000,1.109 3.494,0.000,1.241 3.496,0.203,1.241 face 3.020,0.544,1.450 3.012,0.543,1.180 3.496,0.203,1.241 3.523,0.205,1.537 face 3.023,0.544,1.720 3.020,0.544,1.450 3.523,0.205,1.537 3.530,0.207,1.835 face 3.023,0.545,1.990 3.023,0.544,1.720 3.530,0.207,1.835 3.520,0.212,2.132 face 3.018,0.547,2.260 3.023,0.545,1.990 3.520,0.212,2.132 3.499,0.220,2.428 face 2.450,0.000,2.060 2.450,0.213,2.060 3.499,0.220,2.428 3.494,0.000,2.426 face 2.450,0.325,1.109 2.450,0.202,1.109 3.496,0.203,1.241 3.012,0.543,1.180 face 2.450,0.325,1.347 2.450,0.325,1.109 3.012,0.543,1.180 3.020,0.544,1.450 face 2.450,0.325,1.585 2.450,0.325,1.347 3.020,0.544,1.450 3.023,0.544,1.720 face 2.450,0.325,1.823 2.450,0.325,1.585 3.023,0.544,1.720 3.023,0.545,1.990 face 2.450,0.327,2.060 2.450,0.325,1.823 3.023,0.545,1.990 3.018,0.547,2.260 face 2.450,0.213,2.060 2.450,0.327,2.060 3.018,0.547,2.260 3.499,0.220,2.428 face 2.450,0.204,1.347 2.450,0.202,1.109 2.450,0.325,1.109 2.450,0.325,1.347 face 2.450,0.206,1.585 2.450,0.204,1.347 2.450,0.325,1.347 2.450,0.325,1.585 face 2.450,0.208,1.822 2.450,0.206,1.585 2.450,0.325,1.585 2.450,0.325,1.823 face 2.450,0.213,2.060 2.450,0.208,1.822 2.450,0.325,1.823 2.450,0.327,2.060  r=18
;__create Blocks__
block create group "Blocks" poly face 2.450,0.000,2.459 2.450,-0.226,2.399 2.450,-0.213,2.060 2.450,0.000,2.060 face 3.499,-0.220,2.428 3.494,0.000,2.426 2.450,0.000,2.060 2.450,-0.213,2.060 face 2.450,-0.332,2.386 2.450,-0.327,2.059 2.450,-0.213,2.060 2.450,-0.226,2.399 face 2.450,0.000,2.858 2.450,-0.249,2.738 2.450,-0.226,2.399 2.450,0.000,2.459 face 2.450,0.213,2.060 2.450,0.226,2.399 2.450,0.000,2.459 2.450,0.000,2.060 face 2.450,-0.345,2.713 2.450,-0.332,2.386 2.450,-0.226,2.399 2.450,-0.249,2.738 face 2.450,0.000,3.258 2.450,-0.288,3.076 2.450,-0.249,2.738 2.450,0.000,2.858 face 2.450,0.226,2.399 2.450,0.250,2.736 2.450,0.000,2.858 2.450,0.000,2.459 face 2.450,-0.371,3.039 2.450,-0.345,2.713 2.450,-0.249,2.738 2.450,-0.288,3.076 face 2.450,0.000,3.657 2.450,-0.351,3.410 2.450,-0.288,3.076 2.450,0.000,3.258 face 2.450,0.250,2.736 2.450,0.291,3.072 2.450,0.000,3.258 2.450,0.000,2.858 face 2.450,-0.420,3.362 2.450,-0.371,3.039 2.450,-0.288,3.076 2.450,-0.351,3.410 face 3.279,0.000,3.729 3.336,-0.307,3.519 2.450,-0.351,3.410 2.450,0.000,3.657 face 2.450,0.291,3.072 2.450,0.360,3.404 2.450,0.000,3.657 2.450,0.000,3.258 face 3.022,-0.540,2.260 3.499,-0.220,2.428 2.450,-0.213,2.060 2.450,-0.327,2.059 face 3.014,-0.545,2.517 3.022,-0.540,2.260 2.450,-0.327,2.059 2.450,-0.332,2.386 face 3.003,-0.554,2.773 3.014,-0.545,2.517 2.450,-0.332,2.386 2.450,-0.345,2.713 face 2.988,-0.570,3.029 3.003,-0.554,2.773 2.450,-0.345,2.713 2.450,-0.371,3.039 face 2.968,-0.595,3.284 2.988,-0.570,3.029 2.450,-0.371,3.039 2.450,-0.420,3.362 face 3.336,-0.307,3.519 2.968,-0.595,3.284 2.450,-0.420,3.362 2.450,-0.351,3.410 face 3.469,-0.232,2.703 3.499,-0.220,2.428 3.022,-0.540,2.260 3.014,-0.545,2.517 face 3.432,-0.249,2.976 3.469,-0.232,2.703 3.014,-0.545,2.517 3.003,-0.554,2.773 face 3.387,-0.274,3.249 3.432,-0.249,2.976 3.003,-0.554,2.773 2.988,-0.570,3.029 face 3.336,-0.307,3.519 3.387,-0.274,3.249 2.988,-0.570,3.029 2.968,-0.595,3.284 face 3.458,0.000,2.755 3.494,0.000,2.426 3.499,-0.220,2.428 3.469,-0.232,2.703 face 3.410,0.000,3.082 3.458,0.000,2.755 3.469,-0.232,2.703 3.432,-0.249,2.976 face 3.351,0.000,3.407 3.410,0.000,3.082 3.432,-0.249,2.976 3.387,-0.274,3.249 face 3.279,0.000,3.729 3.351,0.000,3.407 3.387,-0.274,3.249 3.336,-0.307,3.519 face 3.469,0.232,2.703 3.499,0.220,2.428 3.494,0.000,2.426 3.458,0.000,2.755 face 3.431,0.250,2.976 3.469,0.232,2.703 3.458,0.000,2.755 3.410,0.000,3.082 face 3.385,0.275,3.247 3.431,0.250,2.976 3.410,0.000,3.082 3.351,0.000,3.407 face 3.331,0.310,3.516 3.385,0.275,3.247 3.351,0.000,3.407 3.279,0.000,3.729 face 2.450,0.213,2.060 2.450,0.000,2.060 3.494,0.000,2.426 3.499,0.220,2.428 face 3.010,0.552,2.515 3.018,0.547,2.260 3.499,0.220,2.428 3.469,0.232,2.703 face 2.999,0.561,2.771 3.010,0.552,2.515 3.469,0.232,2.703 3.431,0.250,2.976 face 2.984,0.576,3.025 2.999,0.561,2.771 3.431,0.250,2.976 3.385,0.275,3.247 face 2.964,0.602,3.279 2.984,0.576,3.025 3.385,0.275,3.247 3.331,0.310,3.516 face 2.450,0.000,3.657 2.450,0.360,3.404 3.331,0.310,3.516 3.279,0.000,3.729 face 2.450,0.327,2.060 2.450,0.213,2.060 3.499,0.220,2.428 3.018,0.547,2.260 face 2.450,0.332,2.386 2.450,0.327,2.060 3.018,0.547,2.260 3.010,0.552,2.515 face 2.450,0.346,2.712 2.450,0.332,2.386 3.010,0.552,2.515 2.999,0.561,2.771 face 2.450,0.373,3.037 2.450,0.346,2.712 2.999,0.561,2.771 2.984,0.576,3.025 face 2.450,0.423,3.360 2.450,0.373,3.037 2.984,0.576,3.025 2.964,0.602,3.279 face 2.450,0.360,3.404 2.450,0.423,3.360 2.964,0.602,3.279 3.331,0.310,3.516 face 2.450,0.226,2.399 2.450,0.213,2.060 2.450,0.327,2.060 2.450,0.332,2.386 face 2.450,0.250,2.736 2.450,0.226,2.399 2.450,0.332,2.386 2.450,0.346,2.712 face 2.450,0.291,3.072 2.450,0.250,2.736 2.450,0.346,2.712 2.450,0.373,3.037 face 2.450,0.360,3.404 2.450,0.291,3.072 2.450,0.373,3.037 2.450,0.423,3.360  r=19
;__create Blocks__
block create group "Blocks" poly face 2.370,-2.380,1.404 2.296,-2.442,1.401 2.296,-2.442,1.145 2.370,-2.380,1.147 face 3.456,-3.743,1.323 3.592,-3.602,1.325 2.370,-2.380,1.147 2.296,-2.442,1.145 face 2.259,-2.450,1.397 2.257,-2.450,1.142 2.296,-2.442,1.145 2.296,-2.442,1.401 face 2.370,-2.380,1.661 2.297,-2.442,1.657 2.296,-2.442,1.401 2.370,-2.380,1.404 face 2.442,-2.296,1.148 2.442,-2.296,1.404 2.370,-2.380,1.404 2.370,-2.380,1.147 face 2.261,-2.450,1.652 2.259,-2.450,1.397 2.296,-2.442,1.401 2.297,-2.442,1.657 face 2.370,-2.380,1.918 2.296,-2.442,1.913 2.297,-2.442,1.657 2.370,-2.380,1.661 face 2.442,-2.296,1.404 2.442,-2.297,1.661 2.370,-2.380,1.661 2.370,-2.380,1.404 face 2.262,-2.450,1.907 2.261,-2.450,1.652 2.297,-2.442,1.657 2.296,-2.442,1.913 face 2.370,-2.380,2.174 2.292,-2.443,2.168 2.296,-2.442,1.913 2.370,-2.380,1.918 face 2.442,-2.297,1.661 2.442,-2.296,1.918 2.370,-2.380,1.918 2.370,-2.380,1.661 face 2.258,-2.450,2.162 2.262,-2.450,1.907 2.296,-2.442,1.913 2.292,-2.443,2.168 face 3.513,-3.523,2.643 3.359,-3.689,2.639 2.292,-2.443,2.168 2.370,-2.380,2.174 face 2.442,-2.296,1.918 2.443,-2.294,2.175 2.370,-2.380,2.174 2.370,-2.380,1.918 face 2.172,-3.169,1.180 3.456,-3.743,1.323 2.296,-2.442,1.145 2.257,-2.450,1.142 face 2.171,-3.174,1.451 2.172,-3.169,1.180 2.257,-2.450,1.142 2.259,-2.450,1.397 face 2.163,-3.175,1.721 2.171,-3.174,1.451 2.259,-2.450,1.397 2.261,-2.450,1.652 face 2.144,-3.172,1.991 2.163,-3.175,1.721 2.261,-2.450,1.652 2.262,-2.450,1.907 face 2.112,-3.162,2.260 2.144,-3.172,1.991 2.262,-2.450,1.907 2.258,-2.450,2.162 face 3.359,-3.689,2.639 2.112,-3.162,2.260 2.258,-2.450,2.162 2.292,-2.443,2.168 face 3.465,-3.757,1.654 3.456,-3.743,1.323 2.172,-3.169,1.180 2.171,-3.174,1.451 face 3.451,-3.750,1.986 3.465,-3.757,1.654 2.171,-3.174,1.451 2.163,-3.175,1.721 face 3.417,-3.726,2.315 3.451,-3.750,1.986 2.163,-3.175,1.721 2.144,-3.172,1.991 face 3.359,-3.689,2.639 3.417,-3.726,2.315 2.144,-3.172,1.991 2.112,-3.162,2.260 face 3.602,-3.613,1.657 3.592,-3.602,1.325 3.456,-3.743,1.323 3.465,-3.757,1.654 face 3.591,-3.602,1.989 3.602,-3.613,1.657 3.465,-3.757,1.654 3.451,-3.750,1.986 face 3.561,-3.571,2.318 3.591,-3.602,1.989 3.451,-3.750,1.986 3.417,-3.726,2.315 face 3.513,-3.523,2.643 3.561,-3.571,2.318 3.417,-3.726,2.315 3.359,-3.689,2.639 face 3.757,-3.468,1.662 3.744,-3.458,1.329 3.592,-3.602,1.325 3.602,-3.613,1.657 face 3.749,-3.456,1.996 3.757,-3.468,1.662 3.602,-3.613,1.657 3.591,-3.602,1.989 face 3.725,-3.424,2.328 3.749,-3.456,1.996 3.591,-3.602,1.989 3.561,-3.571,2.318 face 3.687,-3.372,2.655 3.725,-3.424,2.328 3.561,-3.571,2.318 3.513,-3.523,2.643 face 2.442,-2.296,1.148 2.370,-2.380,1.147 3.592,-3.602,1.325 3.744,-3.458,1.329 face 2.974,-2.109,1.450 2.971,-2.109,1.180 3.744,-3.458,1.329 3.757,-3.468,1.662 face 2.975,-2.109,1.720 2.974,-2.109,1.450 3.757,-3.468,1.662 3.749,-3.456,1.996 face 2.973,-2.109,1.990 2.975,-2.109,1.720 3.749,-3.456,1.996 3.725,-3.424,2.328 face 2.971,-2.106,2.260 2.973,-2.109,1.990 3.725,-3.424,2.328 3.687,-3.372,2.655 face 2.370,-2.380,2.174 2.443,-2.294,2.175 3.687,-3.372,2.655 3.513,-3.523,2.643 face 2.450,-2.205,1.143 2.442,-2.296,1.148 3.744,-3.458,1.329 2.971,-2.109,1.180 face 2.450,-2.205,1.397 2.450,-2.205,1.143 2.971,-2.109,1.180 2.974,-2.109,1.450 face 2.450,-2.205,1.651 2.450,-2.205,1.397 2.974,-2.109,1.450 2.975,-2.109,1.720 face 2.450,-2.205,1.906 2.450,-2.205,1.651 2.975,-2.109,1.720 2.973,-2.109,1.990 face 2.450,-2.203,2.160 2.450,-2.205,1.906 2.973,-2.109,1.990 2.971,-2.106,2.260 face 2.443,-2.294,2.175 2.450,-2.203,2.160 2.971,-2.106,2.260 3.687,-3.372,2.655 face 2.442,-2.296,1.404 2.442,-2.296,1.148 2.450,-2.205,1.143 2.450,-2.205,1.397 face 2.442,-2.297,1.661 2.442,-2.296,1.404 2.450,-2.205,1.397 2.450,-2.205,1.651 face 2.442,-2.296,1.918 2.442,-2.297,1.661 2.450,-2.205,1.651 2.450,-2.205,1.906 face 2.443,-2.294,2.175 2.442,-2.296,1.918 2.450,-2.205,1.906 2.450,-2.203,2.160  r=20
;__create Blocks__
block create group "Blocks" poly face 2.375,2.375,0.290 2.442,2.296,0.290 2.442,2.296,0.000 2.375,2.375,0.000 face 3.193,2.910,0.000 3.051,3.051,-0.000 2.375,2.375,0.000 2.442,2.296,0.000 face 2.450,2.205,0.288 2.450,2.205,0.000 2.442,2.296,0.000 2.442,2.296,0.290 face 2.375,2.375,0.581 2.442,2.296,0.580 2.442,2.296,0.290 2.375,2.375,0.290 face 2.296,2.442,0.000 2.296,2.442,0.290 2.375,2.375,0.290 2.375,2.375,0.000 face 2.450,2.205,0.577 2.450,2.205,0.288 2.442,2.296,0.290 2.442,2.296,0.580 face 2.375,2.375,0.871 2.442,2.296,0.870 2.442,2.296,0.580 2.375,2.375,0.581 face 2.296,2.442,0.290 2.296,2.442,0.581 2.375,2.375,0.581 2.375,2.375,0.290 face 2.450,2.205,0.865 2.450,2.205,0.577 2.442,2.296,0.580 2.442,2.296,0.870 face 2.375,2.375,1.162 2.442,2.296,1.160 2.442,2.296,0.870 2.375,2.375,0.871 face 2.296,2.442,0.581 2.296,2.442,0.871 2.375,2.375,0.871 2.375,2.375,0.581 face 2.450,2.205,1.153 2.450,2.205,0.865 2.442,2.296,0.870 2.442,2.296,1.160 face 3.331,3.331,1.307 3.476,3.190,1.306 2.442,2.296,1.160 2.375,2.375,1.162 face 2.296,2.442,0.871 2.296,2.442,1.161 2.375,2.375,1.162 2.375,2.375,0.871 face 2.891,2.106,0.000 3.193,2.910,0.000 2.442,2.296,0.000 2.450,2.205,0.000 face 2.906,2.108,0.295 2.891,2.106,0.000 2.450,2.205,0.000 2.450,2.205,0.288 face 2.919,2.109,0.590 2.906,2.108,0.295 2.450,2.205,0.288 2.450,2.205,0.577 face 2.929,2.110,0.885 2.919,2.109,0.590 2.450,2.205,0.577 2.450,2.205,0.865 face 2.936,2.111,1.180 2.929,2.110,0.885 2.450,2.205,0.865 2.450,2.205,1.153 face 3.476,3.190,1.306 2.936,2.111,1.180 2.450,2.205,1.153 2.442,2.296,1.160 face 3.281,2.999,0.318 3.193,2.910,0.000 2.891,2.106,0.000 2.906,2.108,0.295 face 3.363,3.080,0.641 3.281,2.999,0.318 2.906,2.108,0.295 2.919,2.109,0.590 face 3.429,3.145,0.970 3.363,3.080,0.641 2.919,2.109,0.590 2.929,2.110,0.885 face 3.476,3.190,1.306 3.429,3.145,0.970 2.929,2.110,0.885 2.936,2.111,1.180 face 3.140,3.140,0.318 3.051,3.051,-0.000 3.193,2.910,0.000 3.281,2.999,0.318 face 3.221,3.221,0.641 3.140,3.140,0.318 3.281,2.999,0.318 3.363,3.080,0.641 face 3.286,3.286,0.971 3.221,3.221,0.641 3.363,3.080,0.641 3.429,3.145,0.970 face 3.331,3.331,1.307 3.286,3.286,0.971 3.429,3.145,0.970 3.476,3.190,1.306 face 2.999,3.282,0.319 2.910,3.192,0.000 3.051,3.051,-0.000 3.140,3.140,0.318 face 3.080,3.363,0.642 2.999,3.282,0.319 3.140,3.140,0.318 3.221,3.221,0.641 face 3.145,3.430,0.972 3.080,3.363,0.642 3.221,3.221,0.641 3.286,3.286,0.971 face 3.190,3.476,1.309 3.145,3.430,0.972 3.286,3.286,0.971 3.331,3.331,1.307 face 2.296,2.442,0.000 2.375,2.375,0.000 3.051,3.051,-0.000 2.910,3.192,0.000 face 2.148,2.800,0.295 2.148,2.800,0.000 2.910,3.192,0.000 2.999,3.282,0.319 face 2.148,2.800,0.590 2.148,2.800,0.295 2.999,3.282,0.319 3.080,3.363,0.642 face 2.148,2.800,0.885 2.148,2.800,0.590 3.080,3.363,0.642 3.145,3.430,0.972 face 2.148,2.800,1.180 2.148,2.800,0.885 3.145,3.430,0.972 3.190,3.476,1.309 face 2.375,2.375,1.162 2.296,2.442,1.161 3.190,3.476,1.309 3.331,3.331,1.307 face 2.148,2.450,0.000 2.296,2.442,0.000 2.910,3.192,0.000 2.148,2.800,0.000 face 2.148,2.450,0.288 2.148,2.450,0.000 2.148,2.800,0.000 2.148,2.800,0.295 face 2.148,2.450,0.576 2.148,2.450,0.288 2.148,2.800,0.295 2.148,2.800,0.590 face 2.148,2.450,0.864 2.148,2.450,0.576 2.148,2.800,0.590 2.148,2.800,0.885 face 2.148,2.450,1.152 2.148,2.450,0.864 2.148,2.800,0.885 2.148,2.800,1.180 face 2.296,2.442,1.161 2.148,2.450,1.152 2.148,2.800,1.180 3.190,3.476,1.309 face 2.296,2.442,0.290 2.296,2.442,0.000 2.148,2.450,0.000 2.148,2.450,0.288 face 2.296,2.442,0.581 2.296,2.442,0.290 2.148,2.450,0.288 2.148,2.450,0.576 face 2.296,2.442,0.871 2.296,2.442,0.581 2.148,2.450,0.576 2.148,2.450,0.864 face 2.296,2.442,1.161 2.296,2.442,0.871 2.148,2.450,0.864 2.148,2.450,1.152  r=21
;__create Blocks__
block create group "Blocks" poly face 2.375,2.375,1.424 2.442,2.296,1.421 2.442,2.296,1.160 2.375,2.375,1.162 face 3.476,3.190,1.306 3.331,3.331,1.307 2.375,2.375,1.162 2.442,2.296,1.160 face 2.450,2.205,1.411 2.450,2.205,1.153 2.442,2.296,1.160 2.442,2.296,1.421 face 2.375,2.375,1.685 2.442,2.297,1.682 2.442,2.296,1.421 2.375,2.375,1.424 face 2.296,2.442,1.161 2.296,2.442,1.423 2.375,2.375,1.424 2.375,2.375,1.162 face 2.450,2.205,1.669 2.450,2.205,1.411 2.442,2.296,1.421 2.442,2.297,1.682 face 2.375,2.375,1.947 2.442,2.296,1.943 2.442,2.297,1.682 2.375,2.375,1.685 face 2.296,2.442,1.423 2.297,2.442,1.685 2.375,2.375,1.685 2.375,2.375,1.424 face 2.450,2.205,1.927 2.450,2.205,1.669 2.442,2.297,1.682 2.442,2.296,1.943 face 2.375,2.375,2.209 2.442,2.294,2.204 2.442,2.296,1.943 2.375,2.375,1.947 face 2.297,2.442,1.685 2.296,2.442,1.947 2.375,2.375,1.947 2.375,2.375,1.685 face 2.450,2.203,2.185 2.450,2.205,1.927 2.442,2.296,1.943 2.442,2.294,2.204 face 3.310,3.310,2.607 3.469,3.161,2.604 2.442,2.294,2.204 2.375,2.375,2.209 face 2.296,2.442,1.947 2.294,2.442,2.209 2.375,2.375,2.209 2.375,2.375,1.947 face 2.936,2.111,1.180 3.476,3.190,1.306 2.442,2.296,1.160 2.450,2.205,1.153 face 2.940,2.111,1.450 2.936,2.111,1.180 2.450,2.205,1.153 2.450,2.205,1.411 face 2.942,2.112,1.720 2.940,2.111,1.450 2.450,2.205,1.411 2.450,2.205,1.669 face 2.942,2.111,1.990 2.942,2.112,1.720 2.450,2.205,1.669 2.450,2.205,1.927 face 2.940,2.108,2.260 2.942,2.111,1.990 2.450,2.205,1.927 2.450,2.203,2.185 face 3.469,3.161,2.604 2.940,2.108,2.260 2.450,2.203,2.185 2.442,2.294,2.204 face 3.500,3.212,1.630 3.476,3.190,1.306 2.936,2.111,1.180 2.940,2.111,1.450 face 3.504,3.212,1.956 3.500,3.212,1.630 2.940,2.111,1.450 2.942,2.112,1.720 face 3.492,3.195,2.281 3.504,3.212,1.956 2.942,2.112,1.720 2.942,2.111,1.990 face 3.469,3.161,2.604 3.492,3.195,2.281 2.942,2.111,1.990 2.940,2.108,2.260 face 3.352,3.352,1.632 3.331,3.331,1.307 3.476,3.190,1.306 3.500,3.212,1.630 face 3.354,3.354,1.958 3.352,3.352,1.632 3.500,3.212,1.630 3.504,3.212,1.956 face 3.339,3.339,2.283 3.354,3.354,1.958 3.504,3.212,1.956 3.492,3.195,2.281 face 3.310,3.310,2.607 3.339,3.339,2.283 3.492,3.195,2.281 3.469,3.161,2.604 face 3.212,3.500,1.635 3.190,3.476,1.309 3.331,3.331,1.307 3.352,3.352,1.632 face 3.212,3.504,1.962 3.212,3.500,1.635 3.352,3.352,1.632 3.354,3.354,1.958 face 3.194,3.492,2.288 3.212,3.504,1.962 3.354,3.354,1.958 3.339,3.339,2.283 face 3.159,3.468,2.613 3.194,3.492,2.288 3.339,3.339,2.283 3.310,3.310,2.607 face 2.296,2.442,1.161 2.375,2.375,1.162 3.331,3.331,1.307 3.190,3.476,1.309 face 2.147,2.800,1.450 2.148,2.800,1.180 3.190,3.476,1.309 3.212,3.500,1.635 face 2.148,2.800,1.720 2.147,2.800,1.450 3.212,3.500,1.635 3.212,3.504,1.962 face 2.146,2.800,1.990 2.148,2.800,1.720 3.212,3.504,1.962 3.194,3.492,2.288 face 2.142,2.800,2.260 2.146,2.800,1.990 3.194,3.492,2.288 3.159,3.468,2.613 face 2.375,2.375,2.209 2.294,2.442,2.209 3.159,3.468,2.613 3.310,3.310,2.607 face 2.148,2.450,1.152 2.296,2.442,1.161 3.190,3.476,1.309 2.148,2.800,1.180 face 2.147,2.450,1.409 2.148,2.450,1.152 2.148,2.800,1.180 2.147,2.800,1.450 face 2.148,2.450,1.666 2.147,2.450,1.409 2.147,2.800,1.450 2.148,2.800,1.720 face 2.147,2.450,1.923 2.148,2.450,1.666 2.148,2.800,1.720 2.146,2.800,1.990 face 2.144,2.450,2.181 2.147,2.450,1.923 2.146,2.800,1.990 2.142,2.800,2.260 face 2.294,2.442,2.209 2.144,2.450,2.181 2.142,2.800,2.260 3.159,3.468,2.613 face 2.296,2.442,1.423 2.296,2.442,1.161 2.148,2.450,1.152 2.147,2.450,1.409 face 2.297,2.442,1.685 2.296,2.442,1.423 2.147,2.450,1.409 2.148,2.450,1.666 face 2.296,2.442,1.947 2.297,2.442,1.685 2.148,2.450,1.666 2.147,2.450,1.923 face 2.294,2.442,2.209 2.296,2.442,1.947 2.147,2.450,1.923 2.144,2.450,2.181  r=22
;__create Blocks__
block create group "Blocks" poly face 0.000,2.450,2.501 0.226,2.450,2.448 0.213,2.450,2.114 0.000,2.450,2.104 face 0.217,3.241,2.406 0.000,3.242,2.395 0.000,2.450,2.104 0.213,2.450,2.114 face 0.549,2.450,2.412 0.543,2.450,2.130 0.213,2.450,2.114 0.226,2.450,2.448 face 0.000,2.450,2.898 0.249,2.450,2.781 0.226,2.450,2.448 0.000,2.450,2.501 face -0.213,2.450,2.093 -0.224,2.450,2.433 0.000,2.450,2.501 0.000,2.450,2.104 face 0.562,2.450,2.693 0.549,2.450,2.412 0.226,2.450,2.448 0.249,2.450,2.781 face 0.000,2.450,3.295 0.289,2.450,3.112 0.249,2.450,2.781 0.000,2.450,2.898 face -0.224,2.450,2.433 -0.246,2.450,2.773 0.000,2.450,2.898 0.000,2.450,2.501 face 0.586,2.450,2.973 0.562,2.450,2.693 0.249,2.450,2.781 0.289,2.450,3.112 face 0.000,2.450,3.692 0.362,2.450,3.437 0.289,2.450,3.112 0.000,2.450,3.295 face -0.246,2.450,2.773 -0.284,2.450,3.111 0.000,2.450,3.295 0.000,2.450,2.898 face 0.627,2.450,3.251 0.586,2.450,2.973 0.289,2.450,3.112 0.362,2.450,3.437 face 0.000,3.166,3.754 0.302,3.189,3.544 0.362,2.450,3.437 0.000,2.450,3.692 face -0.284,2.450,3.111 -0.353,2.450,3.444 0.000,2.450,3.692 0.000,2.450,3.295 face 0.553,2.800,2.260 0.217,3.241,2.406 0.213,2.450,2.114 0.543,2.450,2.130 face 0.562,2.800,2.513 0.553,2.800,2.260 0.543,2.450,2.130 0.549,2.450,2.412 face 0.578,2.800,2.765 0.562,2.800,2.513 0.549,2.450,2.412 0.562,2.450,2.693 face 0.605,2.800,3.017 0.578,2.800,2.765 0.562,2.450,2.693 0.586,2.450,2.973 face 0.649,2.800,3.266 0.605,2.800,3.017 0.586,2.450,2.973 0.627,2.450,3.251 face 0.302,3.189,3.544 0.649,2.800,3.266 0.627,2.450,3.251 0.362,2.450,3.437 face 0.228,3.236,2.692 0.217,3.241,2.406 0.553,2.800,2.260 0.562,2.800,2.513 face 0.244,3.227,2.977 0.228,3.236,2.692 0.562,2.800,2.513 0.578,2.800,2.765 face 0.268,3.212,3.261 0.244,3.227,2.977 0.578,2.800,2.765 0.605,2.800,3.017 face 0.302,3.189,3.544 0.268,3.212,3.261 0.605,2.800,3.017 0.649,2.800,3.266 face 0.000,3.236,2.736 0.000,3.242,2.395 0.217,3.241,2.406 0.228,3.236,2.692 face 0.000,3.225,3.076 0.000,3.236,2.736 0.228,3.236,2.692 0.244,3.227,2.977 face 0.000,3.204,3.416 0.000,3.225,3.076 0.244,3.227,2.977 0.268,3.212,3.261 face 0.000,3.166,3.754 0.000,3.204,3.416 0.268,3.212,3.261 0.302,3.189,3.544 face -0.227,3.236,2.676 -0.217,3.241,2.385 0.000,3.242,2.395 0.000,3.236,2.736 face -0.243,3.227,2.966 -0.227,3.236,2.676 0.000,3.236,2.736 0.000,3.225,3.076 face -0.267,3.212,3.256 -0.243,3.227,2.966 0.000,3.225,3.076 0.000,3.204,3.416 face -0.302,3.189,3.544 -0.267,3.212,3.256 0.000,3.204,3.416 0.000,3.166,3.754 face -0.213,2.450,2.093 0.000,2.450,2.104 0.000,3.242,2.395 -0.217,3.241,2.385 face -0.533,2.942,2.520 -0.524,2.945,2.260 -0.217,3.241,2.385 -0.227,3.236,2.676 face -0.549,2.936,2.781 -0.533,2.942,2.520 -0.227,3.236,2.676 -0.243,3.227,2.966 face -0.576,2.926,3.040 -0.549,2.936,2.781 -0.243,3.227,2.966 -0.267,3.212,3.256 face -0.620,2.911,3.296 -0.576,2.926,3.040 -0.267,3.212,3.256 -0.302,3.189,3.544 face 0.000,2.450,3.692 -0.353,2.450,3.444 -0.302,3.189,3.544 0.000,3.166,3.754 face -0.343,2.450,2.087 -0.213,2.450,2.093 -0.217,3.241,2.385 -0.524,2.945,2.260 face -0.352,2.450,2.407 -0.343,2.450,2.087 -0.524,2.945,2.260 -0.533,2.942,2.520 face -0.371,2.450,2.726 -0.352,2.450,2.407 -0.533,2.942,2.520 -0.549,2.936,2.781 face -0.408,2.450,3.044 -0.371,2.450,2.726 -0.549,2.936,2.781 -0.576,2.926,3.040 face -0.477,2.450,3.357 -0.408,2.450,3.044 -0.576,2.926,3.040 -0.620,2.911,3.296 face -0.353,2.450,3.444 -0.477,2.450,3.357 -0.620,2.911,3.296 -0.302,3.189,3.544 face -0.224,2.450,2.433 -0.213,2.450,2.093 -0.343,2.450,2.087 -0.352,2.450,2.407 face -0.246,2.450,2.773 -0.224,2.450,2.433 -0.352,2.450,2.407 -0.371,2.450,2.726 face -0.284,2.450,3.111 -0.246,2.450,2.773 -0.371,2.450,2.726 -0.408,2.450,3.044 face -0.353,2.450,3.444 -0.284,2.450,3.111 -0.408,2.450,3.044 -0.477,2.450,3.357  r=23
;__create Blocks__
block create group "Blocks" poly face 2.375,2.375,2.525 2.444,2.289,2.496 2.442,2.294,2.204 2.375,2.375,2.209 face 3.469,3.161,2.604 3.310,3.310,2.607 2.375,2.375,2.209 2.442,2.294,2.204 face 2.450,2.198,2.467 2.450,2.203,2.185 2.442,2.294,2.204 2.444,2.289,2.496 face 2.375,2.375,2.841 2.447,2.278,2.788 2.444,2.289,2.496 2.375,2.375,2.525 face 2.294,2.442,2.209 2.289,2.444,2.499 2.375,2.375,2.525 2.375,2.375,2.209 face 2.450,2.187,2.748 2.450,2.198,2.467 2.444,2.289,2.496 2.447,2.278,2.788 face 2.375,2.375,3.156 2.450,2.257,3.080 2.447,2.278,2.788 2.375,2.375,2.841 face 2.289,2.444,2.499 2.278,2.447,2.789 2.375,2.375,2.841 2.375,2.375,2.525 face 2.450,2.167,3.029 2.450,2.187,2.748 2.447,2.278,2.788 2.450,2.257,3.080 face 2.375,2.375,3.472 2.450,2.220,3.369 2.450,2.257,3.080 2.375,2.375,3.156 face 2.278,2.447,2.789 2.256,2.450,3.079 2.375,2.375,3.156 2.375,2.375,2.841 face 2.450,2.134,3.309 2.450,2.167,3.029 2.450,2.257,3.080 2.450,2.220,3.369 face 3.031,3.031,3.990 3.266,2.822,3.864 2.450,2.220,3.369 2.375,2.375,3.472 face 2.256,2.450,3.079 2.216,2.450,3.367 2.375,2.375,3.472 2.375,2.375,3.156 face 2.940,2.108,2.260 3.469,3.161,2.604 2.442,2.294,2.204 2.450,2.203,2.185 face 2.936,2.102,2.517 2.940,2.108,2.260 2.450,2.203,2.185 2.450,2.198,2.467 face 2.930,2.091,2.774 2.936,2.102,2.517 2.450,2.198,2.467 2.450,2.187,2.748 face 2.922,2.073,3.031 2.930,2.091,2.774 2.450,2.187,2.748 2.450,2.167,3.029 face 2.910,2.044,3.286 2.922,2.073,3.031 2.450,2.167,3.029 2.450,2.134,3.309 face 3.266,2.822,3.864 2.910,2.044,3.286 2.450,2.134,3.309 2.450,2.220,3.369 face 3.433,3.108,2.929 3.469,3.161,2.604 2.940,2.108,2.260 2.936,2.102,2.517 face 3.388,3.037,3.250 3.433,3.108,2.929 2.936,2.102,2.517 2.930,2.091,2.774 face 3.332,2.943,3.563 3.388,3.037,3.250 2.930,2.091,2.774 2.922,2.073,3.031 face 3.266,2.822,3.864 3.332,2.943,3.563 2.922,2.073,3.031 2.910,2.044,3.286 face 3.264,3.264,2.961 3.310,3.310,2.607 3.469,3.161,2.604 3.433,3.108,2.929 face 3.202,3.202,3.311 3.264,3.264,2.961 3.433,3.108,2.929 3.388,3.037,3.250 face 3.125,3.125,3.655 3.202,3.202,3.311 3.388,3.037,3.250 3.332,2.943,3.563 face 3.031,3.031,3.990 3.125,3.125,3.655 3.332,2.943,3.563 3.266,2.822,3.864 face 3.106,3.432,2.935 3.159,3.468,2.613 3.310,3.310,2.607 3.264,3.264,2.961 face 3.034,3.386,3.252 3.106,3.432,2.935 3.264,3.264,2.961 3.202,3.202,3.311 face 2.938,3.329,3.561 3.034,3.386,3.252 3.202,3.202,3.311 3.125,3.125,3.655 face 2.812,3.261,3.857 2.938,3.329,3.561 3.125,3.125,3.655 3.031,3.031,3.990 face 2.294,2.442,2.209 2.375,2.375,2.209 3.310,3.310,2.607 3.159,3.468,2.613 face 2.133,2.800,2.516 2.142,2.800,2.260 3.159,3.468,2.613 3.106,3.432,2.935 face 2.117,2.800,2.771 2.133,2.800,2.516 3.106,3.432,2.935 3.034,3.386,3.252 face 2.089,2.800,3.025 2.117,2.800,2.771 3.034,3.386,3.252 2.938,3.329,3.561 face 2.044,2.800,3.276 2.089,2.800,3.025 2.938,3.329,3.561 2.812,3.261,3.857 face 2.375,2.375,3.472 2.216,2.450,3.367 2.812,3.261,3.857 3.031,3.031,3.990 face 2.144,2.450,2.181 2.294,2.442,2.209 3.159,3.468,2.613 2.142,2.800,2.260 face 2.136,2.450,2.450 2.144,2.450,2.181 2.142,2.800,2.260 2.133,2.800,2.516 face 2.121,2.450,2.718 2.136,2.450,2.450 2.133,2.800,2.516 2.117,2.800,2.771 face 2.095,2.450,2.986 2.121,2.450,2.718 2.117,2.800,2.771 2.089,2.800,3.025 face 2.051,2.450,3.251 2.095,2.450,2.986 2.089,2.800,3.025 2.044,2.800,3.276 face 2.216,2.450,3.367 2.051,2.450,3.251 2.044,2.800,3.276 2.812,3.261,3.857 face 2.289,2.444,2.499 2.294,2.442,2.209 2.144,2.450,2.181 2.136,2.450,2.450 face 2.278,2.447,2.789 2.289,2.444,2.499 2.136,2.450,2.450 2.121,2.450,2.718 face 2.256,2.450,3.079 2.278,2.447,2.789 2.121,2.450,2.718 2.095,2.450,2.986 face 2.216,2.450,3.367 2.256,2.450,3.079 2.095,2.450,2.986 2.051,2.450,3.251  r=24
;__create Blocks__
block create group "Blocks" poly face 1.603,2.450,4.370 1.621,2.450,4.480 1.879,2.450,4.420 1.839,2.450,4.302 face 1.982,2.740,4.758 1.985,2.806,4.773 1.839,2.450,4.302 1.879,2.450,4.420 face 1.642,2.450,4.583 1.922,2.450,4.550 1.879,2.450,4.420 1.621,2.450,4.480 face 1.357,2.450,4.394 1.357,2.450,4.501 1.621,2.450,4.480 1.603,2.450,4.370 face 1.779,2.450,4.119 1.576,2.450,4.196 1.603,2.450,4.370 1.839,2.450,4.302 face 1.361,2.450,4.592 1.642,2.450,4.583 1.621,2.450,4.480 1.357,2.450,4.501 face 1.111,2.450,4.385 1.092,2.450,4.494 1.357,2.450,4.501 1.357,2.450,4.394 face 1.576,2.450,4.196 1.360,2.450,4.223 1.357,2.450,4.394 1.603,2.450,4.370 face 1.080,2.450,4.582 1.361,2.450,4.592 1.357,2.450,4.501 1.092,2.450,4.494 face 0.867,2.450,4.349 0.828,2.450,4.467 1.092,2.450,4.494 1.111,2.450,4.385 face 1.360,2.450,4.223 1.144,2.450,4.204 1.111,2.450,4.385 1.357,2.450,4.394 face 0.800,2.450,4.552 1.080,2.450,4.582 1.092,2.450,4.494 0.828,2.450,4.467 face 0.750,2.843,4.738 0.748,2.796,4.740 0.828,2.450,4.467 0.867,2.450,4.349 face 1.144,2.450,4.204 0.935,2.450,4.141 0.867,2.450,4.349 1.111,2.450,4.385 face 1.978,2.686,4.743 1.982,2.740,4.758 1.879,2.450,4.420 1.922,2.450,4.550 face 1.674,2.634,4.837 1.978,2.686,4.743 1.922,2.450,4.550 1.642,2.450,4.583 face 1.354,2.620,4.874 1.674,2.634,4.837 1.642,2.450,4.583 1.361,2.450,4.592 face 1.037,2.660,4.839 1.354,2.620,4.874 1.361,2.450,4.592 1.080,2.450,4.582 face 0.747,2.759,4.738 1.037,2.660,4.839 1.080,2.450,4.582 0.800,2.450,4.552 face 0.748,2.796,4.740 0.747,2.759,4.738 0.800,2.450,4.552 0.828,2.450,4.467 face 1.677,2.687,4.858 1.982,2.740,4.758 1.978,2.686,4.743 1.674,2.634,4.837 face 1.356,2.670,4.897 1.677,2.687,4.858 1.674,2.634,4.837 1.354,2.620,4.874 face 1.037,2.705,4.856 1.356,2.670,4.897 1.354,2.620,4.874 1.037,2.660,4.839 face 0.748,2.796,4.740 1.037,2.705,4.856 1.037,2.660,4.839 0.747,2.759,4.738 face 1.680,2.749,4.882 1.985,2.806,4.773 1.982,2.740,4.758 1.677,2.687,4.858 face 1.356,2.727,4.927 1.680,2.749,4.882 1.677,2.687,4.858 1.356,2.670,4.897 face 1.035,2.759,4.877 1.356,2.727,4.927 1.356,2.670,4.897 1.037,2.705,4.856 face 0.750,2.843,4.738 1.035,2.759,4.877 1.037,2.705,4.856 0.748,2.796,4.740 face 1.683,2.850,4.916 1.983,2.920,4.776 1.985,2.806,4.773 1.680,2.749,4.882 face 1.353,2.819,4.973 1.683,2.850,4.916 1.680,2.749,4.882 1.356,2.727,4.927 face 1.027,2.847,4.900 1.353,2.819,4.973 1.356,2.727,4.927 1.035,2.759,4.877 face 0.763,2.926,4.706 1.027,2.847,4.900 1.035,2.759,4.877 0.750,2.843,4.738 face 1.779,2.450,4.119 1.839,2.450,4.302 1.985,2.806,4.773 1.983,2.920,4.776 face 1.554,2.800,4.073 1.715,2.800,3.956 1.983,2.920,4.776 1.683,2.850,4.916 face 1.362,2.800,4.121 1.554,2.800,4.073 1.683,2.850,4.916 1.353,2.819,4.973 face 1.167,2.800,4.084 1.362,2.800,4.121 1.353,2.819,4.973 1.027,2.847,4.900 face 1.000,2.800,3.976 1.167,2.800,4.084 1.027,2.847,4.900 0.763,2.926,4.706 face 0.867,2.450,4.349 0.935,2.450,4.141 0.763,2.926,4.706 0.750,2.843,4.738 face 1.723,2.450,3.948 1.779,2.450,4.119 1.983,2.920,4.776 1.715,2.800,3.956 face 1.557,2.450,4.066 1.723,2.450,3.948 1.715,2.800,3.956 1.554,2.800,4.073 face 1.362,2.450,4.120 1.557,2.450,4.066 1.554,2.800,4.073 1.362,2.800,4.121 face 1.161,2.450,4.095 1.362,2.450,4.120 1.362,2.800,4.121 1.167,2.800,4.084 face 0.983,2.450,3.996 1.161,2.450,4.095 1.167,2.800,4.084 1.000,2.800,3.976 face 0.935,2.450,4.141 0.983,2.450,3.996 1.000,2.800,3.976 0.763,2.926,4.706 face 1.576,2.450,4.196 1.779,2.450,4.119 1.723,2.450,3.948 1.557,2.450,4.066 face 1.360,2.450,4.223 1.576,2.450,4.196 1.557,2.450,4.066 1.362,2.450,4.120 face 1.144,2.450,4.204 1.360,2.450,4.223 1.362,2.450,4.120 1.161,2.450,4.095 face 0.935,2.450,4.141 1.144,2.450,4.204 1.161,2.450,4.095 0.983,2.450,3.996  r=25
;__create Blocks__
block create group "Blocks" poly face 1.875,-2.450,4.170 1.921,-2.450,4.418 1.778,-2.450,4.535 1.679,-2.450,4.383 face 2.031,-2.884,4.965 2.018,-2.957,4.951 1.679,-2.450,4.383 1.778,-2.450,4.535 face 2.020,-2.450,4.663 1.905,-2.450,4.732 1.778,-2.450,4.535 1.921,-2.450,4.418 face 2.052,-2.449,3.941 2.065,-2.449,4.302 1.921,-2.450,4.418 1.875,-2.450,4.170 face 1.631,-2.450,4.308 1.814,-2.450,4.095 1.875,-2.450,4.170 1.679,-2.450,4.383 face 2.138,-2.450,4.598 2.020,-2.450,4.663 1.921,-2.450,4.418 2.065,-2.449,4.302 face 2.217,-2.453,3.703 2.217,-2.455,4.198 2.065,-2.449,4.302 2.052,-2.449,3.941 face 1.814,-2.450,4.095 1.961,-2.450,3.854 2.052,-2.449,3.941 1.875,-2.450,4.170 face 2.260,-2.449,4.543 2.138,-2.450,4.598 2.065,-2.449,4.302 2.217,-2.455,4.198 face 2.370,-2.380,3.470 2.370,-2.380,4.139 2.217,-2.455,4.198 2.217,-2.453,3.703 face 1.961,-2.450,3.854 2.072,-2.450,3.595 2.217,-2.453,3.703 2.052,-2.449,3.941 face 2.370,-2.380,4.512 2.260,-2.449,4.543 2.217,-2.455,4.198 2.370,-2.380,4.139 face 3.116,-3.127,4.060 2.898,-2.909,4.449 2.370,-2.380,4.139 2.370,-2.380,3.470 face 2.072,-2.450,3.595 2.154,-2.450,3.325 2.370,-2.380,3.470 2.217,-2.453,3.703 face 2.033,-2.826,4.963 2.031,-2.884,4.965 1.778,-2.450,4.535 1.905,-2.450,4.732 face 2.232,-2.861,4.840 2.033,-2.826,4.963 1.905,-2.450,4.732 2.020,-2.450,4.663 face 2.429,-2.889,4.711 2.232,-2.861,4.840 2.020,-2.450,4.663 2.138,-2.450,4.598 face 2.627,-2.898,4.582 2.429,-2.889,4.711 2.138,-2.450,4.598 2.260,-2.449,4.543 face 2.832,-2.842,4.484 2.627,-2.898,4.582 2.260,-2.449,4.543 2.370,-2.380,4.512 face 2.898,-2.909,4.449 2.832,-2.842,4.484 2.370,-2.380,4.512 2.370,-2.380,4.139 face 2.247,-2.924,4.832 2.031,-2.884,4.965 2.033,-2.826,4.963 2.232,-2.861,4.840 face 2.461,-2.956,4.693 2.247,-2.924,4.832 2.232,-2.861,4.840 2.429,-2.889,4.711 face 2.676,-2.968,4.555 2.461,-2.956,4.693 2.429,-2.889,4.711 2.627,-2.898,4.582 face 2.898,-2.909,4.449 2.676,-2.968,4.555 2.627,-2.898,4.582 2.832,-2.842,4.484 face 2.309,-3.022,4.754 2.018,-2.957,4.951 2.031,-2.884,4.965 2.247,-2.924,4.832 face 2.589,-3.079,4.539 2.309,-3.022,4.754 2.247,-2.924,4.832 2.461,-2.956,4.693 face 2.857,-3.120,4.306 2.589,-3.079,4.539 2.461,-2.956,4.693 2.676,-2.968,4.555 face 3.116,-3.127,4.060 2.857,-3.120,4.306 2.676,-2.968,4.555 2.898,-2.909,4.449 face 2.233,-3.167,4.682 1.975,-3.086,4.897 2.018,-2.957,4.951 2.309,-3.022,4.754 face 2.467,-3.252,4.445 2.233,-3.167,4.682 2.309,-3.022,4.754 2.589,-3.079,4.539 face 2.678,-3.339,4.186 2.467,-3.252,4.445 2.589,-3.079,4.539 2.857,-3.120,4.306 face 2.865,-3.423,3.909 2.678,-3.339,4.186 2.857,-3.120,4.306 3.116,-3.127,4.060 face 1.631,-2.450,4.308 1.679,-2.450,4.383 2.018,-2.957,4.951 1.975,-3.086,4.897 face 1.488,-2.969,3.730 1.334,-2.934,3.892 1.975,-3.086,4.897 2.233,-3.167,4.682 face 1.625,-3.004,3.552 1.488,-2.969,3.730 2.233,-3.167,4.682 2.467,-3.252,4.445 face 1.745,-3.039,3.363 1.625,-3.004,3.552 2.467,-3.252,4.445 2.678,-3.339,4.186 face 1.848,-3.072,3.164 1.745,-3.039,3.363 2.678,-3.339,4.186 2.865,-3.423,3.909 face 2.370,-2.380,3.470 2.154,-2.450,3.325 2.865,-3.423,3.909 3.116,-3.127,4.060 face 1.473,-2.450,4.065 1.631,-2.450,4.308 1.975,-3.086,4.897 1.334,-2.934,3.892 face 1.674,-2.450,3.910 1.473,-2.450,4.065 1.334,-2.934,3.892 1.488,-2.969,3.730 face 1.846,-2.450,3.723 1.674,-2.450,3.910 1.488,-2.969,3.730 1.625,-3.004,3.552 face 1.984,-2.450,3.510 1.846,-2.450,3.723 1.625,-3.004,3.552 1.745,-3.039,3.363 face 2.087,-2.450,3.278 1.984,-2.450,3.510 1.745,-3.039,3.363 1.848,-3.072,3.164 face 2.154,-2.450,3.325 2.087,-2.450,3.278 1.848,-3.072,3.164 2.865,-3.423,3.909 face 1.814,-2.450,4.095 1.631,-2.450,4.308 1.473,-2.450,4.065 1.674,-2.450,3.910 face 1.961,-2.450,3.854 1.814,-2.450,4.095 1.674,-2.450,3.910 1.846,-2.450,3.723 face 2.072,-2.450,3.595 1.961,-2.450,3.854 1.846,-2.450,3.723 1.984,-2.450,3.510 face 2.154,-2.450,3.325 2.072,-2.450,3.595 1.984,-2.450,3.510 2.087,-2.450,3.278  r=26
;__create Blocks__
block create group "Blocks" poly face 2.450,2.060,4.218 2.450,2.021,4.457 2.450,1.899,4.522 2.450,1.861,4.405 face 2.748,2.020,4.912 2.813,2.015,4.904 2.450,1.861,4.405 2.450,1.899,4.522 face 2.450,2.055,4.609 2.450,1.941,4.649 2.450,1.899,4.522 2.450,2.021,4.457 face 2.451,2.195,3.980 2.450,2.142,4.389 2.450,2.021,4.457 2.450,2.060,4.218 face 2.450,1.800,4.222 2.450,1.972,4.050 2.450,2.060,4.218 2.450,1.861,4.405 face 2.450,2.168,4.568 2.450,2.055,4.609 2.450,2.021,4.457 2.450,2.142,4.389 face 2.436,2.307,3.730 2.447,2.266,4.330 2.450,2.142,4.389 2.451,2.195,3.980 face 2.450,1.972,4.050 2.450,2.091,3.838 2.451,2.195,3.980 2.450,2.060,4.218 face 2.443,2.282,4.534 2.450,2.168,4.568 2.450,2.142,4.389 2.447,2.266,4.330 face 2.375,2.375,3.472 2.375,2.375,4.298 2.447,2.266,4.330 2.436,2.307,3.730 face 2.450,2.091,3.838 2.450,2.169,3.608 2.436,2.307,3.730 2.451,2.195,3.980 face 2.375,2.375,4.513 2.443,2.282,4.534 2.447,2.266,4.330 2.375,2.375,4.298 face 3.031,3.031,3.990 2.792,2.792,4.443 2.375,2.375,4.298 2.375,2.375,3.472 face 2.450,2.169,3.608 2.450,2.220,3.369 2.375,2.375,3.472 2.436,2.307,3.730 face 2.695,2.021,4.913 2.748,2.020,4.912 2.450,1.899,4.522 2.450,1.941,4.649 face 2.733,2.201,4.807 2.695,2.021,4.913 2.450,1.941,4.649 2.450,2.055,4.609 face 2.766,2.377,4.693 2.733,2.201,4.807 2.450,2.055,4.609 2.450,2.168,4.568 face 2.781,2.552,4.576 2.766,2.377,4.693 2.450,2.168,4.568 2.443,2.282,4.534 face 2.727,2.727,4.477 2.781,2.552,4.576 2.443,2.282,4.534 2.375,2.375,4.513 face 2.792,2.792,4.443 2.727,2.727,4.477 2.375,2.375,4.513 2.375,2.375,4.298 face 2.792,2.215,4.797 2.748,2.020,4.912 2.695,2.021,4.913 2.733,2.201,4.807 face 2.830,2.407,4.674 2.792,2.215,4.797 2.733,2.201,4.807 2.766,2.377,4.693 face 2.849,2.600,4.548 2.830,2.407,4.674 2.766,2.377,4.693 2.781,2.552,4.576 face 2.792,2.792,4.443 2.849,2.600,4.548 2.781,2.552,4.576 2.727,2.727,4.477 face 2.886,2.300,4.718 2.813,2.015,4.904 2.748,2.020,4.912 2.792,2.215,4.797 face 2.956,2.565,4.501 2.886,2.300,4.718 2.792,2.215,4.797 2.830,2.407,4.674 face 3.009,2.809,4.258 2.956,2.565,4.501 2.830,2.407,4.674 2.849,2.600,4.548 face 3.031,3.031,3.990 3.009,2.809,4.258 2.849,2.600,4.548 2.792,2.792,4.443 face 3.012,2.255,4.663 2.925,2.000,4.870 2.813,2.015,4.904 2.886,2.300,4.718 face 3.101,2.477,4.423 3.012,2.255,4.663 2.886,2.300,4.718 2.956,2.565,4.501 face 3.187,2.666,4.155 3.101,2.477,4.423 2.956,2.565,4.501 3.009,2.809,4.258 face 3.266,2.822,3.864 3.187,2.666,4.155 3.009,2.809,4.258 3.031,3.031,3.990 face 2.450,1.800,4.222 2.450,1.861,4.405 2.813,2.015,4.904 2.925,2.000,4.870 face 2.861,1.865,3.899 2.837,1.739,4.071 2.925,2.000,4.870 3.012,2.255,4.663 face 2.882,1.949,3.703 2.861,1.865,3.899 3.012,2.255,4.663 3.101,2.477,4.423 face 2.898,2.006,3.497 2.882,1.949,3.703 3.101,2.477,4.423 3.187,2.666,4.155 face 2.910,2.044,3.286 2.898,2.006,3.497 3.187,2.666,4.155 3.266,2.822,3.864 face 2.375,2.375,3.472 2.450,2.220,3.369 3.266,2.822,3.864 3.031,3.031,3.990 face 2.450,1.763,4.110 2.450,1.800,4.222 2.925,2.000,4.870 2.837,1.739,4.071 face 2.450,1.919,3.947 2.450,1.763,4.110 2.837,1.739,4.071 2.861,1.865,3.899 face 2.450,2.023,3.747 2.450,1.919,3.947 2.861,1.865,3.899 2.882,1.949,3.703 face 2.450,2.091,3.531 2.450,2.023,3.747 2.882,1.949,3.703 2.898,2.006,3.497 face 2.450,2.134,3.309 2.450,2.091,3.531 2.898,2.006,3.497 2.910,2.044,3.286 face 2.450,2.220,3.369 2.450,2.134,3.309 2.910,2.044,3.286 3.266,2.822,3.864 face 2.450,1.972,4.050 2.450,1.800,4.222 2.450,1.763,4.110 2.450,1.919,3.947 face 2.450,2.091,3.838 2.450,1.972,4.050 2.450,1.919,3.947 2.450,2.023,3.747 face 2.450,2.169,3.608 2.450,2.091,3.838 2.450,2.023,3.747 2.450,2.091,3.531 face 2.450,2.220,3.369 2.450,2.169,3.608 2.450,2.091,3.531 2.450,2.134,3.309  r=27
;__create Blocks__
block create group "Blocks" poly face 2.450,0.177,3.894 2.450,0.214,4.353 2.450,0.000,4.343 2.450,0.000,3.657 face 3.080,0.000,4.458 3.279,0.000,3.729 2.450,0.000,3.657 2.450,0.000,4.343 face 2.450,0.203,4.497 2.450,0.000,4.494 2.450,0.000,4.343 2.450,0.214,4.353 face 2.450,0.372,4.117 2.450,0.421,4.409 2.450,0.214,4.353 2.450,0.177,3.894 face 2.450,0.360,3.404 2.450,0.443,3.652 2.450,0.177,3.894 2.450,0.000,3.657 face 2.450,0.402,4.538 2.450,0.203,4.497 2.450,0.214,4.353 2.450,0.421,4.409 face 2.450,0.599,4.307 2.450,0.622,4.484 2.450,0.421,4.409 2.450,0.372,4.117 face 2.450,0.443,3.652 2.450,0.559,3.887 2.450,0.372,4.117 2.450,0.177,3.894 face 2.450,0.597,4.596 2.450,0.402,4.538 2.450,0.421,4.409 2.450,0.622,4.484 face 2.450,0.861,4.445 2.450,0.823,4.558 2.450,0.622,4.484 2.450,0.599,4.307 face 2.450,0.559,3.887 2.450,0.717,4.096 2.450,0.599,4.307 2.450,0.372,4.117 face 2.450,0.791,4.656 2.450,0.597,4.596 2.450,0.622,4.484 2.450,0.823,4.558 face 2.864,0.743,4.836 2.817,0.731,4.869 2.450,0.823,4.558 2.450,0.861,4.445 face 2.450,0.717,4.096 2.450,0.923,4.257 2.450,0.861,4.445 2.450,0.599,4.307 face 3.052,0.000,4.541 3.080,0.000,4.458 2.450,0.000,4.343 2.450,0.000,4.494 face 3.016,0.209,4.573 3.052,0.000,4.541 2.450,0.000,4.494 2.450,0.203,4.497 face 2.944,0.391,4.667 3.016,0.209,4.573 2.450,0.203,4.497 2.450,0.402,4.538 face 2.862,0.557,4.779 2.944,0.391,4.667 2.450,0.402,4.538 2.450,0.597,4.596 face 2.780,0.721,4.895 2.862,0.557,4.779 2.450,0.597,4.596 2.450,0.791,4.656 face 2.817,0.731,4.869 2.780,0.721,4.895 2.450,0.791,4.656 2.450,0.823,4.558 face 3.044,0.215,4.499 3.080,0.000,4.458 3.052,0.000,4.541 3.016,0.209,4.573 face 2.974,0.399,4.609 3.044,0.215,4.499 3.016,0.209,4.573 2.944,0.391,4.667 face 2.895,0.566,4.738 2.974,0.399,4.609 2.944,0.391,4.667 2.862,0.557,4.779 face 2.817,0.731,4.869 2.895,0.566,4.738 2.862,0.557,4.779 2.780,0.721,4.895 face 3.190,0.156,4.031 3.279,0.000,3.729 3.080,0.000,4.458 3.044,0.215,4.499 face 3.089,0.329,4.319 3.190,0.156,4.031 3.044,0.215,4.499 2.974,0.399,4.609 face 2.978,0.520,4.591 3.089,0.329,4.319 2.974,0.399,4.609 2.895,0.566,4.738 face 2.864,0.743,4.836 2.978,0.520,4.591 2.895,0.566,4.738 2.817,0.731,4.869 face 3.251,0.375,3.850 3.331,0.310,3.516 3.279,0.000,3.729 3.190,0.156,4.031 face 3.159,0.467,4.174 3.251,0.375,3.850 3.190,0.156,4.031 3.089,0.329,4.319 face 3.057,0.594,4.484 3.159,0.467,4.174 3.089,0.329,4.319 2.978,0.520,4.591 face 2.952,0.769,4.767 3.057,0.594,4.484 2.978,0.520,4.591 2.864,0.743,4.836 face 2.450,0.360,3.404 2.450,0.000,3.657 3.279,0.000,3.729 3.331,0.310,3.516 face 2.940,0.642,3.518 2.964,0.602,3.279 3.331,0.310,3.516 3.251,0.375,3.850 face 2.908,0.706,3.750 2.940,0.642,3.518 3.251,0.375,3.850 3.159,0.467,4.174 face 2.869,0.809,3.967 2.908,0.706,3.750 3.159,0.467,4.174 3.057,0.594,4.484 face 2.830,0.971,4.142 2.869,0.809,3.967 3.057,0.594,4.484 2.952,0.769,4.767 face 2.450,0.861,4.445 2.450,0.923,4.257 2.952,0.769,4.767 2.864,0.743,4.836 face 2.450,0.423,3.360 2.450,0.360,3.404 3.331,0.310,3.516 2.964,0.602,3.279 face 2.450,0.489,3.602 2.450,0.423,3.360 2.964,0.602,3.279 2.940,0.642,3.518 face 2.450,0.591,3.832 2.450,0.489,3.602 2.940,0.642,3.518 2.908,0.706,3.750 face 2.450,0.744,4.030 2.450,0.591,3.832 2.908,0.706,3.750 2.869,0.809,3.967 face 2.450,0.951,4.172 2.450,0.744,4.030 2.869,0.809,3.967 2.830,0.971,4.142 face 2.450,0.923,4.257 2.450,0.951,4.172 2.830,0.971,4.142 2.952,0.769,4.767 face 2.450,0.443,3.652 2.450,0.360,3.404 2.450,0.423,3.360 2.450,0.489,3.602 face 2.450,0.559,3.887 2.450,0.443,3.652 2.450,0.489,3.602 2.450,0.591,3.832 face 2.450,0.717,4.096 2.450,0.559,3.887 2.450,0.591,3.832 2.450,0.744,4.030 face 2.450,0.923,4.257 2.450,0.717,4.096 2.450,0.744,4.030 2.450,0.951,4.172  r=28
;__create Blocks__
block create group "Blocks" poly face 2.450,1.109,4.514 2.450,1.091,4.622 2.450,0.823,4.558 2.450,0.861,4.445 face 2.817,0.731,4.869 2.864,0.743,4.836 2.450,0.861,4.445 2.450,0.823,4.558 face 2.450,1.076,4.715 2.450,0.791,4.656 2.450,0.823,4.558 2.450,1.091,4.622 face 2.450,1.366,4.535 2.450,1.366,4.642 2.450,1.091,4.622 2.450,1.109,4.514 face 2.450,0.923,4.257 2.450,1.137,4.340 2.450,1.109,4.514 2.450,0.861,4.445 face 2.450,1.367,4.736 2.450,1.076,4.715 2.450,1.091,4.622 2.450,1.366,4.642 face 2.450,1.622,4.502 2.450,1.640,4.612 2.450,1.366,4.642 2.450,1.366,4.535 face 2.450,1.137,4.340 2.450,1.367,4.364 2.450,1.366,4.535 2.450,1.109,4.514 face 2.450,1.658,4.716 2.450,1.367,4.736 2.450,1.366,4.642 2.450,1.640,4.612 face 2.450,1.861,4.405 2.450,1.899,4.522 2.450,1.640,4.612 2.450,1.622,4.502 face 2.450,1.367,4.364 2.450,1.594,4.324 2.450,1.622,4.502 2.450,1.366,4.535 face 2.450,1.941,4.649 2.450,1.658,4.716 2.450,1.640,4.612 2.450,1.899,4.522 face 2.813,2.015,4.904 2.748,2.020,4.912 2.450,1.899,4.522 2.450,1.861,4.405 face 2.450,1.594,4.324 2.450,1.800,4.222 2.450,1.861,4.405 2.450,1.622,4.502 face 2.780,0.721,4.895 2.817,0.731,4.869 2.450,0.823,4.558 2.450,0.791,4.656 face 2.669,1.016,5.052 2.780,0.721,4.895 2.450,0.791,4.656 2.450,1.076,4.715 face 2.620,1.358,5.113 2.669,1.016,5.052 2.450,1.076,4.715 2.450,1.367,4.736 face 2.638,1.704,5.055 2.620,1.358,5.113 2.450,1.367,4.736 2.450,1.658,4.716 face 2.695,2.021,4.913 2.638,1.704,5.055 2.450,1.658,4.716 2.450,1.941,4.649 face 2.748,2.020,4.912 2.695,2.021,4.913 2.450,1.941,4.649 2.450,1.899,4.522 face 2.715,1.019,5.041 2.817,0.731,4.869 2.780,0.721,4.895 2.669,1.016,5.052 face 2.670,1.358,5.109 2.715,1.019,5.041 2.669,1.016,5.052 2.620,1.358,5.113 face 2.690,1.703,5.053 2.670,1.358,5.109 2.620,1.358,5.113 2.638,1.704,5.055 face 2.748,2.020,4.912 2.690,1.703,5.053 2.638,1.704,5.055 2.695,2.021,4.913 face 2.769,1.021,5.027 2.864,0.743,4.836 2.817,0.731,4.869 2.715,1.019,5.041 face 2.729,1.357,5.106 2.769,1.021,5.027 2.715,1.019,5.041 2.670,1.358,5.109 face 2.752,1.701,5.048 2.729,1.357,5.106 2.670,1.358,5.109 2.690,1.703,5.053 face 2.813,2.015,4.904 2.752,1.701,5.048 2.690,1.703,5.053 2.748,2.020,4.912 face 2.860,1.018,4.999 2.952,0.769,4.767 2.864,0.743,4.836 2.769,1.021,5.027 face 2.821,1.351,5.100 2.860,1.018,4.999 2.769,1.021,5.027 2.729,1.357,5.106 face 2.852,1.696,5.034 2.821,1.351,5.100 2.729,1.357,5.106 2.752,1.701,5.048 face 2.925,2.000,4.870 2.852,1.696,5.034 2.752,1.701,5.048 2.813,2.015,4.904 face 2.450,0.923,4.257 2.450,0.861,4.445 2.864,0.743,4.836 2.952,0.769,4.767 face 2.811,1.160,4.230 2.830,0.971,4.142 2.952,0.769,4.767 2.860,1.018,4.999 face 2.807,1.368,4.246 2.811,1.160,4.230 2.860,1.018,4.999 2.821,1.351,5.100 face 2.817,1.570,4.191 2.807,1.368,4.246 2.821,1.351,5.100 2.852,1.696,5.034 face 2.837,1.739,4.071 2.817,1.570,4.191 2.852,1.696,5.034 2.925,2.000,4.870 face 2.450,1.861,4.405 2.450,1.800,4.222 2.925,2.000,4.870 2.813,2.015,4.904 face 2.450,0.951,4.172 2.450,0.923,4.257 2.952,0.769,4.767 2.830,0.971,4.142 face 2.450,1.154,4.235 2.450,0.951,4.172 2.830,0.971,4.142 2.811,1.160,4.230 face 2.450,1.366,4.248 2.450,1.154,4.235 2.811,1.160,4.230 2.807,1.368,4.246 face 2.450,1.575,4.207 2.450,1.366,4.248 2.807,1.368,4.246 2.817,1.570,4.191 face 2.450,1.763,4.110 2.450,1.575,4.207 2.817,1.570,4.191 2.837,1.739,4.071 face 2.450,1.800,4.222 2.450,1.763,4.110 2.837,1.739,4.071 2.925,2.000,4.870 face 2.450,1.137,4.340 2.450,0.923,4.257 2.450,0.951,4.172 2.450,1.154,4.235 face 2.450,1.367,4.364 2.450,1.137,4.340 2.450,1.154,4.235 2.450,1.366,4.248 face 2.450,1.594,4.324 2.450,1.367,4.364 2.450,1.366,4.248 2.450,1.575,4.207 face 2.450,1.800,4.222 2.450,1.594,4.324 2.450,1.575,4.207 2.450,1.763,4.110  r=29
;__create Blocks__
block create group "Blocks" poly face 2.306,2.436,3.711 2.266,2.447,4.300 2.375,2.375,4.298 2.375,2.375,3.472 face 2.792,2.792,4.443 3.031,3.031,3.990 2.375,2.375,3.472 2.375,2.375,4.298 face 2.280,2.444,4.507 2.375,2.375,4.513 2.375,2.375,4.298 2.266,2.447,4.300 face 2.191,2.450,3.941 2.134,2.450,4.331 2.266,2.447,4.300 2.306,2.436,3.711 face 2.216,2.450,3.367 2.163,2.450,3.585 2.306,2.436,3.711 2.375,2.375,3.472 face 2.160,2.450,4.514 2.280,2.444,4.507 2.266,2.447,4.300 2.134,2.450,4.331 face 2.048,2.450,4.154 2.006,2.450,4.376 2.134,2.450,4.331 2.191,2.450,3.941 face 2.163,2.450,3.585 2.081,2.450,3.795 2.191,2.450,3.941 2.306,2.436,3.711 face 2.041,2.450,4.531 2.160,2.450,4.514 2.134,2.450,4.331 2.006,2.450,4.376 face 1.839,2.450,4.302 1.879,2.450,4.420 2.006,2.450,4.376 2.048,2.450,4.154 face 2.081,2.450,3.795 1.955,2.450,3.980 2.048,2.450,4.154 2.191,2.450,3.941 face 1.922,2.450,4.550 2.041,2.450,4.531 2.006,2.450,4.376 1.879,2.450,4.420 face 1.985,2.806,4.773 1.982,2.740,4.758 1.879,2.450,4.420 1.839,2.450,4.302 face 1.955,2.450,3.980 1.779,2.450,4.119 1.839,2.450,4.302 2.048,2.450,4.154 face 2.727,2.727,4.477 2.792,2.792,4.443 2.375,2.375,4.298 2.375,2.375,4.513 face 2.539,2.781,4.508 2.727,2.727,4.477 2.375,2.375,4.513 2.280,2.444,4.507 face 2.349,2.762,4.584 2.539,2.781,4.508 2.280,2.444,4.507 2.160,2.450,4.514 face 2.164,2.726,4.666 2.349,2.762,4.584 2.160,2.450,4.514 2.041,2.450,4.531 face 1.978,2.686,4.743 2.164,2.726,4.666 2.041,2.450,4.531 1.922,2.450,4.550 face 1.982,2.740,4.758 1.978,2.686,4.743 1.922,2.450,4.550 1.879,2.450,4.420 face 2.587,2.849,4.486 2.792,2.792,4.443 2.727,2.727,4.477 2.539,2.781,4.508 face 2.383,2.826,4.576 2.587,2.849,4.486 2.539,2.781,4.508 2.349,2.762,4.584 face 2.183,2.785,4.670 2.383,2.826,4.576 2.349,2.762,4.584 2.164,2.726,4.666 face 1.982,2.740,4.758 2.183,2.785,4.670 2.164,2.726,4.666 1.978,2.686,4.743 face 2.799,3.007,4.230 3.031,3.031,3.990 2.792,2.792,4.443 2.587,2.849,4.486 face 2.545,2.951,4.439 2.799,3.007,4.230 2.587,2.849,4.486 2.383,2.826,4.576 face 2.273,2.879,4.621 2.545,2.951,4.439 2.383,2.826,4.576 2.183,2.785,4.670 face 1.985,2.806,4.773 2.273,2.879,4.621 2.183,2.785,4.670 1.982,2.740,4.758 face 2.654,3.182,4.130 2.812,3.261,3.857 3.031,3.031,3.990 2.799,3.007,4.230 face 2.463,3.095,4.378 2.654,3.182,4.130 2.799,3.007,4.230 2.545,2.951,4.439 face 2.238,3.006,4.595 2.463,3.095,4.378 2.545,2.951,4.439 2.273,2.879,4.621 face 1.983,2.920,4.776 2.238,3.006,4.595 2.273,2.879,4.621 1.985,2.806,4.773 face 2.216,2.450,3.367 2.375,2.375,3.472 3.031,3.031,3.990 2.812,3.261,3.857 face 1.994,2.800,3.461 2.044,2.800,3.276 2.812,3.261,3.857 2.654,3.182,4.130 face 1.926,2.800,3.640 1.994,2.800,3.461 2.654,3.182,4.130 2.463,3.095,4.378 face 1.835,2.800,3.808 1.926,2.800,3.640 2.463,3.095,4.378 2.238,3.006,4.595 face 1.715,2.800,3.956 1.835,2.800,3.808 2.238,3.006,4.595 1.983,2.920,4.776 face 1.839,2.450,4.302 1.779,2.450,4.119 1.983,2.920,4.776 1.985,2.806,4.773 face 2.051,2.450,3.251 2.216,2.450,3.367 2.812,3.261,3.857 2.044,2.800,3.276 face 2.003,2.450,3.440 2.051,2.450,3.251 2.044,2.800,3.276 1.994,2.800,3.461 face 1.936,2.450,3.624 2.003,2.450,3.440 1.994,2.800,3.461 1.926,2.800,3.640 face 1.845,2.450,3.796 1.936,2.450,3.624 1.926,2.800,3.640 1.835,2.800,3.808 face 1.723,2.450,3.948 1.845,2.450,3.796 1.835,2.800,3.808 1.715,2.800,3.956 face 1.779,2.450,4.119 1.723,2.450,3.948 1.715,2.800,3.956 1.983,2.920,4.776 face 2.163,2.450,3.585 2.216,2.450,3.367 2.051,2.450,3.251 2.003,2.450,3.440 face 2.081,2.450,3.795 2.163,2.450,3.585 2.003,2.450,3.440 1.936,2.450,3.624 face 1.955,2.450,3.980 2.081,2.450,3.795 1.936,2.450,3.624 1.845,2.450,3.796 face 1.779,2.450,4.119 1.955,2.450,3.980 1.845,2.450,3.796 1.723,2.450,3.948  r=30
;__create Blocks__
block create group "Blocks" poly face 2.450,-0.579,4.415 2.450,-0.607,4.607 2.450,-0.803,4.709 2.450,-0.840,4.598 face 2.823,-0.717,5.004 2.870,-0.729,4.970 2.450,-0.840,4.598 2.450,-0.803,4.709 face 2.450,-0.583,4.716 2.450,-0.772,4.804 2.450,-0.803,4.709 2.450,-0.607,4.607 face 2.450,-0.361,4.183 2.450,-0.413,4.498 2.450,-0.607,4.607 2.450,-0.579,4.415 face 2.450,-0.901,4.413 2.450,-0.695,4.208 2.450,-0.579,4.415 2.450,-0.840,4.598 face 2.450,-0.395,4.624 2.450,-0.583,4.716 2.450,-0.607,4.607 2.450,-0.413,4.498 face 2.450,-0.172,3.925 2.450,-0.213,4.402 2.450,-0.413,4.498 2.450,-0.361,4.183 face 2.450,-0.695,4.208 2.450,-0.543,3.960 2.450,-0.361,4.183 2.450,-0.579,4.415 face 2.450,-0.202,4.544 2.450,-0.395,4.624 2.450,-0.413,4.498 2.450,-0.213,4.402 face 2.450,0.000,3.657 2.450,0.000,4.343 2.450,-0.213,4.402 2.450,-0.172,3.925 face 2.450,-0.543,3.960 2.450,-0.431,3.690 2.450,-0.172,3.925 2.450,-0.361,4.183 face 2.450,0.000,4.494 2.450,-0.202,4.544 2.450,-0.213,4.402 2.450,0.000,4.343 face 3.279,0.000,3.729 3.080,0.000,4.458 2.450,0.000,4.343 2.450,0.000,3.657 face 2.450,-0.431,3.690 2.450,-0.351,3.410 2.450,0.000,3.657 2.450,-0.172,3.925 face 2.787,-0.707,5.029 2.823,-0.717,5.004 2.450,-0.803,4.709 2.450,-0.772,4.804 face 2.868,-0.546,4.889 2.787,-0.707,5.029 2.450,-0.772,4.804 2.450,-0.583,4.716 face 2.947,-0.385,4.749 2.868,-0.546,4.889 2.450,-0.583,4.716 2.450,-0.395,4.624 face 3.016,-0.209,4.621 2.947,-0.385,4.749 2.450,-0.395,4.624 2.450,-0.202,4.544 face 3.052,0.000,4.541 3.016,-0.209,4.621 2.450,-0.202,4.544 2.450,0.000,4.494 face 3.080,0.000,4.458 3.052,0.000,4.541 2.450,0.000,4.494 2.450,0.000,4.343 face 2.900,-0.555,4.848 2.823,-0.717,5.004 2.787,-0.707,5.029 2.868,-0.546,4.889 face 2.977,-0.392,4.691 2.900,-0.555,4.848 2.868,-0.546,4.889 2.947,-0.385,4.749 face 3.044,-0.215,4.548 2.977,-0.392,4.691 2.947,-0.385,4.749 3.016,-0.209,4.621 face 3.080,0.000,4.458 3.044,-0.215,4.548 3.016,-0.209,4.621 3.052,0.000,4.541 face 2.983,-0.510,4.687 2.870,-0.729,4.970 2.823,-0.717,5.004 2.900,-0.555,4.848 face 3.092,-0.324,4.380 2.983,-0.510,4.687 2.900,-0.555,4.848 2.977,-0.392,4.691 face 3.191,-0.155,4.060 3.092,-0.324,4.380 2.977,-0.392,4.691 3.044,-0.215,4.548 face 3.279,0.000,3.729 3.191,-0.155,4.060 3.044,-0.215,4.548 3.080,0.000,4.458 face 3.062,-0.587,4.574 2.958,-0.757,4.894 2.870,-0.729,4.970 2.983,-0.510,4.687 face 3.163,-0.463,4.234 3.062,-0.587,4.574 2.983,-0.510,4.687 3.092,-0.324,4.380 face 3.255,-0.371,3.880 3.163,-0.463,4.234 3.092,-0.324,4.380 3.191,-0.155,4.060 face 3.336,-0.307,3.519 3.255,-0.371,3.880 3.191,-0.155,4.060 3.279,0.000,3.729 face 2.450,-0.901,4.413 2.450,-0.840,4.598 2.870,-0.729,4.970 2.958,-0.757,4.894 face 2.866,-0.814,3.997 2.827,-0.992,4.171 2.958,-0.757,4.894 3.062,-0.587,4.574 face 2.908,-0.703,3.774 2.866,-0.814,3.997 3.062,-0.587,4.574 3.163,-0.463,4.234 face 2.942,-0.636,3.533 2.908,-0.703,3.774 3.163,-0.463,4.234 3.255,-0.371,3.880 face 2.968,-0.595,3.284 2.942,-0.636,3.533 3.255,-0.371,3.880 3.336,-0.307,3.519 face 2.450,0.000,3.657 2.450,-0.351,3.410 3.336,-0.307,3.519 3.279,0.000,3.729 face 2.450,-0.973,4.193 2.450,-0.901,4.413 2.958,-0.757,4.894 2.827,-0.992,4.171 face 2.450,-0.754,4.055 2.450,-0.973,4.193 2.827,-0.992,4.171 2.866,-0.814,3.997 face 2.450,-0.592,3.852 2.450,-0.754,4.055 2.866,-0.814,3.997 2.908,-0.703,3.774 face 2.450,-0.487,3.614 2.450,-0.592,3.852 2.908,-0.703,3.774 2.942,-0.636,3.533 face 2.450,-0.420,3.362 2.450,-0.487,3.614 2.942,-0.636,3.533 2.968,-0.595,3.284 face 2.450,-0.351,3.410 2.450,-0.420,3.362 2.968,-0.595,3.284 3.336,-0.307,3.519 face 2.450,-0.695,4.208 2.450,-0.901,4.413 2.450,-0.973,4.193 2.450,-0.754,4.055 face 2.450,-0.543,3.960 2.450,-0.695,4.208 2.450,-0.754,4.055 2.450,-0.592,3.852 face 2.450,-0.431,3.690 2.450,-0.543,3.960 2.450,-0.592,3.852 2.450,-0.487,3.614 face 2.450,-0.351,3.410 2.450,-0.431,3.690 2.450,-0.487,3.614 2.450,-0.420,3.362  r=31
;__create Blocks__
block create group "Blocks" poly face 2.450,-1.644,4.613 2.450,-1.661,4.738 2.450,-1.891,4.552 2.450,-1.848,4.422 face 2.789,-2.041,5.036 2.853,-2.038,5.031 2.450,-1.848,4.422 2.450,-1.891,4.552 face 2.450,-1.676,4.866 2.450,-1.946,4.717 2.450,-1.891,4.552 2.450,-1.661,4.738 face 2.450,-1.382,4.711 2.450,-1.379,4.823 2.450,-1.661,4.738 2.450,-1.644,4.613 face 2.450,-1.815,4.321 2.450,-1.617,4.477 2.450,-1.644,4.613 2.450,-1.848,4.422 face 2.450,-1.373,4.923 2.450,-1.676,4.866 2.450,-1.661,4.738 2.450,-1.379,4.823 face 2.450,-1.102,4.698 2.450,-1.084,4.805 2.450,-1.379,4.823 2.450,-1.382,4.711 face 2.450,-1.617,4.477 2.450,-1.377,4.549 2.450,-1.382,4.711 2.450,-1.644,4.613 face 2.450,-1.066,4.897 2.450,-1.373,4.923 2.450,-1.379,4.823 2.450,-1.084,4.805 face 2.450,-0.840,4.598 2.450,-0.803,4.709 2.450,-1.084,4.805 2.450,-1.102,4.698 face 2.450,-1.377,4.549 2.450,-1.127,4.525 2.450,-1.102,4.698 2.450,-1.382,4.711 face 2.450,-0.772,4.804 2.450,-1.066,4.897 2.450,-1.084,4.805 2.450,-0.803,4.709 face 2.870,-0.729,4.970 2.823,-0.717,5.004 2.450,-0.803,4.709 2.450,-0.840,4.598 face 2.450,-1.127,4.525 2.450,-0.901,4.413 2.450,-0.840,4.598 2.450,-1.102,4.698 face 2.737,-2.042,5.033 2.789,-2.041,5.036 2.450,-1.891,4.552 2.450,-1.946,4.717 face 2.659,-1.724,5.215 2.737,-2.042,5.033 2.450,-1.946,4.717 2.450,-1.676,4.866 face 2.625,-1.363,5.301 2.659,-1.724,5.215 2.450,-1.676,4.866 2.450,-1.373,4.923 face 2.672,-1.003,5.226 2.625,-1.363,5.301 2.450,-1.373,4.923 2.450,-1.066,4.897 face 2.787,-0.707,5.029 2.672,-1.003,5.226 2.450,-1.066,4.897 2.450,-0.772,4.804 face 2.823,-0.717,5.004 2.787,-0.707,5.029 2.450,-0.772,4.804 2.450,-0.803,4.709 face 2.710,-1.723,5.214 2.789,-2.041,5.036 2.737,-2.042,5.033 2.659,-1.724,5.215 face 2.675,-1.363,5.298 2.710,-1.723,5.214 2.659,-1.724,5.215 2.625,-1.363,5.301 face 2.718,-1.005,5.214 2.675,-1.363,5.298 2.625,-1.363,5.301 2.672,-1.003,5.226 face 2.823,-0.717,5.004 2.718,-1.005,5.214 2.672,-1.003,5.226 2.787,-0.707,5.029 face 2.772,-1.720,5.210 2.853,-2.038,5.031 2.789,-2.041,5.036 2.710,-1.723,5.214 face 2.733,-1.361,5.294 2.772,-1.720,5.210 2.710,-1.723,5.214 2.675,-1.363,5.298 face 2.773,-1.006,5.199 2.733,-1.361,5.294 2.675,-1.363,5.298 2.718,-1.005,5.214 face 2.870,-0.729,4.970 2.773,-1.006,5.199 2.718,-1.005,5.214 2.823,-0.717,5.004 face 2.873,-1.714,5.197 2.967,-2.024,4.999 2.853,-2.038,5.031 2.772,-1.720,5.210 face 2.825,-1.352,5.288 2.873,-1.714,5.197 2.772,-1.720,5.210 2.733,-1.361,5.294 face 2.864,-1.002,5.166 2.825,-1.352,5.288 2.733,-1.361,5.294 2.773,-1.006,5.199 face 2.958,-0.757,4.894 2.864,-1.002,5.166 2.773,-1.006,5.199 2.870,-0.729,4.970 face 2.450,-1.815,4.321 2.450,-1.848,4.422 2.853,-2.038,5.031 2.967,-2.024,4.999 face 2.822,-1.565,4.205 2.847,-1.729,4.096 2.967,-2.024,4.999 2.873,-1.714,5.197 face 2.810,-1.374,4.255 2.822,-1.565,4.205 2.873,-1.714,5.197 2.825,-1.352,5.288 face 2.811,-1.175,4.244 2.810,-1.374,4.255 2.825,-1.352,5.288 2.864,-1.002,5.166 face 2.827,-0.992,4.171 2.811,-1.175,4.244 2.864,-1.002,5.166 2.958,-0.757,4.894 face 2.450,-0.840,4.598 2.450,-0.901,4.413 2.958,-0.757,4.894 2.870,-0.729,4.970 face 2.450,-1.753,4.133 2.450,-1.815,4.321 2.967,-2.024,4.999 2.847,-1.729,4.096 face 2.450,-1.570,4.220 2.450,-1.753,4.133 2.847,-1.729,4.096 2.822,-1.565,4.205 face 2.450,-1.371,4.257 2.450,-1.570,4.220 2.822,-1.565,4.205 2.810,-1.374,4.255 face 2.450,-1.169,4.248 2.450,-1.371,4.257 2.810,-1.374,4.255 2.811,-1.175,4.244 face 2.450,-0.973,4.193 2.450,-1.169,4.248 2.811,-1.175,4.244 2.827,-0.992,4.171 face 2.450,-0.901,4.413 2.450,-0.973,4.193 2.827,-0.992,4.171 2.958,-0.757,4.894 face 2.450,-1.617,4.477 2.450,-1.815,4.321 2.450,-1.753,4.133 2.450,-1.570,4.220 face 2.450,-1.377,4.549 2.450,-1.617,4.477 2.450,-1.570,4.220 2.450,-1.371,4.257 face 2.450,-1.127,4.525 2.450,-1.377,4.549 2.450,-1.371,4.257 2.450,-1.169,4.248 face 2.450,-0.901,4.413 2.450,-1.127,4.525 2.450,-1.169,4.248 2.450,-0.973,4.193  r=32
;__create Blocks__
block create group "Blocks" poly face 0.600,2.450,4.267 0.622,2.450,4.433 0.828,2.450,4.467 0.867,2.450,4.349 face 0.748,2.796,4.740 0.750,2.843,4.738 0.867,2.450,4.349 0.828,2.450,4.467 face 0.601,2.450,4.520 0.800,2.450,4.552 0.828,2.450,4.467 0.622,2.450,4.433 face 0.366,2.450,4.114 0.416,2.450,4.397 0.622,2.450,4.433 0.600,2.450,4.267 face 0.935,2.450,4.141 0.732,2.450,4.024 0.600,2.450,4.267 0.867,2.450,4.349 face 0.402,2.450,4.486 0.601,2.450,4.520 0.622,2.450,4.433 0.416,2.450,4.397 face 0.171,2.450,3.913 0.209,2.450,4.367 0.416,2.450,4.397 0.366,2.450,4.114 face 0.732,2.450,4.024 0.567,2.450,3.858 0.366,2.450,4.114 0.600,2.450,4.267 face 0.201,2.450,4.460 0.402,2.450,4.486 0.416,2.450,4.397 0.209,2.450,4.367 face 0.000,2.450,3.692 0.000,2.450,4.355 0.209,2.450,4.367 0.171,2.450,3.913 face 0.567,2.450,3.858 0.445,2.450,3.657 0.171,2.450,3.913 0.366,2.450,4.114 face 0.000,2.450,4.449 0.201,2.450,4.460 0.209,2.450,4.367 0.000,2.450,4.355 face 0.000,3.166,3.754 0.000,3.045,4.422 0.000,2.450,4.355 0.000,2.450,3.692 face 0.445,2.450,3.657 0.362,2.450,3.437 0.000,2.450,3.692 0.171,2.450,3.913 face 0.747,2.759,4.738 0.748,2.796,4.740 0.828,2.450,4.467 0.800,2.450,4.552 face 0.571,2.842,4.653 0.747,2.759,4.738 0.800,2.450,4.552 0.601,2.450,4.520 face 0.394,2.925,4.569 0.571,2.842,4.653 0.601,2.450,4.520 0.402,2.450,4.486 face 0.206,2.995,4.497 0.394,2.925,4.569 0.402,2.450,4.486 0.201,2.450,4.460 face 0.000,3.028,4.463 0.206,2.995,4.497 0.201,2.450,4.460 0.000,2.450,4.449 face 0.000,3.045,4.422 0.000,3.028,4.463 0.000,2.450,4.449 0.000,2.450,4.355 face 0.572,2.873,4.642 0.748,2.796,4.740 0.747,2.759,4.738 0.571,2.842,4.653 face 0.396,2.949,4.545 0.572,2.873,4.642 0.571,2.842,4.653 0.394,2.925,4.569 face 0.208,3.014,4.461 0.396,2.949,4.545 0.394,2.925,4.569 0.206,2.995,4.497 face 0.000,3.045,4.422 0.208,3.014,4.461 0.206,2.995,4.497 0.000,3.028,4.463 face 0.516,2.945,4.540 0.750,2.843,4.738 0.748,2.796,4.740 0.572,2.873,4.642 face 0.321,3.037,4.299 0.516,2.945,4.540 0.572,2.873,4.642 0.396,2.949,4.545 face 0.151,3.111,4.035 0.321,3.037,4.299 0.396,2.949,4.545 0.208,3.014,4.461 face 0.000,3.166,3.754 0.151,3.111,4.035 0.208,3.014,4.461 0.000,3.045,4.422 face 0.579,3.014,4.454 0.763,2.926,4.706 0.750,2.843,4.738 0.516,2.945,4.540 face 0.450,3.091,4.167 0.579,3.014,4.454 0.516,2.945,4.540 0.321,3.037,4.299 face 0.361,3.149,3.860 0.450,3.091,4.167 0.321,3.037,4.299 0.151,3.111,4.035 face 0.302,3.189,3.544 0.361,3.149,3.860 0.151,3.111,4.035 0.000,3.166,3.754 face 0.935,2.450,4.141 0.867,2.450,4.349 0.750,2.843,4.738 0.763,2.926,4.706 face 0.870,2.800,3.823 1.000,2.800,3.976 0.763,2.926,4.706 0.579,3.014,4.454 face 0.773,2.800,3.648 0.870,2.800,3.823 0.579,3.014,4.454 0.450,3.091,4.167 face 0.701,2.800,3.460 0.773,2.800,3.648 0.450,3.091,4.167 0.361,3.149,3.860 face 0.649,2.800,3.266 0.701,2.800,3.460 0.361,3.149,3.860 0.302,3.189,3.544 face 0.000,2.450,3.692 0.362,2.450,3.437 0.302,3.189,3.544 0.000,3.166,3.754 face 0.983,2.450,3.996 0.935,2.450,4.141 0.763,2.926,4.706 1.000,2.800,3.976 face 0.844,2.450,3.839 0.983,2.450,3.996 1.000,2.800,3.976 0.870,2.800,3.823 face 0.745,2.450,3.654 0.844,2.450,3.839 0.870,2.800,3.823 0.773,2.800,3.648 face 0.676,2.450,3.456 0.745,2.450,3.654 0.773,2.800,3.648 0.701,2.800,3.460 face 0.627,2.450,3.251 0.676,2.450,3.456 0.701,2.800,3.460 0.649,2.800,3.266 face 0.362,2.450,3.437 0.627,2.450,3.251 0.649,2.800,3.266 0.302,3.189,3.544 face 0.732,2.450,4.024 0.935,2.450,4.141 0.983,2.450,3.996 0.844,2.450,3.839 face 0.567,2.450,3.858 0.732,2.450,4.024 0.844,2.450,3.839 0.745,2.450,3.654 face 0.445,2.450,3.657 0.567,2.450,3.858 0.745,2.450,3.654 0.676,2.450,3.456 face 0.362,2.450,3.437 0.445,2.450,3.657 0.676,2.450,3.456 0.627,2.450,3.251  r=33
;__create Blocks__
block create group "Blocks" poly face 2.446,-2.266,3.707 2.450,-2.243,4.174 2.370,-2.380,4.139 2.370,-2.380,3.470 face 2.898,-2.909,4.449 3.116,-3.127,4.060 2.370,-2.380,3.470 2.370,-2.380,4.139 face 2.444,-2.278,4.514 2.370,-2.380,4.512 2.370,-2.380,4.139 2.450,-2.243,4.174 face 2.450,-2.136,3.951 2.450,-2.117,4.292 2.450,-2.243,4.174 2.446,-2.266,3.707 face 2.450,-2.206,3.355 2.450,-2.150,3.612 2.446,-2.266,3.707 2.370,-2.380,3.470 face 2.450,-2.159,4.566 2.444,-2.278,4.514 2.450,-2.243,4.174 2.450,-2.117,4.292 face 2.450,-2.002,4.193 2.450,-2.005,4.423 2.450,-2.117,4.292 2.450,-2.136,3.951 face 2.450,-2.150,3.612 2.450,-2.073,3.865 2.450,-2.136,3.951 2.446,-2.266,3.707 face 2.450,-2.051,4.640 2.450,-2.159,4.566 2.450,-2.117,4.292 2.450,-2.005,4.423 face 2.450,-1.848,4.422 2.450,-1.891,4.552 2.450,-2.005,4.423 2.450,-2.002,4.193 face 2.450,-2.073,3.865 2.450,-1.965,4.105 2.450,-2.002,4.193 2.450,-2.136,3.951 face 2.450,-1.946,4.717 2.450,-2.051,4.640 2.450,-2.005,4.423 2.450,-1.891,4.552 face 2.853,-2.038,5.031 2.789,-2.041,5.036 2.450,-1.891,4.552 2.450,-1.848,4.422 face 2.450,-1.965,4.105 2.450,-1.815,4.321 2.450,-1.848,4.422 2.450,-2.002,4.193 face 2.832,-2.842,4.484 2.898,-2.909,4.449 2.370,-2.380,4.139 2.370,-2.380,4.512 face 2.889,-2.635,4.585 2.832,-2.842,4.484 2.370,-2.380,4.512 2.444,-2.278,4.514 face 2.852,-2.436,4.737 2.889,-2.635,4.585 2.444,-2.278,4.514 2.450,-2.159,4.566 face 2.797,-2.241,4.888 2.852,-2.436,4.737 2.450,-2.159,4.566 2.450,-2.051,4.640 face 2.737,-2.042,5.033 2.797,-2.241,4.888 2.450,-2.051,4.640 2.450,-1.946,4.717 face 2.789,-2.041,5.036 2.737,-2.042,5.033 2.450,-1.946,4.717 2.450,-1.891,4.552 face 2.957,-2.683,4.558 2.898,-2.909,4.449 2.832,-2.842,4.484 2.889,-2.635,4.585 face 2.915,-2.468,4.720 2.957,-2.683,4.558 2.889,-2.635,4.585 2.852,-2.436,4.737 face 2.855,-2.257,4.881 2.915,-2.468,4.720 2.852,-2.436,4.737 2.797,-2.241,4.888 face 2.789,-2.041,5.036 2.855,-2.257,4.881 2.797,-2.241,4.888 2.737,-2.042,5.033 face 3.102,-2.868,4.328 3.116,-3.127,4.060 2.898,-2.909,4.449 2.957,-2.683,4.558 face 3.035,-2.601,4.579 3.102,-2.868,4.328 2.957,-2.683,4.558 2.915,-2.468,4.720 face 2.947,-2.326,4.814 3.035,-2.601,4.579 2.915,-2.468,4.720 2.855,-2.257,4.881 face 2.853,-2.038,5.031 2.947,-2.326,4.814 2.855,-2.257,4.881 2.789,-2.041,5.036 face 3.293,-2.730,4.233 3.397,-2.916,3.937 3.116,-3.127,4.060 3.102,-2.868,4.328 face 3.184,-2.519,4.511 3.293,-2.730,4.233 3.102,-2.868,4.328 3.035,-2.601,4.579 face 3.074,-2.285,4.768 3.184,-2.519,4.511 3.035,-2.601,4.579 2.947,-2.326,4.814 face 2.967,-2.024,4.999 3.074,-2.285,4.768 2.947,-2.326,4.814 2.853,-2.038,5.031 face 2.450,-2.206,3.355 2.370,-2.380,3.470 3.116,-3.127,4.060 3.397,-2.916,3.937 face 2.924,-2.008,3.504 2.938,-2.046,3.285 3.397,-2.916,3.937 3.293,-2.730,4.233 face 2.904,-1.951,3.719 2.924,-2.008,3.504 3.293,-2.730,4.233 3.184,-2.519,4.511 face 2.878,-1.863,3.922 2.904,-1.951,3.719 3.184,-2.519,4.511 3.074,-2.285,4.768 face 2.847,-1.729,4.096 2.878,-1.863,3.922 3.074,-2.285,4.768 2.967,-2.024,4.999 face 2.450,-1.848,4.422 2.450,-1.815,4.321 2.967,-2.024,4.999 2.853,-2.038,5.031 face 2.450,-2.138,3.307 2.450,-2.206,3.355 3.397,-2.916,3.937 2.938,-2.046,3.285 face 2.450,-2.095,3.537 2.450,-2.138,3.307 2.938,-2.046,3.285 2.924,-2.008,3.504 face 2.450,-2.027,3.761 2.450,-2.095,3.537 2.924,-2.008,3.504 2.904,-1.951,3.719 face 2.450,-1.918,3.968 2.450,-2.027,3.761 2.904,-1.951,3.719 2.878,-1.863,3.922 face 2.450,-1.753,4.133 2.450,-1.918,3.968 2.878,-1.863,3.922 2.847,-1.729,4.096 face 2.450,-1.815,4.321 2.450,-1.753,4.133 2.847,-1.729,4.096 2.967,-2.024,4.999 face 2.450,-2.150,3.612 2.450,-2.206,3.355 2.450,-2.138,3.307 2.450,-2.095,3.537 face 2.450,-2.073,3.865 2.450,-2.150,3.612 2.450,-2.095,3.537 2.450,-2.027,3.761 face 2.450,-1.965,4.105 2.450,-2.073,3.865 2.450,-2.027,3.761 2.450,-1.918,3.968 face 2.450,-1.815,4.321 2.450,-1.965,4.105 2.450,-1.918,3.968 2.450,-1.753,4.133  r=34
;__create Blocks__
block create group "Blocks" poly face -1.928,-2.450,0.275 -2.091,-2.450,0.281 -2.090,-2.450,0.000 -1.928,-2.450,0.000 face -1.988,-3.066,0.000 -1.801,-3.016,0.000 -1.928,-2.450,0.000 -2.090,-2.450,0.000 face -2.242,-2.450,0.287 -2.246,-2.450,0.000 -2.090,-2.450,0.000 -2.091,-2.450,0.281 face -1.929,-2.450,0.550 -2.092,-2.450,0.563 -2.091,-2.450,0.281 -1.928,-2.450,0.275 face -1.766,-2.450,0.000 -1.766,-2.450,0.269 -1.928,-2.450,0.275 -1.928,-2.450,0.000 face -2.244,-2.450,0.575 -2.242,-2.450,0.287 -2.091,-2.450,0.281 -2.092,-2.450,0.563 face -1.930,-2.450,0.825 -2.093,-2.450,0.844 -2.092,-2.450,0.563 -1.929,-2.450,0.550 face -1.766,-2.450,0.269 -1.767,-2.450,0.537 -1.929,-2.450,0.550 -1.928,-2.450,0.275 face -2.246,-2.450,0.862 -2.244,-2.450,0.575 -2.092,-2.450,0.563 -2.093,-2.450,0.844 face -1.931,-2.450,1.100 -2.094,-2.450,1.125 -2.093,-2.450,0.844 -1.930,-2.450,0.825 face -1.767,-2.450,0.537 -1.767,-2.450,0.806 -1.930,-2.450,0.825 -1.929,-2.450,0.550 face -2.248,-2.450,1.149 -2.246,-2.450,0.862 -2.093,-2.450,0.844 -2.094,-2.450,1.125 face -1.799,-3.045,1.214 -1.986,-3.105,1.256 -2.094,-2.450,1.125 -1.931,-2.450,1.100 face -1.767,-2.450,0.806 -1.768,-2.450,1.075 -1.931,-2.450,1.100 -1.930,-2.450,0.825 face -2.167,-3.120,0.000 -1.988,-3.066,0.000 -2.090,-2.450,0.000 -2.246,-2.450,0.000 face -2.165,-3.136,0.324 -2.167,-3.120,0.000 -2.246,-2.450,0.000 -2.242,-2.450,0.287 face -2.164,-3.150,0.649 -2.165,-3.136,0.324 -2.242,-2.450,0.287 -2.244,-2.450,0.575 face -2.164,-3.161,0.973 -2.164,-3.150,0.649 -2.244,-2.450,0.575 -2.246,-2.450,0.862 face -2.164,-3.168,1.298 -2.164,-3.161,0.973 -2.246,-2.450,0.862 -2.248,-2.450,1.149 face -1.986,-3.105,1.256 -2.164,-3.168,1.298 -2.248,-2.450,1.149 -2.094,-2.450,1.125 face -1.987,-3.078,0.314 -1.988,-3.066,0.000 -2.167,-3.120,0.000 -2.165,-3.136,0.324 face -1.987,-3.088,0.628 -1.987,-3.078,0.314 -2.165,-3.136,0.324 -2.164,-3.150,0.649 face -1.986,-3.097,0.942 -1.987,-3.088,0.628 -2.164,-3.150,0.649 -2.164,-3.161,0.973 face -1.986,-3.105,1.256 -1.986,-3.097,0.942 -2.164,-3.161,0.973 -2.164,-3.168,1.298 face -1.801,-3.023,0.303 -1.801,-3.016,0.000 -1.988,-3.066,0.000 -1.987,-3.078,0.314 face -1.800,-3.031,0.607 -1.801,-3.023,0.303 -1.987,-3.078,0.314 -1.987,-3.088,0.628 face -1.800,-3.038,0.910 -1.800,-3.031,0.607 -1.987,-3.088,0.628 -1.986,-3.097,0.942 face -1.799,-3.045,1.214 -1.800,-3.038,0.910 -1.986,-3.097,0.942 -1.986,-3.105,1.256 face -1.614,-2.976,0.293 -1.614,-2.971,0.000 -1.801,-3.016,0.000 -1.801,-3.023,0.303 face -1.614,-2.981,0.586 -1.614,-2.976,0.293 -1.801,-3.023,0.303 -1.800,-3.031,0.607 face -1.614,-2.987,0.880 -1.614,-2.981,0.586 -1.800,-3.031,0.607 -1.800,-3.038,0.910 face -1.613,-2.993,1.173 -1.614,-2.987,0.880 -1.800,-3.038,0.910 -1.799,-3.045,1.214 face -1.766,-2.450,0.000 -1.928,-2.450,0.000 -1.801,-3.016,0.000 -1.614,-2.971,0.000 face -1.437,-2.935,0.284 -1.437,-2.932,0.000 -1.614,-2.971,0.000 -1.614,-2.976,0.293 face -1.437,-2.939,0.568 -1.437,-2.935,0.284 -1.614,-2.976,0.293 -1.614,-2.981,0.586 face -1.437,-2.944,0.852 -1.437,-2.939,0.568 -1.614,-2.981,0.586 -1.614,-2.987,0.880 face -1.435,-2.950,1.136 -1.437,-2.944,0.852 -1.614,-2.987,0.880 -1.613,-2.993,1.173 face -1.931,-2.450,1.100 -1.768,-2.450,1.075 -1.613,-2.993,1.173 -1.799,-3.045,1.214 face -1.612,-2.450,0.000 -1.766,-2.450,0.000 -1.614,-2.971,0.000 -1.437,-2.932,0.000 face -1.614,-2.450,0.263 -1.612,-2.450,0.000 -1.437,-2.932,0.000 -1.437,-2.935,0.284 face -1.614,-2.450,0.525 -1.614,-2.450,0.263 -1.437,-2.935,0.284 -1.437,-2.939,0.568 face -1.613,-2.450,0.788 -1.614,-2.450,0.525 -1.437,-2.939,0.568 -1.437,-2.944,0.852 face -1.612,-2.450,1.051 -1.613,-2.450,0.788 -1.437,-2.944,0.852 -1.435,-2.950,1.136 face -1.768,-2.450,1.075 -1.612,-2.450,1.051 -1.435,-2.950,1.136 -1.613,-2.993,1.173 face -1.766,-2.450,0.269 -1.766,-2.450,0.000 -1.612,-2.450,0.000 -1.614,-2.450,0.263 face -1.767,-2.450,0.537 -1.766,-2.450,0.269 -1.614,-2.450,0.263 -1.614,-2.450,0.525 face -1.767,-2.450,0.806 -1.767,-2.450,0.537 -1.614,-2.450,0.525 -1.613,-2.450,0.788 face -1.768,-2.450,1.075 -1.767,-2.450,0.806 -1.613,-2.450,0.788 -1.612,-2.450,1.051  r=35
;__create Blocks__
block create group "Blocks" poly face -2.450,0.611,4.283 -2.450,0.616,4.491 -2.450,0.817,4.573 -2.450,0.861,4.442 face -2.815,0.734,4.858 -2.864,0.743,4.834 -2.450,0.861,4.442 -2.450,0.817,4.573 face -2.450,0.590,4.616 -2.450,0.783,4.676 -2.450,0.817,4.573 -2.450,0.616,4.491 face -2.450,0.394,4.081 -2.450,0.419,4.398 -2.450,0.616,4.491 -2.450,0.611,4.283 face -2.450,0.909,4.295 -2.450,0.685,4.138 -2.450,0.611,4.283 -2.450,0.861,4.442 face -2.450,0.398,4.551 -2.450,0.590,4.616 -2.450,0.616,4.491 -2.450,0.419,4.398 face -2.450,0.196,3.861 -2.450,0.215,4.321 -2.450,0.419,4.398 -2.450,0.394,4.081 face -2.450,0.685,4.138 -2.450,0.522,3.918 -2.450,0.394,4.081 -2.450,0.611,4.283 face -2.450,0.202,4.501 -2.450,0.398,4.551 -2.450,0.419,4.398 -2.450,0.215,4.321 face -2.450,0.000,3.638 -2.450,0.000,4.300 -2.450,0.215,4.321 -2.450,0.196,3.861 face -2.450,0.522,3.918 -2.450,0.412,3.666 -2.450,0.196,3.861 -2.450,0.394,4.081 face -2.450,0.000,4.494 -2.450,0.202,4.501 -2.450,0.215,4.321 -2.450,0.000,4.300 face -3.282,0.000,3.711 -3.080,0.000,4.425 -2.450,0.000,4.300 -2.450,0.000,3.638 face -2.450,0.412,3.666 -2.450,0.337,3.401 -2.450,0.000,3.638 -2.450,0.196,3.861 face -2.777,0.728,4.873 -2.815,0.734,4.858 -2.450,0.817,4.573 -2.450,0.783,4.676 face -2.859,0.563,4.745 -2.777,0.728,4.873 -2.450,0.783,4.676 -2.450,0.590,4.616 face -2.942,0.397,4.620 -2.859,0.563,4.745 -2.450,0.590,4.616 -2.450,0.398,4.551 face -3.015,0.214,4.514 -2.942,0.397,4.620 -2.450,0.398,4.551 -2.450,0.202,4.501 face -3.052,0.000,4.474 -3.015,0.214,4.514 -2.450,0.202,4.501 -2.450,0.000,4.494 face -3.080,0.000,4.425 -3.052,0.000,4.474 -2.450,0.000,4.494 -2.450,0.000,4.300 face -2.894,0.568,4.721 -2.815,0.734,4.858 -2.777,0.728,4.873 -2.859,0.563,4.745 face -2.973,0.402,4.586 -2.894,0.568,4.721 -2.859,0.563,4.745 -2.942,0.397,4.620 face -3.043,0.218,4.470 -2.973,0.402,4.586 -2.942,0.397,4.620 -3.015,0.214,4.514 face -3.080,0.000,4.425 -3.043,0.218,4.470 -3.015,0.214,4.514 -3.052,0.000,4.474 face -2.978,0.519,4.585 -2.864,0.743,4.834 -2.815,0.734,4.858 -2.894,0.568,4.721 face -3.090,0.328,4.309 -2.978,0.519,4.585 -2.894,0.568,4.721 -2.973,0.402,4.586 face -3.192,0.156,4.017 -3.090,0.328,4.309 -2.973,0.402,4.586 -3.043,0.218,4.470 face -3.282,0.000,3.711 -3.192,0.156,4.017 -3.043,0.218,4.470 -3.080,0.000,4.425 face -3.059,0.592,4.479 -2.953,0.768,4.766 -2.864,0.743,4.834 -2.978,0.519,4.585 face -3.161,0.464,4.166 -3.059,0.592,4.479 -2.978,0.519,4.585 -3.090,0.328,4.309 face -3.254,0.372,3.838 -3.161,0.464,4.166 -3.090,0.328,4.309 -3.192,0.156,4.017 face -3.334,0.308,3.499 -3.254,0.372,3.838 -3.192,0.156,4.017 -3.282,0.000,3.711 face -2.450,0.909,4.295 -2.450,0.861,4.442 -2.864,0.743,4.834 -2.953,0.768,4.766 face -2.867,0.790,3.987 -2.828,0.965,4.157 -2.953,0.768,4.766 -3.059,0.592,4.479 face -2.910,0.676,3.770 -2.867,0.790,3.987 -3.059,0.592,4.479 -3.161,0.464,4.166 face -2.945,0.605,3.534 -2.910,0.676,3.770 -3.161,0.464,4.166 -3.254,0.372,3.838 face -2.972,0.560,3.290 -2.945,0.605,3.534 -3.254,0.372,3.838 -3.334,0.308,3.499 face -2.450,0.000,3.638 -2.450,0.337,3.401 -3.334,0.308,3.499 -3.282,0.000,3.711 face -2.450,0.939,4.204 -2.450,0.909,4.295 -2.953,0.768,4.766 -2.828,0.965,4.157 face -2.450,0.713,4.070 -2.450,0.939,4.204 -2.828,0.965,4.157 -2.867,0.790,3.987 face -2.450,0.555,3.860 -2.450,0.713,4.070 -2.867,0.790,3.987 -2.910,0.676,3.770 face -2.450,0.459,3.614 -2.450,0.555,3.860 -2.910,0.676,3.770 -2.945,0.605,3.534 face -2.450,0.402,3.356 -2.450,0.459,3.614 -2.945,0.605,3.534 -2.972,0.560,3.290 face -2.450,0.337,3.401 -2.450,0.402,3.356 -2.972,0.560,3.290 -3.334,0.308,3.499 face -2.450,0.685,4.138 -2.450,0.909,4.295 -2.450,0.939,4.204 -2.450,0.713,4.070 face -2.450,0.522,3.918 -2.450,0.685,4.138 -2.450,0.713,4.070 -2.450,0.555,3.860 face -2.450,0.412,3.666 -2.450,0.522,3.918 -2.450,0.555,3.860 -2.450,0.459,3.614 face -2.450,0.337,3.401 -2.450,0.412,3.666 -2.450,0.459,3.614 -2.450,0.402,3.356  r=36
;__create Blocks__
block create group "Blocks" poly face -1.110,2.450,4.385 -1.091,2.450,4.494 -0.828,2.450,4.467 -0.867,2.450,4.350 face -0.748,2.796,4.740 -0.750,2.843,4.738 -0.867,2.450,4.350 -0.828,2.450,4.467 face -1.080,2.450,4.582 -0.800,2.450,4.552 -0.828,2.450,4.467 -1.091,2.450,4.494 face -1.355,2.450,4.388 -1.355,2.450,4.497 -1.091,2.450,4.494 -1.110,2.450,4.385 face -0.932,2.450,4.153 -1.142,2.450,4.209 -1.110,2.450,4.385 -0.867,2.450,4.350 face -1.361,2.450,4.592 -1.080,2.450,4.582 -1.091,2.450,4.494 -1.355,2.450,4.497 face -1.597,2.450,4.347 -1.616,2.450,4.467 -1.355,2.450,4.497 -1.355,2.450,4.388 face -1.142,2.450,4.209 -1.359,2.450,4.222 -1.355,2.450,4.388 -1.110,2.450,4.385 face -1.642,2.450,4.583 -1.361,2.450,4.592 -1.355,2.450,4.497 -1.616,2.450,4.467 face -1.822,2.450,4.249 -1.867,2.450,4.386 -1.616,2.450,4.467 -1.597,2.450,4.347 face -1.359,2.450,4.222 -1.575,2.450,4.193 -1.597,2.450,4.347 -1.355,2.450,4.388 face -1.921,2.450,4.550 -1.642,2.450,4.583 -1.616,2.450,4.467 -1.867,2.450,4.386 face -1.984,2.806,4.773 -1.981,2.740,4.758 -1.867,2.450,4.386 -1.822,2.450,4.249 face -1.575,2.450,4.193 -1.778,2.450,4.116 -1.822,2.450,4.249 -1.597,2.450,4.347 face -0.748,2.759,4.738 -0.748,2.796,4.740 -0.828,2.450,4.467 -0.800,2.450,4.552 face -1.037,2.660,4.839 -0.748,2.759,4.738 -0.800,2.450,4.552 -1.080,2.450,4.582 face -1.354,2.620,4.874 -1.037,2.660,4.839 -1.080,2.450,4.582 -1.361,2.450,4.592 face -1.674,2.634,4.837 -1.354,2.620,4.874 -1.361,2.450,4.592 -1.642,2.450,4.583 face -1.978,2.686,4.743 -1.674,2.634,4.837 -1.642,2.450,4.583 -1.921,2.450,4.550 face -1.981,2.740,4.758 -1.978,2.686,4.743 -1.921,2.450,4.550 -1.867,2.450,4.386 face -1.037,2.705,4.856 -0.748,2.796,4.740 -0.748,2.759,4.738 -1.037,2.660,4.839 face -1.356,2.670,4.897 -1.037,2.705,4.856 -1.037,2.660,4.839 -1.354,2.620,4.874 face -1.677,2.687,4.858 -1.356,2.670,4.897 -1.354,2.620,4.874 -1.674,2.634,4.837 face -1.981,2.740,4.758 -1.677,2.687,4.858 -1.674,2.634,4.837 -1.978,2.686,4.743 face -1.035,2.759,4.877 -0.750,2.843,4.738 -0.748,2.796,4.740 -1.037,2.705,4.856 face -1.356,2.727,4.927 -1.035,2.759,4.877 -1.037,2.705,4.856 -1.356,2.670,4.897 face -1.680,2.749,4.883 -1.356,2.727,4.927 -1.356,2.670,4.897 -1.677,2.687,4.858 face -1.984,2.806,4.773 -1.680,2.749,4.883 -1.677,2.687,4.858 -1.981,2.740,4.758 face -1.027,2.847,4.900 -0.763,2.926,4.706 -0.750,2.843,4.738 -1.035,2.759,4.877 face -1.353,2.819,4.973 -1.027,2.847,4.900 -1.035,2.759,4.877 -1.356,2.727,4.927 face -1.683,2.850,4.916 -1.353,2.819,4.973 -1.356,2.727,4.927 -1.680,2.749,4.883 face -1.982,2.920,4.777 -1.683,2.850,4.916 -1.680,2.749,4.883 -1.984,2.806,4.773 face -0.932,2.450,4.153 -0.867,2.450,4.350 -0.750,2.843,4.738 -0.763,2.926,4.706 face -1.166,2.809,4.100 -0.990,2.823,4.009 -0.763,2.926,4.706 -1.027,2.847,4.900 face -1.363,2.807,4.119 -1.166,2.809,4.100 -1.027,2.847,4.900 -1.353,2.819,4.973 face -1.552,2.816,4.060 -1.363,2.807,4.119 -1.353,2.819,4.973 -1.683,2.850,4.916 face -1.709,2.834,3.940 -1.552,2.816,4.060 -1.683,2.850,4.916 -1.982,2.920,4.777 face -1.822,2.450,4.249 -1.778,2.450,4.116 -1.982,2.920,4.777 -1.984,2.806,4.773 face -0.967,2.450,4.048 -0.932,2.450,4.153 -0.763,2.926,4.706 -0.990,2.823,4.009 face -1.158,2.450,4.112 -0.967,2.450,4.048 -0.990,2.823,4.009 -1.166,2.809,4.100 face -1.359,2.450,4.116 -1.158,2.450,4.112 -1.166,2.809,4.100 -1.363,2.807,4.119 face -1.553,2.450,4.061 -1.359,2.450,4.116 -1.363,2.807,4.119 -1.552,2.816,4.060 face -1.724,2.450,3.953 -1.553,2.450,4.061 -1.552,2.816,4.060 -1.709,2.834,3.940 face -1.778,2.450,4.116 -1.724,2.450,3.953 -1.709,2.834,3.940 -1.982,2.920,4.777 face -1.142,2.450,4.209 -0.932,2.450,4.153 -0.967,2.450,4.048 -1.158,2.450,4.112 face -1.359,2.450,4.222 -1.142,2.450,4.209 -1.158,2.450,4.112 -1.359,2.450,4.116 face -1.575,2.450,4.193 -1.359,2.450,4.222 -1.359,2.450,4.116 -1.553,2.450,4.061 face -1.778,2.450,4.116 -1.575,2.450,4.193 -1.553,2.450,4.061 -1.724,2.450,3.953  r=37
;__create Blocks__
block create group "Blocks" poly face -2.446,2.278,3.696 -2.449,2.258,4.228 -2.375,2.375,4.194 -2.375,2.375,3.475 face -2.792,2.792,4.443 -3.030,3.030,3.993 -2.375,2.375,3.475 -2.375,2.375,4.194 face -2.445,2.282,4.531 -2.375,2.375,4.513 -2.375,2.375,4.194 -2.449,2.258,4.228 face -2.450,2.145,3.911 -2.450,2.125,4.292 -2.449,2.258,4.228 -2.446,2.278,3.696 face -2.450,2.204,3.362 -2.450,2.147,3.588 -2.446,2.278,3.696 -2.375,2.375,3.475 face -2.450,2.165,4.558 -2.445,2.282,4.531 -2.449,2.258,4.228 -2.450,2.125,4.292 face -2.450,2.000,4.118 -2.450,2.000,4.371 -2.450,2.125,4.292 -2.450,2.145,3.911 face -2.450,2.147,3.588 -2.450,2.063,3.806 -2.450,2.145,3.911 -2.446,2.278,3.696 face -2.450,2.049,4.594 -2.450,2.165,4.558 -2.450,2.125,4.292 -2.450,2.000,4.371 face -2.450,1.826,4.301 -2.450,1.875,4.450 -2.450,2.000,4.371 -2.450,2.000,4.118 face -2.450,2.063,3.806 -2.450,1.945,4.006 -2.450,2.000,4.118 -2.450,2.145,3.911 face -2.450,1.934,4.630 -2.450,2.049,4.594 -2.450,2.000,4.371 -2.450,1.875,4.450 face -2.813,2.014,4.905 -2.748,2.019,4.912 -2.450,1.875,4.450 -2.450,1.826,4.301 face -2.450,1.945,4.006 -2.450,1.784,4.175 -2.450,1.826,4.301 -2.450,2.000,4.118 face -2.727,2.727,4.477 -2.792,2.792,4.443 -2.375,2.375,4.194 -2.375,2.375,4.513 face -2.781,2.552,4.576 -2.727,2.727,4.477 -2.375,2.375,4.513 -2.445,2.282,4.531 face -2.766,2.376,4.693 -2.781,2.552,4.576 -2.445,2.282,4.531 -2.450,2.165,4.558 face -2.733,2.200,4.807 -2.766,2.376,4.693 -2.450,2.165,4.558 -2.450,2.049,4.594 face -2.695,2.021,4.914 -2.733,2.200,4.807 -2.450,2.049,4.594 -2.450,1.934,4.630 face -2.748,2.019,4.912 -2.695,2.021,4.914 -2.450,1.934,4.630 -2.450,1.875,4.450 face -2.849,2.599,4.548 -2.792,2.792,4.443 -2.727,2.727,4.477 -2.781,2.552,4.576 face -2.830,2.407,4.674 -2.849,2.599,4.548 -2.781,2.552,4.576 -2.766,2.376,4.693 face -2.792,2.215,4.797 -2.830,2.407,4.674 -2.766,2.376,4.693 -2.733,2.200,4.807 face -2.748,2.019,4.912 -2.792,2.215,4.797 -2.733,2.200,4.807 -2.695,2.021,4.914 face -3.008,2.808,4.261 -3.030,3.030,3.993 -2.792,2.792,4.443 -2.849,2.599,4.548 face -2.955,2.564,4.503 -3.008,2.808,4.261 -2.849,2.599,4.548 -2.830,2.407,4.674 face -2.886,2.299,4.718 -2.955,2.564,4.503 -2.830,2.407,4.674 -2.792,2.215,4.797 face -2.813,2.014,4.905 -2.886,2.299,4.718 -2.792,2.215,4.797 -2.748,2.019,4.912 face -3.187,2.665,4.157 -3.265,2.821,3.867 -3.030,3.030,3.993 -3.008,2.808,4.261 face -3.101,2.476,4.424 -3.187,2.665,4.157 -3.008,2.808,4.261 -2.955,2.564,4.503 face -3.011,2.254,4.664 -3.101,2.476,4.424 -2.955,2.564,4.503 -2.886,2.299,4.718 face -2.925,2.000,4.870 -3.011,2.254,4.664 -2.886,2.299,4.718 -2.813,2.014,4.905 face -2.450,2.204,3.362 -2.375,2.375,3.475 -3.030,3.030,3.993 -3.265,2.821,3.867 face -2.899,2.001,3.495 -2.912,2.041,3.288 -3.265,2.821,3.867 -3.187,2.665,4.157 face -2.883,1.943,3.697 -2.899,2.001,3.495 -3.187,2.665,4.157 -3.101,2.476,4.424 face -2.862,1.857,3.888 -2.883,1.943,3.697 -3.101,2.476,4.424 -3.011,2.254,4.664 face -2.839,1.734,4.057 -2.862,1.857,3.888 -3.011,2.254,4.664 -2.925,2.000,4.870 face -2.450,1.826,4.301 -2.450,1.784,4.175 -2.925,2.000,4.870 -2.813,2.014,4.905 face -2.450,2.118,3.301 -2.450,2.204,3.362 -3.265,2.821,3.867 -2.912,2.041,3.288 face -2.450,2.068,3.511 -2.450,2.118,3.301 -2.912,2.041,3.288 -2.899,2.001,3.495 face -2.450,1.995,3.714 -2.450,2.068,3.511 -2.899,2.001,3.495 -2.883,1.943,3.697 face -2.450,1.890,3.902 -2.450,1.995,3.714 -2.883,1.943,3.697 -2.862,1.857,3.888 face -2.450,1.747,4.062 -2.450,1.890,3.902 -2.862,1.857,3.888 -2.839,1.734,4.057 face -2.450,1.784,4.175 -2.450,1.747,4.062 -2.839,1.734,4.057 -2.925,2.000,4.870 face -2.450,2.147,3.588 -2.450,2.204,3.362 -2.450,2.118,3.301 -2.450,2.068,3.511 face -2.450,2.063,3.806 -2.450,2.147,3.588 -2.450,2.068,3.511 -2.450,1.995,3.714 face -2.450,1.945,4.006 -2.450,2.063,3.806 -2.450,1.995,3.714 -2.450,1.890,3.902 face -2.450,1.784,4.175 -2.450,1.945,4.006 -2.450,1.890,3.902 -2.450,1.747,4.062  r=38
;__create Blocks__
block create group "Blocks" poly face -2.008,2.450,4.092 -1.996,2.450,4.321 -1.867,2.450,4.386 -1.822,2.450,4.249 face -1.981,2.740,4.758 -1.984,2.806,4.773 -1.822,2.450,4.249 -1.867,2.450,4.386 face -2.040,2.450,4.531 -1.921,2.450,4.550 -1.867,2.450,4.386 -1.996,2.450,4.321 face -2.156,2.450,3.898 -2.124,2.450,4.255 -1.996,2.450,4.321 -2.008,2.450,4.092 face -1.778,2.450,4.116 -1.954,2.450,3.979 -2.008,2.450,4.092 -1.822,2.450,4.249 face -2.160,2.450,4.514 -2.040,2.450,4.531 -1.996,2.450,4.321 -2.124,2.450,4.255 face -2.284,2.443,3.690 -2.258,2.448,4.203 -2.124,2.450,4.255 -2.156,2.450,3.898 face -1.954,2.450,3.979 -2.080,2.450,3.795 -2.156,2.450,3.898 -2.008,2.450,4.092 face -2.280,2.444,4.507 -2.160,2.450,4.514 -2.124,2.450,4.255 -2.258,2.448,4.203 face -2.375,2.375,3.475 -2.375,2.375,4.194 -2.258,2.448,4.203 -2.284,2.443,3.690 face -2.080,2.450,3.795 -2.163,2.450,3.587 -2.284,2.443,3.690 -2.156,2.450,3.898 face -2.375,2.375,4.513 -2.280,2.444,4.507 -2.258,2.448,4.203 -2.375,2.375,4.194 face -3.030,3.030,3.993 -2.792,2.792,4.443 -2.375,2.375,4.194 -2.375,2.375,3.475 face -2.163,2.450,3.587 -2.215,2.450,3.370 -2.375,2.375,3.475 -2.284,2.443,3.690 face -1.978,2.686,4.743 -1.981,2.740,4.758 -1.867,2.450,4.386 -1.921,2.450,4.550 face -2.164,2.726,4.666 -1.978,2.686,4.743 -1.921,2.450,4.550 -2.040,2.450,4.531 face -2.349,2.762,4.585 -2.164,2.726,4.666 -2.040,2.450,4.531 -2.160,2.450,4.514 face -2.539,2.781,4.508 -2.349,2.762,4.585 -2.160,2.450,4.514 -2.280,2.444,4.507 face -2.727,2.727,4.477 -2.539,2.781,4.508 -2.280,2.444,4.507 -2.375,2.375,4.513 face -2.792,2.792,4.443 -2.727,2.727,4.477 -2.375,2.375,4.513 -2.375,2.375,4.194 face -2.183,2.785,4.670 -1.981,2.740,4.758 -1.978,2.686,4.743 -2.164,2.726,4.666 face -2.383,2.826,4.576 -2.183,2.785,4.670 -2.164,2.726,4.666 -2.349,2.762,4.585 face -2.587,2.849,4.486 -2.383,2.826,4.576 -2.349,2.762,4.585 -2.539,2.781,4.508 face -2.792,2.792,4.443 -2.587,2.849,4.486 -2.539,2.781,4.508 -2.727,2.727,4.477 face -2.273,2.879,4.621 -1.984,2.806,4.773 -1.981,2.740,4.758 -2.183,2.785,4.670 face -2.544,2.951,4.440 -2.273,2.879,4.621 -2.183,2.785,4.670 -2.383,2.826,4.576 face -2.798,3.006,4.232 -2.544,2.951,4.440 -2.383,2.826,4.576 -2.587,2.849,4.486 face -3.030,3.030,3.993 -2.798,3.006,4.232 -2.587,2.849,4.486 -2.792,2.792,4.443 face -2.238,3.005,4.596 -1.982,2.920,4.777 -1.984,2.806,4.773 -2.273,2.879,4.621 face -2.462,3.095,4.379 -2.238,3.005,4.596 -2.273,2.879,4.621 -2.544,2.951,4.440 face -2.653,3.181,4.132 -2.462,3.095,4.379 -2.544,2.951,4.440 -2.798,3.006,4.232 face -2.811,3.260,3.859 -2.653,3.181,4.132 -2.798,3.006,4.232 -3.030,3.030,3.993 face -1.778,2.450,4.116 -1.822,2.450,4.249 -1.984,2.806,4.773 -1.982,2.920,4.777 face -1.822,2.854,3.793 -1.709,2.834,3.940 -1.982,2.920,4.777 -2.238,3.005,4.596 face -1.907,2.872,3.627 -1.822,2.854,3.793 -2.238,3.005,4.596 -2.462,3.095,4.379 face -1.970,2.888,3.451 -1.907,2.872,3.627 -2.462,3.095,4.379 -2.653,3.181,4.132 face -2.017,2.901,3.270 -1.970,2.888,3.451 -2.653,3.181,4.132 -2.811,3.260,3.859 face -2.375,2.375,3.475 -2.215,2.450,3.370 -2.811,3.260,3.859 -3.030,3.030,3.993 face -1.724,2.450,3.953 -1.778,2.450,4.116 -1.982,2.920,4.777 -1.709,2.834,3.940 face -1.857,2.450,3.812 -1.724,2.450,3.953 -1.709,2.834,3.940 -1.822,2.854,3.793 face -1.961,2.450,3.649 -1.857,2.450,3.812 -1.822,2.854,3.793 -1.907,2.872,3.627 face -2.040,2.450,3.472 -1.961,2.450,3.649 -1.907,2.872,3.627 -1.970,2.888,3.451 face -2.098,2.450,3.287 -2.040,2.450,3.472 -1.970,2.888,3.451 -2.017,2.901,3.270 face -2.215,2.450,3.370 -2.098,2.450,3.287 -2.017,2.901,3.270 -2.811,3.260,3.859 face -1.954,2.450,3.979 -1.778,2.450,4.116 -1.724,2.450,3.953 -1.857,2.450,3.812 face -2.080,2.450,3.795 -1.954,2.450,3.979 -1.857,2.450,3.812 -1.961,2.450,3.649 face -2.163,2.450,3.587 -2.080,2.450,3.795 -1.961,2.450,3.649 -2.040,2.450,3.472 face -2.215,2.450,3.370 -2.163,2.450,3.587 -2.040,2.450,3.472 -2.098,2.450,3.287  r=39
;__create Blocks__
block create group "Blocks" poly face -2.450,-1.102,4.693 -2.450,-1.081,4.810 -2.450,-0.799,4.716 -2.450,-0.843,4.582 face -2.822,-0.719,4.992 -2.871,-0.728,4.966 -2.450,-0.843,4.582 -2.450,-0.799,4.716 face -2.450,-1.062,4.906 -2.450,-0.765,4.819 -2.450,-0.799,4.716 -2.450,-1.081,4.810 face -2.450,-1.383,4.698 -2.450,-1.378,4.815 -2.450,-1.081,4.810 -2.450,-1.102,4.693 face -2.450,-0.890,4.438 -2.450,-1.124,4.537 -2.450,-1.102,4.693 -2.450,-0.843,4.582 face -2.450,-1.372,4.919 -2.450,-1.062,4.906 -2.450,-1.081,4.810 -2.450,-1.378,4.815 face -2.450,-1.639,4.583 -2.450,-1.657,4.712 -2.450,-1.378,4.815 -2.450,-1.383,4.698 face -2.450,-1.124,4.537 -2.450,-1.377,4.542 -2.450,-1.383,4.698 -2.450,-1.102,4.693 face -2.450,-1.672,4.846 -2.450,-1.372,4.919 -2.450,-1.378,4.815 -2.450,-1.657,4.712 face -2.450,-1.838,4.383 -2.450,-1.883,4.519 -2.450,-1.657,4.712 -2.450,-1.639,4.583 face -2.450,-1.377,4.542 -2.450,-1.614,4.451 -2.450,-1.639,4.583 -2.450,-1.383,4.698 face -2.450,-1.939,4.689 -2.450,-1.672,4.846 -2.450,-1.657,4.712 -2.450,-1.883,4.519 face -2.854,-2.040,5.030 -2.790,-2.043,5.034 -2.450,-1.883,4.519 -2.450,-1.838,4.383 face -2.450,-1.614,4.451 -2.450,-1.805,4.284 -2.450,-1.838,4.383 -2.450,-1.639,4.583 face -2.784,-0.713,5.006 -2.822,-0.719,4.992 -2.450,-0.799,4.716 -2.450,-0.765,4.819 face -2.672,-1.003,5.216 -2.784,-0.713,5.006 -2.450,-0.765,4.819 -2.450,-1.062,4.906 face -2.625,-1.363,5.299 -2.672,-1.003,5.216 -2.450,-1.062,4.906 -2.450,-1.372,4.919 face -2.659,-1.725,5.214 -2.625,-1.363,5.299 -2.450,-1.372,4.919 -2.450,-1.672,4.846 face -2.738,-2.044,5.032 -2.659,-1.725,5.214 -2.450,-1.672,4.846 -2.450,-1.939,4.689 face -2.790,-2.043,5.034 -2.738,-2.044,5.032 -2.450,-1.939,4.689 -2.450,-1.883,4.519 face -2.718,-1.005,5.209 -2.822,-0.719,4.992 -2.784,-0.713,5.006 -2.672,-1.003,5.216 face -2.675,-1.362,5.297 -2.718,-1.005,5.209 -2.672,-1.003,5.216 -2.625,-1.363,5.299 face -2.711,-1.724,5.213 -2.675,-1.362,5.297 -2.625,-1.363,5.299 -2.659,-1.725,5.214 face -2.790,-2.043,5.034 -2.711,-1.724,5.213 -2.659,-1.725,5.214 -2.738,-2.044,5.032 face -2.773,-1.005,5.197 -2.871,-0.728,4.966 -2.822,-0.719,4.992 -2.718,-1.005,5.209 face -2.733,-1.361,5.294 -2.773,-1.005,5.197 -2.718,-1.005,5.209 -2.675,-1.362,5.297 face -2.772,-1.721,5.210 -2.733,-1.361,5.294 -2.675,-1.362,5.297 -2.711,-1.724,5.213 face -2.854,-2.040,5.030 -2.772,-1.721,5.210 -2.711,-1.724,5.213 -2.790,-2.043,5.034 face -2.864,-1.001,5.165 -2.959,-0.756,4.891 -2.871,-0.728,4.966 -2.773,-1.005,5.197 face -2.825,-1.352,5.288 -2.864,-1.001,5.165 -2.773,-1.005,5.197 -2.733,-1.361,5.294 face -2.873,-1.715,5.196 -2.825,-1.352,5.288 -2.733,-1.361,5.294 -2.772,-1.721,5.210 face -2.967,-2.026,4.997 -2.873,-1.715,5.196 -2.772,-1.721,5.210 -2.854,-2.040,5.030 face -2.450,-0.890,4.438 -2.450,-0.843,4.582 -2.871,-0.728,4.966 -2.959,-0.756,4.891 face -2.810,-1.175,4.240 -2.824,-0.988,4.176 -2.959,-0.756,4.891 -2.864,-1.001,5.165 face -2.810,-1.373,4.243 -2.810,-1.175,4.240 -2.864,-1.001,5.165 -2.825,-1.352,5.288 face -2.824,-1.563,4.187 -2.810,-1.373,4.243 -2.825,-1.352,5.288 -2.873,-1.715,5.196 face -2.849,-1.725,4.075 -2.824,-1.563,4.187 -2.873,-1.715,5.196 -2.967,-2.026,4.997 face -2.450,-1.838,4.383 -2.450,-1.805,4.284 -2.967,-2.026,4.997 -2.854,-2.040,5.030 face -2.450,-0.969,4.202 -2.450,-0.890,4.438 -2.959,-0.756,4.891 -2.824,-0.988,4.176 face -2.450,-1.167,4.245 -2.450,-0.969,4.202 -2.824,-0.988,4.176 -2.810,-1.175,4.240 face -2.450,-1.369,4.243 -2.450,-1.167,4.245 -2.810,-1.175,4.240 -2.810,-1.373,4.243 face -2.450,-1.566,4.195 -2.450,-1.369,4.243 -2.810,-1.373,4.243 -2.824,-1.563,4.187 face -2.450,-1.744,4.100 -2.450,-1.566,4.195 -2.824,-1.563,4.187 -2.849,-1.725,4.075 face -2.450,-1.805,4.284 -2.450,-1.744,4.100 -2.849,-1.725,4.075 -2.967,-2.026,4.997 face -2.450,-1.124,4.537 -2.450,-0.890,4.438 -2.450,-0.969,4.202 -2.450,-1.167,4.245 face -2.450,-1.377,4.542 -2.450,-1.124,4.537 -2.450,-1.167,4.245 -2.450,-1.369,4.243 face -2.450,-1.614,4.451 -2.450,-1.377,4.542 -2.450,-1.369,4.243 -2.450,-1.566,4.195 face -2.450,-1.805,4.284 -2.450,-1.614,4.451 -2.450,-1.566,4.195 -2.450,-1.744,4.100  r=40
;__create Blocks__
block create group "Blocks" poly face -0.170,2.450,3.915 -0.209,2.450,4.367 -0.000,2.450,4.355 0.000,2.450,3.692 face -0.000,3.045,4.422 0.000,3.166,3.754 0.000,2.450,3.692 -0.000,2.450,4.355 face -0.202,2.450,4.460 -0.000,2.450,4.449 -0.000,2.450,4.355 -0.209,2.450,4.367 face -0.365,2.450,4.116 -0.416,2.450,4.397 -0.209,2.450,4.367 -0.170,2.450,3.915 face -0.353,2.450,3.444 -0.434,2.450,3.668 -0.170,2.450,3.915 0.000,2.450,3.692 face -0.402,2.450,4.486 -0.202,2.450,4.460 -0.209,2.450,4.367 -0.416,2.450,4.397 face -0.599,2.450,4.268 -0.622,2.450,4.433 -0.416,2.450,4.397 -0.365,2.450,4.116 face -0.434,2.450,3.668 -0.554,2.450,3.873 -0.365,2.450,4.116 -0.170,2.450,3.915 face -0.601,2.450,4.520 -0.402,2.450,4.486 -0.416,2.450,4.397 -0.622,2.450,4.433 face -0.867,2.450,4.350 -0.828,2.450,4.467 -0.622,2.450,4.433 -0.599,2.450,4.268 face -0.554,2.450,3.873 -0.723,2.450,4.041 -0.599,2.450,4.268 -0.365,2.450,4.116 face -0.800,2.450,4.552 -0.601,2.450,4.520 -0.622,2.450,4.433 -0.828,2.450,4.467 face -0.750,2.843,4.738 -0.748,2.796,4.740 -0.828,2.450,4.467 -0.867,2.450,4.350 face -0.723,2.450,4.041 -0.932,2.450,4.153 -0.867,2.450,4.350 -0.599,2.450,4.268 face -0.000,3.028,4.463 -0.000,3.045,4.422 -0.000,2.450,4.355 -0.000,2.450,4.449 face -0.206,2.995,4.497 -0.000,3.028,4.463 -0.000,2.450,4.449 -0.202,2.450,4.460 face -0.394,2.925,4.569 -0.206,2.995,4.497 -0.202,2.450,4.460 -0.402,2.450,4.486 face -0.571,2.842,4.653 -0.394,2.925,4.569 -0.402,2.450,4.486 -0.601,2.450,4.520 face -0.748,2.759,4.738 -0.571,2.842,4.653 -0.601,2.450,4.520 -0.800,2.450,4.552 face -0.748,2.796,4.740 -0.748,2.759,4.738 -0.800,2.450,4.552 -0.828,2.450,4.467 face -0.208,3.014,4.461 -0.000,3.045,4.422 -0.000,3.028,4.463 -0.206,2.995,4.497 face -0.396,2.949,4.545 -0.208,3.014,4.461 -0.206,2.995,4.497 -0.394,2.925,4.569 face -0.572,2.873,4.642 -0.396,2.949,4.545 -0.394,2.925,4.569 -0.571,2.842,4.653 face -0.748,2.796,4.740 -0.572,2.873,4.642 -0.571,2.842,4.653 -0.748,2.759,4.738 face -0.151,3.111,4.035 0.000,3.166,3.754 -0.000,3.045,4.422 -0.208,3.014,4.461 face -0.322,3.037,4.299 -0.151,3.111,4.035 -0.208,3.014,4.461 -0.396,2.949,4.545 face -0.517,2.945,4.540 -0.322,3.037,4.299 -0.396,2.949,4.545 -0.572,2.873,4.642 face -0.750,2.843,4.738 -0.517,2.945,4.540 -0.572,2.873,4.642 -0.748,2.796,4.740 face -0.361,3.149,3.861 -0.302,3.189,3.544 0.000,3.166,3.754 -0.151,3.111,4.035 face -0.450,3.091,4.167 -0.361,3.149,3.861 -0.151,3.111,4.035 -0.322,3.037,4.299 face -0.580,3.014,4.454 -0.450,3.091,4.167 -0.322,3.037,4.299 -0.517,2.945,4.540 face -0.763,2.926,4.706 -0.580,3.014,4.454 -0.517,2.945,4.540 -0.750,2.843,4.738 face -0.353,2.450,3.444 0.000,2.450,3.692 0.000,3.166,3.754 -0.302,3.189,3.544 face -0.673,2.894,3.494 -0.620,2.911,3.296 -0.302,3.189,3.544 -0.361,3.149,3.861 face -0.747,2.872,3.685 -0.673,2.894,3.494 -0.361,3.149,3.861 -0.450,3.091,4.167 face -0.850,2.847,3.861 -0.747,2.872,3.685 -0.450,3.091,4.167 -0.580,3.014,4.454 face -0.990,2.823,4.009 -0.850,2.847,3.861 -0.580,3.014,4.454 -0.763,2.926,4.706 face -0.867,2.450,4.350 -0.932,2.450,4.153 -0.763,2.926,4.706 -0.750,2.843,4.738 face -0.477,2.450,3.357 -0.353,2.450,3.444 -0.302,3.189,3.544 -0.620,2.911,3.296 face -0.550,2.450,3.562 -0.477,2.450,3.357 -0.620,2.911,3.296 -0.673,2.894,3.494 face -0.652,2.450,3.754 -0.550,2.450,3.562 -0.673,2.894,3.494 -0.747,2.872,3.685 face -0.790,2.450,3.922 -0.652,2.450,3.754 -0.747,2.872,3.685 -0.850,2.847,3.861 face -0.967,2.450,4.048 -0.790,2.450,3.922 -0.850,2.847,3.861 -0.990,2.823,4.009 face -0.932,2.450,4.153 -0.967,2.450,4.048 -0.990,2.823,4.009 -0.763,2.926,4.706 face -0.434,2.450,3.668 -0.353,2.450,3.444 -0.477,2.450,3.357 -0.550,2.450,3.562 face -0.554,2.450,3.873 -0.434,2.450,3.668 -0.550,2.450,3.562 -0.652,2.450,3.754 face -0.723,2.450,4.041 -0.554,2.450,3.873 -0.652,2.450,3.754 -0.790,2.450,3.922 face -0.932,2.450,4.153 -0.723,2.450,4.041 -0.790,2.450,3.922 -0.967,2.450,4.048  r=41
;__create Blocks__
block create group "Blocks" poly face -2.450,1.611,4.442 -2.450,1.629,4.572 -2.450,1.875,4.450 -2.450,1.826,4.301 face -2.748,2.019,4.912 -2.813,2.014,4.905 -2.450,1.826,4.301 -2.450,1.875,4.450 face -2.450,1.652,4.702 -2.450,1.934,4.630 -2.450,1.875,4.450 -2.450,1.629,4.572 face -2.450,1.364,4.516 -2.450,1.361,4.632 -2.450,1.629,4.572 -2.450,1.611,4.442 face -2.450,1.784,4.175 -2.450,1.586,4.293 -2.450,1.611,4.442 -2.450,1.826,4.301 face -2.450,1.362,4.734 -2.450,1.652,4.702 -2.450,1.629,4.572 -2.450,1.361,4.632 face -2.450,1.107,4.515 -2.450,1.086,4.630 -2.450,1.361,4.632 -2.450,1.364,4.516 face -2.450,1.586,4.293 -2.450,1.363,4.355 -2.450,1.364,4.516 -2.450,1.611,4.442 face -2.450,1.070,4.726 -2.450,1.362,4.734 -2.450,1.361,4.632 -2.450,1.086,4.630 face -2.450,0.861,4.442 -2.450,0.817,4.573 -2.450,1.086,4.630 -2.450,1.107,4.515 face -2.450,1.363,4.355 -2.450,1.132,4.357 -2.450,1.107,4.515 -2.450,1.364,4.516 face -2.450,0.783,4.676 -2.450,1.070,4.726 -2.450,1.086,4.630 -2.450,0.817,4.573 face -2.864,0.743,4.834 -2.815,0.734,4.858 -2.450,0.817,4.573 -2.450,0.861,4.442 face -2.450,1.132,4.357 -2.450,0.909,4.295 -2.450,0.861,4.442 -2.450,1.107,4.515 face -2.695,2.021,4.914 -2.748,2.019,4.912 -2.450,1.875,4.450 -2.450,1.934,4.630 face -2.638,1.703,5.055 -2.695,2.021,4.914 -2.450,1.934,4.630 -2.450,1.652,4.702 face -2.620,1.357,5.111 -2.638,1.703,5.055 -2.450,1.652,4.702 -2.450,1.362,4.734 face -2.669,1.016,5.043 -2.620,1.357,5.111 -2.450,1.362,4.734 -2.450,1.070,4.726 face -2.777,0.728,4.873 -2.669,1.016,5.043 -2.450,1.070,4.726 -2.450,0.783,4.676 face -2.815,0.734,4.858 -2.777,0.728,4.873 -2.450,0.783,4.676 -2.450,0.817,4.573 face -2.690,1.702,5.053 -2.748,2.019,4.912 -2.695,2.021,4.914 -2.638,1.703,5.055 face -2.670,1.357,5.109 -2.690,1.702,5.053 -2.638,1.703,5.055 -2.620,1.357,5.111 face -2.715,1.019,5.036 -2.670,1.357,5.109 -2.620,1.357,5.111 -2.669,1.016,5.043 face -2.815,0.734,4.858 -2.715,1.019,5.036 -2.669,1.016,5.043 -2.777,0.728,4.873 face -2.752,1.700,5.048 -2.813,2.014,4.905 -2.748,2.019,4.912 -2.690,1.702,5.053 face -2.729,1.356,5.105 -2.752,1.700,5.048 -2.690,1.702,5.053 -2.670,1.357,5.109 face -2.770,1.020,5.026 -2.729,1.356,5.105 -2.670,1.357,5.109 -2.715,1.019,5.036 face -2.864,0.743,4.834 -2.770,1.020,5.026 -2.715,1.019,5.036 -2.815,0.734,4.858 face -2.852,1.695,5.034 -2.925,2.000,4.870 -2.813,2.014,4.905 -2.752,1.700,5.048 face -2.821,1.350,5.100 -2.852,1.695,5.034 -2.752,1.700,5.048 -2.729,1.356,5.105 face -2.860,1.017,4.999 -2.821,1.350,5.100 -2.729,1.356,5.105 -2.770,1.020,5.026 face -2.953,0.768,4.766 -2.860,1.017,4.999 -2.770,1.020,5.026 -2.864,0.743,4.834 face -2.450,1.784,4.175 -2.450,1.826,4.301 -2.813,2.014,4.905 -2.925,2.000,4.870 face -2.818,1.567,4.182 -2.839,1.734,4.057 -2.925,2.000,4.870 -2.852,1.695,5.034 face -2.808,1.367,4.244 -2.818,1.567,4.182 -2.852,1.695,5.034 -2.821,1.350,5.100 face -2.810,1.158,4.236 -2.808,1.367,4.244 -2.821,1.350,5.100 -2.860,1.017,4.999 face -2.828,0.965,4.157 -2.810,1.158,4.236 -2.860,1.017,4.999 -2.953,0.768,4.766 face -2.450,0.861,4.442 -2.450,0.909,4.295 -2.953,0.768,4.766 -2.864,0.743,4.834 face -2.450,1.747,4.062 -2.450,1.784,4.175 -2.925,2.000,4.870 -2.839,1.734,4.057 face -2.450,1.566,4.175 -2.450,1.747,4.062 -2.839,1.734,4.057 -2.818,1.567,4.182 face -2.450,1.361,4.237 -2.450,1.566,4.175 -2.818,1.567,4.182 -2.808,1.367,4.244 face -2.450,1.148,4.247 -2.450,1.361,4.237 -2.808,1.367,4.244 -2.810,1.158,4.236 face -2.450,0.939,4.204 -2.450,1.148,4.247 -2.810,1.158,4.236 -2.828,0.965,4.157 face -2.450,0.909,4.295 -2.450,0.939,4.204 -2.828,0.965,4.157 -2.953,0.768,4.766 face -2.450,1.586,4.293 -2.450,1.784,4.175 -2.450,1.747,4.062 -2.450,1.566,4.175 face -2.450,1.363,4.355 -2.450,1.586,4.293 -2.450,1.566,4.175 -2.450,1.361,4.237 face -2.450,1.132,4.357 -2.450,1.363,4.355 -2.450,1.361,4.237 -2.450,1.148,4.247 face -2.450,0.909,4.295 -2.450,1.132,4.357 -2.450,1.148,4.247 -2.450,0.939,4.204  r=42
;__create Blocks__
block create group "Blocks" poly face -2.450,-1.989,4.160 -2.450,-1.997,4.393 -2.450,-1.883,4.519 -2.450,-1.838,4.383 face -2.790,-2.043,5.034 -2.854,-2.040,5.030 -2.450,-1.838,4.383 -2.450,-1.883,4.519 face -2.450,-2.046,4.613 -2.450,-1.939,4.689 -2.450,-1.883,4.519 -2.450,-1.997,4.393 face -2.450,-2.126,3.928 -2.450,-2.112,4.270 -2.450,-1.997,4.393 -2.450,-1.989,4.160 face -2.450,-1.805,4.284 -2.450,-1.950,4.073 -2.450,-1.989,4.160 -2.450,-1.838,4.383 face -2.450,-2.156,4.544 -2.450,-2.046,4.613 -2.450,-1.997,4.393 -2.450,-2.112,4.270 face -2.447,-2.262,3.696 -2.449,-2.244,4.164 -2.450,-2.112,4.270 -2.450,-2.126,3.928 face -2.450,-1.950,4.073 -2.450,-2.057,3.841 -2.450,-2.126,3.928 -2.450,-1.989,4.160 face -2.444,-2.278,4.498 -2.450,-2.156,4.544 -2.450,-2.112,4.270 -2.449,-2.244,4.164 face -2.370,-2.380,3.470 -2.370,-2.380,4.136 -2.449,-2.244,4.164 -2.447,-2.262,3.696 face -2.450,-2.057,3.841 -2.450,-2.137,3.597 -2.447,-2.262,3.696 -2.450,-2.126,3.928 face -2.370,-2.380,4.498 -2.444,-2.278,4.498 -2.449,-2.244,4.164 -2.370,-2.380,4.136 face -3.116,-3.127,4.060 -2.898,-2.909,4.449 -2.370,-2.380,4.136 -2.370,-2.380,3.470 face -2.450,-2.137,3.597 -2.450,-2.196,3.348 -2.370,-2.380,3.470 -2.447,-2.262,3.696 face -2.738,-2.044,5.032 -2.790,-2.043,5.034 -2.450,-1.883,4.519 -2.450,-1.939,4.689 face -2.798,-2.242,4.887 -2.738,-2.044,5.032 -2.450,-1.939,4.689 -2.450,-2.046,4.613 face -2.853,-2.437,4.736 -2.798,-2.242,4.887 -2.450,-2.046,4.613 -2.450,-2.156,4.544 face -2.889,-2.635,4.585 -2.853,-2.437,4.736 -2.450,-2.156,4.544 -2.444,-2.278,4.498 face -2.832,-2.842,4.484 -2.889,-2.635,4.585 -2.444,-2.278,4.498 -2.370,-2.380,4.498 face -2.898,-2.909,4.449 -2.832,-2.842,4.484 -2.370,-2.380,4.498 -2.370,-2.380,4.136 face -2.855,-2.258,4.880 -2.790,-2.043,5.034 -2.738,-2.044,5.032 -2.798,-2.242,4.887 face -2.916,-2.469,4.719 -2.855,-2.258,4.880 -2.798,-2.242,4.887 -2.853,-2.437,4.736 face -2.957,-2.684,4.558 -2.916,-2.469,4.719 -2.853,-2.437,4.736 -2.889,-2.635,4.585 face -2.898,-2.909,4.449 -2.957,-2.684,4.558 -2.889,-2.635,4.585 -2.832,-2.842,4.484 face -2.947,-2.328,4.813 -2.854,-2.040,5.030 -2.790,-2.043,5.034 -2.855,-2.258,4.880 face -3.035,-2.602,4.578 -2.947,-2.328,4.813 -2.855,-2.258,4.880 -2.916,-2.469,4.719 face -3.102,-2.869,4.327 -3.035,-2.602,4.578 -2.916,-2.469,4.719 -2.957,-2.684,4.558 face -3.116,-3.127,4.060 -3.102,-2.869,4.327 -2.957,-2.684,4.558 -2.898,-2.909,4.449 face -3.074,-2.286,4.766 -2.967,-2.026,4.997 -2.854,-2.040,5.030 -2.947,-2.328,4.813 face -3.184,-2.520,4.510 -3.074,-2.286,4.766 -2.947,-2.328,4.813 -3.035,-2.602,4.578 face -3.293,-2.730,4.232 -3.184,-2.520,4.510 -3.035,-2.602,4.578 -3.102,-2.869,4.327 face -3.397,-2.916,3.937 -3.293,-2.730,4.232 -3.102,-2.869,4.327 -3.116,-3.127,4.060 face -2.450,-1.805,4.284 -2.450,-1.838,4.383 -2.854,-2.040,5.030 -2.967,-2.026,4.997 face -2.880,-1.856,3.904 -2.849,-1.725,4.075 -2.967,-2.026,4.997 -3.074,-2.286,4.766 face -2.905,-1.945,3.707 -2.880,-1.856,3.904 -3.074,-2.286,4.766 -3.184,-2.520,4.510 face -2.925,-2.004,3.497 -2.905,-1.945,3.707 -3.184,-2.520,4.510 -3.293,-2.730,4.232 face -2.940,-2.043,3.283 -2.925,-2.004,3.497 -3.293,-2.730,4.232 -3.397,-2.916,3.937 face -2.370,-2.380,3.470 -2.450,-2.196,3.348 -3.397,-2.916,3.937 -3.116,-3.127,4.060 face -2.450,-1.744,4.100 -2.450,-1.805,4.284 -2.967,-2.026,4.997 -2.849,-1.725,4.075 face -2.450,-1.902,3.937 -2.450,-1.744,4.100 -2.849,-1.725,4.075 -2.880,-1.856,3.904 face -2.450,-2.011,3.739 -2.450,-1.902,3.937 -2.880,-1.856,3.904 -2.905,-1.945,3.707 face -2.450,-2.083,3.523 -2.450,-2.011,3.739 -2.905,-1.945,3.707 -2.925,-2.004,3.497 face -2.450,-2.129,3.301 -2.450,-2.083,3.523 -2.925,-2.004,3.497 -2.940,-2.043,3.283 face -2.450,-2.196,3.348 -2.450,-2.129,3.301 -2.940,-2.043,3.283 -3.397,-2.916,3.937 face -2.450,-1.950,4.073 -2.450,-1.805,4.284 -2.450,-1.744,4.100 -2.450,-1.902,3.937 face -2.450,-2.057,3.841 -2.450,-1.950,4.073 -2.450,-1.902,3.937 -2.450,-2.011,3.739 face -2.450,-2.137,3.597 -2.450,-2.057,3.841 -2.450,-2.011,3.739 -2.450,-2.083,3.523 face -2.450,-2.196,3.348 -2.450,-2.137,3.597 -2.450,-2.083,3.523 -2.450,-2.129,3.301  r=43
;__create Blocks__
block create group "Blocks" poly face -2.450,-0.193,3.891 -2.450,-0.215,4.370 -2.450,0.000,4.300 -2.450,0.000,3.638 face -3.080,0.000,4.425 -3.282,0.000,3.711 -2.450,0.000,3.638 -2.450,0.000,4.300 face -2.450,-0.201,4.548 -2.450,0.000,4.494 -2.450,0.000,4.300 -2.450,-0.215,4.370 face -2.450,-0.388,4.142 -2.450,-0.411,4.482 -2.450,-0.215,4.370 -2.450,-0.193,3.891 face -2.450,-0.337,3.401 -2.450,-0.413,3.692 -2.450,-0.193,3.891 -2.450,0.000,3.638 face -2.450,-0.391,4.634 -2.450,-0.201,4.548 -2.450,-0.215,4.370 -2.450,-0.411,4.482 face -2.450,-0.599,4.379 -2.450,-0.602,4.604 -2.450,-0.411,4.482 -2.450,-0.388,4.142 face -2.450,-0.413,3.692 -2.450,-0.521,3.973 -2.450,-0.388,4.142 -2.450,-0.193,3.891 face -2.450,-0.576,4.730 -2.450,-0.391,4.634 -2.450,-0.411,4.482 -2.450,-0.602,4.604 face -2.450,-0.843,4.582 -2.450,-0.799,4.716 -2.450,-0.602,4.604 -2.450,-0.599,4.379 face -2.450,-0.521,3.973 -2.450,-0.675,4.231 -2.450,-0.599,4.379 -2.450,-0.388,4.142 face -2.450,-0.765,4.819 -2.450,-0.576,4.730 -2.450,-0.602,4.604 -2.450,-0.799,4.716 face -2.871,-0.728,4.966 -2.822,-0.719,4.992 -2.450,-0.799,4.716 -2.450,-0.843,4.582 face -2.450,-0.675,4.231 -2.450,-0.890,4.438 -2.450,-0.843,4.582 -2.450,-0.599,4.379 face -3.052,0.000,4.474 -3.080,0.000,4.425 -2.450,0.000,4.300 -2.450,0.000,4.494 face -3.015,-0.213,4.562 -3.052,0.000,4.474 -2.450,0.000,4.494 -2.450,-0.201,4.548 face -2.945,-0.390,4.702 -3.015,-0.213,4.562 -2.450,-0.201,4.548 -2.450,-0.391,4.634 face -2.865,-0.552,4.854 -2.945,-0.390,4.702 -2.450,-0.391,4.634 -2.450,-0.576,4.730 face -2.784,-0.713,5.006 -2.865,-0.552,4.854 -2.450,-0.576,4.730 -2.450,-0.765,4.819 face -2.822,-0.719,4.992 -2.784,-0.713,5.006 -2.450,-0.765,4.819 -2.450,-0.799,4.716 face -3.043,-0.217,4.519 -3.080,0.000,4.425 -3.052,0.000,4.474 -3.015,-0.213,4.562 face -2.976,-0.394,4.668 -3.043,-0.217,4.519 -3.015,-0.213,4.562 -2.945,-0.390,4.702 face -2.900,-0.556,4.830 -2.976,-0.394,4.668 -2.945,-0.390,4.702 -2.865,-0.552,4.854 face -2.822,-0.719,4.992 -2.900,-0.556,4.830 -2.865,-0.552,4.854 -2.784,-0.713,5.006 face -3.193,-0.154,4.046 -3.282,0.000,3.711 -3.080,0.000,4.425 -3.043,-0.217,4.519 face -3.094,-0.322,4.369 -3.193,-0.154,4.046 -3.043,-0.217,4.519 -2.976,-0.394,4.668 face -2.984,-0.509,4.680 -3.094,-0.322,4.369 -2.976,-0.394,4.668 -2.900,-0.556,4.830 face -2.871,-0.728,4.966 -2.984,-0.509,4.680 -2.900,-0.556,4.830 -2.822,-0.719,4.992 face -3.258,-0.369,3.868 -3.339,-0.305,3.502 -3.282,0.000,3.711 -3.193,-0.154,4.046 face -3.165,-0.460,4.225 -3.258,-0.369,3.868 -3.193,-0.154,4.046 -3.094,-0.322,4.369 face -3.064,-0.585,4.569 -3.165,-0.460,4.225 -3.094,-0.322,4.369 -2.984,-0.509,4.680 face -2.959,-0.756,4.891 -3.064,-0.585,4.569 -2.984,-0.509,4.680 -2.871,-0.728,4.966 face -2.450,-0.337,3.401 -2.450,0.000,3.638 -3.282,0.000,3.711 -3.339,-0.305,3.502 face -2.947,-0.599,3.547 -2.977,-0.553,3.296 -3.339,-0.305,3.502 -3.258,-0.369,3.868 face -2.909,-0.673,3.791 -2.947,-0.599,3.547 -3.258,-0.369,3.868 -3.165,-0.460,4.225 face -2.864,-0.796,4.012 -2.909,-0.673,3.791 -3.165,-0.460,4.225 -3.064,-0.585,4.569 face -2.824,-0.988,4.176 -2.864,-0.796,4.012 -3.064,-0.585,4.569 -2.959,-0.756,4.891 face -2.450,-0.843,4.582 -2.450,-0.890,4.438 -2.959,-0.756,4.891 -2.871,-0.728,4.966 face -2.450,-0.408,3.352 -2.450,-0.337,3.401 -3.339,-0.305,3.502 -2.977,-0.553,3.296 face -2.450,-0.469,3.613 -2.450,-0.408,3.352 -2.977,-0.553,3.296 -2.947,-0.599,3.547 face -2.450,-0.572,3.860 -2.450,-0.469,3.613 -2.947,-0.599,3.547 -2.909,-0.673,3.791 face -2.450,-0.737,4.069 -2.450,-0.572,3.860 -2.909,-0.673,3.791 -2.864,-0.796,4.012 face -2.450,-0.969,4.202 -2.450,-0.737,4.069 -2.864,-0.796,4.012 -2.824,-0.988,4.176 face -2.450,-0.890,4.438 -2.450,-0.969,4.202 -2.824,-0.988,4.176 -2.959,-0.756,4.891 face -2.450,-0.413,3.692 -2.450,-0.337,3.401 -2.450,-0.408,3.352 -2.450,-0.469,3.613 face -2.450,-0.521,3.973 -2.450,-0.413,3.692 -2.450,-0.469,3.613 -2.450,-0.572,3.860 face -2.450,-0.675,4.231 -2.450,-0.521,3.973 -2.450,-0.572,3.860 -2.450,-0.737,4.069 face -2.450,-0.890,4.438 -2.450,-0.675,4.231 -2.450,-0.737,4.069 -2.450,-0.969,4.202  r=44
;__create Blocks__
block create group "Blocks" poly face -1.016,-2.450,3.720 -1.128,-2.450,3.955 -1.456,-2.450,3.757 -1.312,-2.450,3.542 face -1.228,-2.912,3.667 -1.100,-2.889,3.464 -1.312,-2.450,3.542 -1.456,-2.450,3.757 face -1.236,-2.450,4.182 -1.595,-2.450,3.965 -1.456,-2.450,3.757 -1.128,-2.450,3.955 face -0.687,-2.450,3.829 -0.763,-2.450,4.076 -1.128,-2.450,3.955 -1.016,-2.450,3.720 face -1.169,-2.450,3.328 -0.904,-2.450,3.485 -1.016,-2.450,3.720 -1.312,-2.450,3.542 face -0.836,-2.450,4.313 -1.236,-2.450,4.182 -1.128,-2.450,3.955 -0.763,-2.450,4.076 face -0.346,-2.450,3.888 -0.384,-2.450,4.140 -0.763,-2.450,4.076 -0.687,-2.450,3.829 face -0.904,-2.450,3.485 -0.612,-2.450,3.583 -0.687,-2.450,3.829 -1.016,-2.450,3.720 face -0.421,-2.450,4.382 -0.836,-2.450,4.313 -0.763,-2.450,4.076 -0.384,-2.450,4.140 face 0.000,-2.450,3.906 0.000,-2.450,4.160 -0.384,-2.450,4.140 -0.346,-2.450,3.888 face -0.612,-2.450,3.583 -0.308,-2.450,3.636 -0.346,-2.450,3.888 -0.687,-2.450,3.829 face 0.000,-2.450,4.403 -0.421,-2.450,4.382 -0.384,-2.450,4.140 0.000,-2.450,4.160 face -0.000,-2.811,3.889 0.000,-2.814,4.141 0.000,-2.450,4.160 0.000,-2.450,3.906 face -0.308,-2.450,3.636 0.000,-2.450,3.652 0.000,-2.450,3.906 -0.346,-2.450,3.888 face -1.350,-2.937,3.863 -1.228,-2.912,3.667 -1.456,-2.450,3.757 -1.595,-2.450,3.965 face -1.061,-2.885,4.092 -1.350,-2.937,3.863 -1.595,-2.450,3.965 -1.236,-2.450,4.182 face -0.730,-2.846,4.256 -1.061,-2.885,4.092 -1.236,-2.450,4.182 -0.836,-2.450,4.313 face -0.371,-2.824,4.352 -0.730,-2.846,4.256 -0.836,-2.450,4.313 -0.421,-2.450,4.382 face 0.000,-2.816,4.383 -0.371,-2.824,4.352 -0.421,-2.450,4.382 0.000,-2.450,4.403 face 0.000,-2.814,4.141 0.000,-2.816,4.383 0.000,-2.450,4.403 0.000,-2.450,4.160 face -0.965,-2.870,3.877 -1.228,-2.912,3.667 -1.350,-2.937,3.863 -1.061,-2.885,4.092 face -0.664,-2.838,4.026 -0.965,-2.870,3.877 -1.061,-2.885,4.092 -0.730,-2.846,4.256 face -0.337,-2.820,4.113 -0.664,-2.838,4.026 -0.730,-2.846,4.256 -0.371,-2.824,4.352 face 0.000,-2.814,4.141 -0.337,-2.820,4.113 -0.371,-2.824,4.352 0.000,-2.816,4.383 face -0.865,-2.855,3.652 -1.100,-2.889,3.464 -1.228,-2.912,3.667 -0.965,-2.870,3.877 face -0.595,-2.830,3.786 -0.865,-2.855,3.652 -0.965,-2.870,3.877 -0.664,-2.838,4.026 face -0.302,-2.816,3.864 -0.595,-2.830,3.786 -0.664,-2.838,4.026 -0.337,-2.820,4.113 face -0.000,-2.811,3.889 -0.302,-2.816,3.864 -0.337,-2.820,4.113 0.000,-2.814,4.141 face -0.765,-2.842,3.429 -0.973,-2.868,3.263 -1.100,-2.889,3.464 -0.865,-2.855,3.652 face -0.525,-2.823,3.547 -0.765,-2.842,3.429 -0.865,-2.855,3.652 -0.595,-2.830,3.786 face -0.267,-2.813,3.615 -0.525,-2.823,3.547 -0.595,-2.830,3.786 -0.302,-2.816,3.864 face -0.000,-2.809,3.637 -0.267,-2.813,3.615 -0.302,-2.816,3.864 -0.000,-2.811,3.889 face -1.169,-2.450,3.328 -1.312,-2.450,3.542 -1.100,-2.889,3.464 -0.973,-2.868,3.263 face -0.668,-2.831,3.215 -0.850,-2.850,3.070 -0.973,-2.868,3.263 -0.765,-2.842,3.429 face -0.459,-2.817,3.317 -0.668,-2.831,3.215 -0.765,-2.842,3.429 -0.525,-2.823,3.547 face -0.233,-2.810,3.376 -0.459,-2.817,3.317 -0.525,-2.823,3.547 -0.267,-2.813,3.615 face -0.000,-2.807,3.396 -0.233,-2.810,3.376 -0.267,-2.813,3.615 -0.000,-2.809,3.637 face 0.000,-2.450,3.906 0.000,-2.450,3.652 -0.000,-2.809,3.637 -0.000,-2.811,3.889 face -1.031,-2.450,3.122 -1.169,-2.450,3.328 -0.973,-2.868,3.263 -0.850,-2.850,3.070 face -0.797,-2.450,3.259 -1.031,-2.450,3.122 -0.850,-2.850,3.070 -0.668,-2.831,3.215 face -0.539,-2.450,3.346 -0.797,-2.450,3.259 -0.668,-2.831,3.215 -0.459,-2.817,3.317 face -0.272,-2.450,3.394 -0.539,-2.450,3.346 -0.459,-2.817,3.317 -0.233,-2.810,3.376 face -0.000,-2.450,3.409 -0.272,-2.450,3.394 -0.233,-2.810,3.376 -0.000,-2.807,3.396 face 0.000,-2.450,3.652 -0.000,-2.450,3.409 -0.000,-2.807,3.396 -0.000,-2.809,3.637 face -0.904,-2.450,3.485 -1.169,-2.450,3.328 -1.031,-2.450,3.122 -0.797,-2.450,3.259 face -0.612,-2.450,3.583 -0.904,-2.450,3.485 -0.797,-2.450,3.259 -0.539,-2.450,3.346 face -0.308,-2.450,3.636 -0.612,-2.450,3.583 -0.539,-2.450,3.346 -0.272,-2.450,3.394 face 0.000,-2.450,3.652 -0.308,-2.450,3.636 -0.272,-2.450,3.394 -0.000,-2.450,3.409  r=45
;__create Blocks__
block create group "Blocks" poly face -1.843,-2.450,2.639 -2.017,-2.450,2.762 -2.072,-2.450,2.377 -1.900,-2.450,2.288 face -1.850,-3.078,2.533 -1.668,-3.025,2.416 -1.900,-2.450,2.288 -2.072,-2.450,2.377 face -2.184,-2.450,2.879 -2.236,-2.450,2.461 -2.072,-2.450,2.377 -2.017,-2.450,2.762 face -1.735,-2.450,2.978 -1.909,-2.450,3.135 -2.017,-2.450,2.762 -1.843,-2.450,2.639 face -1.726,-2.450,2.198 -1.666,-2.450,2.516 -1.843,-2.450,2.639 -1.900,-2.450,2.288 face -2.075,-2.450,3.285 -2.184,-2.450,2.879 -2.017,-2.450,2.762 -1.909,-2.450,3.135 face -1.560,-2.450,3.288 -1.724,-2.450,3.476 -1.909,-2.450,3.135 -1.735,-2.450,2.978 face -1.666,-2.450,2.516 -1.561,-2.450,2.821 -1.735,-2.450,2.978 -1.843,-2.450,2.639 face -1.882,-2.450,3.658 -2.075,-2.450,3.285 -1.909,-2.450,3.135 -1.724,-2.450,3.476 face -1.312,-2.450,3.542 -1.456,-2.450,3.757 -1.724,-2.450,3.476 -1.560,-2.450,3.288 face -1.561,-2.450,2.821 -1.396,-2.450,3.099 -1.560,-2.450,3.288 -1.735,-2.450,2.978 face -1.595,-2.450,3.965 -1.882,-2.450,3.658 -1.724,-2.450,3.476 -1.456,-2.450,3.757 face -1.100,-2.889,3.464 -1.228,-2.912,3.667 -1.456,-2.450,3.757 -1.312,-2.450,3.542 face -1.396,-2.450,3.099 -1.169,-2.450,3.328 -1.312,-2.450,3.542 -1.560,-2.450,3.288 face -2.025,-3.133,2.647 -1.850,-3.078,2.533 -2.072,-2.450,2.377 -2.236,-2.450,2.461 face -1.916,-3.095,2.983 -2.025,-3.133,2.647 -2.236,-2.450,2.461 -2.184,-2.450,2.879 face -1.768,-3.047,3.303 -1.916,-3.095,2.983 -2.184,-2.450,2.879 -2.075,-2.450,3.285 face -1.580,-2.992,3.599 -1.768,-3.047,3.303 -2.075,-2.450,3.285 -1.882,-2.450,3.658 face -1.350,-2.937,3.863 -1.580,-2.992,3.599 -1.882,-2.450,3.658 -1.595,-2.450,3.965 face -1.228,-2.912,3.667 -1.350,-2.937,3.863 -1.595,-2.450,3.965 -1.456,-2.450,3.757 face -1.749,-3.046,2.846 -1.850,-3.078,2.533 -2.025,-3.133,2.647 -1.916,-3.095,2.983 face -1.614,-3.005,3.143 -1.749,-3.046,2.846 -1.916,-3.095,2.983 -1.768,-3.047,3.303 face -1.441,-2.959,3.420 -1.614,-3.005,3.143 -1.768,-3.047,3.303 -1.580,-2.992,3.599 face -1.228,-2.912,3.667 -1.441,-2.959,3.420 -1.580,-2.992,3.599 -1.350,-2.937,3.863 face -1.576,-2.998,2.704 -1.668,-3.025,2.416 -1.850,-3.078,2.533 -1.749,-3.046,2.846 face -1.453,-2.965,2.979 -1.576,-2.998,2.704 -1.749,-3.046,2.846 -1.614,-3.005,3.143 face -1.296,-2.927,3.236 -1.453,-2.965,2.979 -1.614,-3.005,3.143 -1.441,-2.959,3.420 face -1.100,-2.889,3.464 -1.296,-2.927,3.236 -1.441,-2.959,3.420 -1.228,-2.912,3.667 face -1.403,-2.955,2.565 -1.486,-2.977,2.302 -1.668,-3.025,2.416 -1.576,-2.998,2.704 face -1.293,-2.928,2.817 -1.403,-2.955,2.565 -1.576,-2.998,2.704 -1.453,-2.965,2.979 face -1.151,-2.898,3.053 -1.293,-2.928,2.817 -1.453,-2.965,2.979 -1.296,-2.927,3.236 face -0.973,-2.868,3.263 -1.151,-2.898,3.053 -1.296,-2.927,3.236 -1.100,-2.889,3.464 face -1.726,-2.450,2.198 -1.900,-2.450,2.288 -1.668,-3.025,2.416 -1.486,-2.977,2.302 face -1.238,-2.917,2.434 -1.312,-2.934,2.194 -1.486,-2.977,2.302 -1.403,-2.955,2.565 face -1.139,-2.896,2.664 -1.238,-2.917,2.434 -1.403,-2.955,2.565 -1.293,-2.928,2.817 face -1.012,-2.873,2.879 -1.139,-2.896,2.664 -1.293,-2.928,2.817 -1.151,-2.898,3.053 face -0.850,-2.850,3.070 -1.012,-2.873,2.879 -1.151,-2.898,3.053 -0.973,-2.868,3.263 face -1.312,-2.450,3.542 -1.169,-2.450,3.328 -0.973,-2.868,3.263 -1.100,-2.889,3.464 face -1.558,-2.450,2.111 -1.726,-2.450,2.198 -1.486,-2.977,2.302 -1.312,-2.934,2.194 face -1.496,-2.450,2.397 -1.558,-2.450,2.111 -1.312,-2.934,2.194 -1.238,-2.917,2.434 face -1.393,-2.450,2.670 -1.496,-2.450,2.397 -1.238,-2.917,2.434 -1.139,-2.896,2.664 face -1.239,-2.450,2.918 -1.393,-2.450,2.670 -1.139,-2.896,2.664 -1.012,-2.873,2.879 face -1.031,-2.450,3.122 -1.239,-2.450,2.918 -1.012,-2.873,2.879 -0.850,-2.850,3.070 face -1.169,-2.450,3.328 -1.031,-2.450,3.122 -0.850,-2.850,3.070 -0.973,-2.868,3.263 face -1.666,-2.450,2.516 -1.726,-2.450,2.198 -1.558,-2.450,2.111 -1.496,-2.450,2.397 face -1.561,-2.450,2.821 -1.666,-2.450,2.516 -1.496,-2.450,2.397 -1.393,-2.450,2.670 face -1.396,-2.450,3.099 -1.561,-2.450,2.821 -1.393,-2.450,2.670 -1.239,-2.450,2.918 face -1.169,-2.450,3.328 -1.396,-2.450,3.099 -1.239,-2.450,2.918 -1.031,-2.450,3.122  r=46
;__create Blocks__
block create group "Blocks" poly face 0.346,-2.450,3.888 0.384,-2.450,4.140 0.000,-2.450,4.160 0.000,-2.450,3.906 face 0.000,-2.814,4.141 -0.000,-2.811,3.889 0.000,-2.450,3.906 0.000,-2.450,4.160 face 0.421,-2.450,4.382 0.000,-2.450,4.403 0.000,-2.450,4.160 0.384,-2.450,4.140 face 0.687,-2.450,3.829 0.763,-2.450,4.076 0.384,-2.450,4.140 0.346,-2.450,3.888 face 0.000,-2.450,3.652 0.308,-2.450,3.636 0.346,-2.450,3.888 0.000,-2.450,3.906 face 0.836,-2.450,4.313 0.421,-2.450,4.382 0.384,-2.450,4.140 0.763,-2.450,4.076 face 1.016,-2.450,3.720 1.128,-2.450,3.955 0.763,-2.450,4.076 0.687,-2.450,3.829 face 0.308,-2.450,3.636 0.612,-2.450,3.583 0.687,-2.450,3.829 0.346,-2.450,3.888 face 1.236,-2.450,4.182 0.836,-2.450,4.313 0.763,-2.450,4.076 1.128,-2.450,3.955 face 1.312,-2.450,3.542 1.456,-2.450,3.757 1.128,-2.450,3.955 1.016,-2.450,3.720 face 0.612,-2.450,3.583 0.904,-2.450,3.485 1.016,-2.450,3.720 0.687,-2.450,3.829 face 1.595,-2.450,3.965 1.236,-2.450,4.182 1.128,-2.450,3.955 1.456,-2.450,3.757 face 1.100,-2.889,3.464 1.228,-2.912,3.667 1.456,-2.450,3.757 1.312,-2.450,3.542 face 0.904,-2.450,3.485 1.169,-2.450,3.328 1.312,-2.450,3.542 1.016,-2.450,3.720 face 0.000,-2.816,4.383 0.000,-2.814,4.141 0.000,-2.450,4.160 0.000,-2.450,4.403 face 0.371,-2.824,4.352 0.000,-2.816,4.383 0.000,-2.450,4.403 0.421,-2.450,4.382 face 0.730,-2.846,4.256 0.371,-2.824,4.352 0.421,-2.450,4.382 0.836,-2.450,4.313 face 1.061,-2.885,4.092 0.730,-2.846,4.256 0.836,-2.450,4.313 1.236,-2.450,4.182 face 1.350,-2.937,3.863 1.061,-2.885,4.092 1.236,-2.450,4.182 1.595,-2.450,3.965 face 1.228,-2.912,3.667 1.350,-2.937,3.863 1.595,-2.450,3.965 1.456,-2.450,3.757 face 0.337,-2.820,4.113 0.000,-2.814,4.141 0.000,-2.816,4.383 0.371,-2.824,4.352 face 0.664,-2.838,4.026 0.337,-2.820,4.113 0.371,-2.824,4.352 0.730,-2.846,4.256 face 0.965,-2.870,3.877 0.664,-2.838,4.026 0.730,-2.846,4.256 1.061,-2.885,4.092 face 1.228,-2.912,3.667 0.965,-2.870,3.877 1.061,-2.885,4.092 1.350,-2.937,3.863 face 0.302,-2.816,3.864 -0.000,-2.811,3.889 0.000,-2.814,4.141 0.337,-2.820,4.113 face 0.595,-2.830,3.786 0.302,-2.816,3.864 0.337,-2.820,4.113 0.664,-2.838,4.026 face 0.865,-2.855,3.652 0.595,-2.830,3.786 0.664,-2.838,4.026 0.965,-2.870,3.877 face 1.100,-2.889,3.464 0.865,-2.855,3.652 0.965,-2.870,3.877 1.228,-2.912,3.667 face 0.267,-2.813,3.615 -0.000,-2.809,3.637 -0.000,-2.811,3.889 0.302,-2.816,3.864 face 0.525,-2.823,3.547 0.267,-2.813,3.615 0.302,-2.816,3.864 0.595,-2.830,3.786 face 0.765,-2.842,3.429 0.525,-2.823,3.547 0.595,-2.830,3.786 0.865,-2.855,3.652 face 0.973,-2.868,3.263 0.765,-2.842,3.429 0.865,-2.855,3.652 1.100,-2.889,3.464 face 0.000,-2.450,3.652 0.000,-2.450,3.906 -0.000,-2.811,3.889 -0.000,-2.809,3.637 face 0.233,-2.810,3.376 -0.000,-2.807,3.396 -0.000,-2.809,3.637 0.267,-2.813,3.615 face 0.459,-2.817,3.317 0.233,-2.810,3.376 0.267,-2.813,3.615 0.525,-2.823,3.547 face 0.668,-2.831,3.215 0.459,-2.817,3.317 0.525,-2.823,3.547 0.765,-2.842,3.429 face 0.850,-2.850,3.070 0.668,-2.831,3.215 0.765,-2.842,3.429 0.973,-2.868,3.263 face 1.312,-2.450,3.542 1.169,-2.450,3.328 0.973,-2.868,3.263 1.100,-2.889,3.464 face -0.000,-2.450,3.409 0.000,-2.450,3.652 -0.000,-2.809,3.637 -0.000,-2.807,3.396 face 0.272,-2.450,3.394 -0.000,-2.450,3.409 -0.000,-2.807,3.396 0.233,-2.810,3.376 face 0.539,-2.450,3.346 0.272,-2.450,3.394 0.233,-2.810,3.376 0.459,-2.817,3.317 face 0.797,-2.450,3.259 0.539,-2.450,3.346 0.459,-2.817,3.317 0.668,-2.831,3.215 face 1.031,-2.450,3.122 0.797,-2.450,3.259 0.668,-2.831,3.215 0.850,-2.850,3.070 face 1.169,-2.450,3.328 1.031,-2.450,3.122 0.850,-2.850,3.070 0.973,-2.868,3.263 face 0.308,-2.450,3.636 0.000,-2.450,3.652 -0.000,-2.450,3.409 0.272,-2.450,3.394 face 0.612,-2.450,3.583 0.308,-2.450,3.636 0.272,-2.450,3.394 0.539,-2.450,3.346 face 0.904,-2.450,3.485 0.612,-2.450,3.583 0.539,-2.450,3.346 0.797,-2.450,3.259 face 1.169,-2.450,3.328 0.904,-2.450,3.485 0.797,-2.450,3.259 1.031,-2.450,3.122  r=47
;__create Blocks__
block create group "Blocks" poly face 1.930,-2.450,0.825 2.093,-2.450,0.844 2.094,-2.450,1.125 1.931,-2.450,1.100 face 1.986,-3.105,1.256 1.799,-3.045,1.214 1.931,-2.450,1.100 2.094,-2.450,1.125 face 2.246,-2.450,0.862 2.248,-2.450,1.149 2.094,-2.450,1.125 2.093,-2.450,0.844 face 1.929,-2.450,0.550 2.092,-2.450,0.563 2.093,-2.450,0.844 1.930,-2.450,0.825 face 1.768,-2.450,1.075 1.767,-2.450,0.806 1.930,-2.450,0.825 1.931,-2.450,1.100 face 2.244,-2.450,0.575 2.246,-2.450,0.862 2.093,-2.450,0.844 2.092,-2.450,0.563 face 1.928,-2.450,0.275 2.091,-2.450,0.281 2.092,-2.450,0.563 1.929,-2.450,0.550 face 1.767,-2.450,0.806 1.767,-2.450,0.537 1.929,-2.450,0.550 1.930,-2.450,0.825 face 2.242,-2.450,0.287 2.244,-2.450,0.575 2.092,-2.450,0.563 2.091,-2.450,0.281 face 1.928,-2.450,0.000 2.090,-2.450,0.000 2.091,-2.450,0.281 1.928,-2.450,0.275 face 1.767,-2.450,0.537 1.766,-2.450,0.269 1.928,-2.450,0.275 1.929,-2.450,0.550 face 2.246,-2.450,0.000 2.242,-2.450,0.287 2.091,-2.450,0.281 2.090,-2.450,0.000 face 1.801,-3.016,0.000 1.988,-3.066,0.000 2.090,-2.450,0.000 1.928,-2.450,0.000 face 1.766,-2.450,0.269 1.766,-2.450,0.000 1.928,-2.450,0.000 1.928,-2.450,0.275 face 2.164,-3.168,1.298 1.986,-3.105,1.256 2.094,-2.450,1.125 2.248,-2.450,1.149 face 2.164,-3.161,0.973 2.164,-3.168,1.298 2.248,-2.450,1.149 2.246,-2.450,0.862 face 2.164,-3.150,0.649 2.164,-3.161,0.973 2.246,-2.450,0.862 2.244,-2.450,0.575 face 2.165,-3.136,0.324 2.164,-3.150,0.649 2.244,-2.450,0.575 2.242,-2.450,0.287 face 2.167,-3.120,0.000 2.165,-3.136,0.324 2.242,-2.450,0.287 2.246,-2.450,0.000 face 1.988,-3.066,0.000 2.167,-3.120,0.000 2.246,-2.450,0.000 2.090,-2.450,0.000 face 1.986,-3.097,0.942 1.986,-3.105,1.256 2.164,-3.168,1.298 2.164,-3.161,0.973 face 1.987,-3.088,0.628 1.986,-3.097,0.942 2.164,-3.161,0.973 2.164,-3.150,0.649 face 1.987,-3.078,0.314 1.987,-3.088,0.628 2.164,-3.150,0.649 2.165,-3.136,0.324 face 1.988,-3.066,0.000 1.987,-3.078,0.314 2.165,-3.136,0.324 2.167,-3.120,0.000 face 1.800,-3.038,0.910 1.799,-3.045,1.214 1.986,-3.105,1.256 1.986,-3.097,0.942 face 1.800,-3.031,0.607 1.800,-3.038,0.910 1.986,-3.097,0.942 1.987,-3.088,0.628 face 1.801,-3.023,0.303 1.800,-3.031,0.607 1.987,-3.088,0.628 1.987,-3.078,0.314 face 1.801,-3.016,0.000 1.801,-3.023,0.303 1.987,-3.078,0.314 1.988,-3.066,0.000 face 1.614,-2.987,0.880 1.613,-2.993,1.173 1.799,-3.045,1.214 1.800,-3.038,0.910 face 1.614,-2.981,0.586 1.614,-2.987,0.880 1.800,-3.038,0.910 1.800,-3.031,0.607 face 1.614,-2.976,0.293 1.614,-2.981,0.586 1.800,-3.031,0.607 1.801,-3.023,0.303 face 1.614,-2.971,0.000 1.614,-2.976,0.293 1.801,-3.023,0.303 1.801,-3.016,0.000 face 1.768,-2.450,1.075 1.931,-2.450,1.100 1.799,-3.045,1.214 1.613,-2.993,1.173 face 1.437,-2.944,0.852 1.435,-2.950,1.136 1.613,-2.993,1.173 1.614,-2.987,0.880 face 1.437,-2.939,0.568 1.437,-2.944,0.852 1.614,-2.987,0.880 1.614,-2.981,0.586 face 1.437,-2.935,0.284 1.437,-2.939,0.568 1.614,-2.981,0.586 1.614,-2.976,0.293 face 1.437,-2.932,0.000 1.437,-2.935,0.284 1.614,-2.976,0.293 1.614,-2.971,0.000 face 1.928,-2.450,0.000 1.766,-2.450,0.000 1.614,-2.971,0.000 1.801,-3.016,0.000 face 1.612,-2.450,1.051 1.768,-2.450,1.075 1.613,-2.993,1.173 1.435,-2.950,1.136 face 1.613,-2.450,0.788 1.612,-2.450,1.051 1.435,-2.950,1.136 1.437,-2.944,0.852 face 1.614,-2.450,0.525 1.613,-2.450,0.788 1.437,-2.944,0.852 1.437,-2.939,0.568 face 1.614,-2.450,0.263 1.614,-2.450,0.525 1.437,-2.939,0.568 1.437,-2.935,0.284 face 1.612,-2.450,0.000 1.614,-2.450,0.263 1.437,-2.935,0.284 1.437,-2.932,0.000 face 1.766,-2.450,0.000 1.612,-2.450,0.000 1.437,-2.932,0.000 1.614,-2.971,0.000 face 1.767,-2.450,0.806 1.768,-2.450,1.075 1.612,-2.450,1.051 1.613,-2.450,0.788 face 1.767,-2.450,0.537 1.767,-2.450,0.806 1.613,-2.450,0.788 1.614,-2.450,0.525 face 1.766,-2.450,0.269 1.767,-2.450,0.537 1.614,-2.450,0.525 1.614,-2.450,0.263 face 1.766,-2.450,0.000 1.766,-2.450,0.269 1.614,-2.450,0.263 1.612,-2.450,0.000  r=48
;__create Blocks__
block create group "Blocks" poly face 1.923,-2.450,1.992 2.092,-2.450,2.064 2.072,-2.450,2.377 1.900,-2.450,2.288 face 1.850,-3.078,2.533 1.668,-3.025,2.416 1.900,-2.450,2.288 2.072,-2.450,2.377 face 2.251,-2.450,2.133 2.236,-2.450,2.461 2.072,-2.450,2.377 2.092,-2.450,2.064 face 1.932,-2.450,1.695 2.097,-2.450,1.751 2.092,-2.450,2.064 1.923,-2.450,1.992 face 1.726,-2.450,2.198 1.754,-2.450,1.918 1.923,-2.450,1.992 1.900,-2.450,2.288 face 2.254,-2.450,1.805 2.251,-2.450,2.133 2.092,-2.450,2.064 2.097,-2.450,1.751 face 1.933,-2.450,1.397 2.096,-2.450,1.438 2.097,-2.450,1.751 1.932,-2.450,1.695 face 1.754,-2.450,1.918 1.766,-2.450,1.637 1.932,-2.450,1.695 1.923,-2.450,1.992 face 2.251,-2.450,1.477 2.254,-2.450,1.805 2.097,-2.450,1.751 2.096,-2.450,1.438 face 1.931,-2.450,1.100 2.094,-2.450,1.125 2.096,-2.450,1.438 1.933,-2.450,1.397 face 1.766,-2.450,1.637 1.769,-2.450,1.356 1.933,-2.450,1.397 1.932,-2.450,1.695 face 2.248,-2.450,1.149 2.251,-2.450,1.477 2.096,-2.450,1.438 2.094,-2.450,1.125 face 1.799,-3.045,1.214 1.986,-3.105,1.256 2.094,-2.450,1.125 1.931,-2.450,1.100 face 1.769,-2.450,1.356 1.768,-2.450,1.075 1.931,-2.450,1.100 1.933,-2.450,1.397 face 2.025,-3.133,2.647 1.850,-3.078,2.533 2.072,-2.450,2.377 2.236,-2.450,2.461 face 2.095,-3.157,2.315 2.025,-3.133,2.647 2.236,-2.450,2.461 2.251,-2.450,2.133 face 2.137,-3.169,1.978 2.095,-3.157,2.315 2.251,-2.450,2.133 2.254,-2.450,1.805 face 2.158,-3.172,1.638 2.137,-3.169,1.978 2.254,-2.450,1.805 2.251,-2.450,1.477 face 2.164,-3.168,1.298 2.158,-3.172,1.638 2.251,-2.450,1.477 2.248,-2.450,1.149 face 1.986,-3.105,1.256 2.164,-3.168,1.298 2.248,-2.450,1.149 2.094,-2.450,1.125 face 1.917,-3.097,2.219 1.850,-3.078,2.533 2.025,-3.133,2.647 2.095,-3.157,2.315 face 1.958,-3.107,1.899 1.917,-3.097,2.219 2.095,-3.157,2.315 2.137,-3.169,1.978 face 1.979,-3.109,1.578 1.958,-3.107,1.899 2.137,-3.169,1.978 2.158,-3.172,1.638 face 1.986,-3.105,1.256 1.979,-3.109,1.578 2.158,-3.172,1.638 2.164,-3.168,1.298 face 1.731,-3.041,2.120 1.668,-3.025,2.416 1.850,-3.078,2.533 1.917,-3.097,2.219 face 1.771,-3.049,1.820 1.731,-3.041,2.120 1.917,-3.097,2.219 1.958,-3.107,1.899 face 1.792,-3.049,1.517 1.771,-3.049,1.820 1.958,-3.107,1.899 1.979,-3.109,1.578 face 1.799,-3.045,1.214 1.792,-3.049,1.517 1.979,-3.109,1.578 1.986,-3.105,1.256 face 1.546,-2.990,2.024 1.486,-2.977,2.302 1.668,-3.025,2.416 1.731,-3.041,2.120 face 1.584,-2.997,1.742 1.546,-2.990,2.024 1.731,-3.041,2.120 1.771,-3.049,1.820 face 1.605,-2.997,1.458 1.584,-2.997,1.742 1.771,-3.049,1.820 1.792,-3.049,1.517 face 1.613,-2.993,1.173 1.605,-2.997,1.458 1.792,-3.049,1.517 1.799,-3.045,1.214 face 1.726,-2.450,2.198 1.900,-2.450,2.288 1.668,-3.025,2.416 1.486,-2.977,2.302 face 1.369,-2.946,1.933 1.312,-2.934,2.194 1.486,-2.977,2.302 1.546,-2.990,2.024 face 1.405,-2.952,1.669 1.369,-2.946,1.933 1.546,-2.990,2.024 1.584,-2.997,1.742 face 1.426,-2.952,1.402 1.405,-2.952,1.669 1.584,-2.997,1.742 1.605,-2.997,1.458 face 1.435,-2.950,1.136 1.426,-2.952,1.402 1.605,-2.997,1.458 1.613,-2.993,1.173 face 1.931,-2.450,1.100 1.768,-2.450,1.075 1.613,-2.993,1.173 1.799,-3.045,1.214 face 1.558,-2.450,2.111 1.726,-2.450,2.198 1.486,-2.977,2.302 1.312,-2.934,2.194 face 1.590,-2.450,1.848 1.558,-2.450,2.111 1.312,-2.934,2.194 1.369,-2.946,1.933 face 1.606,-2.450,1.582 1.590,-2.450,1.848 1.369,-2.946,1.933 1.405,-2.952,1.669 face 1.612,-2.450,1.317 1.606,-2.450,1.582 1.405,-2.952,1.669 1.426,-2.952,1.402 face 1.612,-2.450,1.051 1.612,-2.450,1.317 1.426,-2.952,1.402 1.435,-2.950,1.136 face 1.768,-2.450,1.075 1.612,-2.450,1.051 1.435,-2.950,1.136 1.613,-2.993,1.173 face 1.754,-2.450,1.918 1.726,-2.450,2.198 1.558,-2.450,2.111 1.590,-2.450,1.848 face 1.766,-2.450,1.637 1.754,-2.450,1.918 1.590,-2.450,1.848 1.606,-2.450,1.582 face 1.769,-2.450,1.356 1.766,-2.450,1.637 1.606,-2.450,1.582 1.612,-2.450,1.317 face 1.768,-2.450,1.075 1.769,-2.450,1.356 1.612,-2.450,1.317 1.612,-2.450,1.051  r=49
;__create Blocks__
block create group "Blocks" poly face -1.237,-2.450,0.895 -1.420,-2.450,0.917 -1.420,-2.450,0.728 -1.237,-2.450,0.716 face -1.260,-2.905,0.788 -1.093,-2.874,0.772 -1.237,-2.450,0.716 -1.420,-2.450,0.728 face -1.604,-2.450,0.938 -1.604,-2.450,0.740 -1.420,-2.450,0.728 -1.420,-2.450,0.917 face -1.236,-2.450,1.075 -1.420,-2.450,1.105 -1.420,-2.450,0.917 -1.237,-2.450,0.895 face -1.053,-2.450,0.703 -1.053,-2.450,0.874 -1.237,-2.450,0.895 -1.237,-2.450,0.716 face -1.604,-2.450,1.135 -1.604,-2.450,0.938 -1.420,-2.450,0.917 -1.420,-2.450,1.105 face -1.232,-2.450,1.255 -1.418,-2.450,1.294 -1.420,-2.450,1.105 -1.236,-2.450,1.075 face -1.053,-2.450,0.874 -1.050,-2.450,1.045 -1.236,-2.450,1.075 -1.237,-2.450,0.895 face -1.604,-2.450,1.333 -1.604,-2.450,1.135 -1.420,-2.450,1.105 -1.418,-2.450,1.294 face -1.223,-2.450,1.434 -1.412,-2.450,1.483 -1.418,-2.450,1.294 -1.232,-2.450,1.255 face -1.050,-2.450,1.045 -1.044,-2.450,1.215 -1.232,-2.450,1.255 -1.236,-2.450,1.075 face -1.600,-2.450,1.530 -1.604,-2.450,1.333 -1.418,-2.450,1.294 -1.412,-2.450,1.483 face -1.058,-2.877,1.544 -1.228,-2.911,1.599 -1.412,-2.450,1.483 -1.223,-2.450,1.434 face -1.044,-2.450,1.215 -1.033,-2.450,1.385 -1.223,-2.450,1.434 -1.232,-2.450,1.255 face -1.427,-2.941,0.805 -1.260,-2.905,0.788 -1.420,-2.450,0.728 -1.604,-2.450,0.740 face -1.427,-2.945,1.018 -1.427,-2.941,0.805 -1.604,-2.450,0.740 -1.604,-2.450,0.938 face -1.424,-2.949,1.231 -1.427,-2.945,1.018 -1.604,-2.450,0.938 -1.604,-2.450,1.135 face -1.415,-2.950,1.444 -1.424,-2.949,1.231 -1.604,-2.450,1.135 -1.604,-2.450,1.333 face -1.398,-2.950,1.656 -1.415,-2.950,1.444 -1.604,-2.450,1.333 -1.600,-2.450,1.530 face -1.228,-2.911,1.599 -1.398,-2.950,1.656 -1.600,-2.450,1.530 -1.412,-2.450,1.483 face -1.260,-2.908,0.991 -1.260,-2.905,0.788 -1.427,-2.941,0.805 -1.427,-2.945,1.018 face -1.255,-2.911,1.194 -1.260,-2.908,0.991 -1.427,-2.945,1.018 -1.424,-2.949,1.231 face -1.245,-2.912,1.397 -1.255,-2.911,1.194 -1.424,-2.949,1.231 -1.415,-2.950,1.444 face -1.228,-2.911,1.599 -1.245,-2.912,1.397 -1.415,-2.950,1.444 -1.398,-2.950,1.656 face -1.091,-2.877,0.966 -1.093,-2.874,0.772 -1.260,-2.905,0.788 -1.260,-2.908,0.991 face -1.086,-2.878,1.159 -1.091,-2.877,0.966 -1.260,-2.908,0.991 -1.255,-2.911,1.194 face -1.075,-2.879,1.351 -1.086,-2.878,1.159 -1.255,-2.911,1.194 -1.245,-2.912,1.397 face -1.058,-2.877,1.544 -1.075,-2.879,1.351 -1.245,-2.912,1.397 -1.228,-2.911,1.599 face -0.923,-2.852,0.941 -0.926,-2.851,0.758 -1.093,-2.874,0.772 -1.091,-2.877,0.966 face -0.917,-2.853,1.125 -0.923,-2.852,0.941 -1.091,-2.877,0.966 -1.086,-2.878,1.159 face -0.906,-2.853,1.308 -0.917,-2.853,1.125 -1.086,-2.878,1.159 -1.075,-2.879,1.351 face -0.889,-2.852,1.491 -0.906,-2.853,1.308 -1.075,-2.879,1.351 -1.058,-2.877,1.544 face -1.053,-2.450,0.703 -1.237,-2.450,0.716 -1.093,-2.874,0.772 -0.926,-2.851,0.758 face -0.754,-2.834,0.918 -0.758,-2.833,0.744 -0.926,-2.851,0.758 -0.923,-2.852,0.941 face -0.748,-2.834,1.093 -0.754,-2.834,0.918 -0.923,-2.852,0.941 -0.917,-2.853,1.125 face -0.737,-2.834,1.268 -0.748,-2.834,1.093 -0.917,-2.853,1.125 -0.906,-2.853,1.308 face -0.721,-2.833,1.442 -0.737,-2.834,1.268 -0.906,-2.853,1.308 -0.889,-2.852,1.491 face -1.223,-2.450,1.434 -1.033,-2.450,1.385 -0.889,-2.852,1.491 -1.058,-2.877,1.544 face -0.869,-2.450,0.691 -1.053,-2.450,0.703 -0.926,-2.851,0.758 -0.758,-2.833,0.744 face -0.867,-2.450,0.853 -0.869,-2.450,0.691 -0.758,-2.833,0.744 -0.754,-2.834,0.918 face -0.863,-2.450,1.014 -0.867,-2.450,0.853 -0.754,-2.834,0.918 -0.748,-2.834,1.093 face -0.855,-2.450,1.176 -0.863,-2.450,1.014 -0.748,-2.834,1.093 -0.737,-2.834,1.268 face -0.842,-2.450,1.337 -0.855,-2.450,1.176 -0.737,-2.834,1.268 -0.721,-2.833,1.442 face -1.033,-2.450,1.385 -0.842,-2.450,1.337 -0.721,-2.833,1.442 -0.889,-2.852,1.491 face -1.053,-2.450,0.874 -1.053,-2.450,0.703 -0.869,-2.450,0.691 -0.867,-2.450,0.853 face -1.050,-2.450,1.045 -1.053,-2.450,0.874 -0.867,-2.450,0.853 -0.863,-2.450,1.014 face -1.044,-2.450,1.215 -1.050,-2.450,1.045 -0.863,-2.450,1.014 -0.855,-2.450,1.176 face -1.033,-2.450,1.385 -1.044,-2.450,1.215 -0.855,-2.450,1.176 -0.842,-2.450,1.337  r=50
;__create Blocks__
block create group "Blocks" poly face 1.560,-2.450,3.288 1.724,-2.450,3.476 1.456,-2.450,3.757 1.312,-2.450,3.542 face 1.228,-2.912,3.667 1.100,-2.889,3.464 1.312,-2.450,3.542 1.456,-2.450,3.757 face 1.882,-2.450,3.658 1.595,-2.450,3.965 1.456,-2.450,3.757 1.724,-2.450,3.476 face 1.735,-2.450,2.978 1.909,-2.450,3.135 1.724,-2.450,3.476 1.560,-2.450,3.288 face 1.169,-2.450,3.328 1.396,-2.450,3.099 1.560,-2.450,3.288 1.312,-2.450,3.542 face 2.075,-2.450,3.285 1.882,-2.450,3.658 1.724,-2.450,3.476 1.909,-2.450,3.135 face 1.843,-2.450,2.639 2.017,-2.450,2.762 1.909,-2.450,3.135 1.735,-2.450,2.978 face 1.396,-2.450,3.099 1.561,-2.450,2.821 1.735,-2.450,2.978 1.560,-2.450,3.288 face 2.184,-2.450,2.879 2.075,-2.450,3.285 1.909,-2.450,3.135 2.017,-2.450,2.762 face 1.900,-2.450,2.288 2.072,-2.450,2.377 2.017,-2.450,2.762 1.843,-2.450,2.639 face 1.561,-2.450,2.821 1.666,-2.450,2.516 1.843,-2.450,2.639 1.735,-2.450,2.978 face 2.236,-2.450,2.461 2.184,-2.450,2.879 2.017,-2.450,2.762 2.072,-2.450,2.377 face 1.668,-3.025,2.416 1.850,-3.078,2.533 2.072,-2.450,2.377 1.900,-2.450,2.288 face 1.666,-2.450,2.516 1.726,-2.450,2.198 1.900,-2.450,2.288 1.843,-2.450,2.639 face 1.350,-2.937,3.863 1.228,-2.912,3.667 1.456,-2.450,3.757 1.595,-2.450,3.965 face 1.580,-2.992,3.599 1.350,-2.937,3.863 1.595,-2.450,3.965 1.882,-2.450,3.658 face 1.768,-3.047,3.303 1.580,-2.992,3.599 1.882,-2.450,3.658 2.075,-2.450,3.285 face 1.916,-3.095,2.983 1.768,-3.047,3.303 2.075,-2.450,3.285 2.184,-2.450,2.879 face 2.025,-3.133,2.647 1.916,-3.095,2.983 2.184,-2.450,2.879 2.236,-2.450,2.461 face 1.850,-3.078,2.533 2.025,-3.133,2.647 2.236,-2.450,2.461 2.072,-2.450,2.377 face 1.441,-2.959,3.420 1.228,-2.912,3.667 1.350,-2.937,3.863 1.580,-2.992,3.599 face 1.614,-3.005,3.143 1.441,-2.959,3.420 1.580,-2.992,3.599 1.768,-3.047,3.303 face 1.749,-3.046,2.846 1.614,-3.005,3.143 1.768,-3.047,3.303 1.916,-3.095,2.983 face 1.850,-3.078,2.533 1.749,-3.046,2.846 1.916,-3.095,2.983 2.025,-3.133,2.647 face 1.296,-2.927,3.236 1.100,-2.889,3.464 1.228,-2.912,3.667 1.441,-2.959,3.420 face 1.453,-2.965,2.979 1.296,-2.927,3.236 1.441,-2.959,3.420 1.614,-3.005,3.143 face 1.576,-2.998,2.704 1.453,-2.965,2.979 1.614,-3.005,3.143 1.749,-3.046,2.846 face 1.668,-3.025,2.416 1.576,-2.998,2.704 1.749,-3.046,2.846 1.850,-3.078,2.533 face 1.151,-2.898,3.053 0.973,-2.868,3.263 1.100,-2.889,3.464 1.296,-2.927,3.236 face 1.293,-2.928,2.817 1.151,-2.898,3.053 1.296,-2.927,3.236 1.453,-2.965,2.979 face 1.403,-2.955,2.565 1.293,-2.928,2.817 1.453,-2.965,2.979 1.576,-2.998,2.704 face 1.486,-2.977,2.302 1.403,-2.955,2.565 1.576,-2.998,2.704 1.668,-3.025,2.416 face 1.169,-2.450,3.328 1.312,-2.450,3.542 1.100,-2.889,3.464 0.973,-2.868,3.263 face 1.012,-2.873,2.879 0.850,-2.850,3.070 0.973,-2.868,3.263 1.151,-2.898,3.053 face 1.139,-2.896,2.664 1.012,-2.873,2.879 1.151,-2.898,3.053 1.293,-2.928,2.817 face 1.238,-2.917,2.434 1.139,-2.896,2.664 1.293,-2.928,2.817 1.403,-2.955,2.565 face 1.312,-2.934,2.194 1.238,-2.917,2.434 1.403,-2.955,2.565 1.486,-2.977,2.302 face 1.900,-2.450,2.288 1.726,-2.450,2.198 1.486,-2.977,2.302 1.668,-3.025,2.416 face 1.031,-2.450,3.122 1.169,-2.450,3.328 0.973,-2.868,3.263 0.850,-2.850,3.070 face 1.239,-2.450,2.918 1.031,-2.450,3.122 0.850,-2.850,3.070 1.012,-2.873,2.879 face 1.393,-2.450,2.670 1.239,-2.450,2.918 1.012,-2.873,2.879 1.139,-2.896,2.664 face 1.496,-2.450,2.397 1.393,-2.450,2.670 1.139,-2.896,2.664 1.238,-2.917,2.434 face 1.558,-2.450,2.111 1.496,-2.450,2.397 1.238,-2.917,2.434 1.312,-2.934,2.194 face 1.726,-2.450,2.198 1.558,-2.450,2.111 1.312,-2.934,2.194 1.486,-2.977,2.302 face 1.396,-2.450,3.099 1.169,-2.450,3.328 1.031,-2.450,3.122 1.239,-2.450,2.918 face 1.561,-2.450,2.821 1.396,-2.450,3.099 1.239,-2.450,2.918 1.393,-2.450,2.670 face 1.666,-2.450,2.516 1.561,-2.450,2.821 1.393,-2.450,2.670 1.496,-2.450,2.397 face 1.726,-2.450,2.198 1.666,-2.450,2.516 1.496,-2.450,2.397 1.558,-2.450,2.111  r=51
;__create Blocks__
block create group "Blocks" poly face -1.933,-2.450,1.397 -2.096,-2.450,1.438 -2.094,-2.450,1.125 -1.931,-2.450,1.100 face -1.986,-3.105,1.256 -1.799,-3.045,1.214 -1.931,-2.450,1.100 -2.094,-2.450,1.125 face -2.251,-2.450,1.477 -2.248,-2.450,1.149 -2.094,-2.450,1.125 -2.096,-2.450,1.438 face -1.932,-2.450,1.695 -2.097,-2.450,1.751 -2.096,-2.450,1.438 -1.933,-2.450,1.397 face -1.768,-2.450,1.075 -1.769,-2.450,1.356 -1.933,-2.450,1.397 -1.931,-2.450,1.100 face -2.254,-2.450,1.805 -2.251,-2.450,1.477 -2.096,-2.450,1.438 -2.097,-2.450,1.751 face -1.923,-2.450,1.992 -2.092,-2.450,2.064 -2.097,-2.450,1.751 -1.932,-2.450,1.695 face -1.769,-2.450,1.356 -1.766,-2.450,1.637 -1.932,-2.450,1.695 -1.933,-2.450,1.397 face -2.251,-2.450,2.133 -2.254,-2.450,1.805 -2.097,-2.450,1.751 -2.092,-2.450,2.064 face -1.900,-2.450,2.288 -2.072,-2.450,2.377 -2.092,-2.450,2.064 -1.923,-2.450,1.992 face -1.766,-2.450,1.637 -1.754,-2.450,1.918 -1.923,-2.450,1.992 -1.932,-2.450,1.695 face -2.236,-2.450,2.461 -2.251,-2.450,2.133 -2.092,-2.450,2.064 -2.072,-2.450,2.377 face -1.668,-3.025,2.416 -1.850,-3.078,2.533 -2.072,-2.450,2.377 -1.900,-2.450,2.288 face -1.754,-2.450,1.918 -1.726,-2.450,2.198 -1.900,-2.450,2.288 -1.923,-2.450,1.992 face -2.164,-3.168,1.298 -1.986,-3.105,1.256 -2.094,-2.450,1.125 -2.248,-2.450,1.149 face -2.158,-3.172,1.638 -2.164,-3.168,1.298 -2.248,-2.450,1.149 -2.251,-2.450,1.477 face -2.137,-3.169,1.978 -2.158,-3.172,1.638 -2.251,-2.450,1.477 -2.254,-2.450,1.805 face -2.095,-3.157,2.315 -2.137,-3.169,1.978 -2.254,-2.450,1.805 -2.251,-2.450,2.133 face -2.025,-3.133,2.647 -2.095,-3.157,2.315 -2.251,-2.450,2.133 -2.236,-2.450,2.461 face -1.850,-3.078,2.533 -2.025,-3.133,2.647 -2.236,-2.450,2.461 -2.072,-2.450,2.377 face -1.979,-3.109,1.578 -1.986,-3.105,1.256 -2.164,-3.168,1.298 -2.158,-3.172,1.638 face -1.958,-3.107,1.899 -1.979,-3.109,1.578 -2.158,-3.172,1.638 -2.137,-3.169,1.978 face -1.917,-3.097,2.219 -1.958,-3.107,1.899 -2.137,-3.169,1.978 -2.095,-3.157,2.315 face -1.850,-3.078,2.533 -1.917,-3.097,2.219 -2.095,-3.157,2.315 -2.025,-3.133,2.647 face -1.792,-3.049,1.517 -1.799,-3.045,1.214 -1.986,-3.105,1.256 -1.979,-3.109,1.578 face -1.771,-3.049,1.820 -1.792,-3.049,1.517 -1.979,-3.109,1.578 -1.958,-3.107,1.899 face -1.731,-3.041,2.120 -1.771,-3.049,1.820 -1.958,-3.107,1.899 -1.917,-3.097,2.219 face -1.668,-3.025,2.416 -1.731,-3.041,2.120 -1.917,-3.097,2.219 -1.850,-3.078,2.533 face -1.605,-2.997,1.458 -1.613,-2.993,1.173 -1.799,-3.045,1.214 -1.792,-3.049,1.517 face -1.584,-2.997,1.742 -1.605,-2.997,1.458 -1.792,-3.049,1.517 -1.771,-3.049,1.820 face -1.546,-2.990,2.024 -1.584,-2.997,1.742 -1.771,-3.049,1.820 -1.731,-3.041,2.120 face -1.486,-2.977,2.302 -1.546,-2.990,2.024 -1.731,-3.041,2.120 -1.668,-3.025,2.416 face -1.768,-2.450,1.075 -1.931,-2.450,1.100 -1.799,-3.045,1.214 -1.613,-2.993,1.173 face -1.426,-2.952,1.402 -1.435,-2.950,1.136 -1.613,-2.993,1.173 -1.605,-2.997,1.458 face -1.405,-2.952,1.669 -1.426,-2.952,1.402 -1.605,-2.997,1.458 -1.584,-2.997,1.742 face -1.369,-2.946,1.933 -1.405,-2.952,1.669 -1.584,-2.997,1.742 -1.546,-2.990,2.024 face -1.312,-2.934,2.194 -1.369,-2.946,1.933 -1.546,-2.990,2.024 -1.486,-2.977,2.302 face -1.900,-2.450,2.288 -1.726,-2.450,2.198 -1.486,-2.977,2.302 -1.668,-3.025,2.416 face -1.612,-2.450,1.051 -1.768,-2.450,1.075 -1.613,-2.993,1.173 -1.435,-2.950,1.136 face -1.612,-2.450,1.317 -1.612,-2.450,1.051 -1.435,-2.950,1.136 -1.426,-2.952,1.402 face -1.606,-2.450,1.582 -1.612,-2.450,1.317 -1.426,-2.952,1.402 -1.405,-2.952,1.669 face -1.590,-2.450,1.848 -1.606,-2.450,1.582 -1.405,-2.952,1.669 -1.369,-2.946,1.933 face -1.558,-2.450,2.111 -1.590,-2.450,1.848 -1.369,-2.946,1.933 -1.312,-2.934,2.194 face -1.726,-2.450,2.198 -1.558,-2.450,2.111 -1.312,-2.934,2.194 -1.486,-2.977,2.302 face -1.769,-2.450,1.356 -1.768,-2.450,1.075 -1.612,-2.450,1.051 -1.612,-2.450,1.317 face -1.766,-2.450,1.637 -1.769,-2.450,1.356 -1.612,-2.450,1.317 -1.606,-2.450,1.582 face -1.754,-2.450,1.918 -1.766,-2.450,1.637 -1.606,-2.450,1.582 -1.590,-2.450,1.848 face -1.726,-2.450,2.198 -1.754,-2.450,1.918 -1.590,-2.450,1.848 -1.558,-2.450,2.111  r=52
;__create Blocks__
block create group "Blocks" poly face -1.237,-2.450,0.179 -1.420,-2.450,0.182 -1.420,-2.450,0.000 -1.237,-2.450,0.000 face -1.261,-2.896,0.000 -1.094,-2.868,0.000 -1.237,-2.450,0.000 -1.420,-2.450,0.000 face -1.604,-2.450,0.185 -1.604,-2.450,0.000 -1.420,-2.450,0.000 -1.420,-2.450,0.182 face -1.237,-2.450,0.358 -1.420,-2.450,0.364 -1.420,-2.450,0.182 -1.237,-2.450,0.179 face -1.053,-2.450,0.000 -1.053,-2.450,0.176 -1.237,-2.450,0.179 -1.237,-2.450,0.000 face -1.604,-2.450,0.370 -1.604,-2.450,0.185 -1.420,-2.450,0.182 -1.420,-2.450,0.364 face -1.237,-2.450,0.537 -1.420,-2.450,0.546 -1.420,-2.450,0.364 -1.237,-2.450,0.358 face -1.053,-2.450,0.176 -1.053,-2.450,0.352 -1.237,-2.450,0.358 -1.237,-2.450,0.179 face -1.604,-2.450,0.555 -1.604,-2.450,0.370 -1.420,-2.450,0.364 -1.420,-2.450,0.546 face -1.237,-2.450,0.716 -1.420,-2.450,0.728 -1.420,-2.450,0.546 -1.237,-2.450,0.537 face -1.053,-2.450,0.352 -1.053,-2.450,0.528 -1.237,-2.450,0.537 -1.237,-2.450,0.358 face -1.604,-2.450,0.740 -1.604,-2.450,0.555 -1.420,-2.450,0.546 -1.420,-2.450,0.728 face -1.093,-2.874,0.772 -1.260,-2.905,0.788 -1.420,-2.450,0.728 -1.237,-2.450,0.716 face -1.053,-2.450,0.528 -1.053,-2.450,0.703 -1.237,-2.450,0.716 -1.237,-2.450,0.537 face -1.427,-2.930,0.000 -1.261,-2.896,0.000 -1.420,-2.450,0.000 -1.604,-2.450,0.000 face -1.427,-2.932,0.201 -1.427,-2.930,0.000 -1.604,-2.450,0.000 -1.604,-2.450,0.185 face -1.427,-2.935,0.403 -1.427,-2.932,0.201 -1.604,-2.450,0.185 -1.604,-2.450,0.370 face -1.427,-2.938,0.604 -1.427,-2.935,0.403 -1.604,-2.450,0.370 -1.604,-2.450,0.555 face -1.427,-2.941,0.805 -1.427,-2.938,0.604 -1.604,-2.450,0.555 -1.604,-2.450,0.740 face -1.260,-2.905,0.788 -1.427,-2.941,0.805 -1.604,-2.450,0.740 -1.420,-2.450,0.728 face -1.261,-2.898,0.197 -1.261,-2.896,0.000 -1.427,-2.930,0.000 -1.427,-2.932,0.201 face -1.261,-2.900,0.394 -1.261,-2.898,0.197 -1.427,-2.932,0.201 -1.427,-2.935,0.403 face -1.260,-2.902,0.591 -1.261,-2.900,0.394 -1.427,-2.935,0.403 -1.427,-2.938,0.604 face -1.260,-2.905,0.788 -1.260,-2.902,0.591 -1.427,-2.938,0.604 -1.427,-2.941,0.805 face -1.094,-2.869,0.193 -1.094,-2.868,0.000 -1.261,-2.896,0.000 -1.261,-2.898,0.197 face -1.094,-2.870,0.386 -1.094,-2.869,0.193 -1.261,-2.898,0.197 -1.261,-2.900,0.394 face -1.093,-2.872,0.579 -1.094,-2.870,0.386 -1.261,-2.900,0.394 -1.260,-2.902,0.591 face -1.093,-2.874,0.772 -1.093,-2.872,0.579 -1.260,-2.902,0.591 -1.260,-2.905,0.788 face -0.927,-2.847,0.189 -0.927,-2.846,0.000 -1.094,-2.868,0.000 -1.094,-2.869,0.193 face -0.927,-2.848,0.379 -0.927,-2.847,0.189 -1.094,-2.869,0.193 -1.094,-2.870,0.386 face -0.926,-2.849,0.568 -0.927,-2.848,0.379 -1.094,-2.870,0.386 -1.093,-2.872,0.579 face -0.926,-2.851,0.758 -0.926,-2.849,0.568 -1.093,-2.872,0.579 -1.093,-2.874,0.772 face -1.053,-2.450,0.000 -1.237,-2.450,0.000 -1.094,-2.868,0.000 -0.927,-2.846,0.000 face -0.760,-2.831,0.186 -0.760,-2.830,0.000 -0.927,-2.846,0.000 -0.927,-2.847,0.189 face -0.760,-2.831,0.372 -0.760,-2.831,0.186 -0.927,-2.847,0.189 -0.927,-2.848,0.379 face -0.759,-2.832,0.558 -0.760,-2.831,0.372 -0.927,-2.848,0.379 -0.926,-2.849,0.568 face -0.758,-2.833,0.744 -0.759,-2.832,0.558 -0.926,-2.849,0.568 -0.926,-2.851,0.758 face -1.237,-2.450,0.716 -1.053,-2.450,0.703 -0.926,-2.851,0.758 -1.093,-2.874,0.772 face -0.869,-2.450,0.000 -1.053,-2.450,0.000 -0.927,-2.846,0.000 -0.760,-2.830,0.000 face -0.869,-2.450,0.173 -0.869,-2.450,0.000 -0.760,-2.830,0.000 -0.760,-2.831,0.186 face -0.869,-2.450,0.346 -0.869,-2.450,0.173 -0.760,-2.831,0.186 -0.760,-2.831,0.372 face -0.869,-2.450,0.518 -0.869,-2.450,0.346 -0.760,-2.831,0.372 -0.759,-2.832,0.558 face -0.869,-2.450,0.691 -0.869,-2.450,0.518 -0.759,-2.832,0.558 -0.758,-2.833,0.744 face -1.053,-2.450,0.703 -0.869,-2.450,0.691 -0.758,-2.833,0.744 -0.926,-2.851,0.758 face -1.053,-2.450,0.176 -1.053,-2.450,0.000 -0.869,-2.450,0.000 -0.869,-2.450,0.173 face -1.053,-2.450,0.352 -1.053,-2.450,0.176 -0.869,-2.450,0.173 -0.869,-2.450,0.346 face -1.053,-2.450,0.528 -1.053,-2.450,0.352 -0.869,-2.450,0.346 -0.869,-2.450,0.518 face -1.053,-2.450,0.703 -1.053,-2.450,0.528 -0.869,-2.450,0.518 -0.869,-2.450,0.691  r=53
;__create Blocks__
block create group "Blocks" poly face -1.206,-2.450,1.635 -1.398,-2.450,1.703 -1.412,-2.450,1.483 -1.223,-2.450,1.434 face -1.228,-2.911,1.599 -1.058,-2.877,1.544 -1.223,-2.450,1.434 -1.412,-2.450,1.483 face -1.588,-2.450,1.772 -1.600,-2.450,1.530 -1.412,-2.450,1.483 -1.398,-2.450,1.703 face -1.178,-2.450,1.834 -1.372,-2.450,1.923 -1.398,-2.450,1.703 -1.206,-2.450,1.635 face -1.033,-2.450,1.385 -1.014,-2.450,1.566 -1.206,-2.450,1.635 -1.223,-2.450,1.434 face -1.565,-2.450,2.012 -1.588,-2.450,1.772 -1.398,-2.450,1.703 -1.372,-2.450,1.923 face -1.136,-2.450,2.030 -1.330,-2.450,2.140 -1.372,-2.450,1.923 -1.178,-2.450,1.834 face -1.014,-2.450,1.566 -0.985,-2.450,1.745 -1.178,-2.450,1.834 -1.206,-2.450,1.635 face -1.524,-2.450,2.250 -1.565,-2.450,2.012 -1.372,-2.450,1.923 -1.330,-2.450,2.140 face -1.076,-2.450,2.222 -1.267,-2.450,2.352 -1.330,-2.450,2.140 -1.136,-2.450,2.030 face -0.985,-2.450,1.745 -0.945,-2.450,1.922 -1.136,-2.450,2.030 -1.178,-2.450,1.834 face -1.460,-2.450,2.483 -1.524,-2.450,2.250 -1.330,-2.450,2.140 -1.267,-2.450,2.352 face -0.881,-2.850,2.293 -1.035,-2.875,2.410 -1.267,-2.450,2.352 -1.076,-2.450,2.222 face -0.945,-2.450,1.922 -0.888,-2.450,2.095 -1.076,-2.450,2.222 -1.136,-2.450,2.030 face -1.398,-2.950,1.656 -1.228,-2.911,1.599 -1.412,-2.450,1.483 -1.600,-2.450,1.530 face -1.369,-2.946,1.880 -1.398,-2.950,1.656 -1.600,-2.450,1.530 -1.588,-2.450,1.772 face -1.326,-2.937,2.102 -1.369,-2.946,1.880 -1.588,-2.450,1.772 -1.565,-2.450,2.012 face -1.268,-2.924,2.320 -1.326,-2.937,2.102 -1.565,-2.450,2.012 -1.524,-2.450,2.250 face -1.191,-2.907,2.532 -1.268,-2.924,2.320 -1.524,-2.450,2.250 -1.460,-2.450,2.483 face -1.035,-2.875,2.410 -1.191,-2.907,2.532 -1.460,-2.450,2.483 -1.267,-2.450,2.352 face -1.200,-2.907,1.806 -1.228,-2.911,1.599 -1.398,-2.950,1.656 -1.369,-2.946,1.880 face -1.160,-2.900,2.012 -1.200,-2.907,1.806 -1.369,-2.946,1.880 -1.326,-2.937,2.102 face -1.106,-2.889,2.214 -1.160,-2.900,2.012 -1.326,-2.937,2.102 -1.268,-2.924,2.320 face -1.035,-2.875,2.410 -1.106,-2.889,2.214 -1.268,-2.924,2.320 -1.191,-2.907,2.532 face -1.032,-2.874,1.735 -1.058,-2.877,1.544 -1.228,-2.911,1.599 -1.200,-2.907,1.806 face -0.995,-2.868,1.925 -1.032,-2.874,1.735 -1.200,-2.907,1.806 -1.160,-2.900,2.012 face -0.946,-2.860,2.111 -0.995,-2.868,1.925 -1.160,-2.900,2.012 -1.106,-2.889,2.214 face -0.881,-2.850,2.293 -0.946,-2.860,2.111 -1.106,-2.889,2.214 -1.035,-2.875,2.410 face -0.865,-2.849,1.667 -0.889,-2.852,1.491 -1.058,-2.877,1.544 -1.032,-2.874,1.735 face -0.832,-2.845,1.841 -0.865,-2.849,1.667 -1.032,-2.874,1.735 -0.995,-2.868,1.925 face -0.788,-2.839,2.013 -0.832,-2.845,1.841 -0.995,-2.868,1.925 -0.946,-2.860,2.111 face -0.728,-2.832,2.179 -0.788,-2.839,2.013 -0.946,-2.860,2.111 -0.881,-2.850,2.293 face -1.033,-2.450,1.385 -1.223,-2.450,1.434 -1.058,-2.877,1.544 -0.889,-2.852,1.491 face -0.701,-2.831,1.603 -0.721,-2.833,1.442 -0.889,-2.852,1.491 -0.865,-2.849,1.667 face -0.673,-2.828,1.762 -0.701,-2.831,1.603 -0.865,-2.849,1.667 -0.832,-2.845,1.841 face -0.633,-2.824,1.919 -0.673,-2.828,1.762 -0.832,-2.845,1.841 -0.788,-2.839,2.013 face -0.577,-2.819,2.071 -0.633,-2.824,1.919 -0.788,-2.839,2.013 -0.728,-2.832,2.179 face -1.076,-2.450,2.222 -0.888,-2.450,2.095 -0.728,-2.832,2.179 -0.881,-2.850,2.293 face -0.842,-2.450,1.337 -1.033,-2.450,1.385 -0.889,-2.852,1.491 -0.721,-2.833,1.442 face -0.822,-2.450,1.498 -0.842,-2.450,1.337 -0.721,-2.833,1.442 -0.701,-2.831,1.603 face -0.796,-2.450,1.659 -0.822,-2.450,1.498 -0.701,-2.831,1.603 -0.673,-2.828,1.762 face -0.758,-2.450,1.817 -0.796,-2.450,1.659 -0.673,-2.828,1.762 -0.633,-2.824,1.919 face -0.707,-2.450,1.971 -0.758,-2.450,1.817 -0.633,-2.824,1.919 -0.577,-2.819,2.071 face -0.888,-2.450,2.095 -0.707,-2.450,1.971 -0.577,-2.819,2.071 -0.728,-2.832,2.179 face -1.014,-2.450,1.566 -1.033,-2.450,1.385 -0.842,-2.450,1.337 -0.822,-2.450,1.498 face -0.985,-2.450,1.745 -1.014,-2.450,1.566 -0.822,-2.450,1.498 -0.796,-2.450,1.659 face -0.945,-2.450,1.922 -0.985,-2.450,1.745 -0.796,-2.450,1.659 -0.758,-2.450,1.817 face -0.888,-2.450,2.095 -0.945,-2.450,1.922 -0.758,-2.450,1.817 -0.707,-2.450,1.971  r=54
;__create Blocks__
block create group "Blocks" poly face -2.450,-1.265,2.516 -2.450,-0.800,2.516 -2.450,-0.797,2.260 -2.450,-1.265,2.260 face -2.870,-0.886,2.260 -2.835,-1.288,2.260 -2.450,-1.265,2.260 -2.450,-0.797,2.260 face -2.450,-0.346,2.516 -2.450,-0.339,2.260 -2.450,-0.797,2.260 -2.450,-0.800,2.516 face -2.450,-1.265,2.772 -2.450,-0.806,2.772 -2.450,-0.800,2.516 -2.450,-1.265,2.516 face -2.450,-1.733,2.260 -2.450,-1.730,2.516 -2.450,-1.265,2.516 -2.450,-1.265,2.260 face -2.450,-0.357,2.773 -2.450,-0.346,2.516 -2.450,-0.800,2.516 -2.450,-0.806,2.772 face -2.450,-1.265,3.027 -2.450,-0.815,3.028 -2.450,-0.806,2.772 -2.450,-1.265,2.772 face -2.450,-1.730,2.516 -2.450,-1.724,2.772 -2.450,-1.265,2.772 -2.450,-1.265,2.516 face -2.450,-0.376,3.028 -2.450,-0.357,2.773 -2.450,-0.806,2.772 -2.450,-0.815,3.028 face -2.450,-1.264,3.283 -2.450,-0.831,3.283 -2.450,-0.815,3.028 -2.450,-1.265,3.027 face -2.450,-1.724,2.772 -2.450,-1.714,3.028 -2.450,-1.265,3.027 -2.450,-1.265,2.772 face -2.450,-0.407,3.283 -2.450,-0.376,3.028 -2.450,-0.815,3.028 -2.450,-0.831,3.283 face -2.826,-1.287,3.283 -2.851,-0.916,3.283 -2.450,-0.831,3.283 -2.450,-1.264,3.283 face -2.450,-1.714,3.028 -2.450,-1.698,3.283 -2.450,-1.264,3.283 -2.450,-1.265,3.027 face -3.031,-0.503,2.260 -2.870,-0.886,2.260 -2.450,-0.797,2.260 -2.450,-0.339,2.260 face -3.022,-0.508,2.517 -3.031,-0.503,2.260 -2.450,-0.339,2.260 -2.450,-0.346,2.516 face -3.010,-0.518,2.773 -3.022,-0.508,2.517 -2.450,-0.346,2.516 -2.450,-0.357,2.773 face -2.994,-0.534,3.029 -3.010,-0.518,2.773 -2.450,-0.357,2.773 -2.450,-0.376,3.028 face -2.973,-0.561,3.283 -2.994,-0.534,3.029 -2.450,-0.376,3.028 -2.450,-0.407,3.283 face -2.851,-0.916,3.283 -2.973,-0.561,3.283 -2.450,-0.407,3.283 -2.450,-0.831,3.283 face -2.867,-0.889,2.516 -2.870,-0.886,2.260 -3.031,-0.503,2.260 -3.022,-0.508,2.517 face -2.863,-0.893,2.772 -2.867,-0.889,2.516 -3.022,-0.508,2.517 -3.010,-0.518,2.773 face -2.858,-0.902,3.028 -2.863,-0.893,2.772 -3.010,-0.518,2.773 -2.994,-0.534,3.029 face -2.851,-0.916,3.283 -2.858,-0.902,3.028 -2.994,-0.534,3.029 -2.973,-0.561,3.283 face -2.834,-1.288,2.516 -2.835,-1.288,2.260 -2.870,-0.886,2.260 -2.867,-0.889,2.516 face -2.832,-1.287,2.772 -2.834,-1.288,2.516 -2.867,-0.889,2.516 -2.863,-0.893,2.772 face -2.829,-1.287,3.027 -2.832,-1.287,2.772 -2.863,-0.893,2.772 -2.858,-0.902,3.028 face -2.826,-1.287,3.283 -2.829,-1.287,3.027 -2.858,-0.902,3.028 -2.851,-0.916,3.283 face -2.870,-1.692,2.516 -2.872,-1.695,2.260 -2.835,-1.288,2.260 -2.834,-1.288,2.516 face -2.866,-1.686,2.772 -2.870,-1.692,2.516 -2.834,-1.288,2.516 -2.832,-1.287,2.772 face -2.862,-1.677,3.028 -2.866,-1.686,2.772 -2.832,-1.287,2.772 -2.829,-1.287,3.027 face -2.856,-1.663,3.283 -2.862,-1.677,3.028 -2.829,-1.287,3.027 -2.826,-1.287,3.283 face -2.450,-1.733,2.260 -2.450,-1.265,2.260 -2.835,-1.288,2.260 -2.872,-1.695,2.260 face -2.966,-2.091,2.516 -2.971,-2.097,2.260 -2.872,-1.695,2.260 -2.870,-1.692,2.516 face -2.959,-2.080,2.773 -2.966,-2.091,2.516 -2.870,-1.692,2.516 -2.866,-1.686,2.772 face -2.950,-2.062,3.029 -2.959,-2.080,2.773 -2.866,-1.686,2.772 -2.862,-1.677,3.028 face -2.937,-2.032,3.283 -2.950,-2.062,3.029 -2.862,-1.677,3.028 -2.856,-1.663,3.283 face -2.450,-1.264,3.283 -2.450,-1.698,3.283 -2.856,-1.663,3.283 -2.826,-1.287,3.283 face -2.450,-2.191,2.260 -2.450,-1.733,2.260 -2.872,-1.695,2.260 -2.971,-2.097,2.260 face -2.450,-2.185,2.516 -2.450,-2.191,2.260 -2.971,-2.097,2.260 -2.966,-2.091,2.516 face -2.450,-2.173,2.773 -2.450,-2.185,2.516 -2.966,-2.091,2.516 -2.959,-2.080,2.773 face -2.450,-2.153,3.029 -2.450,-2.173,2.773 -2.959,-2.080,2.773 -2.950,-2.062,3.029 face -2.450,-2.121,3.283 -2.450,-2.153,3.029 -2.950,-2.062,3.029 -2.937,-2.032,3.283 face -2.450,-1.698,3.283 -2.450,-2.121,3.283 -2.937,-2.032,3.283 -2.856,-1.663,3.283 face -2.450,-1.730,2.516 -2.450,-1.733,2.260 -2.450,-2.191,2.260 -2.450,-2.185,2.516 face -2.450,-1.724,2.772 -2.450,-1.730,2.516 -2.450,-2.185,2.516 -2.450,-2.173,2.773 face -2.450,-1.714,3.028 -2.450,-1.724,2.772 -2.450,-2.173,2.773 -2.450,-2.153,3.029 face -2.450,-1.698,3.283 -2.450,-1.714,3.028 -2.450,-2.153,3.029 -2.450,-2.121,3.283  r=55
;__create Blocks__
block create group "Blocks" poly face -0.219,-2.450,2.913 -0.254,-2.450,3.147 -0.504,-2.450,3.096 -0.434,-2.450,2.865 face -0.442,-2.814,3.068 -0.377,-2.809,2.849 -0.434,-2.450,2.865 -0.504,-2.450,3.096 face -0.290,-2.450,3.381 -0.574,-2.450,3.327 -0.504,-2.450,3.096 -0.254,-2.450,3.147 face 0.000,-2.450,2.928 0.000,-2.450,3.163 -0.254,-2.450,3.147 -0.219,-2.450,2.913 face -0.365,-2.450,2.635 -0.185,-2.450,2.679 -0.219,-2.450,2.913 -0.434,-2.450,2.865 face 0.000,-2.450,3.399 -0.290,-2.450,3.381 -0.254,-2.450,3.147 0.000,-2.450,3.163 face 0.219,-2.450,2.913 0.254,-2.450,3.147 0.000,-2.450,3.163 0.000,-2.450,2.928 face -0.185,-2.450,2.679 0.000,-2.450,2.693 0.000,-2.450,2.928 -0.219,-2.450,2.913 face 0.290,-2.450,3.381 0.000,-2.450,3.399 0.000,-2.450,3.163 0.254,-2.450,3.147 face 0.434,-2.450,2.865 0.504,-2.450,3.096 0.254,-2.450,3.147 0.219,-2.450,2.913 face 0.000,-2.450,2.693 0.185,-2.450,2.679 0.219,-2.450,2.913 0.000,-2.450,2.928 face 0.574,-2.450,3.327 0.290,-2.450,3.381 0.254,-2.450,3.147 0.504,-2.450,3.096 face 0.377,-2.809,2.849 0.442,-2.814,3.068 0.504,-2.450,3.096 0.434,-2.450,2.865 face 0.185,-2.450,2.679 0.365,-2.450,2.635 0.434,-2.450,2.865 0.219,-2.450,2.913 face -0.508,-2.820,3.287 -0.442,-2.814,3.068 -0.504,-2.450,3.096 -0.574,-2.450,3.327 face -0.259,-2.810,3.361 -0.508,-2.820,3.287 -0.574,-2.450,3.327 -0.290,-2.450,3.381 face 0.000,-2.807,3.386 -0.259,-2.810,3.361 -0.290,-2.450,3.381 0.000,-2.450,3.399 face 0.259,-2.810,3.361 0.000,-2.807,3.386 0.000,-2.450,3.399 0.290,-2.450,3.381 face 0.508,-2.820,3.287 0.259,-2.810,3.361 0.290,-2.450,3.381 0.574,-2.450,3.327 face 0.442,-2.814,3.068 0.508,-2.820,3.287 0.574,-2.450,3.327 0.504,-2.450,3.096 face -0.226,-2.807,3.133 -0.442,-2.814,3.068 -0.508,-2.820,3.287 -0.259,-2.810,3.361 face -0.000,-2.805,3.154 -0.226,-2.807,3.133 -0.259,-2.810,3.361 0.000,-2.807,3.386 face 0.226,-2.807,3.133 -0.000,-2.805,3.154 0.000,-2.807,3.386 0.259,-2.810,3.361 face 0.442,-2.814,3.068 0.226,-2.807,3.133 0.259,-2.810,3.361 0.508,-2.820,3.287 face -0.192,-2.805,2.904 -0.377,-2.809,2.849 -0.442,-2.814,3.068 -0.226,-2.807,3.133 face 0.000,-2.804,2.922 -0.192,-2.805,2.904 -0.226,-2.807,3.133 -0.000,-2.805,3.154 face 0.192,-2.805,2.904 0.000,-2.804,2.922 -0.000,-2.805,3.154 0.226,-2.807,3.133 face 0.377,-2.809,2.849 0.192,-2.805,2.904 0.226,-2.807,3.133 0.442,-2.814,3.068 face -0.158,-2.803,2.675 -0.311,-2.806,2.630 -0.377,-2.809,2.849 -0.192,-2.805,2.904 face -0.000,-2.803,2.690 -0.158,-2.803,2.675 -0.192,-2.805,2.904 0.000,-2.804,2.922 face 0.158,-2.803,2.675 -0.000,-2.803,2.690 0.000,-2.804,2.922 0.192,-2.805,2.904 face 0.311,-2.806,2.630 0.158,-2.803,2.675 0.192,-2.805,2.904 0.377,-2.809,2.849 face -0.365,-2.450,2.635 -0.434,-2.450,2.865 -0.377,-2.809,2.849 -0.311,-2.806,2.630 face -0.125,-2.803,2.446 -0.245,-2.804,2.412 -0.311,-2.806,2.630 -0.158,-2.803,2.675 face -0.000,-2.802,2.458 -0.125,-2.803,2.446 -0.158,-2.803,2.675 -0.000,-2.803,2.690 face 0.125,-2.803,2.446 -0.000,-2.802,2.458 -0.000,-2.803,2.690 0.158,-2.803,2.675 face 0.245,-2.804,2.412 0.125,-2.803,2.446 0.158,-2.803,2.675 0.311,-2.806,2.630 face 0.434,-2.450,2.865 0.365,-2.450,2.635 0.311,-2.806,2.630 0.377,-2.809,2.849 face -0.295,-2.450,2.406 -0.365,-2.450,2.635 -0.311,-2.806,2.630 -0.245,-2.804,2.412 face -0.150,-2.450,2.445 -0.295,-2.450,2.406 -0.245,-2.804,2.412 -0.125,-2.803,2.446 face -0.000,-2.450,2.458 -0.150,-2.450,2.445 -0.125,-2.803,2.446 -0.000,-2.802,2.458 face 0.150,-2.450,2.445 -0.000,-2.450,2.458 -0.000,-2.802,2.458 0.125,-2.803,2.446 face 0.295,-2.450,2.406 0.150,-2.450,2.445 0.125,-2.803,2.446 0.245,-2.804,2.412 face 0.365,-2.450,2.635 0.295,-2.450,2.406 0.245,-2.804,2.412 0.311,-2.806,2.630 face -0.185,-2.450,2.679 -0.365,-2.450,2.635 -0.295,-2.450,2.406 -0.150,-2.450,2.445 face 0.000,-2.450,2.693 -0.185,-2.450,2.679 -0.150,-2.450,2.445 -0.000,-2.450,2.458 face 0.185,-2.450,2.679 0.000,-2.450,2.693 -0.000,-2.450,2.458 0.150,-2.450,2.445 face 0.365,-2.450,2.635 0.185,-2.450,2.679 0.150,-2.450,2.445 0.295,-2.450,2.406  r=56
;__create Blocks__
block create group "Blocks" poly face -2.450,-1.265,0.295 -2.450,-0.795,0.295 -2.450,-0.795,0.000 -2.450,-1.265,0.000 face -2.841,-0.882,0.000 -2.824,-1.287,0.000 -2.450,-1.265,0.000 -2.450,-0.795,0.000 face -2.450,-0.335,0.295 -2.450,-0.336,0.000 -2.450,-0.795,0.000 -2.450,-0.795,0.295 face -2.450,-1.265,0.590 -2.450,-0.795,0.590 -2.450,-0.795,0.295 -2.450,-1.265,0.295 face -2.450,-1.735,0.000 -2.450,-1.735,0.295 -2.450,-1.265,0.295 -2.450,-1.265,0.000 face -2.450,-0.335,0.590 -2.450,-0.335,0.295 -2.450,-0.795,0.295 -2.450,-0.795,0.590 face -2.450,-1.265,0.885 -2.450,-0.795,0.885 -2.450,-0.795,0.590 -2.450,-1.265,0.590 face -2.450,-1.735,0.295 -2.450,-1.735,0.590 -2.450,-1.265,0.590 -2.450,-1.265,0.295 face -2.450,-0.335,0.885 -2.450,-0.335,0.590 -2.450,-0.795,0.590 -2.450,-0.795,0.885 face -2.450,-1.265,1.180 -2.450,-0.795,1.180 -2.450,-0.795,0.885 -2.450,-1.265,0.885 face -2.450,-1.735,0.590 -2.450,-1.735,0.885 -2.450,-1.265,0.885 -2.450,-1.265,0.590 face -2.450,-0.335,1.180 -2.450,-0.335,0.885 -2.450,-0.795,0.885 -2.450,-0.795,1.180 face -2.835,-1.288,1.180 -2.869,-0.884,1.180 -2.450,-0.795,1.180 -2.450,-1.265,1.180 face -2.450,-1.735,0.885 -2.450,-1.735,1.180 -2.450,-1.265,1.180 -2.450,-1.265,0.885 face -2.936,-0.493,0.000 -2.841,-0.882,0.000 -2.450,-0.795,0.000 -2.450,-0.336,0.000 face -2.963,-0.494,0.295 -2.936,-0.493,0.000 -2.450,-0.336,0.000 -2.450,-0.335,0.295 face -2.987,-0.496,0.589 -2.963,-0.494,0.295 -2.450,-0.335,0.295 -2.450,-0.335,0.590 face -3.008,-0.497,0.885 -2.987,-0.496,0.589 -2.450,-0.335,0.590 -2.450,-0.335,0.885 face -3.023,-0.498,1.180 -3.008,-0.497,0.885 -2.450,-0.335,0.885 -2.450,-0.335,1.180 face -2.869,-0.884,1.180 -3.023,-0.498,1.180 -2.450,-0.335,1.180 -2.450,-0.795,1.180 face -2.850,-0.883,0.295 -2.841,-0.882,0.000 -2.936,-0.493,0.000 -2.963,-0.494,0.295 face -2.857,-0.883,0.590 -2.850,-0.883,0.295 -2.963,-0.494,0.295 -2.987,-0.496,0.589 face -2.864,-0.884,0.885 -2.857,-0.883,0.590 -2.987,-0.496,0.589 -3.008,-0.497,0.885 face -2.869,-0.884,1.180 -2.864,-0.884,0.885 -3.008,-0.497,0.885 -3.023,-0.498,1.180 face -2.828,-1.287,0.295 -2.824,-1.287,0.000 -2.841,-0.882,0.000 -2.850,-0.883,0.295 face -2.831,-1.287,0.590 -2.828,-1.287,0.295 -2.850,-0.883,0.295 -2.857,-0.883,0.590 face -2.833,-1.288,0.885 -2.831,-1.287,0.590 -2.857,-0.883,0.590 -2.864,-0.884,0.885 face -2.835,-1.288,1.180 -2.833,-1.288,0.885 -2.864,-0.884,0.885 -2.869,-0.884,1.180 face -2.862,-1.696,0.295 -2.857,-1.696,0.000 -2.824,-1.287,0.000 -2.828,-1.287,0.295 face -2.866,-1.696,0.590 -2.862,-1.696,0.295 -2.828,-1.287,0.295 -2.831,-1.287,0.590 face -2.870,-1.697,0.885 -2.866,-1.696,0.590 -2.831,-1.287,0.590 -2.833,-1.288,0.885 face -2.872,-1.697,1.180 -2.870,-1.697,0.885 -2.833,-1.288,0.885 -2.835,-1.288,1.180 face -2.450,-1.735,0.000 -2.450,-1.265,0.000 -2.824,-1.287,0.000 -2.857,-1.696,0.000 face -2.951,-2.099,0.295 -2.942,-2.098,0.000 -2.857,-1.696,0.000 -2.862,-1.696,0.295 face -2.960,-2.100,0.590 -2.951,-2.099,0.295 -2.862,-1.696,0.295 -2.866,-1.696,0.590 face -2.967,-2.101,0.885 -2.960,-2.100,0.590 -2.866,-1.696,0.590 -2.870,-1.697,0.885 face -2.971,-2.101,1.180 -2.967,-2.101,0.885 -2.870,-1.697,0.885 -2.872,-1.697,1.180 face -2.450,-1.265,1.180 -2.450,-1.735,1.180 -2.872,-1.697,1.180 -2.835,-1.288,1.180 face -2.450,-2.194,0.000 -2.450,-1.735,0.000 -2.857,-1.696,0.000 -2.942,-2.098,0.000 face -2.450,-2.195,0.295 -2.450,-2.194,0.000 -2.942,-2.098,0.000 -2.951,-2.099,0.295 face -2.450,-2.195,0.590 -2.450,-2.195,0.295 -2.951,-2.099,0.295 -2.960,-2.100,0.590 face -2.450,-2.195,0.885 -2.450,-2.195,0.590 -2.960,-2.100,0.590 -2.967,-2.101,0.885 face -2.450,-2.195,1.180 -2.450,-2.195,0.885 -2.967,-2.101,0.885 -2.971,-2.101,1.180 face -2.450,-1.735,1.180 -2.450,-2.195,1.180 -2.971,-2.101,1.180 -2.872,-1.697,1.180 face -2.450,-1.735,0.295 -2.450,-1.735,0.000 -2.450,-2.194,0.000 -2.450,-2.195,0.295 face -2.450,-1.735,0.590 -2.450,-1.735,0.295 -2.450,-2.195,0.295 -2.450,-2.195,0.590 face -2.450,-1.735,0.885 -2.450,-1.735,0.590 -2.450,-2.195,0.590 -2.450,-2.195,0.885 face -2.450,-1.735,1.180 -2.450,-1.735,0.885 -2.450,-2.195,0.885 -2.450,-2.195,1.180  r=57
;__create Blocks__
block create group "Blocks" poly face 1.237,-2.450,0.537 1.420,-2.450,0.546 1.420,-2.450,0.728 1.237,-2.450,0.716 face 1.260,-2.905,0.788 1.093,-2.874,0.772 1.237,-2.450,0.716 1.420,-2.450,0.728 face 1.604,-2.450,0.555 1.604,-2.450,0.740 1.420,-2.450,0.728 1.420,-2.450,0.546 face 1.237,-2.450,0.358 1.420,-2.450,0.364 1.420,-2.450,0.546 1.237,-2.450,0.537 face 1.053,-2.450,0.703 1.053,-2.450,0.528 1.237,-2.450,0.537 1.237,-2.450,0.716 face 1.604,-2.450,0.370 1.604,-2.450,0.555 1.420,-2.450,0.546 1.420,-2.450,0.364 face 1.237,-2.450,0.179 1.420,-2.450,0.182 1.420,-2.450,0.364 1.237,-2.450,0.358 face 1.053,-2.450,0.528 1.053,-2.450,0.352 1.237,-2.450,0.358 1.237,-2.450,0.537 face 1.604,-2.450,0.185 1.604,-2.450,0.370 1.420,-2.450,0.364 1.420,-2.450,0.182 face 1.237,-2.450,0.000 1.420,-2.450,0.000 1.420,-2.450,0.182 1.237,-2.450,0.179 face 1.053,-2.450,0.352 1.053,-2.450,0.176 1.237,-2.450,0.179 1.237,-2.450,0.358 face 1.604,-2.450,0.000 1.604,-2.450,0.185 1.420,-2.450,0.182 1.420,-2.450,0.000 face 1.094,-2.868,0.000 1.261,-2.896,0.000 1.420,-2.450,0.000 1.237,-2.450,0.000 face 1.053,-2.450,0.176 1.053,-2.450,0.000 1.237,-2.450,0.000 1.237,-2.450,0.179 face 1.427,-2.941,0.805 1.260,-2.905,0.788 1.420,-2.450,0.728 1.604,-2.450,0.740 face 1.427,-2.938,0.604 1.427,-2.941,0.805 1.604,-2.450,0.740 1.604,-2.450,0.555 face 1.427,-2.935,0.403 1.427,-2.938,0.604 1.604,-2.450,0.555 1.604,-2.450,0.370 face 1.427,-2.932,0.201 1.427,-2.935,0.403 1.604,-2.450,0.370 1.604,-2.450,0.185 face 1.427,-2.930,0.000 1.427,-2.932,0.201 1.604,-2.450,0.185 1.604,-2.450,0.000 face 1.261,-2.896,0.000 1.427,-2.930,0.000 1.604,-2.450,0.000 1.420,-2.450,0.000 face 1.260,-2.902,0.591 1.260,-2.905,0.788 1.427,-2.941,0.805 1.427,-2.938,0.604 face 1.261,-2.900,0.394 1.260,-2.902,0.591 1.427,-2.938,0.604 1.427,-2.935,0.403 face 1.261,-2.898,0.197 1.261,-2.900,0.394 1.427,-2.935,0.403 1.427,-2.932,0.201 face 1.261,-2.896,0.000 1.261,-2.898,0.197 1.427,-2.932,0.201 1.427,-2.930,0.000 face 1.093,-2.872,0.579 1.093,-2.874,0.772 1.260,-2.905,0.788 1.260,-2.902,0.591 face 1.094,-2.870,0.386 1.093,-2.872,0.579 1.260,-2.902,0.591 1.261,-2.900,0.394 face 1.094,-2.869,0.193 1.094,-2.870,0.386 1.261,-2.900,0.394 1.261,-2.898,0.197 face 1.094,-2.868,0.000 1.094,-2.869,0.193 1.261,-2.898,0.197 1.261,-2.896,0.000 face 0.926,-2.849,0.568 0.926,-2.851,0.758 1.093,-2.874,0.772 1.093,-2.872,0.579 face 0.927,-2.848,0.379 0.926,-2.849,0.568 1.093,-2.872,0.579 1.094,-2.870,0.386 face 0.927,-2.847,0.189 0.927,-2.848,0.379 1.094,-2.870,0.386 1.094,-2.869,0.193 face 0.927,-2.846,0.000 0.927,-2.847,0.189 1.094,-2.869,0.193 1.094,-2.868,0.000 face 1.053,-2.450,0.703 1.237,-2.450,0.716 1.093,-2.874,0.772 0.926,-2.851,0.758 face 0.759,-2.832,0.558 0.758,-2.833,0.744 0.926,-2.851,0.758 0.926,-2.849,0.568 face 0.760,-2.831,0.372 0.759,-2.832,0.558 0.926,-2.849,0.568 0.927,-2.848,0.379 face 0.760,-2.831,0.186 0.760,-2.831,0.372 0.927,-2.848,0.379 0.927,-2.847,0.189 face 0.760,-2.830,0.000 0.760,-2.831,0.186 0.927,-2.847,0.189 0.927,-2.846,0.000 face 1.237,-2.450,0.000 1.053,-2.450,0.000 0.927,-2.846,0.000 1.094,-2.868,0.000 face 0.869,-2.450,0.691 1.053,-2.450,0.703 0.926,-2.851,0.758 0.758,-2.833,0.744 face 0.869,-2.450,0.518 0.869,-2.450,0.691 0.758,-2.833,0.744 0.759,-2.832,0.558 face 0.869,-2.450,0.346 0.869,-2.450,0.518 0.759,-2.832,0.558 0.760,-2.831,0.372 face 0.869,-2.450,0.173 0.869,-2.450,0.346 0.760,-2.831,0.372 0.760,-2.831,0.186 face 0.869,-2.450,0.000 0.869,-2.450,0.173 0.760,-2.831,0.186 0.760,-2.830,0.000 face 1.053,-2.450,0.000 0.869,-2.450,0.000 0.760,-2.830,0.000 0.927,-2.846,0.000 face 1.053,-2.450,0.528 1.053,-2.450,0.703 0.869,-2.450,0.691 0.869,-2.450,0.518 face 1.053,-2.450,0.352 1.053,-2.450,0.528 0.869,-2.450,0.518 0.869,-2.450,0.346 face 1.053,-2.450,0.176 1.053,-2.450,0.352 0.869,-2.450,0.346 0.869,-2.450,0.173 face 1.053,-2.450,0.000 1.053,-2.450,0.176 0.869,-2.450,0.173 0.869,-2.450,0.000  r=58
;__create Blocks__
block create group "Blocks" poly face -2.450,-1.265,1.450 -2.450,-0.795,1.450 -2.450,-0.795,1.180 -2.450,-1.265,1.180 face -2.869,-0.884,1.180 -2.835,-1.288,1.180 -2.450,-1.265,1.180 -2.450,-0.795,1.180 face -2.450,-0.335,1.450 -2.450,-0.335,1.180 -2.450,-0.795,1.180 -2.450,-0.795,1.450 face -2.450,-1.265,1.720 -2.450,-0.795,1.720 -2.450,-0.795,1.450 -2.450,-1.265,1.450 face -2.450,-1.735,1.180 -2.450,-1.735,1.450 -2.450,-1.265,1.450 -2.450,-1.265,1.180 face -2.450,-0.335,1.720 -2.450,-0.335,1.450 -2.450,-0.795,1.450 -2.450,-0.795,1.720 face -2.450,-1.265,1.990 -2.450,-0.796,1.990 -2.450,-0.795,1.720 -2.450,-1.265,1.720 face -2.450,-1.735,1.450 -2.450,-1.735,1.720 -2.450,-1.265,1.720 -2.450,-1.265,1.450 face -2.450,-0.336,1.990 -2.450,-0.335,1.720 -2.450,-0.795,1.720 -2.450,-0.796,1.990 face -2.450,-1.265,2.260 -2.450,-0.797,2.260 -2.450,-0.796,1.990 -2.450,-1.265,1.990 face -2.450,-1.735,1.720 -2.450,-1.735,1.990 -2.450,-1.265,1.990 -2.450,-1.265,1.720 face -2.450,-0.339,2.260 -2.450,-0.336,1.990 -2.450,-0.796,1.990 -2.450,-0.797,2.260 face -2.835,-1.288,2.260 -2.870,-0.886,2.260 -2.450,-0.797,2.260 -2.450,-1.265,2.260 face -2.450,-1.735,1.990 -2.450,-1.733,2.260 -2.450,-1.265,2.260 -2.450,-1.265,1.990 face -3.023,-0.498,1.180 -2.869,-0.884,1.180 -2.450,-0.795,1.180 -2.450,-0.335,1.180 face -3.032,-0.499,1.450 -3.023,-0.498,1.180 -2.450,-0.335,1.180 -2.450,-0.335,1.450 face -3.036,-0.499,1.720 -3.032,-0.499,1.450 -2.450,-0.335,1.450 -2.450,-0.335,1.720 face -3.036,-0.500,1.990 -3.036,-0.499,1.720 -2.450,-0.335,1.720 -2.450,-0.336,1.990 face -3.031,-0.503,2.260 -3.036,-0.500,1.990 -2.450,-0.336,1.990 -2.450,-0.339,2.260 face -2.870,-0.886,2.260 -3.031,-0.503,2.260 -2.450,-0.339,2.260 -2.450,-0.797,2.260 face -2.871,-0.884,1.450 -2.869,-0.884,1.180 -3.023,-0.498,1.180 -3.032,-0.499,1.450 face -2.872,-0.884,1.720 -2.871,-0.884,1.450 -3.032,-0.499,1.450 -3.036,-0.499,1.720 face -2.872,-0.885,1.990 -2.872,-0.884,1.720 -3.036,-0.499,1.720 -3.036,-0.500,1.990 face -2.870,-0.886,2.260 -2.872,-0.885,1.990 -3.036,-0.500,1.990 -3.031,-0.503,2.260 face -2.836,-1.288,1.450 -2.835,-1.288,1.180 -2.869,-0.884,1.180 -2.871,-0.884,1.450 face -2.837,-1.288,1.720 -2.836,-1.288,1.450 -2.871,-0.884,1.450 -2.872,-0.884,1.720 face -2.836,-1.288,1.990 -2.837,-1.288,1.720 -2.872,-0.884,1.720 -2.872,-0.885,1.990 face -2.835,-1.288,2.260 -2.836,-1.288,1.990 -2.872,-0.885,1.990 -2.870,-0.886,2.260 face -2.874,-1.697,1.450 -2.872,-1.697,1.180 -2.835,-1.288,1.180 -2.836,-1.288,1.450 face -2.874,-1.697,1.720 -2.874,-1.697,1.450 -2.836,-1.288,1.450 -2.837,-1.288,1.720 face -2.873,-1.696,1.990 -2.874,-1.697,1.720 -2.837,-1.288,1.720 -2.836,-1.288,1.990 face -2.872,-1.695,2.260 -2.873,-1.696,1.990 -2.836,-1.288,1.990 -2.835,-1.288,2.260 face -2.450,-1.735,1.180 -2.450,-1.265,1.180 -2.835,-1.288,1.180 -2.872,-1.697,1.180 face -2.974,-2.101,1.450 -2.971,-2.101,1.180 -2.872,-1.697,1.180 -2.874,-1.697,1.450 face -2.975,-2.101,1.720 -2.974,-2.101,1.450 -2.874,-1.697,1.450 -2.874,-1.697,1.720 face -2.974,-2.100,1.990 -2.975,-2.101,1.720 -2.874,-1.697,1.720 -2.873,-1.696,1.990 face -2.971,-2.097,2.260 -2.974,-2.100,1.990 -2.873,-1.696,1.990 -2.872,-1.695,2.260 face -2.450,-1.265,2.260 -2.450,-1.733,2.260 -2.872,-1.695,2.260 -2.835,-1.288,2.260 face -2.450,-2.195,1.180 -2.450,-1.735,1.180 -2.872,-1.697,1.180 -2.971,-2.101,1.180 face -2.450,-2.195,1.450 -2.450,-2.195,1.180 -2.971,-2.101,1.180 -2.974,-2.101,1.450 face -2.450,-2.195,1.720 -2.450,-2.195,1.450 -2.974,-2.101,1.450 -2.975,-2.101,1.720 face -2.450,-2.194,1.990 -2.450,-2.195,1.720 -2.975,-2.101,1.720 -2.974,-2.100,1.990 face -2.450,-2.191,2.260 -2.450,-2.194,1.990 -2.974,-2.100,1.990 -2.971,-2.097,2.260 face -2.450,-1.733,2.260 -2.450,-2.191,2.260 -2.971,-2.097,2.260 -2.872,-1.695,2.260 face -2.450,-1.735,1.450 -2.450,-1.735,1.180 -2.450,-2.195,1.180 -2.450,-2.195,1.450 face -2.450,-1.735,1.720 -2.450,-1.735,1.450 -2.450,-2.195,1.450 -2.450,-2.195,1.720 face -2.450,-1.735,1.990 -2.450,-1.735,1.720 -2.450,-2.195,1.720 -2.450,-2.194,1.990 face -2.450,-1.733,2.260 -2.450,-1.735,1.990 -2.450,-2.194,1.990 -2.450,-2.191,2.260  r=59
;__create Blocks__
block create group "Blocks" poly face -0.974,-2.450,2.435 -1.149,-2.450,2.603 -1.267,-2.450,2.352 -1.076,-2.450,2.222 face -1.035,-2.875,2.410 -0.881,-2.850,2.293 -1.076,-2.450,2.222 -1.267,-2.450,2.352 face -1.328,-2.450,2.774 -1.460,-2.450,2.483 -1.267,-2.450,2.352 -1.149,-2.450,2.603 face -0.833,-2.450,2.622 -0.980,-2.450,2.822 -1.149,-2.450,2.603 -0.974,-2.450,2.435 face -0.888,-2.450,2.095 -0.804,-2.450,2.270 -0.974,-2.450,2.435 -1.076,-2.450,2.222 face -1.130,-2.450,3.024 -1.328,-2.450,2.774 -1.149,-2.450,2.603 -0.980,-2.450,2.822 face -0.649,-2.450,2.769 -0.760,-2.450,2.990 -0.980,-2.450,2.822 -0.833,-2.450,2.622 face -0.804,-2.450,2.270 -0.689,-2.450,2.427 -0.833,-2.450,2.622 -0.974,-2.450,2.435 face -0.872,-2.450,3.211 -1.130,-2.450,3.024 -0.980,-2.450,2.822 -0.760,-2.450,2.990 face -0.434,-2.450,2.865 -0.504,-2.450,3.096 -0.760,-2.450,2.990 -0.649,-2.450,2.769 face -0.689,-2.450,2.427 -0.540,-2.450,2.552 -0.649,-2.450,2.769 -0.833,-2.450,2.622 face -0.574,-2.450,3.327 -0.872,-2.450,3.211 -0.760,-2.450,2.990 -0.504,-2.450,3.096 face -0.377,-2.809,2.849 -0.442,-2.814,3.068 -0.504,-2.450,3.096 -0.434,-2.450,2.865 face -0.540,-2.450,2.552 -0.365,-2.450,2.635 -0.434,-2.450,2.865 -0.649,-2.450,2.769 face -1.191,-2.907,2.532 -1.035,-2.875,2.410 -1.267,-2.450,2.352 -1.460,-2.450,2.483 face -1.074,-2.883,2.765 -1.191,-2.907,2.532 -1.460,-2.450,2.483 -1.328,-2.450,2.774 face -0.924,-2.859,2.978 -1.074,-2.883,2.765 -1.328,-2.450,2.774 -1.130,-2.450,3.024 face -0.735,-2.837,3.157 -0.924,-2.859,2.978 -1.130,-2.450,3.024 -0.872,-2.450,3.211 face -0.508,-2.820,3.287 -0.735,-2.837,3.157 -0.872,-2.450,3.211 -0.574,-2.450,3.327 face -0.442,-2.814,3.068 -0.508,-2.820,3.287 -0.574,-2.450,3.327 -0.504,-2.450,3.096 face -0.935,-2.859,2.614 -1.035,-2.875,2.410 -1.191,-2.907,2.532 -1.074,-2.883,2.765 face -0.804,-2.842,2.799 -0.935,-2.859,2.614 -1.074,-2.883,2.765 -0.924,-2.859,2.978 face -0.640,-2.826,2.956 -0.804,-2.842,2.799 -0.924,-2.859,2.978 -0.735,-2.837,3.157 face -0.442,-2.814,3.068 -0.640,-2.826,2.956 -0.735,-2.837,3.157 -0.508,-2.820,3.287 face -0.795,-2.839,2.465 -0.881,-2.850,2.293 -1.035,-2.875,2.410 -0.935,-2.859,2.614 face -0.685,-2.827,2.623 -0.795,-2.839,2.465 -0.935,-2.859,2.614 -0.804,-2.842,2.799 face -0.545,-2.817,2.755 -0.685,-2.827,2.623 -0.804,-2.842,2.799 -0.640,-2.826,2.956 face -0.377,-2.809,2.849 -0.545,-2.817,2.755 -0.640,-2.826,2.956 -0.442,-2.814,3.068 face -0.657,-2.824,2.320 -0.728,-2.832,2.179 -0.881,-2.850,2.293 -0.795,-2.839,2.465 face -0.565,-2.817,2.448 -0.657,-2.824,2.320 -0.795,-2.839,2.465 -0.685,-2.827,2.623 face -0.449,-2.810,2.555 -0.565,-2.817,2.448 -0.685,-2.827,2.623 -0.545,-2.817,2.755 face -0.311,-2.806,2.630 -0.449,-2.810,2.555 -0.545,-2.817,2.755 -0.377,-2.809,2.849 face -0.888,-2.450,2.095 -1.076,-2.450,2.222 -0.881,-2.850,2.293 -0.728,-2.832,2.179 face -0.520,-2.815,2.179 -0.577,-2.819,2.071 -0.728,-2.832,2.179 -0.657,-2.824,2.320 face -0.446,-2.811,2.276 -0.520,-2.815,2.179 -0.657,-2.824,2.320 -0.565,-2.817,2.448 face -0.354,-2.807,2.356 -0.446,-2.811,2.276 -0.565,-2.817,2.448 -0.449,-2.810,2.555 face -0.245,-2.804,2.412 -0.354,-2.807,2.356 -0.449,-2.810,2.555 -0.311,-2.806,2.630 face -0.434,-2.450,2.865 -0.365,-2.450,2.635 -0.311,-2.806,2.630 -0.377,-2.809,2.849 face -0.707,-2.450,1.971 -0.888,-2.450,2.095 -0.728,-2.832,2.179 -0.577,-2.819,2.071 face -0.639,-2.450,2.110 -0.707,-2.450,1.971 -0.577,-2.819,2.071 -0.520,-2.815,2.179 face -0.549,-2.450,2.235 -0.639,-2.450,2.110 -0.520,-2.815,2.179 -0.446,-2.811,2.276 face -0.433,-2.450,2.337 -0.549,-2.450,2.235 -0.446,-2.811,2.276 -0.354,-2.807,2.356 face -0.295,-2.450,2.406 -0.433,-2.450,2.337 -0.354,-2.807,2.356 -0.245,-2.804,2.412 face -0.365,-2.450,2.635 -0.295,-2.450,2.406 -0.245,-2.804,2.412 -0.311,-2.806,2.630 face -0.804,-2.450,2.270 -0.888,-2.450,2.095 -0.707,-2.450,1.971 -0.639,-2.450,2.110 face -0.689,-2.450,2.427 -0.804,-2.450,2.270 -0.639,-2.450,2.110 -0.549,-2.450,2.235 face -0.540,-2.450,2.552 -0.689,-2.450,2.427 -0.549,-2.450,2.235 -0.433,-2.450,2.337 face -0.365,-2.450,2.635 -0.540,-2.450,2.552 -0.433,-2.450,2.337 -0.295,-2.450,2.406  r=60
;__create Blocks__
block create group "Blocks" poly face 1.232,-2.450,1.255 1.418,-2.450,1.294 1.412,-2.450,1.483 1.223,-2.450,1.434 face 1.228,-2.911,1.599 1.058,-2.877,1.544 1.223,-2.450,1.434 1.412,-2.450,1.483 face 1.604,-2.450,1.333 1.600,-2.450,1.530 1.412,-2.450,1.483 1.418,-2.450,1.294 face 1.236,-2.450,1.075 1.420,-2.450,1.105 1.418,-2.450,1.294 1.232,-2.450,1.255 face 1.033,-2.450,1.385 1.044,-2.450,1.215 1.232,-2.450,1.255 1.223,-2.450,1.434 face 1.604,-2.450,1.135 1.604,-2.450,1.333 1.418,-2.450,1.294 1.420,-2.450,1.105 face 1.237,-2.450,0.895 1.420,-2.450,0.917 1.420,-2.450,1.105 1.236,-2.450,1.075 face 1.044,-2.450,1.215 1.050,-2.450,1.045 1.236,-2.450,1.075 1.232,-2.450,1.255 face 1.604,-2.450,0.938 1.604,-2.450,1.135 1.420,-2.450,1.105 1.420,-2.450,0.917 face 1.237,-2.450,0.716 1.420,-2.450,0.728 1.420,-2.450,0.917 1.237,-2.450,0.895 face 1.050,-2.450,1.045 1.053,-2.450,0.874 1.237,-2.450,0.895 1.236,-2.450,1.075 face 1.604,-2.450,0.740 1.604,-2.450,0.938 1.420,-2.450,0.917 1.420,-2.450,0.728 face 1.093,-2.874,0.772 1.260,-2.905,0.788 1.420,-2.450,0.728 1.237,-2.450,0.716 face 1.053,-2.450,0.874 1.053,-2.450,0.703 1.237,-2.450,0.716 1.237,-2.450,0.895 face 1.398,-2.950,1.656 1.228,-2.911,1.599 1.412,-2.450,1.483 1.600,-2.450,1.530 face 1.415,-2.950,1.444 1.398,-2.950,1.656 1.600,-2.450,1.530 1.604,-2.450,1.333 face 1.424,-2.949,1.231 1.415,-2.950,1.444 1.604,-2.450,1.333 1.604,-2.450,1.135 face 1.427,-2.945,1.018 1.424,-2.949,1.231 1.604,-2.450,1.135 1.604,-2.450,0.938 face 1.427,-2.941,0.805 1.427,-2.945,1.018 1.604,-2.450,0.938 1.604,-2.450,0.740 face 1.260,-2.905,0.788 1.427,-2.941,0.805 1.604,-2.450,0.740 1.420,-2.450,0.728 face 1.245,-2.912,1.397 1.228,-2.911,1.599 1.398,-2.950,1.656 1.415,-2.950,1.444 face 1.255,-2.911,1.194 1.245,-2.912,1.397 1.415,-2.950,1.444 1.424,-2.949,1.231 face 1.260,-2.908,0.991 1.255,-2.911,1.194 1.424,-2.949,1.231 1.427,-2.945,1.018 face 1.260,-2.905,0.788 1.260,-2.908,0.991 1.427,-2.945,1.018 1.427,-2.941,0.805 face 1.075,-2.879,1.351 1.058,-2.877,1.544 1.228,-2.911,1.599 1.245,-2.912,1.397 face 1.086,-2.878,1.159 1.075,-2.879,1.351 1.245,-2.912,1.397 1.255,-2.911,1.194 face 1.091,-2.877,0.966 1.086,-2.878,1.159 1.255,-2.911,1.194 1.260,-2.908,0.991 face 1.093,-2.874,0.772 1.091,-2.877,0.966 1.260,-2.908,0.991 1.260,-2.905,0.788 face 0.906,-2.853,1.308 0.889,-2.852,1.491 1.058,-2.877,1.544 1.075,-2.879,1.351 face 0.917,-2.853,1.125 0.906,-2.853,1.308 1.075,-2.879,1.351 1.086,-2.878,1.159 face 0.923,-2.852,0.941 0.917,-2.853,1.125 1.086,-2.878,1.159 1.091,-2.877,0.966 face 0.926,-2.851,0.758 0.923,-2.852,0.941 1.091,-2.877,0.966 1.093,-2.874,0.772 face 1.033,-2.450,1.385 1.223,-2.450,1.434 1.058,-2.877,1.544 0.889,-2.852,1.491 face 0.737,-2.834,1.268 0.721,-2.833,1.442 0.889,-2.852,1.491 0.906,-2.853,1.308 face 0.748,-2.834,1.093 0.737,-2.834,1.268 0.906,-2.853,1.308 0.917,-2.853,1.125 face 0.754,-2.834,0.918 0.748,-2.834,1.093 0.917,-2.853,1.125 0.923,-2.852,0.941 face 0.758,-2.833,0.744 0.754,-2.834,0.918 0.923,-2.852,0.941 0.926,-2.851,0.758 face 1.237,-2.450,0.716 1.053,-2.450,0.703 0.926,-2.851,0.758 1.093,-2.874,0.772 face 0.842,-2.450,1.337 1.033,-2.450,1.385 0.889,-2.852,1.491 0.721,-2.833,1.442 face 0.855,-2.450,1.176 0.842,-2.450,1.337 0.721,-2.833,1.442 0.737,-2.834,1.268 face 0.863,-2.450,1.014 0.855,-2.450,1.176 0.737,-2.834,1.268 0.748,-2.834,1.093 face 0.867,-2.450,0.853 0.863,-2.450,1.014 0.748,-2.834,1.093 0.754,-2.834,0.918 face 0.869,-2.450,0.691 0.867,-2.450,0.853 0.754,-2.834,0.918 0.758,-2.833,0.744 face 1.053,-2.450,0.703 0.869,-2.450,0.691 0.758,-2.833,0.744 0.926,-2.851,0.758 face 1.044,-2.450,1.215 1.033,-2.450,1.385 0.842,-2.450,1.337 0.855,-2.450,1.176 face 1.050,-2.450,1.045 1.044,-2.450,1.215 0.855,-2.450,1.176 0.863,-2.450,1.014 face 1.053,-2.450,0.874 1.050,-2.450,1.045 0.863,-2.450,1.014 0.867,-2.450,0.853 face 1.053,-2.450,0.703 1.053,-2.450,0.874 0.867,-2.450,0.853 0.869,-2.450,0.691  r=61
;__create Blocks__
block create group "Blocks" poly face -2.450,-1.263,3.522 -2.450,-0.854,3.522 -2.450,-0.831,3.283 -2.450,-1.264,3.283 face -2.851,-0.916,3.283 -2.826,-1.287,3.283 -2.450,-1.264,3.283 -2.450,-0.831,3.283 face -2.450,-0.457,3.529 -2.450,-0.407,3.283 -2.450,-0.831,3.283 -2.450,-0.854,3.522 face -2.450,-1.262,3.760 -2.450,-0.892,3.759 -2.450,-0.854,3.522 -2.450,-1.263,3.522 face -2.450,-1.698,3.283 -2.450,-1.672,3.522 -2.450,-1.263,3.522 -2.450,-1.264,3.283 face -2.450,-0.537,3.766 -2.450,-0.457,3.529 -2.450,-0.854,3.522 -2.450,-0.892,3.759 face -2.450,-1.261,3.999 -2.450,-0.954,3.990 -2.450,-0.892,3.759 -2.450,-1.262,3.760 face -2.450,-1.672,3.522 -2.450,-1.632,3.759 -2.450,-1.262,3.760 -2.450,-1.263,3.522 face -2.450,-0.665,3.981 -2.450,-0.537,3.766 -2.450,-0.892,3.759 -2.450,-0.954,3.990 face -2.450,-1.259,4.238 -2.450,-1.041,4.213 -2.450,-0.954,3.990 -2.450,-1.261,3.999 face -2.450,-1.632,3.759 -2.450,-1.567,3.991 -2.450,-1.261,3.999 -2.450,-1.262,3.760 face -2.450,-0.858,4.137 -2.450,-0.665,3.981 -2.450,-0.954,3.990 -2.450,-1.041,4.213 face -2.809,-1.286,4.238 -2.814,-1.102,4.213 -2.450,-1.041,4.213 -2.450,-1.259,4.238 face -2.450,-1.567,3.991 -2.450,-1.476,4.213 -2.450,-1.259,4.238 -2.450,-1.261,3.999 face -2.973,-0.561,3.283 -2.851,-0.916,3.283 -2.450,-0.831,3.283 -2.450,-0.407,3.283 face -2.946,-0.603,3.522 -2.973,-0.561,3.283 -2.450,-0.407,3.283 -2.450,-0.457,3.529 face -2.912,-0.670,3.754 -2.946,-0.603,3.522 -2.450,-0.457,3.529 -2.450,-0.537,3.766 face -2.871,-0.777,3.969 -2.912,-0.670,3.754 -2.450,-0.537,3.766 -2.450,-0.665,3.981 face -2.834,-0.947,4.135 -2.871,-0.777,3.969 -2.450,-0.665,3.981 -2.450,-0.858,4.137 face -2.814,-1.102,4.213 -2.834,-0.947,4.135 -2.450,-0.858,4.137 -2.450,-1.041,4.213 face -2.844,-0.937,3.520 -2.851,-0.916,3.283 -2.973,-0.561,3.283 -2.946,-0.603,3.522 face -2.834,-0.970,3.756 -2.844,-0.937,3.520 -2.946,-0.603,3.522 -2.912,-0.670,3.754 face -2.823,-1.024,3.988 -2.834,-0.970,3.756 -2.912,-0.670,3.754 -2.871,-0.777,3.969 face -2.814,-1.102,4.213 -2.823,-1.024,3.988 -2.871,-0.777,3.969 -2.834,-0.947,4.135 face -2.822,-1.287,3.522 -2.826,-1.287,3.283 -2.851,-0.916,3.283 -2.844,-0.937,3.520 face -2.817,-1.286,3.760 -2.822,-1.287,3.522 -2.844,-0.937,3.520 -2.834,-0.970,3.756 face -2.812,-1.286,3.999 -2.817,-1.286,3.760 -2.834,-0.970,3.756 -2.823,-1.024,3.988 face -2.809,-1.286,4.238 -2.812,-1.286,3.999 -2.823,-1.024,3.988 -2.814,-1.102,4.213 face -2.848,-1.640,3.521 -2.856,-1.663,3.283 -2.826,-1.287,3.283 -2.822,-1.287,3.522 face -2.839,-1.605,3.756 -2.848,-1.640,3.521 -2.822,-1.287,3.522 -2.817,-1.286,3.760 face -2.827,-1.549,3.988 -2.839,-1.605,3.756 -2.817,-1.286,3.760 -2.812,-1.286,3.999 face -2.816,-1.470,4.213 -2.827,-1.549,3.988 -2.812,-1.286,3.999 -2.809,-1.286,4.238 face -2.450,-1.698,3.283 -2.450,-1.264,3.283 -2.826,-1.287,3.283 -2.856,-1.663,3.283 face -2.920,-1.987,3.523 -2.937,-2.032,3.283 -2.856,-1.663,3.283 -2.848,-1.640,3.521 face -2.897,-1.915,3.756 -2.920,-1.987,3.523 -2.848,-1.640,3.521 -2.839,-1.605,3.756 face -2.867,-1.803,3.970 -2.897,-1.915,3.756 -2.839,-1.605,3.756 -2.827,-1.549,3.988 face -2.836,-1.628,4.135 -2.867,-1.803,3.970 -2.827,-1.549,3.988 -2.816,-1.470,4.213 face -2.450,-1.259,4.238 -2.450,-1.476,4.213 -2.816,-1.470,4.213 -2.809,-1.286,4.238 face -2.450,-2.121,3.283 -2.450,-1.698,3.283 -2.856,-1.663,3.283 -2.937,-2.032,3.283 face -2.450,-2.069,3.529 -2.450,-2.121,3.283 -2.937,-2.032,3.283 -2.920,-1.987,3.523 face -2.450,-1.987,3.767 -2.450,-2.069,3.529 -2.920,-1.987,3.523 -2.897,-1.915,3.756 face -2.450,-1.856,3.981 -2.450,-1.987,3.767 -2.897,-1.915,3.756 -2.867,-1.803,3.970 face -2.450,-1.661,4.137 -2.450,-1.856,3.981 -2.867,-1.803,3.970 -2.836,-1.628,4.135 face -2.450,-1.476,4.213 -2.450,-1.661,4.137 -2.836,-1.628,4.135 -2.816,-1.470,4.213 face -2.450,-1.672,3.522 -2.450,-1.698,3.283 -2.450,-2.121,3.283 -2.450,-2.069,3.529 face -2.450,-1.632,3.759 -2.450,-1.672,3.522 -2.450,-2.069,3.529 -2.450,-1.987,3.767 face -2.450,-1.567,3.991 -2.450,-1.632,3.759 -2.450,-1.987,3.767 -2.450,-1.856,3.981 face -2.450,-1.476,4.213 -2.450,-1.567,3.991 -2.450,-1.856,3.981 -2.450,-1.661,4.137  r=62
;__create Blocks__
block create group "Blocks" poly face 0.649,-2.450,2.769 0.760,-2.450,2.990 0.504,-2.450,3.096 0.434,-2.450,2.865 face 0.442,-2.814,3.068 0.377,-2.809,2.849 0.434,-2.450,2.865 0.504,-2.450,3.096 face 0.872,-2.450,3.211 0.574,-2.450,3.327 0.504,-2.450,3.096 0.760,-2.450,2.990 face 0.833,-2.450,2.622 0.980,-2.450,2.822 0.760,-2.450,2.990 0.649,-2.450,2.769 face 0.365,-2.450,2.635 0.540,-2.450,2.552 0.649,-2.450,2.769 0.434,-2.450,2.865 face 1.130,-2.450,3.024 0.872,-2.450,3.211 0.760,-2.450,2.990 0.980,-2.450,2.822 face 0.974,-2.450,2.435 1.149,-2.450,2.603 0.980,-2.450,2.822 0.833,-2.450,2.622 face 0.540,-2.450,2.552 0.689,-2.450,2.427 0.833,-2.450,2.622 0.649,-2.450,2.769 face 1.328,-2.450,2.774 1.130,-2.450,3.024 0.980,-2.450,2.822 1.149,-2.450,2.603 face 1.076,-2.450,2.222 1.267,-2.450,2.352 1.149,-2.450,2.603 0.974,-2.450,2.435 face 0.689,-2.450,2.427 0.804,-2.450,2.270 0.974,-2.450,2.435 0.833,-2.450,2.622 face 1.460,-2.450,2.483 1.328,-2.450,2.774 1.149,-2.450,2.603 1.267,-2.450,2.352 face 0.881,-2.850,2.293 1.035,-2.875,2.410 1.267,-2.450,2.352 1.076,-2.450,2.222 face 0.804,-2.450,2.270 0.888,-2.450,2.095 1.076,-2.450,2.222 0.974,-2.450,2.435 face 0.508,-2.820,3.287 0.442,-2.814,3.068 0.504,-2.450,3.096 0.574,-2.450,3.327 face 0.735,-2.837,3.157 0.508,-2.820,3.287 0.574,-2.450,3.327 0.872,-2.450,3.211 face 0.924,-2.859,2.978 0.735,-2.837,3.157 0.872,-2.450,3.211 1.130,-2.450,3.024 face 1.074,-2.883,2.765 0.924,-2.859,2.978 1.130,-2.450,3.024 1.328,-2.450,2.774 face 1.191,-2.907,2.532 1.074,-2.883,2.765 1.328,-2.450,2.774 1.460,-2.450,2.483 face 1.035,-2.875,2.410 1.191,-2.907,2.532 1.460,-2.450,2.483 1.267,-2.450,2.352 face 0.640,-2.826,2.956 0.442,-2.814,3.068 0.508,-2.820,3.287 0.735,-2.837,3.157 face 0.804,-2.842,2.799 0.640,-2.826,2.956 0.735,-2.837,3.157 0.924,-2.859,2.978 face 0.935,-2.859,2.614 0.804,-2.842,2.799 0.924,-2.859,2.978 1.074,-2.883,2.765 face 1.035,-2.875,2.410 0.935,-2.859,2.614 1.074,-2.883,2.765 1.191,-2.907,2.532 face 0.545,-2.817,2.755 0.377,-2.809,2.849 0.442,-2.814,3.068 0.640,-2.826,2.956 face 0.685,-2.827,2.623 0.545,-2.817,2.755 0.640,-2.826,2.956 0.804,-2.842,2.799 face 0.795,-2.839,2.465 0.685,-2.827,2.623 0.804,-2.842,2.799 0.935,-2.859,2.614 face 0.881,-2.850,2.293 0.795,-2.839,2.465 0.935,-2.859,2.614 1.035,-2.875,2.410 face 0.449,-2.810,2.555 0.311,-2.806,2.630 0.377,-2.809,2.849 0.545,-2.817,2.755 face 0.565,-2.817,2.448 0.449,-2.810,2.555 0.545,-2.817,2.755 0.685,-2.827,2.623 face 0.657,-2.824,2.320 0.565,-2.817,2.448 0.685,-2.827,2.623 0.795,-2.839,2.465 face 0.728,-2.832,2.179 0.657,-2.824,2.320 0.795,-2.839,2.465 0.881,-2.850,2.293 face 0.365,-2.450,2.635 0.434,-2.450,2.865 0.377,-2.809,2.849 0.311,-2.806,2.630 face 0.354,-2.807,2.356 0.245,-2.804,2.412 0.311,-2.806,2.630 0.449,-2.810,2.555 face 0.446,-2.811,2.276 0.354,-2.807,2.356 0.449,-2.810,2.555 0.565,-2.817,2.448 face 0.520,-2.815,2.179 0.446,-2.811,2.276 0.565,-2.817,2.448 0.657,-2.824,2.320 face 0.577,-2.819,2.071 0.520,-2.815,2.179 0.657,-2.824,2.320 0.728,-2.832,2.179 face 1.076,-2.450,2.222 0.888,-2.450,2.095 0.728,-2.832,2.179 0.881,-2.850,2.293 face 0.295,-2.450,2.406 0.365,-2.450,2.635 0.311,-2.806,2.630 0.245,-2.804,2.412 face 0.433,-2.450,2.337 0.295,-2.450,2.406 0.245,-2.804,2.412 0.354,-2.807,2.356 face 0.549,-2.450,2.235 0.433,-2.450,2.337 0.354,-2.807,2.356 0.446,-2.811,2.276 face 0.639,-2.450,2.110 0.549,-2.450,2.235 0.446,-2.811,2.276 0.520,-2.815,2.179 face 0.707,-2.450,1.971 0.639,-2.450,2.110 0.520,-2.815,2.179 0.577,-2.819,2.071 face 0.888,-2.450,2.095 0.707,-2.450,1.971 0.577,-2.819,2.071 0.728,-2.832,2.179 face 0.540,-2.450,2.552 0.365,-2.450,2.635 0.295,-2.450,2.406 0.433,-2.450,2.337 face 0.689,-2.450,2.427 0.540,-2.450,2.552 0.433,-2.450,2.337 0.549,-2.450,2.235 face 0.804,-2.450,2.270 0.689,-2.450,2.427 0.549,-2.450,2.235 0.639,-2.450,2.110 face 0.888,-2.450,2.095 0.804,-2.450,2.270 0.639,-2.450,2.110 0.707,-2.450,1.971  r=63
;__create Blocks__
block create group "Blocks" poly face 1.136,-2.450,2.030 1.330,-2.450,2.140 1.267,-2.450,2.352 1.076,-2.450,2.222 face 1.035,-2.875,2.410 0.881,-2.850,2.293 1.076,-2.450,2.222 1.267,-2.450,2.352 face 1.524,-2.450,2.250 1.460,-2.450,2.483 1.267,-2.450,2.352 1.330,-2.450,2.140 face 1.178,-2.450,1.834 1.372,-2.450,1.923 1.330,-2.450,2.140 1.136,-2.450,2.030 face 0.888,-2.450,2.095 0.945,-2.450,1.922 1.136,-2.450,2.030 1.076,-2.450,2.222 face 1.565,-2.450,2.012 1.524,-2.450,2.250 1.330,-2.450,2.140 1.372,-2.450,1.923 face 1.206,-2.450,1.635 1.398,-2.450,1.703 1.372,-2.450,1.923 1.178,-2.450,1.834 face 0.945,-2.450,1.922 0.985,-2.450,1.745 1.178,-2.450,1.834 1.136,-2.450,2.030 face 1.588,-2.450,1.772 1.565,-2.450,2.012 1.372,-2.450,1.923 1.398,-2.450,1.703 face 1.223,-2.450,1.434 1.412,-2.450,1.483 1.398,-2.450,1.703 1.206,-2.450,1.635 face 0.985,-2.450,1.745 1.014,-2.450,1.566 1.206,-2.450,1.635 1.178,-2.450,1.834 face 1.600,-2.450,1.530 1.588,-2.450,1.772 1.398,-2.450,1.703 1.412,-2.450,1.483 face 1.058,-2.877,1.544 1.228,-2.911,1.599 1.412,-2.450,1.483 1.223,-2.450,1.434 face 1.014,-2.450,1.566 1.033,-2.450,1.385 1.223,-2.450,1.434 1.206,-2.450,1.635 face 1.191,-2.907,2.532 1.035,-2.875,2.410 1.267,-2.450,2.352 1.460,-2.450,2.483 face 1.268,-2.924,2.320 1.191,-2.907,2.532 1.460,-2.450,2.483 1.524,-2.450,2.250 face 1.326,-2.937,2.102 1.268,-2.924,2.320 1.524,-2.450,2.250 1.565,-2.450,2.012 face 1.369,-2.946,1.880 1.326,-2.937,2.102 1.565,-2.450,2.012 1.588,-2.450,1.772 face 1.398,-2.950,1.656 1.369,-2.946,1.880 1.588,-2.450,1.772 1.600,-2.450,1.530 face 1.228,-2.911,1.599 1.398,-2.950,1.656 1.600,-2.450,1.530 1.412,-2.450,1.483 face 1.106,-2.889,2.214 1.035,-2.875,2.410 1.191,-2.907,2.532 1.268,-2.924,2.320 face 1.160,-2.900,2.012 1.106,-2.889,2.214 1.268,-2.924,2.320 1.326,-2.937,2.102 face 1.200,-2.907,1.806 1.160,-2.900,2.012 1.326,-2.937,2.102 1.369,-2.946,1.880 face 1.228,-2.911,1.599 1.200,-2.907,1.806 1.369,-2.946,1.880 1.398,-2.950,1.656 face 0.946,-2.860,2.111 0.881,-2.850,2.293 1.035,-2.875,2.410 1.106,-2.889,2.214 face 0.995,-2.868,1.925 0.946,-2.860,2.111 1.106,-2.889,2.214 1.160,-2.900,2.012 face 1.032,-2.874,1.735 0.995,-2.868,1.925 1.160,-2.900,2.012 1.200,-2.907,1.806 face 1.058,-2.877,1.544 1.032,-2.874,1.735 1.200,-2.907,1.806 1.228,-2.911,1.599 face 0.788,-2.839,2.013 0.728,-2.832,2.179 0.881,-2.850,2.293 0.946,-2.860,2.111 face 0.832,-2.845,1.841 0.788,-2.839,2.013 0.946,-2.860,2.111 0.995,-2.868,1.925 face 0.865,-2.849,1.667 0.832,-2.845,1.841 0.995,-2.868,1.925 1.032,-2.874,1.735 face 0.889,-2.852,1.491 0.865,-2.849,1.667 1.032,-2.874,1.735 1.058,-2.877,1.544 face 0.888,-2.450,2.095 1.076,-2.450,2.222 0.881,-2.850,2.293 0.728,-2.832,2.179 face 0.633,-2.824,1.919 0.577,-2.819,2.071 0.728,-2.832,2.179 0.788,-2.839,2.013 face 0.673,-2.828,1.762 0.633,-2.824,1.919 0.788,-2.839,2.013 0.832,-2.845,1.841 face 0.701,-2.831,1.603 0.673,-2.828,1.762 0.832,-2.845,1.841 0.865,-2.849,1.667 face 0.721,-2.833,1.442 0.701,-2.831,1.603 0.865,-2.849,1.667 0.889,-2.852,1.491 face 1.223,-2.450,1.434 1.033,-2.450,1.385 0.889,-2.852,1.491 1.058,-2.877,1.544 face 0.707,-2.450,1.971 0.888,-2.450,2.095 0.728,-2.832,2.179 0.577,-2.819,2.071 face 0.758,-2.450,1.817 0.707,-2.450,1.971 0.577,-2.819,2.071 0.633,-2.824,1.919 face 0.796,-2.450,1.659 0.758,-2.450,1.817 0.633,-2.824,1.919 0.673,-2.828,1.762 face 0.822,-2.450,1.498 0.796,-2.450,1.659 0.673,-2.828,1.762 0.701,-2.831,1.603 face 0.842,-2.450,1.337 0.822,-2.450,1.498 0.701,-2.831,1.603 0.721,-2.833,1.442 face 1.033,-2.450,1.385 0.842,-2.450,1.337 0.721,-2.833,1.442 0.889,-2.852,1.491 face 0.945,-2.450,1.922 0.888,-2.450,2.095 0.707,-2.450,1.971 0.758,-2.450,1.817 face 0.985,-2.450,1.745 0.945,-2.450,1.922 0.758,-2.450,1.817 0.796,-2.450,1.659 face 1.014,-2.450,1.566 0.985,-2.450,1.745 0.796,-2.450,1.659 0.822,-2.450,1.498 face 1.033,-2.450,1.385 1.014,-2.450,1.566 0.822,-2.450,1.498 0.842,-2.450,1.337  r=64
;__create Blocks__
block create group "Blocks" poly face 2.450,-1.265,0.295 2.450,-1.735,0.295 2.450,-1.735,0.000 2.450,-1.265,0.000 face 2.857,-1.708,0.000 2.824,-1.312,0.000 2.450,-1.265,0.000 2.450,-1.735,0.000 face 2.450,-2.195,0.295 2.450,-2.194,0.000 2.450,-1.735,0.000 2.450,-1.735,0.295 face 2.450,-1.265,0.590 2.450,-1.735,0.590 2.450,-1.735,0.295 2.450,-1.265,0.295 face 2.450,-0.795,0.000 2.450,-0.795,0.295 2.450,-1.265,0.295 2.450,-1.265,0.000 face 2.450,-2.195,0.590 2.450,-2.195,0.295 2.450,-1.735,0.295 2.450,-1.735,0.590 face 2.450,-1.265,0.885 2.450,-1.735,0.885 2.450,-1.735,0.590 2.450,-1.265,0.590 face 2.450,-0.795,0.295 2.450,-0.795,0.590 2.450,-1.265,0.590 2.450,-1.265,0.295 face 2.450,-2.195,0.885 2.450,-2.195,0.590 2.450,-1.735,0.590 2.450,-1.735,0.885 face 2.450,-1.265,1.180 2.450,-1.735,1.180 2.450,-1.735,0.885 2.450,-1.265,0.885 face 2.450,-0.795,0.590 2.450,-0.795,0.885 2.450,-1.265,0.885 2.450,-1.265,0.590 face 2.450,-2.195,1.180 2.450,-2.195,0.885 2.450,-1.735,0.885 2.450,-1.735,1.180 face 2.835,-1.312,1.180 2.872,-1.709,1.180 2.450,-1.735,1.180 2.450,-1.265,1.180 face 2.450,-0.795,0.885 2.450,-0.795,1.180 2.450,-1.265,1.180 2.450,-1.265,0.885 face 2.939,-2.097,0.000 2.857,-1.708,0.000 2.450,-1.735,0.000 2.450,-2.194,0.000 face 2.949,-2.098,0.295 2.939,-2.097,0.000 2.450,-2.194,0.000 2.450,-2.195,0.295 face 2.957,-2.099,0.590 2.949,-2.098,0.295 2.450,-2.195,0.295 2.450,-2.195,0.590 face 2.964,-2.099,0.885 2.957,-2.099,0.590 2.450,-2.195,0.590 2.450,-2.195,0.885 face 2.968,-2.099,1.180 2.964,-2.099,0.885 2.450,-2.195,0.885 2.450,-2.195,1.180 face 2.872,-1.709,1.180 2.968,-2.099,1.180 2.450,-2.195,1.180 2.450,-1.735,1.180 face 2.862,-1.708,0.295 2.857,-1.708,0.000 2.939,-2.097,0.000 2.949,-2.098,0.295 face 2.866,-1.708,0.590 2.862,-1.708,0.295 2.949,-2.098,0.295 2.957,-2.099,0.590 face 2.869,-1.708,0.885 2.866,-1.708,0.590 2.957,-2.099,0.590 2.964,-2.099,0.885 face 2.872,-1.709,1.180 2.869,-1.708,0.885 2.964,-2.099,0.885 2.968,-2.099,1.180 face 2.828,-1.312,0.295 2.824,-1.312,0.000 2.857,-1.708,0.000 2.862,-1.708,0.295 face 2.831,-1.312,0.590 2.828,-1.312,0.295 2.862,-1.708,0.295 2.866,-1.708,0.590 face 2.833,-1.312,0.885 2.831,-1.312,0.590 2.866,-1.708,0.590 2.869,-1.708,0.885 face 2.835,-1.312,1.180 2.833,-1.312,0.885 2.869,-1.708,0.885 2.872,-1.709,1.180 face 2.849,-0.920,0.295 2.841,-0.919,0.000 2.824,-1.312,0.000 2.828,-1.312,0.295 face 2.856,-0.920,0.590 2.849,-0.920,0.295 2.828,-1.312,0.295 2.831,-1.312,0.590 face 2.863,-0.920,0.885 2.856,-0.920,0.590 2.831,-1.312,0.590 2.833,-1.312,0.885 face 2.867,-0.921,1.180 2.863,-0.920,0.885 2.833,-1.312,0.885 2.835,-1.312,1.180 face 2.450,-0.795,0.000 2.450,-1.265,0.000 2.824,-1.312,0.000 2.841,-0.919,0.000 face 2.953,-0.542,0.295 2.928,-0.541,0.000 2.841,-0.919,0.000 2.849,-0.920,0.295 face 2.976,-0.544,0.590 2.953,-0.542,0.295 2.849,-0.920,0.295 2.856,-0.920,0.590 face 2.996,-0.545,0.885 2.976,-0.544,0.590 2.856,-0.920,0.590 2.863,-0.920,0.885 face 3.011,-0.546,1.180 2.996,-0.545,0.885 2.863,-0.920,0.885 2.867,-0.921,1.180 face 2.450,-1.265,1.180 2.450,-0.795,1.180 2.867,-0.921,1.180 2.835,-1.312,1.180 face 2.450,-0.336,0.000 2.450,-0.795,0.000 2.841,-0.919,0.000 2.928,-0.541,0.000 face 2.450,-0.335,0.295 2.450,-0.336,0.000 2.928,-0.541,0.000 2.953,-0.542,0.295 face 2.450,-0.335,0.590 2.450,-0.335,0.295 2.953,-0.542,0.295 2.976,-0.544,0.590 face 2.450,-0.335,0.885 2.450,-0.335,0.590 2.976,-0.544,0.590 2.996,-0.545,0.885 face 2.450,-0.335,1.180 2.450,-0.335,0.885 2.996,-0.545,0.885 3.011,-0.546,1.180 face 2.450,-0.795,1.180 2.450,-0.335,1.180 3.011,-0.546,1.180 2.867,-0.921,1.180 face 2.450,-0.795,0.295 2.450,-0.795,0.000 2.450,-0.336,0.000 2.450,-0.335,0.295 face 2.450,-0.795,0.590 2.450,-0.795,0.295 2.450,-0.335,0.295 2.450,-0.335,0.590 face 2.450,-0.795,0.885 2.450,-0.795,0.590 2.450,-0.335,0.590 2.450,-0.335,0.885 face 2.450,-0.795,1.180 2.450,-0.795,0.885 2.450,-0.335,0.885 2.450,-0.335,1.180  r=65
;__create Blocks__
block create group "Blocks" poly face 2.450,1.265,0.295 2.450,0.795,0.295 2.450,0.795,0.000 2.450,1.265,0.000 face 2.840,0.920,0.000 2.818,1.312,0.000 2.450,1.265,0.000 2.450,0.795,0.000 face 2.450,0.335,0.295 2.450,0.336,0.000 2.450,0.795,0.000 2.450,0.795,0.295 face 2.450,1.265,0.590 2.450,0.795,0.590 2.450,0.795,0.295 2.450,1.265,0.295 face 2.450,1.735,0.000 2.450,1.735,0.295 2.450,1.265,0.295 2.450,1.265,0.000 face 2.450,0.335,0.590 2.450,0.335,0.295 2.450,0.795,0.295 2.450,0.795,0.590 face 2.450,1.265,0.885 2.450,0.795,0.885 2.450,0.795,0.590 2.450,1.265,0.590 face 2.450,1.735,0.295 2.450,1.735,0.590 2.450,1.265,0.590 2.450,1.265,0.295 face 2.450,0.335,0.885 2.450,0.335,0.590 2.450,0.795,0.590 2.450,0.795,0.885 face 2.450,1.265,1.180 2.450,0.795,1.180 2.450,0.795,0.885 2.450,1.265,0.885 face 2.450,1.735,0.590 2.450,1.735,0.885 2.450,1.265,0.885 2.450,1.265,0.590 face 2.450,0.335,1.180 2.450,0.335,0.885 2.450,0.795,0.885 2.450,0.795,1.180 face 2.830,1.313,1.180 2.866,0.923,1.180 2.450,0.795,1.180 2.450,1.265,1.180 face 2.450,1.735,0.885 2.450,1.735,1.180 2.450,1.265,1.180 2.450,1.265,0.885 face 2.926,0.545,0.000 2.840,0.920,0.000 2.450,0.795,0.000 2.450,0.336,0.000 face 2.951,0.547,0.295 2.926,0.545,0.000 2.450,0.336,0.000 2.450,0.335,0.295 face 2.973,0.549,0.590 2.951,0.547,0.295 2.450,0.335,0.295 2.450,0.335,0.590 face 2.992,0.551,0.885 2.973,0.549,0.590 2.450,0.335,0.590 2.450,0.335,0.885 face 3.007,0.552,1.180 2.992,0.551,0.885 2.450,0.335,0.885 2.450,0.335,1.180 face 2.866,0.923,1.180 3.007,0.552,1.180 2.450,0.335,1.180 2.450,0.795,1.180 face 2.848,0.921,0.295 2.840,0.920,0.000 2.926,0.545,0.000 2.951,0.547,0.295 face 2.855,0.922,0.590 2.848,0.921,0.295 2.951,0.547,0.295 2.973,0.549,0.590 face 2.862,0.922,0.885 2.855,0.922,0.590 2.973,0.549,0.590 2.992,0.551,0.885 face 2.866,0.923,1.180 2.862,0.922,0.885 2.992,0.551,0.885 3.007,0.552,1.180 face 2.821,1.312,0.295 2.818,1.312,0.000 2.840,0.920,0.000 2.848,0.921,0.295 face 2.825,1.312,0.590 2.821,1.312,0.295 2.848,0.921,0.295 2.855,0.922,0.590 face 2.828,1.313,0.885 2.825,1.312,0.590 2.855,0.922,0.590 2.862,0.922,0.885 face 2.830,1.313,1.180 2.828,1.313,0.885 2.862,0.922,0.885 2.866,0.923,1.180 face 2.841,1.708,0.295 2.834,1.707,0.000 2.818,1.312,0.000 2.821,1.312,0.295 face 2.846,1.708,0.590 2.841,1.708,0.295 2.821,1.312,0.295 2.825,1.312,0.590 face 2.851,1.709,0.885 2.846,1.708,0.590 2.825,1.312,0.590 2.828,1.313,0.885 face 2.855,1.709,1.180 2.851,1.709,0.885 2.828,1.313,0.885 2.830,1.313,1.180 face 2.450,1.735,0.000 2.450,1.265,0.000 2.818,1.312,0.000 2.834,1.707,0.000 face 2.904,2.098,0.295 2.889,2.096,0.000 2.834,1.707,0.000 2.841,1.708,0.295 face 2.916,2.099,0.590 2.904,2.098,0.295 2.841,1.708,0.295 2.846,1.708,0.590 face 2.926,2.100,0.885 2.916,2.099,0.590 2.846,1.708,0.590 2.851,1.709,0.885 face 2.934,2.101,1.180 2.926,2.100,0.885 2.851,1.709,0.885 2.855,1.709,1.180 face 2.450,1.265,1.180 2.450,1.735,1.180 2.855,1.709,1.180 2.830,1.313,1.180 face 2.450,2.194,0.000 2.450,1.735,0.000 2.834,1.707,0.000 2.889,2.096,0.000 face 2.450,2.195,0.295 2.450,2.194,0.000 2.889,2.096,0.000 2.904,2.098,0.295 face 2.450,2.195,0.590 2.450,2.195,0.295 2.904,2.098,0.295 2.916,2.099,0.590 face 2.450,2.195,0.885 2.450,2.195,0.590 2.916,2.099,0.590 2.926,2.100,0.885 face 2.450,2.195,1.180 2.450,2.195,0.885 2.926,2.100,0.885 2.934,2.101,1.180 face 2.450,1.735,1.180 2.450,2.195,1.180 2.934,2.101,1.180 2.855,1.709,1.180 face 2.450,1.735,0.295 2.450,1.735,0.000 2.450,2.194,0.000 2.450,2.195,0.295 face 2.450,1.735,0.590 2.450,1.735,0.295 2.450,2.195,0.295 2.450,2.195,0.590 face 2.450,1.735,0.885 2.450,1.735,0.590 2.450,2.195,0.590 2.450,2.195,0.885 face 2.450,1.735,1.180 2.450,1.735,0.885 2.450,2.195,0.885 2.450,2.195,1.180  r=66
;__create Blocks__
block create group "Blocks" poly face 2.450,1.278,3.524 2.450,0.872,3.526 2.450,0.842,3.286 2.450,1.273,3.286 face 2.850,0.954,3.286 2.822,1.312,3.286 2.450,1.273,3.286 2.450,0.842,3.286 face 2.450,0.479,3.534 2.450,0.420,3.286 2.450,0.842,3.286 2.450,0.872,3.526 face 2.450,1.286,3.762 2.450,0.921,3.763 2.450,0.872,3.526 2.450,1.278,3.524 face 2.450,1.705,3.286 2.450,1.685,3.523 2.450,1.278,3.524 2.450,1.273,3.286 face 2.450,0.571,3.771 2.450,0.479,3.534 2.450,0.872,3.526 2.450,0.921,3.763 face 2.450,1.297,4.000 2.450,0.995,3.994 2.450,0.921,3.763 2.450,1.286,3.762 face 2.450,1.685,3.523 2.450,1.652,3.758 2.450,1.286,3.762 2.450,1.278,3.524 face 2.450,0.710,3.983 2.450,0.571,3.771 2.450,0.921,3.763 2.450,0.995,3.994 face 2.450,1.310,4.238 2.450,1.096,4.214 2.450,0.995,3.994 2.450,1.297,4.000 face 2.450,1.652,3.758 2.450,1.599,3.989 2.450,1.297,4.000 2.450,1.286,3.762 face 2.450,0.911,4.136 2.450,0.710,3.983 2.450,0.995,3.994 2.450,1.096,4.214 face 2.807,1.311,4.238 2.813,1.134,4.213 2.450,1.096,4.214 2.450,1.310,4.238 face 2.450,1.599,3.989 2.450,1.520,4.213 2.450,1.310,4.238 2.450,1.297,4.000 face 2.959,0.613,3.286 2.850,0.954,3.286 2.450,0.842,3.286 2.450,0.420,3.286 face 2.935,0.653,3.522 2.959,0.613,3.286 2.450,0.420,3.286 2.450,0.479,3.534 face 2.904,0.718,3.752 2.935,0.653,3.522 2.450,0.479,3.534 2.450,0.571,3.771 face 2.867,0.820,3.967 2.904,0.718,3.752 2.450,0.571,3.771 2.450,0.710,3.983 face 2.832,0.985,4.135 2.867,0.820,3.967 2.450,0.710,3.983 2.450,0.911,4.136 face 2.813,1.134,4.213 2.832,0.985,4.135 2.450,0.911,4.136 2.450,1.096,4.214 face 2.842,0.974,3.522 2.850,0.954,3.286 2.959,0.613,3.286 2.935,0.653,3.522 face 2.833,1.007,3.757 2.842,0.974,3.522 2.935,0.653,3.522 2.904,0.718,3.752 face 2.822,1.059,3.988 2.833,1.007,3.757 2.904,0.718,3.752 2.867,0.820,3.967 face 2.813,1.134,4.213 2.822,1.059,3.988 2.867,0.820,3.967 2.832,0.985,4.135 face 2.819,1.312,3.524 2.822,1.312,3.286 2.850,0.954,3.286 2.842,0.974,3.522 face 2.815,1.311,3.762 2.819,1.312,3.524 2.842,0.974,3.522 2.833,1.007,3.757 face 2.810,1.311,4.000 2.815,1.311,3.762 2.833,1.007,3.757 2.822,1.059,3.988 face 2.807,1.311,4.238 2.810,1.311,4.000 2.822,1.059,3.988 2.813,1.134,4.213 face 2.836,1.654,3.523 2.842,1.675,3.286 2.822,1.312,3.286 2.819,1.312,3.524 face 2.829,1.619,3.757 2.836,1.654,3.523 2.819,1.312,3.524 2.815,1.311,3.762 face 2.820,1.565,3.988 2.829,1.619,3.757 2.815,1.311,3.762 2.810,1.311,4.000 face 2.812,1.488,4.213 2.820,1.565,3.988 2.810,1.311,4.000 2.807,1.311,4.238 face 2.450,1.705,3.286 2.450,1.273,3.286 2.822,1.312,3.286 2.842,1.675,3.286 face 2.894,1.989,3.524 2.908,2.033,3.286 2.842,1.675,3.286 2.836,1.654,3.523 face 2.875,1.920,3.754 2.894,1.989,3.524 2.836,1.654,3.523 2.829,1.619,3.757 face 2.851,1.811,3.969 2.875,1.920,3.754 2.829,1.619,3.757 2.820,1.565,3.988 face 2.826,1.640,4.135 2.851,1.811,3.969 2.820,1.565,3.988 2.812,1.488,4.213 face 2.450,1.310,4.238 2.450,1.520,4.213 2.812,1.488,4.213 2.807,1.311,4.238 face 2.450,2.127,3.286 2.450,1.705,3.286 2.842,1.675,3.286 2.908,2.033,3.286 face 2.450,2.080,3.529 2.450,2.127,3.286 2.908,2.033,3.286 2.894,1.989,3.524 face 2.450,2.005,3.764 2.450,2.080,3.529 2.894,1.989,3.524 2.875,1.920,3.754 face 2.450,1.884,3.979 2.450,2.005,3.764 2.875,1.920,3.754 2.851,1.811,3.969 face 2.450,1.697,4.137 2.450,1.884,3.979 2.851,1.811,3.969 2.826,1.640,4.135 face 2.450,1.520,4.213 2.450,1.697,4.137 2.826,1.640,4.135 2.812,1.488,4.213 face 2.450,1.685,3.523 2.450,1.705,3.286 2.450,2.127,3.286 2.450,2.080,3.529 face 2.450,1.652,3.758 2.450,1.685,3.523 2.450,2.080,3.529 2.450,2.005,3.764 face 2.450,1.599,3.989 2.450,1.652,3.758 2.450,2.005,3.764 2.450,1.884,3.979 face 2.450,1.520,4.213 2.450,1.599,3.989 2.450,1.884,3.979 2.450,1.697,4.137  r=67
;__create Blocks__
block create group "Blocks" poly face 2.450,1.265,1.450 2.450,0.795,1.450 2.450,0.795,1.180 2.450,1.265,1.180 face 2.866,0.923,1.180 2.830,1.313,1.180 2.450,1.265,1.180 2.450,0.795,1.180 face 2.450,0.335,1.450 2.450,0.335,1.180 2.450,0.795,1.180 2.450,0.795,1.450 face 2.450,1.265,1.720 2.450,0.795,1.720 2.450,0.795,1.450 2.450,1.265,1.450 face 2.450,1.735,1.180 2.450,1.735,1.450 2.450,1.265,1.450 2.450,1.265,1.180 face 2.450,0.335,1.720 2.450,0.335,1.450 2.450,0.795,1.450 2.450,0.795,1.720 face 2.450,1.265,1.990 2.450,0.796,1.990 2.450,0.795,1.720 2.450,1.265,1.720 face 2.450,1.735,1.450 2.450,1.735,1.720 2.450,1.265,1.720 2.450,1.265,1.450 face 2.450,0.336,1.990 2.450,0.335,1.720 2.450,0.795,1.720 2.450,0.796,1.990 face 2.450,1.266,2.260 2.450,0.798,2.260 2.450,0.796,1.990 2.450,1.265,1.990 face 2.450,1.735,1.720 2.450,1.735,1.990 2.450,1.265,1.990 2.450,1.265,1.720 face 2.450,0.340,2.260 2.450,0.336,1.990 2.450,0.796,1.990 2.450,0.798,2.260 face 2.830,1.313,2.260 2.868,0.925,2.260 2.450,0.798,2.260 2.450,1.266,2.260 face 2.450,1.735,1.990 2.450,1.734,2.260 2.450,1.266,2.260 2.450,1.265,1.990 face 3.007,0.552,1.180 2.866,0.923,1.180 2.450,0.795,1.180 2.450,0.335,1.180 face 3.015,0.553,1.450 3.007,0.552,1.180 2.450,0.335,1.180 2.450,0.335,1.450 face 3.018,0.553,1.720 3.015,0.553,1.450 2.450,0.335,1.450 2.450,0.335,1.720 face 3.017,0.554,1.990 3.018,0.553,1.720 2.450,0.335,1.720 2.450,0.336,1.990 face 3.013,0.556,2.260 3.017,0.554,1.990 2.450,0.336,1.990 2.450,0.340,2.260 face 2.868,0.925,2.260 3.013,0.556,2.260 2.450,0.340,2.260 2.450,0.798,2.260 face 2.869,0.923,1.450 2.866,0.923,1.180 3.007,0.552,1.180 3.015,0.553,1.450 face 2.870,0.923,1.720 2.869,0.923,1.450 3.015,0.553,1.450 3.018,0.553,1.720 face 2.870,0.923,1.990 2.870,0.923,1.720 3.018,0.553,1.720 3.017,0.554,1.990 face 2.868,0.925,2.260 2.870,0.923,1.990 3.017,0.554,1.990 3.013,0.556,2.260 face 2.831,1.313,1.450 2.830,1.313,1.180 2.866,0.923,1.180 2.869,0.923,1.450 face 2.831,1.313,1.720 2.831,1.313,1.450 2.869,0.923,1.450 2.870,0.923,1.720 face 2.831,1.313,1.990 2.831,1.313,1.720 2.870,0.923,1.720 2.870,0.923,1.990 face 2.830,1.313,2.260 2.831,1.313,1.990 2.870,0.923,1.990 2.868,0.925,2.260 face 2.857,1.709,1.450 2.855,1.709,1.180 2.830,1.313,1.180 2.831,1.313,1.450 face 2.857,1.709,1.720 2.857,1.709,1.450 2.831,1.313,1.450 2.831,1.313,1.720 face 2.857,1.709,1.990 2.857,1.709,1.720 2.831,1.313,1.720 2.831,1.313,1.990 face 2.856,1.708,2.260 2.857,1.709,1.990 2.831,1.313,1.990 2.830,1.313,2.260 face 2.450,1.735,1.180 2.450,1.265,1.180 2.830,1.313,1.180 2.855,1.709,1.180 face 2.938,2.102,1.450 2.934,2.101,1.180 2.855,1.709,1.180 2.857,1.709,1.450 face 2.940,2.102,1.720 2.938,2.102,1.450 2.857,1.709,1.450 2.857,1.709,1.720 face 2.939,2.101,1.990 2.940,2.102,1.720 2.857,1.709,1.720 2.857,1.709,1.990 face 2.937,2.098,2.260 2.939,2.101,1.990 2.857,1.709,1.990 2.856,1.708,2.260 face 2.450,1.266,2.260 2.450,1.734,2.260 2.856,1.708,2.260 2.830,1.313,2.260 face 2.450,2.195,1.180 2.450,1.735,1.180 2.855,1.709,1.180 2.934,2.101,1.180 face 2.450,2.195,1.450 2.450,2.195,1.180 2.934,2.101,1.180 2.938,2.102,1.450 face 2.450,2.195,1.720 2.450,2.195,1.450 2.938,2.102,1.450 2.940,2.102,1.720 face 2.450,2.195,1.990 2.450,2.195,1.720 2.940,2.102,1.720 2.939,2.101,1.990 face 2.450,2.192,2.260 2.450,2.195,1.990 2.939,2.101,1.990 2.937,2.098,2.260 face 2.450,1.734,2.260 2.450,2.192,2.260 2.937,2.098,2.260 2.856,1.708,2.260 face 2.450,1.735,1.450 2.450,1.735,1.180 2.450,2.195,1.180 2.450,2.195,1.450 face 2.450,1.735,1.720 2.450,1.735,1.450 2.450,2.195,1.450 2.450,2.195,1.720 face 2.450,1.735,1.990 2.450,1.735,1.720 2.450,2.195,1.720 2.450,2.195,1.990 face 2.450,1.734,2.260 2.450,1.735,1.990 2.450,2.195,1.990 2.450,2.192,2.260  r=68
;__create Blocks__
block create group "Blocks" poly face 2.450,1.266,2.517 2.450,0.802,2.517 2.450,0.798,2.260 2.450,1.266,2.260 face 2.868,0.925,2.260 2.830,1.313,2.260 2.450,1.266,2.260 2.450,0.798,2.260 face 2.450,0.347,2.517 2.450,0.340,2.260 2.450,0.798,2.260 2.450,0.802,2.517 face 2.450,1.268,2.773 2.450,0.809,2.774 2.450,0.802,2.517 2.450,1.266,2.517 face 2.450,1.734,2.260 2.450,1.731,2.517 2.450,1.266,2.517 2.450,1.266,2.260 face 2.450,0.361,2.775 2.450,0.347,2.517 2.450,0.802,2.517 2.450,0.809,2.774 face 2.450,1.270,3.030 2.450,0.822,3.030 2.450,0.809,2.774 2.450,1.268,2.773 face 2.450,1.731,2.517 2.450,1.726,2.773 2.450,1.268,2.773 2.450,1.266,2.517 face 2.450,0.383,3.031 2.450,0.361,2.775 2.450,0.809,2.774 2.450,0.822,3.030 face 2.450,1.273,3.286 2.450,0.842,3.286 2.450,0.822,3.030 2.450,1.270,3.030 face 2.450,1.726,2.773 2.450,1.718,3.030 2.450,1.270,3.030 2.450,1.268,2.773 face 2.450,0.420,3.286 2.450,0.383,3.031 2.450,0.822,3.030 2.450,0.842,3.286 face 2.822,1.312,3.286 2.850,0.954,3.286 2.450,0.842,3.286 2.450,1.273,3.286 face 2.450,1.718,3.030 2.450,1.705,3.286 2.450,1.273,3.286 2.450,1.270,3.030 face 3.013,0.556,2.260 2.868,0.925,2.260 2.450,0.798,2.260 2.450,0.340,2.260 face 3.005,0.561,2.517 3.013,0.556,2.260 2.450,0.340,2.260 2.450,0.347,2.517 face 2.994,0.571,2.774 3.005,0.561,2.517 2.450,0.347,2.517 2.450,0.361,2.775 face 2.979,0.587,3.031 2.994,0.571,2.774 2.450,0.361,2.775 2.450,0.383,3.031 face 2.959,0.613,3.286 2.979,0.587,3.031 2.450,0.383,3.031 2.450,0.420,3.286 face 2.850,0.954,3.286 2.959,0.613,3.286 2.450,0.420,3.286 2.450,0.842,3.286 face 2.865,0.927,2.517 2.868,0.925,2.260 3.013,0.556,2.260 3.005,0.561,2.517 face 2.861,0.932,2.773 2.865,0.927,2.517 3.005,0.561,2.517 2.994,0.571,2.774 face 2.856,0.940,3.030 2.861,0.932,2.773 2.994,0.571,2.774 2.979,0.587,3.031 face 2.850,0.954,3.286 2.856,0.940,3.030 2.979,0.587,3.031 2.959,0.613,3.286 face 2.829,1.313,2.517 2.830,1.313,2.260 2.868,0.925,2.260 2.865,0.927,2.517 face 2.827,1.313,2.773 2.829,1.313,2.517 2.865,0.927,2.517 2.861,0.932,2.773 face 2.825,1.312,3.030 2.827,1.313,2.773 2.861,0.932,2.773 2.856,0.940,3.030 face 2.822,1.312,3.286 2.825,1.312,3.030 2.856,0.940,3.030 2.850,0.954,3.286 face 2.854,1.704,2.517 2.856,1.708,2.260 2.830,1.313,2.260 2.829,1.313,2.517 face 2.851,1.699,2.773 2.854,1.704,2.517 2.829,1.313,2.517 2.827,1.313,2.773 face 2.847,1.690,3.030 2.851,1.699,2.773 2.827,1.313,2.773 2.825,1.312,3.030 face 2.842,1.675,3.286 2.847,1.690,3.030 2.825,1.312,3.030 2.822,1.312,3.286 face 2.450,1.734,2.260 2.450,1.266,2.260 2.830,1.313,2.260 2.856,1.708,2.260 face 2.933,2.092,2.517 2.937,2.098,2.260 2.856,1.708,2.260 2.854,1.704,2.517 face 2.927,2.081,2.774 2.933,2.092,2.517 2.854,1.704,2.517 2.851,1.699,2.773 face 2.919,2.063,3.031 2.927,2.081,2.774 2.851,1.699,2.773 2.847,1.690,3.030 face 2.908,2.033,3.286 2.919,2.063,3.031 2.847,1.690,3.030 2.842,1.675,3.286 face 2.450,1.273,3.286 2.450,1.705,3.286 2.842,1.675,3.286 2.822,1.312,3.286 face 2.450,2.192,2.260 2.450,1.734,2.260 2.856,1.708,2.260 2.937,2.098,2.260 face 2.450,2.186,2.517 2.450,2.192,2.260 2.937,2.098,2.260 2.933,2.092,2.517 face 2.450,2.175,2.774 2.450,2.186,2.517 2.933,2.092,2.517 2.927,2.081,2.774 face 2.450,2.156,3.031 2.450,2.175,2.774 2.927,2.081,2.774 2.919,2.063,3.031 face 2.450,2.127,3.286 2.450,2.156,3.031 2.919,2.063,3.031 2.908,2.033,3.286 face 2.450,1.705,3.286 2.450,2.127,3.286 2.908,2.033,3.286 2.842,1.675,3.286 face 2.450,1.731,2.517 2.450,1.734,2.260 2.450,2.192,2.260 2.450,2.186,2.517 face 2.450,1.726,2.773 2.450,1.731,2.517 2.450,2.186,2.517 2.450,2.175,2.774 face 2.450,1.718,3.030 2.450,1.726,2.773 2.450,2.175,2.774 2.450,2.156,3.031 face 2.450,1.705,3.286 2.450,1.718,3.030 2.450,2.156,3.031 2.450,2.127,3.286  r=69
;__create Blocks__
block create group "Blocks" poly face 2.450,-1.279,3.525 2.450,-1.688,3.523 2.450,-1.707,3.284 2.450,-1.273,3.284 face 2.856,-1.677,3.284 2.826,-1.312,3.284 2.450,-1.273,3.284 2.450,-1.707,3.284 face 2.450,-2.086,3.529 2.450,-2.130,3.284 2.450,-1.707,3.284 2.450,-1.688,3.523 face 2.450,-1.287,3.766 2.450,-1.657,3.761 2.450,-1.688,3.523 2.450,-1.279,3.525 face 2.450,-0.840,3.284 2.450,-0.870,3.527 2.450,-1.279,3.525 2.450,-1.273,3.284 face 2.450,-2.013,3.767 2.450,-2.086,3.529 2.450,-1.688,3.523 2.450,-1.657,3.761 face 2.450,-1.297,4.007 2.450,-1.604,3.995 2.450,-1.657,3.761 2.450,-1.287,3.766 face 2.450,-0.870,3.527 2.450,-0.917,3.767 2.450,-1.287,3.766 2.450,-1.279,3.525 face 2.450,-1.894,3.985 2.450,-2.013,3.767 2.450,-1.657,3.761 2.450,-1.604,3.995 face 2.450,-1.311,4.247 2.450,-1.527,4.222 2.450,-1.604,3.995 2.450,-1.297,4.007 face 2.450,-0.917,3.767 2.450,-0.991,4.000 2.450,-1.297,4.007 2.450,-1.287,3.766 face 2.450,-1.707,4.145 2.450,-1.894,3.985 2.450,-1.604,3.995 2.450,-1.527,4.222 face 2.809,-1.311,4.247 2.816,-1.493,4.222 2.450,-1.527,4.222 2.450,-1.311,4.247 face 2.450,-0.991,4.000 2.450,-1.092,4.223 2.450,-1.311,4.247 2.450,-1.297,4.007 face 2.936,-2.035,3.284 2.856,-1.677,3.284 2.450,-1.707,3.284 2.450,-2.130,3.284 face 2.919,-1.993,3.524 2.936,-2.035,3.284 2.450,-2.130,3.284 2.450,-2.086,3.529 face 2.897,-1.926,3.758 2.919,-1.993,3.524 2.450,-2.086,3.529 2.450,-2.013,3.767 face 2.867,-1.819,3.975 2.897,-1.926,3.758 2.450,-2.013,3.767 2.450,-1.894,3.985 face 2.836,-1.649,4.143 2.867,-1.819,3.975 2.450,-1.894,3.985 2.450,-1.707,4.145 face 2.816,-1.493,4.222 2.836,-1.649,4.143 2.450,-1.707,4.145 2.450,-1.527,4.222 face 2.848,-1.656,3.523 2.856,-1.677,3.284 2.936,-2.035,3.284 2.919,-1.993,3.524 face 2.839,-1.623,3.761 2.848,-1.656,3.523 2.919,-1.993,3.524 2.897,-1.926,3.758 face 2.827,-1.569,3.995 2.839,-1.623,3.761 2.897,-1.926,3.758 2.867,-1.819,3.975 face 2.816,-1.493,4.222 2.827,-1.569,3.995 2.867,-1.819,3.975 2.836,-1.649,4.143 face 2.822,-1.312,3.525 2.826,-1.312,3.284 2.856,-1.677,3.284 2.848,-1.656,3.523 face 2.817,-1.311,3.766 2.822,-1.312,3.525 2.848,-1.656,3.523 2.839,-1.623,3.761 face 2.812,-1.311,4.006 2.817,-1.311,3.766 2.839,-1.623,3.761 2.827,-1.569,3.995 face 2.809,-1.311,4.247 2.812,-1.311,4.006 2.827,-1.569,3.995 2.816,-1.493,4.222 face 2.843,-0.970,3.523 2.850,-0.950,3.284 2.826,-1.312,3.284 2.822,-1.312,3.525 face 2.834,-1.002,3.761 2.843,-0.970,3.523 2.822,-1.312,3.525 2.817,-1.311,3.766 face 2.823,-1.054,3.994 2.834,-1.002,3.761 2.817,-1.311,3.766 2.812,-1.311,4.006 face 2.814,-1.129,4.222 2.823,-1.054,3.994 2.812,-1.311,4.006 2.809,-1.311,4.247 face 2.450,-0.840,3.284 2.450,-1.273,3.284 2.826,-1.312,3.284 2.850,-0.950,3.284 face 2.939,-0.644,3.523 2.964,-0.605,3.284 2.850,-0.950,3.284 2.843,-0.970,3.523 face 2.908,-0.707,3.756 2.939,-0.644,3.523 2.843,-0.970,3.523 2.834,-1.002,3.761 face 2.869,-0.809,3.974 2.908,-0.707,3.756 2.834,-1.002,3.761 2.823,-1.054,3.994 face 2.833,-0.976,4.144 2.869,-0.809,3.974 2.823,-1.054,3.994 2.814,-1.129,4.222 face 2.450,-1.311,4.247 2.450,-1.092,4.223 2.814,-1.129,4.222 2.809,-1.311,4.247 face 2.450,-0.416,3.284 2.450,-0.840,3.284 2.850,-0.950,3.284 2.964,-0.605,3.284 face 2.450,-0.473,3.534 2.450,-0.416,3.284 2.964,-0.605,3.284 2.939,-0.644,3.523 face 2.450,-0.563,3.774 2.450,-0.473,3.534 2.939,-0.644,3.523 2.908,-0.707,3.756 face 2.450,-0.702,3.989 2.450,-0.563,3.774 2.908,-0.707,3.756 2.869,-0.809,3.974 face 2.450,-0.903,4.144 2.450,-0.702,3.989 2.869,-0.809,3.974 2.833,-0.976,4.144 face 2.450,-1.092,4.223 2.450,-0.903,4.144 2.833,-0.976,4.144 2.814,-1.129,4.222 face 2.450,-0.870,3.527 2.450,-0.840,3.284 2.450,-0.416,3.284 2.450,-0.473,3.534 face 2.450,-0.917,3.767 2.450,-0.870,3.527 2.450,-0.473,3.534 2.450,-0.563,3.774 face 2.450,-0.991,4.000 2.450,-0.917,3.767 2.450,-0.563,3.774 2.450,-0.702,3.989 face 2.450,-1.092,4.223 2.450,-0.991,4.000 2.450,-0.702,3.989 2.450,-0.903,4.144  r=70
;__create Blocks__
block create group "Blocks" poly face -0.000,-2.450,0.295 -0.434,-2.450,0.295 -0.434,-2.450,0.000 0.000,-2.450,0.000 face -0.380,-2.811,0.000 -0.000,-2.805,0.000 0.000,-2.450,0.000 -0.434,-2.450,0.000 face -0.859,-2.450,0.295 -0.855,-2.450,0.000 -0.434,-2.450,0.000 -0.434,-2.450,0.295 face 0.000,-2.450,0.590 -0.434,-2.450,0.590 -0.434,-2.450,0.295 -0.000,-2.450,0.295 face 0.434,-2.450,0.000 0.434,-2.450,0.295 -0.000,-2.450,0.295 0.000,-2.450,0.000 face -0.859,-2.450,0.590 -0.859,-2.450,0.295 -0.434,-2.450,0.295 -0.434,-2.450,0.590 face 0.000,-2.450,0.885 -0.433,-2.450,0.885 -0.434,-2.450,0.590 0.000,-2.450,0.590 face 0.434,-2.450,0.295 0.434,-2.450,0.590 0.000,-2.450,0.590 -0.000,-2.450,0.295 face -0.857,-2.450,0.885 -0.859,-2.450,0.590 -0.434,-2.450,0.590 -0.433,-2.450,0.885 face 0.000,-2.450,1.180 -0.427,-2.450,1.180 -0.433,-2.450,0.885 0.000,-2.450,0.885 face 0.434,-2.450,0.590 0.433,-2.450,0.885 0.000,-2.450,0.885 0.000,-2.450,0.590 face -0.844,-2.450,1.180 -0.857,-2.450,0.885 -0.433,-2.450,0.885 -0.427,-2.450,1.180 face -0.000,-2.806,1.180 -0.371,-2.813,1.180 -0.427,-2.450,1.180 0.000,-2.450,1.180 face 0.433,-2.450,0.885 0.427,-2.450,1.180 0.000,-2.450,1.180 0.000,-2.450,0.885 face -0.747,-2.829,0.000 -0.380,-2.811,0.000 -0.434,-2.450,0.000 -0.855,-2.450,0.000 face -0.750,-2.830,0.295 -0.747,-2.829,0.000 -0.855,-2.450,0.000 -0.859,-2.450,0.295 face -0.749,-2.832,0.590 -0.750,-2.830,0.295 -0.859,-2.450,0.295 -0.859,-2.450,0.590 face -0.745,-2.833,0.885 -0.749,-2.832,0.590 -0.859,-2.450,0.590 -0.857,-2.450,0.885 face -0.733,-2.834,1.180 -0.745,-2.833,0.885 -0.857,-2.450,0.885 -0.844,-2.450,1.180 face -0.371,-2.813,1.180 -0.733,-2.834,1.180 -0.844,-2.450,1.180 -0.427,-2.450,1.180 face -0.380,-2.811,0.295 -0.380,-2.811,0.000 -0.747,-2.829,0.000 -0.750,-2.830,0.295 face -0.379,-2.812,0.590 -0.380,-2.811,0.295 -0.750,-2.830,0.295 -0.749,-2.832,0.590 face -0.377,-2.812,0.885 -0.379,-2.812,0.590 -0.749,-2.832,0.590 -0.745,-2.833,0.885 face -0.371,-2.813,1.180 -0.377,-2.812,0.885 -0.745,-2.833,0.885 -0.733,-2.834,1.180 face 0.000,-2.806,0.295 -0.000,-2.805,0.000 -0.380,-2.811,0.000 -0.380,-2.811,0.295 face 0.000,-2.806,0.590 0.000,-2.806,0.295 -0.380,-2.811,0.295 -0.379,-2.812,0.590 face -0.000,-2.806,0.885 0.000,-2.806,0.590 -0.379,-2.812,0.590 -0.377,-2.812,0.885 face -0.000,-2.806,1.180 -0.000,-2.806,0.885 -0.377,-2.812,0.885 -0.371,-2.813,1.180 face 0.380,-2.811,0.295 0.380,-2.811,0.000 -0.000,-2.805,0.000 0.000,-2.806,0.295 face 0.379,-2.812,0.590 0.380,-2.811,0.295 0.000,-2.806,0.295 0.000,-2.806,0.590 face 0.377,-2.812,0.885 0.379,-2.812,0.590 0.000,-2.806,0.590 -0.000,-2.806,0.885 face 0.371,-2.813,1.180 0.377,-2.812,0.885 -0.000,-2.806,0.885 -0.000,-2.806,1.180 face 0.434,-2.450,0.000 0.000,-2.450,0.000 -0.000,-2.805,0.000 0.380,-2.811,0.000 face 0.750,-2.830,0.295 0.747,-2.829,0.000 0.380,-2.811,0.000 0.380,-2.811,0.295 face 0.749,-2.832,0.590 0.750,-2.830,0.295 0.380,-2.811,0.295 0.379,-2.812,0.590 face 0.745,-2.833,0.885 0.749,-2.832,0.590 0.379,-2.812,0.590 0.377,-2.812,0.885 face 0.733,-2.834,1.180 0.745,-2.833,0.885 0.377,-2.812,0.885 0.371,-2.813,1.180 face 0.000,-2.450,1.180 0.427,-2.450,1.180 0.371,-2.813,1.180 -0.000,-2.806,1.180 face 0.855,-2.450,0.000 0.434,-2.450,0.000 0.380,-2.811,0.000 0.747,-2.829,0.000 face 0.859,-2.450,0.295 0.855,-2.450,0.000 0.747,-2.829,0.000 0.750,-2.830,0.295 face 0.859,-2.450,0.590 0.859,-2.450,0.295 0.750,-2.830,0.295 0.749,-2.832,0.590 face 0.857,-2.450,0.885 0.859,-2.450,0.590 0.749,-2.832,0.590 0.745,-2.833,0.885 face 0.844,-2.450,1.180 0.857,-2.450,0.885 0.745,-2.833,0.885 0.733,-2.834,1.180 face 0.427,-2.450,1.180 0.844,-2.450,1.180 0.733,-2.834,1.180 0.371,-2.813,1.180 face 0.434,-2.450,0.295 0.434,-2.450,0.000 0.855,-2.450,0.000 0.859,-2.450,0.295 face 0.434,-2.450,0.590 0.434,-2.450,0.295 0.859,-2.450,0.295 0.859,-2.450,0.590 face 0.433,-2.450,0.885 0.434,-2.450,0.590 0.859,-2.450,0.590 0.857,-2.450,0.885 face 0.427,-2.450,1.180 0.433,-2.450,0.885 0.857,-2.450,0.885 0.844,-2.450,1.180  r=71
;__create Blocks__
block create group "Blocks" poly face -0.000,-2.450,1.496 -0.411,-2.450,1.494 -0.427,-2.450,1.180 0.000,-2.450,1.180 face -0.371,-2.813,1.180 -0.000,-2.806,1.180 0.000,-2.450,1.180 -0.427,-2.450,1.180 face -0.813,-2.450,1.493 -0.844,-2.450,1.180 -0.427,-2.450,1.180 -0.411,-2.450,1.494 face -0.000,-2.450,1.813 -0.380,-2.450,1.806 -0.411,-2.450,1.494 -0.000,-2.450,1.496 face 0.427,-2.450,1.180 0.411,-2.450,1.494 -0.000,-2.450,1.496 0.000,-2.450,1.180 face -0.751,-2.450,1.802 -0.813,-2.450,1.493 -0.411,-2.450,1.494 -0.380,-2.450,1.806 face 0.000,-2.450,2.129 -0.323,-2.450,2.115 -0.380,-2.450,1.806 -0.000,-2.450,1.813 face 0.411,-2.450,1.494 0.380,-2.450,1.806 -0.000,-2.450,1.813 -0.000,-2.450,1.496 face -0.636,-2.450,2.095 -0.751,-2.450,1.802 -0.380,-2.450,1.806 -0.323,-2.450,2.115 face -0.000,-2.450,2.446 -0.234,-2.450,2.416 -0.323,-2.450,2.115 0.000,-2.450,2.129 face 0.380,-2.450,1.806 0.323,-2.450,2.115 0.000,-2.450,2.129 -0.000,-2.450,1.813 face -0.426,-2.450,2.325 -0.636,-2.450,2.095 -0.323,-2.450,2.115 -0.234,-2.450,2.416 face -0.000,-2.802,2.446 -0.206,-2.804,2.415 -0.234,-2.450,2.416 -0.000,-2.450,2.446 face 0.323,-2.450,2.115 0.234,-2.450,2.416 -0.000,-2.450,2.446 0.000,-2.450,2.129 face -0.733,-2.834,1.180 -0.371,-2.813,1.180 -0.427,-2.450,1.180 -0.844,-2.450,1.180 face -0.705,-2.832,1.487 -0.733,-2.834,1.180 -0.844,-2.450,1.180 -0.813,-2.450,1.493 face -0.655,-2.827,1.791 -0.705,-2.832,1.487 -0.813,-2.450,1.493 -0.751,-2.450,1.802 face -0.560,-2.818,2.084 -0.655,-2.827,1.791 -0.751,-2.450,1.802 -0.636,-2.450,2.095 face -0.374,-2.808,2.324 -0.560,-2.818,2.084 -0.636,-2.450,2.095 -0.426,-2.450,2.325 face -0.206,-2.804,2.415 -0.374,-2.808,2.324 -0.426,-2.450,2.325 -0.234,-2.450,2.416 face -0.357,-2.812,1.492 -0.371,-2.813,1.180 -0.733,-2.834,1.180 -0.705,-2.832,1.487 face -0.331,-2.810,1.804 -0.357,-2.812,1.492 -0.705,-2.832,1.487 -0.655,-2.827,1.791 face -0.283,-2.807,2.113 -0.331,-2.810,1.804 -0.655,-2.827,1.791 -0.560,-2.818,2.084 face -0.206,-2.804,2.415 -0.283,-2.807,2.113 -0.560,-2.818,2.084 -0.374,-2.808,2.324 face 0.000,-2.806,1.496 -0.000,-2.806,1.180 -0.371,-2.813,1.180 -0.357,-2.812,1.492 face 0.000,-2.805,1.813 0.000,-2.806,1.496 -0.357,-2.812,1.492 -0.331,-2.810,1.804 face -0.000,-2.803,2.129 0.000,-2.805,1.813 -0.331,-2.810,1.804 -0.283,-2.807,2.113 face -0.000,-2.802,2.446 -0.000,-2.803,2.129 -0.283,-2.807,2.113 -0.206,-2.804,2.415 face 0.357,-2.812,1.492 0.371,-2.813,1.180 -0.000,-2.806,1.180 0.000,-2.806,1.496 face 0.331,-2.810,1.804 0.357,-2.812,1.492 0.000,-2.806,1.496 0.000,-2.805,1.813 face 0.283,-2.807,2.113 0.331,-2.810,1.804 0.000,-2.805,1.813 -0.000,-2.803,2.129 face 0.206,-2.804,2.415 0.283,-2.807,2.113 -0.000,-2.803,2.129 -0.000,-2.802,2.446 face 0.427,-2.450,1.180 0.000,-2.450,1.180 -0.000,-2.806,1.180 0.371,-2.813,1.180 face 0.705,-2.832,1.487 0.733,-2.834,1.180 0.371,-2.813,1.180 0.357,-2.812,1.492 face 0.655,-2.827,1.791 0.705,-2.832,1.487 0.357,-2.812,1.492 0.331,-2.810,1.804 face 0.560,-2.818,2.084 0.655,-2.827,1.791 0.331,-2.810,1.804 0.283,-2.807,2.113 face 0.374,-2.808,2.324 0.560,-2.818,2.084 0.283,-2.807,2.113 0.206,-2.804,2.415 face -0.000,-2.450,2.446 0.234,-2.450,2.416 0.206,-2.804,2.415 -0.000,-2.802,2.446 face 0.844,-2.450,1.180 0.427,-2.450,1.180 0.371,-2.813,1.180 0.733,-2.834,1.180 face 0.813,-2.450,1.493 0.844,-2.450,1.180 0.733,-2.834,1.180 0.705,-2.832,1.487 face 0.751,-2.450,1.802 0.813,-2.450,1.493 0.705,-2.832,1.487 0.655,-2.827,1.791 face 0.636,-2.450,2.095 0.751,-2.450,1.802 0.655,-2.827,1.791 0.560,-2.818,2.084 face 0.426,-2.450,2.325 0.636,-2.450,2.095 0.560,-2.818,2.084 0.374,-2.808,2.324 face 0.234,-2.450,2.416 0.426,-2.450,2.325 0.374,-2.808,2.324 0.206,-2.804,2.415 face 0.411,-2.450,1.494 0.427,-2.450,1.180 0.844,-2.450,1.180 0.813,-2.450,1.493 face 0.380,-2.450,1.806 0.411,-2.450,1.494 0.813,-2.450,1.493 0.751,-2.450,1.802 face 0.323,-2.450,2.115 0.380,-2.450,1.806 0.751,-2.450,1.802 0.636,-2.450,2.095 face 0.234,-2.450,2.416 0.323,-2.450,2.115 0.636,-2.450,2.095 0.426,-2.450,2.325  r=72
;__create Blocks__
block create group "Blocks" poly face 2.450,-1.265,1.450 2.450,-1.735,1.450 2.450,-1.735,1.180 2.450,-1.265,1.180 face 2.872,-1.709,1.180 2.835,-1.312,1.180 2.450,-1.265,1.180 2.450,-1.735,1.180 face 2.450,-2.195,1.450 2.450,-2.195,1.180 2.450,-1.735,1.180 2.450,-1.735,1.450 face 2.450,-1.265,1.720 2.450,-1.735,1.720 2.450,-1.735,1.450 2.450,-1.265,1.450 face 2.450,-0.795,1.180 2.450,-0.795,1.450 2.450,-1.265,1.450 2.450,-1.265,1.180 face 2.450,-2.195,1.720 2.450,-2.195,1.450 2.450,-1.735,1.450 2.450,-1.735,1.720 face 2.450,-1.265,1.990 2.450,-1.735,1.990 2.450,-1.735,1.720 2.450,-1.265,1.720 face 2.450,-0.795,1.450 2.450,-0.795,1.720 2.450,-1.265,1.720 2.450,-1.265,1.450 face 2.450,-2.195,1.990 2.450,-2.195,1.720 2.450,-1.735,1.720 2.450,-1.735,1.990 face 2.450,-1.266,2.260 2.450,-1.734,2.260 2.450,-1.735,1.990 2.450,-1.265,1.990 face 2.450,-0.795,1.720 2.450,-0.796,1.990 2.450,-1.265,1.990 2.450,-1.265,1.720 face 2.450,-2.192,2.260 2.450,-2.195,1.990 2.450,-1.735,1.990 2.450,-1.734,2.260 face 2.835,-1.312,2.260 2.871,-1.707,2.260 2.450,-1.734,2.260 2.450,-1.266,2.260 face 2.450,-0.796,1.990 2.450,-0.798,2.260 2.450,-1.266,2.260 2.450,-1.265,1.990 face 2.968,-2.099,1.180 2.872,-1.709,1.180 2.450,-1.735,1.180 2.450,-2.195,1.180 face 2.971,-2.100,1.450 2.968,-2.099,1.180 2.450,-2.195,1.180 2.450,-2.195,1.450 face 2.971,-2.100,1.720 2.971,-2.100,1.450 2.450,-2.195,1.450 2.450,-2.195,1.720 face 2.970,-2.099,1.990 2.971,-2.100,1.720 2.450,-2.195,1.720 2.450,-2.195,1.990 face 2.968,-2.096,2.260 2.970,-2.099,1.990 2.450,-2.195,1.990 2.450,-2.192,2.260 face 2.871,-1.707,2.260 2.968,-2.096,2.260 2.450,-2.192,2.260 2.450,-1.734,2.260 face 2.873,-1.709,1.450 2.872,-1.709,1.180 2.968,-2.099,1.180 2.971,-2.100,1.450 face 2.873,-1.709,1.720 2.873,-1.709,1.450 2.971,-2.100,1.450 2.971,-2.100,1.720 face 2.873,-1.708,1.990 2.873,-1.709,1.720 2.971,-2.100,1.720 2.970,-2.099,1.990 face 2.871,-1.707,2.260 2.873,-1.708,1.990 2.970,-2.099,1.990 2.968,-2.096,2.260 face 2.836,-1.312,1.450 2.835,-1.312,1.180 2.872,-1.709,1.180 2.873,-1.709,1.450 face 2.837,-1.312,1.720 2.836,-1.312,1.450 2.873,-1.709,1.450 2.873,-1.709,1.720 face 2.836,-1.312,1.990 2.837,-1.312,1.720 2.873,-1.709,1.720 2.873,-1.708,1.990 face 2.835,-1.312,2.260 2.836,-1.312,1.990 2.873,-1.708,1.990 2.871,-1.707,2.260 face 2.870,-0.921,1.450 2.867,-0.921,1.180 2.835,-1.312,1.180 2.836,-1.312,1.450 face 2.871,-0.921,1.720 2.870,-0.921,1.450 2.836,-1.312,1.450 2.837,-1.312,1.720 face 2.871,-0.921,1.990 2.871,-0.921,1.720 2.837,-1.312,1.720 2.836,-1.312,1.990 face 2.869,-0.923,2.260 2.871,-0.921,1.990 2.836,-1.312,1.990 2.835,-1.312,2.260 face 2.450,-0.795,1.180 2.450,-1.265,1.180 2.835,-1.312,1.180 2.867,-0.921,1.180 face 3.019,-0.546,1.450 3.011,-0.546,1.180 2.867,-0.921,1.180 2.870,-0.921,1.450 face 3.023,-0.546,1.720 3.019,-0.546,1.450 2.870,-0.921,1.450 2.871,-0.921,1.720 face 3.022,-0.547,1.990 3.023,-0.546,1.720 2.871,-0.921,1.720 2.871,-0.921,1.990 face 3.017,-0.549,2.260 3.022,-0.547,1.990 2.871,-0.921,1.990 2.869,-0.923,2.260 face 2.450,-1.266,2.260 2.450,-0.798,2.260 2.869,-0.923,2.260 2.835,-1.312,2.260 face 2.450,-0.335,1.180 2.450,-0.795,1.180 2.867,-0.921,1.180 3.011,-0.546,1.180 face 2.450,-0.335,1.450 2.450,-0.335,1.180 3.011,-0.546,1.180 3.019,-0.546,1.450 face 2.450,-0.335,1.720 2.450,-0.335,1.450 3.019,-0.546,1.450 3.023,-0.546,1.720 face 2.450,-0.336,1.990 2.450,-0.335,1.720 3.023,-0.546,1.720 3.022,-0.547,1.990 face 2.450,-0.340,2.260 2.450,-0.336,1.990 3.022,-0.547,1.990 3.017,-0.549,2.260 face 2.450,-0.798,2.260 2.450,-0.340,2.260 3.017,-0.549,2.260 2.869,-0.923,2.260 face 2.450,-0.795,1.450 2.450,-0.795,1.180 2.450,-0.335,1.180 2.450,-0.335,1.450 face 2.450,-0.795,1.720 2.450,-0.795,1.450 2.450,-0.335,1.450 2.450,-0.335,1.720 face 2.450,-0.796,1.990 2.450,-0.795,1.720 2.450,-0.335,1.720 2.450,-0.336,1.990 face 2.450,-0.798,2.260 2.450,-0.796,1.990 2.450,-0.336,1.990 2.450,-0.340,2.260  r=73
;__create Blocks__
block create group "Blocks" poly face 2.450,-1.266,2.516 2.450,-1.731,2.516 2.450,-1.734,2.260 2.450,-1.266,2.260 face 2.871,-1.707,2.260 2.835,-1.312,2.260 2.450,-1.266,2.260 2.450,-1.734,2.260 face 2.450,-2.186,2.517 2.450,-2.192,2.260 2.450,-1.734,2.260 2.450,-1.731,2.516 face 2.450,-1.268,2.772 2.450,-1.727,2.772 2.450,-1.731,2.516 2.450,-1.266,2.516 face 2.450,-0.798,2.260 2.450,-0.802,2.516 2.450,-1.266,2.516 2.450,-1.266,2.260 face 2.450,-2.176,2.773 2.450,-2.186,2.517 2.450,-1.731,2.516 2.450,-1.727,2.772 face 2.450,-1.270,3.028 2.450,-1.719,3.028 2.450,-1.727,2.772 2.450,-1.268,2.772 face 2.450,-0.802,2.516 2.450,-0.809,2.772 2.450,-1.268,2.772 2.450,-1.266,2.516 face 2.450,-2.158,3.029 2.450,-2.176,2.773 2.450,-1.727,2.772 2.450,-1.719,3.028 face 2.450,-1.273,3.284 2.450,-1.707,3.284 2.450,-1.719,3.028 2.450,-1.270,3.028 face 2.450,-0.809,2.772 2.450,-0.821,3.029 2.450,-1.270,3.028 2.450,-1.268,2.772 face 2.450,-2.130,3.284 2.450,-2.158,3.029 2.450,-1.719,3.028 2.450,-1.707,3.284 face 2.826,-1.312,3.284 2.856,-1.677,3.284 2.450,-1.707,3.284 2.450,-1.273,3.284 face 2.450,-0.821,3.029 2.450,-0.840,3.284 2.450,-1.273,3.284 2.450,-1.270,3.028 face 2.968,-2.096,2.260 2.871,-1.707,2.260 2.450,-1.734,2.260 2.450,-2.192,2.260 face 2.963,-2.090,2.517 2.968,-2.096,2.260 2.450,-2.192,2.260 2.450,-2.186,2.517 face 2.957,-2.080,2.773 2.963,-2.090,2.517 2.450,-2.186,2.517 2.450,-2.176,2.773 face 2.948,-2.063,3.029 2.957,-2.080,2.773 2.450,-2.176,2.773 2.450,-2.158,3.029 face 2.936,-2.035,3.284 2.948,-2.063,3.029 2.450,-2.158,3.029 2.450,-2.130,3.284 face 2.856,-1.677,3.284 2.936,-2.035,3.284 2.450,-2.130,3.284 2.450,-1.707,3.284 face 2.869,-1.704,2.516 2.871,-1.707,2.260 2.968,-2.096,2.260 2.963,-2.090,2.517 face 2.866,-1.699,2.772 2.869,-1.704,2.516 2.963,-2.090,2.517 2.957,-2.080,2.773 face 2.861,-1.690,3.028 2.866,-1.699,2.772 2.957,-2.080,2.773 2.948,-2.063,3.029 face 2.856,-1.677,3.284 2.861,-1.690,3.028 2.948,-2.063,3.029 2.936,-2.035,3.284 face 2.834,-1.312,2.516 2.835,-1.312,2.260 2.871,-1.707,2.260 2.869,-1.704,2.516 face 2.832,-1.312,2.772 2.834,-1.312,2.516 2.869,-1.704,2.516 2.866,-1.699,2.772 face 2.829,-1.312,3.028 2.832,-1.312,2.772 2.866,-1.699,2.772 2.861,-1.690,3.028 face 2.826,-1.312,3.284 2.829,-1.312,3.028 2.861,-1.690,3.028 2.856,-1.677,3.284 face 2.866,-0.925,2.516 2.869,-0.923,2.260 2.835,-1.312,2.260 2.834,-1.312,2.516 face 2.862,-0.930,2.772 2.866,-0.925,2.516 2.834,-1.312,2.516 2.832,-1.312,2.772 face 2.857,-0.938,3.028 2.862,-0.930,2.772 2.832,-1.312,2.772 2.829,-1.312,3.028 face 2.850,-0.950,3.284 2.857,-0.938,3.028 2.829,-1.312,3.028 2.826,-1.312,3.284 face 2.450,-0.798,2.260 2.450,-1.266,2.260 2.835,-1.312,2.260 2.869,-0.923,2.260 face 3.009,-0.554,2.517 3.017,-0.549,2.260 2.869,-0.923,2.260 2.866,-0.925,2.516 face 2.998,-0.564,2.773 3.009,-0.554,2.517 2.866,-0.925,2.516 2.862,-0.930,2.772 face 2.983,-0.579,3.029 2.998,-0.564,2.773 2.862,-0.930,2.772 2.857,-0.938,3.028 face 2.964,-0.605,3.284 2.983,-0.579,3.029 2.857,-0.938,3.028 2.850,-0.950,3.284 face 2.450,-1.273,3.284 2.450,-0.840,3.284 2.850,-0.950,3.284 2.826,-1.312,3.284 face 2.450,-0.340,2.260 2.450,-0.798,2.260 2.869,-0.923,2.260 3.017,-0.549,2.260 face 2.450,-0.347,2.517 2.450,-0.340,2.260 3.017,-0.549,2.260 3.009,-0.554,2.517 face 2.450,-0.360,2.774 2.450,-0.347,2.517 3.009,-0.554,2.517 2.998,-0.564,2.773 face 2.450,-0.381,3.030 2.450,-0.360,2.774 2.998,-0.564,2.773 2.983,-0.579,3.029 face 2.450,-0.416,3.284 2.450,-0.381,3.030 2.983,-0.579,3.029 2.964,-0.605,3.284 face 2.450,-0.840,3.284 2.450,-0.416,3.284 2.964,-0.605,3.284 2.850,-0.950,3.284 face 2.450,-0.802,2.516 2.450,-0.798,2.260 2.450,-0.340,2.260 2.450,-0.347,2.517 face 2.450,-0.809,2.772 2.450,-0.802,2.516 2.450,-0.347,2.517 2.450,-0.360,2.774 face 2.450,-0.821,3.029 2.450,-0.809,2.772 2.450,-0.360,2.774 2.450,-0.381,3.030 face 2.450,-0.840,3.284 2.450,-0.821,3.029 2.450,-0.381,3.030 2.450,-0.416,3.284  r=74
;__create Blocks__
block create group "Blocks" poly face -1.280,2.450,0.295 -0.810,2.450,0.295 -0.810,2.450,0.000 -1.280,2.450,0.000 face -0.912,2.840,0.000 -1.311,2.818,0.000 -1.280,2.450,0.000 -0.810,2.450,0.000 face -0.351,2.450,0.295 -0.352,2.450,0.000 -0.810,2.450,0.000 -0.810,2.450,0.295 face -1.280,2.450,0.590 -0.810,2.450,0.590 -0.810,2.450,0.295 -1.280,2.450,0.295 face -1.749,2.450,0.000 -1.749,2.450,0.295 -1.280,2.450,0.295 -1.280,2.450,0.000 face -0.351,2.450,0.590 -0.351,2.450,0.295 -0.810,2.450,0.295 -0.810,2.450,0.590 face -1.280,2.450,0.885 -0.810,2.450,0.885 -0.810,2.450,0.590 -1.280,2.450,0.590 face -1.749,2.450,0.295 -1.749,2.450,0.590 -1.280,2.450,0.590 -1.280,2.450,0.295 face -0.351,2.450,0.885 -0.351,2.450,0.590 -0.810,2.450,0.590 -0.810,2.450,0.885 face -1.280,2.450,1.180 -0.810,2.450,1.180 -0.810,2.450,0.885 -1.280,2.450,0.885 face -1.749,2.450,0.590 -1.749,2.450,0.885 -1.280,2.450,0.885 -1.280,2.450,0.590 face -0.351,2.450,1.180 -0.351,2.450,0.885 -0.810,2.450,0.885 -0.810,2.450,1.180 face -1.311,2.824,1.180 -0.912,2.843,1.180 -0.810,2.450,1.180 -1.280,2.450,1.180 face -1.749,2.450,0.885 -1.749,2.450,1.180 -1.280,2.450,1.180 -1.280,2.450,0.885 face -0.527,2.931,0.000 -0.912,2.840,0.000 -0.810,2.450,0.000 -0.352,2.450,0.000 face -0.527,2.933,0.295 -0.527,2.931,0.000 -0.352,2.450,0.000 -0.351,2.450,0.295 face -0.527,2.936,0.590 -0.527,2.933,0.295 -0.351,2.450,0.295 -0.351,2.450,0.590 face -0.527,2.938,0.885 -0.527,2.936,0.590 -0.351,2.450,0.590 -0.351,2.450,0.885 face -0.527,2.940,1.180 -0.527,2.938,0.885 -0.351,2.450,0.885 -0.351,2.450,1.180 face -0.912,2.843,1.180 -0.527,2.940,1.180 -0.351,2.450,1.180 -0.810,2.450,1.180 face -0.912,2.841,0.295 -0.912,2.840,0.000 -0.527,2.931,0.000 -0.527,2.933,0.295 face -0.912,2.842,0.590 -0.912,2.841,0.295 -0.527,2.933,0.295 -0.527,2.936,0.590 face -0.912,2.843,0.885 -0.912,2.842,0.590 -0.527,2.936,0.590 -0.527,2.938,0.885 face -0.912,2.843,1.180 -0.912,2.843,0.885 -0.527,2.938,0.885 -0.527,2.940,1.180 face -1.311,2.820,0.295 -1.311,2.818,0.000 -0.912,2.840,0.000 -0.912,2.841,0.295 face -1.311,2.821,0.590 -1.311,2.820,0.295 -0.912,2.841,0.295 -0.912,2.842,0.590 face -1.311,2.823,0.885 -1.311,2.821,0.590 -0.912,2.842,0.590 -0.912,2.843,0.885 face -1.311,2.824,1.180 -1.311,2.823,0.885 -0.912,2.843,0.885 -0.912,2.843,1.180 face -1.712,2.841,0.295 -1.712,2.834,0.000 -1.311,2.818,0.000 -1.311,2.820,0.295 face -1.712,2.846,0.590 -1.712,2.841,0.295 -1.311,2.820,0.295 -1.311,2.821,0.590 face -1.713,2.851,0.885 -1.712,2.846,0.590 -1.311,2.821,0.590 -1.311,2.823,0.885 face -1.713,2.854,1.180 -1.713,2.851,0.885 -1.311,2.823,0.885 -1.311,2.824,1.180 face -1.749,2.450,0.000 -1.280,2.450,0.000 -1.311,2.818,0.000 -1.712,2.834,0.000 face -2.106,2.905,0.295 -2.104,2.890,0.000 -1.712,2.834,0.000 -1.712,2.841,0.295 face -2.107,2.917,0.590 -2.106,2.905,0.295 -1.712,2.841,0.295 -1.712,2.846,0.590 face -2.107,2.927,0.885 -2.107,2.917,0.590 -1.712,2.846,0.590 -1.713,2.851,0.885 face -2.107,2.934,1.180 -2.107,2.927,0.885 -1.713,2.851,0.885 -1.713,2.854,1.180 face -1.280,2.450,1.180 -1.749,2.450,1.180 -1.713,2.854,1.180 -1.311,2.824,1.180 face -2.208,2.450,0.000 -1.749,2.450,0.000 -1.712,2.834,0.000 -2.104,2.890,0.000 face -2.209,2.450,0.295 -2.208,2.450,0.000 -2.104,2.890,0.000 -2.106,2.905,0.295 face -2.209,2.450,0.590 -2.209,2.450,0.295 -2.106,2.905,0.295 -2.107,2.917,0.590 face -2.209,2.450,0.885 -2.209,2.450,0.590 -2.107,2.917,0.590 -2.107,2.927,0.885 face -2.209,2.450,1.180 -2.209,2.450,0.885 -2.107,2.927,0.885 -2.107,2.934,1.180 face -1.749,2.450,1.180 -2.209,2.450,1.180 -2.107,2.934,1.180 -1.713,2.854,1.180 face -1.749,2.450,0.295 -1.749,2.450,0.000 -2.208,2.450,0.000 -2.209,2.450,0.295 face -1.749,2.450,0.590 -1.749,2.450,0.295 -2.209,2.450,0.295 -2.209,2.450,0.590 face -1.749,2.450,0.885 -1.749,2.450,0.590 -2.209,2.450,0.590 -2.209,2.450,0.885 face -1.749,2.450,1.180 -1.749,2.450,0.885 -2.209,2.450,0.885 -2.209,2.450,1.180  r=75
;__create Blocks__
block create group "Blocks" poly face -2.450,1.265,0.295 -2.450,1.735,0.295 -2.450,1.735,0.000 -2.450,1.265,0.000 face -2.834,1.695,0.000 -2.818,1.287,0.000 -2.450,1.265,0.000 -2.450,1.735,0.000 face -2.450,2.195,0.295 -2.450,2.194,0.000 -2.450,1.735,0.000 -2.450,1.735,0.295 face -2.450,1.265,0.590 -2.450,1.735,0.590 -2.450,1.735,0.295 -2.450,1.265,0.295 face -2.450,0.795,0.000 -2.450,0.795,0.295 -2.450,1.265,0.295 -2.450,1.265,0.000 face -2.450,2.195,0.590 -2.450,2.195,0.295 -2.450,1.735,0.295 -2.450,1.735,0.590 face -2.450,1.265,0.885 -2.450,1.735,0.885 -2.450,1.735,0.590 -2.450,1.265,0.590 face -2.450,0.795,0.295 -2.450,0.795,0.590 -2.450,1.265,0.590 -2.450,1.265,0.295 face -2.450,2.195,0.885 -2.450,2.195,0.590 -2.450,1.735,0.590 -2.450,1.735,0.885 face -2.450,1.265,1.180 -2.450,1.735,1.180 -2.450,1.735,0.885 -2.450,1.265,0.885 face -2.450,0.795,0.590 -2.450,0.795,0.885 -2.450,1.265,0.885 -2.450,1.265,0.590 face -2.450,2.195,1.180 -2.450,2.195,0.885 -2.450,1.735,0.885 -2.450,1.735,1.180 face -2.830,1.288,1.180 -2.855,1.697,1.180 -2.450,1.735,1.180 -2.450,1.265,1.180 face -2.450,0.795,0.885 -2.450,0.795,1.180 -2.450,1.265,1.180 -2.450,1.265,0.885 face -2.891,2.097,0.000 -2.834,1.695,0.000 -2.450,1.735,0.000 -2.450,2.194,0.000 face -2.906,2.099,0.295 -2.891,2.097,0.000 -2.450,2.194,0.000 -2.450,2.195,0.295 face -2.918,2.101,0.590 -2.906,2.099,0.295 -2.450,2.195,0.295 -2.450,2.195,0.590 face -2.929,2.102,0.885 -2.918,2.101,0.590 -2.450,2.195,0.590 -2.450,2.195,0.885 face -2.936,2.103,1.180 -2.929,2.102,0.885 -2.450,2.195,0.885 -2.450,2.195,1.180 face -2.855,1.697,1.180 -2.936,2.103,1.180 -2.450,2.195,1.180 -2.450,1.735,1.180 face -2.841,1.696,0.295 -2.834,1.695,0.000 -2.891,2.097,0.000 -2.906,2.099,0.295 face -2.847,1.696,0.590 -2.841,1.696,0.295 -2.906,2.099,0.295 -2.918,2.101,0.590 face -2.851,1.697,0.885 -2.847,1.696,0.590 -2.918,2.101,0.590 -2.929,2.102,0.885 face -2.855,1.697,1.180 -2.851,1.697,0.885 -2.929,2.102,0.885 -2.936,2.103,1.180 face -2.821,1.287,0.295 -2.818,1.287,0.000 -2.834,1.695,0.000 -2.841,1.696,0.295 face -2.825,1.288,0.590 -2.821,1.287,0.295 -2.841,1.696,0.295 -2.847,1.696,0.590 face -2.828,1.288,0.885 -2.825,1.288,0.590 -2.847,1.696,0.590 -2.851,1.697,0.885 face -2.830,1.288,1.180 -2.828,1.288,0.885 -2.851,1.697,0.885 -2.855,1.697,1.180 face -2.849,0.884,0.295 -2.841,0.883,0.000 -2.818,1.287,0.000 -2.821,1.287,0.295 face -2.856,0.885,0.590 -2.849,0.884,0.295 -2.821,1.287,0.295 -2.825,1.288,0.590 face -2.863,0.886,0.885 -2.856,0.885,0.590 -2.825,1.288,0.590 -2.828,1.288,0.885 face -2.868,0.886,1.180 -2.863,0.886,0.885 -2.828,1.288,0.885 -2.830,1.288,1.180 face -2.450,0.795,0.000 -2.450,1.265,0.000 -2.818,1.287,0.000 -2.841,0.883,0.000 face -2.960,0.499,0.295 -2.934,0.497,0.000 -2.841,0.883,0.000 -2.849,0.884,0.295 face -2.983,0.502,0.589 -2.960,0.499,0.295 -2.849,0.884,0.295 -2.856,0.885,0.590 face -3.003,0.504,0.885 -2.983,0.502,0.589 -2.856,0.885,0.590 -2.863,0.886,0.885 face -3.018,0.505,1.180 -3.003,0.504,0.885 -2.863,0.886,0.885 -2.868,0.886,1.180 face -2.450,1.265,1.180 -2.450,0.795,1.180 -2.868,0.886,1.180 -2.830,1.288,1.180 face -2.450,0.336,0.000 -2.450,0.795,0.000 -2.841,0.883,0.000 -2.934,0.497,0.000 face -2.450,0.335,0.295 -2.450,0.336,0.000 -2.934,0.497,0.000 -2.960,0.499,0.295 face -2.450,0.335,0.590 -2.450,0.335,0.295 -2.960,0.499,0.295 -2.983,0.502,0.589 face -2.450,0.335,0.885 -2.450,0.335,0.590 -2.983,0.502,0.589 -3.003,0.504,0.885 face -2.450,0.335,1.180 -2.450,0.335,0.885 -3.003,0.504,0.885 -3.018,0.505,1.180 face -2.450,0.795,1.180 -2.450,0.335,1.180 -3.018,0.505,1.180 -2.868,0.886,1.180 face -2.450,0.795,0.295 -2.450,0.795,0.000 -2.450,0.336,0.000 -2.450,0.335,0.295 face -2.450,0.795,0.590 -2.450,0.795,0.295 -2.450,0.335,0.295 -2.450,0.335,0.590 face -2.450,0.795,0.885 -2.450,0.795,0.590 -2.450,0.335,0.590 -2.450,0.335,0.885 face -2.450,0.795,1.180 -2.450,0.795,0.885 -2.450,0.335,0.885 -2.450,0.335,1.180  r=76
;__create Blocks__
block create group "Blocks" poly face -1.277,2.450,3.480 -0.897,2.450,3.478 -0.866,2.450,3.269 -1.278,2.450,3.269 face -0.962,2.835,3.269 -1.311,2.818,3.269 -1.278,2.450,3.269 -0.866,2.450,3.269 face -0.529,2.450,3.480 -0.464,2.450,3.269 -0.866,2.450,3.269 -0.897,2.450,3.478 face -1.276,2.450,3.690 -0.942,2.450,3.685 -0.897,2.450,3.478 -1.277,2.450,3.480 face -1.690,2.450,3.269 -1.657,2.450,3.479 -1.277,2.450,3.480 -1.278,2.450,3.269 face -0.619,2.450,3.680 -0.529,2.450,3.480 -0.897,2.450,3.478 -0.942,2.450,3.685 face -1.274,2.450,3.900 -1.003,2.450,3.887 -0.942,2.450,3.685 -1.276,2.450,3.690 face -1.657,2.450,3.479 -1.609,2.450,3.686 -1.276,2.450,3.690 -1.277,2.450,3.480 face -0.743,2.450,3.861 -0.619,2.450,3.680 -0.942,2.450,3.685 -1.003,2.450,3.887 face -1.272,2.450,4.110 -1.080,2.450,4.084 -1.003,2.450,3.887 -1.274,2.450,3.900 face -1.609,2.450,3.686 -1.545,2.450,3.887 -1.274,2.450,3.900 -1.276,2.450,3.690 face -0.911,2.450,4.001 -0.743,2.450,3.861 -1.003,2.450,3.887 -1.080,2.450,4.084 face -1.310,2.807,4.110 -1.146,2.810,4.083 -1.080,2.450,4.084 -1.272,2.450,4.110 face -1.545,2.450,3.887 -1.465,2.450,4.084 -1.272,2.450,4.110 -1.274,2.450,3.900 face -0.625,2.910,3.269 -0.962,2.835,3.269 -0.866,2.450,3.269 -0.464,2.450,3.269 face -0.677,2.893,3.473 -0.625,2.910,3.269 -0.464,2.450,3.269 -0.529,2.450,3.480 face -0.751,2.871,3.670 -0.677,2.893,3.473 -0.529,2.450,3.480 -0.619,2.450,3.680 face -0.854,2.847,3.852 -0.751,2.871,3.670 -0.619,2.450,3.680 -0.743,2.450,3.861 face -1.001,2.825,4.000 -0.854,2.847,3.852 -0.743,2.450,3.861 -0.911,2.450,4.001 face -1.146,2.810,4.083 -1.001,2.825,4.000 -0.911,2.450,4.001 -1.080,2.450,4.084 face -0.988,2.830,3.477 -0.962,2.835,3.269 -0.625,2.910,3.269 -0.677,2.893,3.473 face -1.026,2.823,3.683 -0.988,2.830,3.477 -0.677,2.893,3.473 -0.751,2.871,3.670 face -1.079,2.816,3.885 -1.026,2.823,3.683 -0.751,2.871,3.670 -0.854,2.847,3.852 face -1.146,2.810,4.083 -1.079,2.816,3.885 -0.854,2.847,3.852 -1.001,2.825,4.000 face -1.311,2.815,3.479 -1.311,2.818,3.269 -0.962,2.835,3.269 -0.988,2.830,3.477 face -1.311,2.812,3.690 -1.311,2.815,3.479 -0.988,2.830,3.477 -1.026,2.823,3.683 face -1.310,2.809,3.900 -1.311,2.812,3.690 -1.026,2.823,3.683 -1.079,2.816,3.885 face -1.310,2.807,4.110 -1.310,2.809,3.900 -1.079,2.816,3.885 -1.146,2.810,4.083 face -1.635,2.833,3.477 -1.662,2.839,3.269 -1.311,2.818,3.269 -1.311,2.815,3.479 face -1.597,2.826,3.683 -1.635,2.833,3.477 -1.311,2.815,3.479 -1.311,2.812,3.690 face -1.543,2.818,3.885 -1.597,2.826,3.683 -1.311,2.812,3.690 -1.310,2.809,3.900 face -1.475,2.811,4.083 -1.543,2.818,3.885 -1.310,2.809,3.900 -1.310,2.807,4.110 face -1.690,2.450,3.269 -1.278,2.450,3.269 -1.311,2.818,3.269 -1.662,2.839,3.269 face -1.952,2.884,3.474 -2.006,2.899,3.269 -1.662,2.839,3.269 -1.635,2.833,3.477 face -1.876,2.866,3.671 -1.952,2.884,3.474 -1.635,2.833,3.477 -1.597,2.826,3.683 face -1.771,2.844,3.853 -1.876,2.866,3.671 -1.597,2.826,3.683 -1.543,2.818,3.885 face -1.622,2.825,4.000 -1.771,2.844,3.853 -1.543,2.818,3.885 -1.475,2.811,4.083 face -1.272,2.450,4.110 -1.465,2.450,4.084 -1.475,2.811,4.083 -1.310,2.807,4.110 face -2.091,2.450,3.269 -1.690,2.450,3.269 -1.662,2.839,3.269 -2.006,2.899,3.269 face -2.025,2.450,3.480 -2.091,2.450,3.269 -2.006,2.899,3.269 -1.952,2.884,3.474 face -1.932,2.450,3.680 -2.025,2.450,3.480 -1.952,2.884,3.474 -1.876,2.866,3.671 face -1.806,2.450,3.861 -1.932,2.450,3.680 -1.876,2.866,3.671 -1.771,2.844,3.853 face -1.636,2.450,4.000 -1.806,2.450,3.861 -1.771,2.844,3.853 -1.622,2.825,4.000 face -1.465,2.450,4.084 -1.636,2.450,4.000 -1.622,2.825,4.000 -1.475,2.811,4.083 face -1.657,2.450,3.479 -1.690,2.450,3.269 -2.091,2.450,3.269 -2.025,2.450,3.480 face -1.609,2.450,3.686 -1.657,2.450,3.479 -2.025,2.450,3.480 -1.932,2.450,3.680 face -1.545,2.450,3.887 -1.609,2.450,3.686 -1.932,2.450,3.680 -1.806,2.450,3.861 face -1.465,2.450,4.084 -1.545,2.450,3.887 -1.806,2.450,3.861 -1.636,2.450,4.000  r=77
;__create Blocks__
block create group "Blocks" poly face -2.450,1.264,2.518 -2.450,1.729,2.518 -2.450,1.733,2.260 -2.450,1.265,2.260 face -2.856,1.695,2.260 -2.830,1.288,2.260 -2.450,1.265,2.260 -2.450,1.733,2.260 face -2.450,2.183,2.518 -2.450,2.191,2.260 -2.450,1.733,2.260 -2.450,1.729,2.518 face -2.450,1.263,2.775 -2.450,1.721,2.776 -2.450,1.729,2.518 -2.450,1.264,2.518 face -2.450,0.797,2.260 -2.450,0.799,2.518 -2.450,1.264,2.518 -2.450,1.265,2.260 face -2.450,2.169,2.777 -2.450,2.183,2.518 -2.450,1.729,2.518 -2.450,1.721,2.776 face -2.450,1.260,3.033 -2.450,1.708,3.033 -2.450,1.721,2.776 -2.450,1.263,2.775 face -2.450,0.799,2.518 -2.450,0.804,2.775 -2.450,1.263,2.775 -2.450,1.264,2.518 face -2.450,2.146,3.034 -2.450,2.169,2.777 -2.450,1.721,2.776 -2.450,1.708,3.033 face -2.450,1.256,3.290 -2.450,1.687,3.290 -2.450,1.708,3.033 -2.450,1.260,3.033 face -2.450,0.804,2.775 -2.450,0.812,3.033 -2.450,1.260,3.033 -2.450,1.263,2.775 face -2.450,2.109,3.290 -2.450,2.146,3.034 -2.450,1.708,3.033 -2.450,1.687,3.290 face -2.822,1.287,3.290 -2.842,1.661,3.290 -2.450,1.687,3.290 -2.450,1.256,3.290 face -2.450,0.812,3.033 -2.450,0.825,3.290 -2.450,1.256,3.290 -2.450,1.260,3.033 face -2.940,2.099,2.260 -2.856,1.695,2.260 -2.450,1.733,2.260 -2.450,2.191,2.260 face -2.935,2.093,2.518 -2.940,2.099,2.260 -2.450,2.191,2.260 -2.450,2.183,2.518 face -2.929,2.081,2.776 -2.935,2.093,2.518 -2.450,2.183,2.518 -2.450,2.169,2.777 face -2.921,2.061,3.034 -2.929,2.081,2.776 -2.450,2.169,2.777 -2.450,2.146,3.034 face -2.909,2.030,3.290 -2.921,2.061,3.034 -2.450,2.146,3.034 -2.450,2.109,3.290 face -2.842,1.661,3.290 -2.909,2.030,3.290 -2.450,2.109,3.290 -2.450,1.687,3.290 face -2.854,1.692,2.518 -2.856,1.695,2.260 -2.940,2.099,2.260 -2.935,2.093,2.518 face -2.851,1.686,2.775 -2.854,1.692,2.518 -2.935,2.093,2.518 -2.929,2.081,2.776 face -2.848,1.677,3.033 -2.851,1.686,2.775 -2.929,2.081,2.776 -2.921,2.061,3.034 face -2.842,1.661,3.290 -2.848,1.677,3.033 -2.921,2.061,3.034 -2.909,2.030,3.290 face -2.829,1.288,2.518 -2.830,1.288,2.260 -2.856,1.695,2.260 -2.854,1.692,2.518 face -2.827,1.288,2.775 -2.829,1.288,2.518 -2.854,1.692,2.518 -2.851,1.686,2.775 face -2.825,1.288,3.033 -2.827,1.288,2.775 -2.851,1.686,2.775 -2.848,1.677,3.033 face -2.822,1.287,3.290 -2.825,1.288,3.033 -2.848,1.677,3.033 -2.842,1.661,3.290 face -2.866,0.891,2.518 -2.869,0.888,2.260 -2.830,1.288,2.260 -2.829,1.288,2.518 face -2.862,0.896,2.775 -2.866,0.891,2.518 -2.829,1.288,2.518 -2.827,1.288,2.775 face -2.857,0.905,3.033 -2.862,0.896,2.775 -2.827,1.288,2.775 -2.825,1.288,3.033 face -2.850,0.919,3.290 -2.857,0.905,3.033 -2.825,1.288,3.033 -2.822,1.287,3.290 face -2.450,0.797,2.260 -2.450,1.265,2.260 -2.830,1.288,2.260 -2.869,0.888,2.260 face -3.017,0.515,2.518 -3.025,0.510,2.260 -2.869,0.888,2.260 -2.866,0.891,2.518 face -3.005,0.525,2.776 -3.017,0.515,2.518 -2.866,0.891,2.518 -2.862,0.896,2.775 face -2.989,0.542,3.034 -3.005,0.525,2.776 -2.862,0.896,2.775 -2.857,0.905,3.033 face -2.968,0.570,3.290 -2.989,0.542,3.034 -2.857,0.905,3.033 -2.850,0.919,3.290 face -2.450,1.256,3.290 -2.450,0.825,3.290 -2.850,0.919,3.290 -2.822,1.287,3.290 face -2.450,0.339,2.260 -2.450,0.797,2.260 -2.869,0.888,2.260 -3.025,0.510,2.260 face -2.450,0.345,2.518 -2.450,0.339,2.260 -3.025,0.510,2.260 -3.017,0.515,2.518 face -2.450,0.356,2.776 -2.450,0.345,2.518 -3.017,0.515,2.518 -3.005,0.525,2.776 face -2.450,0.374,3.034 -2.450,0.356,2.776 -3.005,0.525,2.776 -2.989,0.542,3.034 face -2.450,0.403,3.290 -2.450,0.374,3.034 -2.989,0.542,3.034 -2.968,0.570,3.290 face -2.450,0.825,3.290 -2.450,0.403,3.290 -2.968,0.570,3.290 -2.850,0.919,3.290 face -2.450,0.799,2.518 -2.450,0.797,2.260 -2.450,0.339,2.260 -2.450,0.345,2.518 face -2.450,0.804,2.775 -2.450,0.799,2.518 -2.450,0.345,2.518 -2.450,0.356,2.776 face -2.450,0.812,3.033 -2.450,0.804,2.775 -2.450,0.356,2.776 -2.450,0.374,3.034 face -2.450,0.825,3.290 -2.450,0.812,3.033 -2.450,0.374,3.034 -2.450,0.403,3.290  r=78
;__create Blocks__
block create group "Blocks" poly face -1.280,2.450,1.450 -0.810,2.450,1.450 -0.810,2.450,1.180 -1.280,2.450,1.180 face -0.912,2.843,1.180 -1.311,2.824,1.180 -1.280,2.450,1.180 -0.810,2.450,1.180 face -0.351,2.450,1.450 -0.351,2.450,1.180 -0.810,2.450,1.180 -0.810,2.450,1.450 face -1.280,2.450,1.720 -0.810,2.450,1.720 -0.810,2.450,1.450 -1.280,2.450,1.450 face -1.749,2.450,1.180 -1.749,2.450,1.450 -1.280,2.450,1.450 -1.280,2.450,1.180 face -0.351,2.450,1.720 -0.351,2.450,1.450 -0.810,2.450,1.450 -0.810,2.450,1.720 face -1.280,2.450,1.990 -0.811,2.450,1.990 -0.810,2.450,1.720 -1.280,2.450,1.720 face -1.749,2.450,1.450 -1.749,2.450,1.720 -1.280,2.450,1.720 -1.280,2.450,1.450 face -0.352,2.450,1.990 -0.351,2.450,1.720 -0.810,2.450,1.720 -0.811,2.450,1.990 face -1.280,2.450,2.260 -0.813,2.450,2.260 -0.811,2.450,1.990 -1.280,2.450,1.990 face -1.749,2.450,1.720 -1.748,2.450,1.990 -1.280,2.450,1.990 -1.280,2.450,1.720 face -0.357,2.450,2.260 -0.352,2.450,1.990 -0.811,2.450,1.990 -0.813,2.450,2.260 face -1.311,2.824,2.260 -0.915,2.844,2.260 -0.813,2.450,2.260 -1.280,2.450,2.260 face -1.748,2.450,1.990 -1.746,2.450,2.260 -1.280,2.450,2.260 -1.280,2.450,1.990 face -0.527,2.940,1.180 -0.912,2.843,1.180 -0.810,2.450,1.180 -0.351,2.450,1.180 face -0.527,2.941,1.450 -0.527,2.940,1.180 -0.351,2.450,1.180 -0.351,2.450,1.450 face -0.527,2.942,1.720 -0.527,2.941,1.450 -0.351,2.450,1.450 -0.351,2.450,1.720 face -0.529,2.942,1.990 -0.527,2.942,1.720 -0.351,2.450,1.720 -0.352,2.450,1.990 face -0.533,2.941,2.260 -0.529,2.942,1.990 -0.352,2.450,1.990 -0.357,2.450,2.260 face -0.915,2.844,2.260 -0.533,2.941,2.260 -0.357,2.450,2.260 -0.813,2.450,2.260 face -0.912,2.844,1.450 -0.912,2.843,1.180 -0.527,2.940,1.180 -0.527,2.941,1.450 face -0.912,2.844,1.720 -0.912,2.844,1.450 -0.527,2.941,1.450 -0.527,2.942,1.720 face -0.913,2.844,1.990 -0.912,2.844,1.720 -0.527,2.942,1.720 -0.529,2.942,1.990 face -0.915,2.844,2.260 -0.913,2.844,1.990 -0.529,2.942,1.990 -0.533,2.941,2.260 face -1.311,2.825,1.450 -1.311,2.824,1.180 -0.912,2.843,1.180 -0.912,2.844,1.450 face -1.311,2.825,1.720 -1.311,2.825,1.450 -0.912,2.844,1.450 -0.912,2.844,1.720 face -1.311,2.825,1.990 -1.311,2.825,1.720 -0.912,2.844,1.720 -0.913,2.844,1.990 face -1.311,2.824,2.260 -1.311,2.825,1.990 -0.913,2.844,1.990 -0.915,2.844,2.260 face -1.713,2.856,1.450 -1.713,2.854,1.180 -1.311,2.824,1.180 -1.311,2.825,1.450 face -1.713,2.857,1.720 -1.713,2.856,1.450 -1.311,2.825,1.450 -1.311,2.825,1.720 face -1.712,2.856,1.990 -1.713,2.857,1.720 -1.311,2.825,1.720 -1.311,2.825,1.990 face -1.710,2.855,2.260 -1.712,2.856,1.990 -1.311,2.825,1.990 -1.311,2.824,2.260 face -1.749,2.450,1.180 -1.280,2.450,1.180 -1.311,2.824,1.180 -1.713,2.854,1.180 face -2.108,2.938,1.450 -2.107,2.934,1.180 -1.713,2.854,1.180 -1.713,2.856,1.450 face -2.108,2.940,1.720 -2.108,2.938,1.450 -1.713,2.856,1.450 -1.713,2.857,1.720 face -2.106,2.939,1.990 -2.108,2.940,1.720 -1.713,2.857,1.720 -1.712,2.856,1.990 face -2.101,2.935,2.260 -2.106,2.939,1.990 -1.712,2.856,1.990 -1.710,2.855,2.260 face -1.280,2.450,2.260 -1.746,2.450,2.260 -1.710,2.855,2.260 -1.311,2.824,2.260 face -2.209,2.450,1.180 -1.749,2.450,1.180 -1.713,2.854,1.180 -2.107,2.934,1.180 face -2.209,2.450,1.450 -2.209,2.450,1.180 -2.107,2.934,1.180 -2.108,2.938,1.450 face -2.209,2.450,1.720 -2.209,2.450,1.450 -2.108,2.938,1.450 -2.108,2.940,1.720 face -2.207,2.450,1.990 -2.209,2.450,1.720 -2.108,2.940,1.720 -2.106,2.939,1.990 face -2.202,2.450,2.260 -2.207,2.450,1.990 -2.106,2.939,1.990 -2.101,2.935,2.260 face -1.746,2.450,2.260 -2.202,2.450,2.260 -2.101,2.935,2.260 -1.710,2.855,2.260 face -1.749,2.450,1.450 -1.749,2.450,1.180 -2.209,2.450,1.180 -2.209,2.450,1.450 face -1.749,2.450,1.720 -1.749,2.450,1.450 -2.209,2.450,1.450 -2.209,2.450,1.720 face -1.748,2.450,1.990 -1.749,2.450,1.720 -2.209,2.450,1.720 -2.207,2.450,1.990 face -1.746,2.450,2.260 -1.748,2.450,1.990 -2.207,2.450,1.990 -2.202,2.450,2.260  r=79
;__create Blocks__
block create group "Blocks" poly face -1.279,2.450,2.512 -0.818,2.450,2.513 -0.813,2.450,2.260 -1.280,2.450,2.260 face -0.915,2.844,2.260 -1.311,2.824,2.260 -1.280,2.450,2.260 -0.813,2.450,2.260 face -0.367,2.450,2.514 -0.357,2.450,2.260 -0.813,2.450,2.260 -0.818,2.450,2.513 face -1.279,2.450,2.765 -0.827,2.450,2.765 -0.818,2.450,2.513 -1.279,2.450,2.512 face -1.746,2.450,2.260 -1.741,2.450,2.513 -1.279,2.450,2.512 -1.280,2.450,2.260 face -0.385,2.450,2.768 -0.367,2.450,2.514 -0.818,2.450,2.513 -0.827,2.450,2.765 face -1.279,2.450,3.017 -0.842,2.450,3.018 -0.827,2.450,2.765 -1.279,2.450,2.765 face -1.741,2.450,2.513 -1.731,2.450,2.765 -1.279,2.450,2.765 -1.279,2.450,2.512 face -0.415,2.450,3.020 -0.385,2.450,2.768 -0.827,2.450,2.765 -0.842,2.450,3.018 face -1.278,2.450,3.269 -0.866,2.450,3.269 -0.842,2.450,3.018 -1.279,2.450,3.017 face -1.731,2.450,2.765 -1.715,2.450,3.018 -1.279,2.450,3.017 -1.279,2.450,2.765 face -0.464,2.450,3.269 -0.415,2.450,3.020 -0.842,2.450,3.018 -0.866,2.450,3.269 face -1.311,2.818,3.269 -0.962,2.835,3.269 -0.866,2.450,3.269 -1.278,2.450,3.269 face -1.715,2.450,3.018 -1.690,2.450,3.269 -1.278,2.450,3.269 -1.279,2.450,3.017 face -0.533,2.941,2.260 -0.915,2.844,2.260 -0.813,2.450,2.260 -0.357,2.450,2.260 face -0.542,2.938,2.514 -0.533,2.941,2.260 -0.357,2.450,2.260 -0.367,2.450,2.514 face -0.558,2.933,2.767 -0.542,2.938,2.514 -0.367,2.450,2.514 -0.385,2.450,2.768 face -0.584,2.924,3.019 -0.558,2.933,2.767 -0.385,2.450,2.768 -0.415,2.450,3.020 face -0.625,2.910,3.269 -0.584,2.924,3.019 -0.415,2.450,3.020 -0.464,2.450,3.269 face -0.962,2.835,3.269 -0.625,2.910,3.269 -0.464,2.450,3.269 -0.866,2.450,3.269 face -0.920,2.843,2.513 -0.915,2.844,2.260 -0.533,2.941,2.260 -0.542,2.938,2.514 face -0.928,2.841,2.765 -0.920,2.843,2.513 -0.542,2.938,2.514 -0.558,2.933,2.767 face -0.941,2.839,3.018 -0.928,2.841,2.765 -0.558,2.933,2.767 -0.584,2.924,3.019 face -0.962,2.835,3.269 -0.941,2.839,3.018 -0.584,2.924,3.019 -0.625,2.910,3.269 face -1.311,2.823,2.512 -1.311,2.824,2.260 -0.915,2.844,2.260 -0.920,2.843,2.513 face -1.311,2.822,2.765 -1.311,2.823,2.512 -0.920,2.843,2.513 -0.928,2.841,2.765 face -1.311,2.820,3.017 -1.311,2.822,2.765 -0.928,2.841,2.765 -0.941,2.839,3.018 face -1.311,2.818,3.269 -1.311,2.820,3.017 -0.941,2.839,3.018 -0.962,2.835,3.269 face -1.705,2.852,2.513 -1.710,2.855,2.260 -1.311,2.824,2.260 -1.311,2.823,2.512 face -1.697,2.849,2.765 -1.705,2.852,2.513 -1.311,2.823,2.512 -1.311,2.822,2.765 face -1.684,2.844,3.018 -1.697,2.849,2.765 -1.311,2.822,2.765 -1.311,2.820,3.017 face -1.662,2.839,3.269 -1.684,2.844,3.018 -1.311,2.820,3.017 -1.311,2.818,3.269 face -1.746,2.450,2.260 -1.280,2.450,2.260 -1.311,2.824,2.260 -1.710,2.855,2.260 face -2.092,2.930,2.514 -2.101,2.935,2.260 -1.710,2.855,2.260 -1.705,2.852,2.513 face -2.075,2.923,2.767 -2.092,2.930,2.514 -1.705,2.852,2.513 -1.697,2.849,2.765 face -2.049,2.913,3.019 -2.075,2.923,2.767 -1.697,2.849,2.765 -1.684,2.844,3.018 face -2.006,2.899,3.269 -2.049,2.913,3.019 -1.684,2.844,3.018 -1.662,2.839,3.269 face -1.278,2.450,3.269 -1.690,2.450,3.269 -1.662,2.839,3.269 -1.311,2.818,3.269 face -2.202,2.450,2.260 -1.746,2.450,2.260 -1.710,2.855,2.260 -2.101,2.935,2.260 face -2.192,2.450,2.514 -2.202,2.450,2.260 -2.101,2.935,2.260 -2.092,2.930,2.514 face -2.173,2.450,2.768 -2.192,2.450,2.514 -2.092,2.930,2.514 -2.075,2.923,2.767 face -2.142,2.450,3.020 -2.173,2.450,2.768 -2.075,2.923,2.767 -2.049,2.913,3.019 face -2.091,2.450,3.269 -2.142,2.450,3.020 -2.049,2.913,3.019 -2.006,2.899,3.269 face -1.690,2.450,3.269 -2.091,2.450,3.269 -2.006,2.899,3.269 -1.662,2.839,3.269 face -1.741,2.450,2.513 -1.746,2.450,2.260 -2.202,2.450,2.260 -2.192,2.450,2.514 face -1.731,2.450,2.765 -1.741,2.450,2.513 -2.192,2.450,2.514 -2.173,2.450,2.768 face -1.715,2.450,3.018 -1.731,2.450,2.765 -2.173,2.450,2.768 -2.142,2.450,3.020 face -1.690,2.450,3.269 -1.715,2.450,3.018 -2.142,2.450,3.020 -2.091,2.450,3.269  r=80
;__create Blocks__
block create group "Blocks" poly face -2.450,1.265,1.450 -2.450,1.735,1.450 -2.450,1.735,1.180 -2.450,1.265,1.180 face -2.855,1.697,1.180 -2.830,1.288,1.180 -2.450,1.265,1.180 -2.450,1.735,1.180 face -2.450,2.195,1.450 -2.450,2.195,1.180 -2.450,1.735,1.180 -2.450,1.735,1.450 face -2.450,1.265,1.720 -2.450,1.735,1.720 -2.450,1.735,1.450 -2.450,1.265,1.450 face -2.450,0.795,1.180 -2.450,0.795,1.450 -2.450,1.265,1.450 -2.450,1.265,1.180 face -2.450,2.195,1.720 -2.450,2.195,1.450 -2.450,1.735,1.450 -2.450,1.735,1.720 face -2.450,1.265,1.990 -2.450,1.735,1.990 -2.450,1.735,1.720 -2.450,1.265,1.720 face -2.450,0.795,1.450 -2.450,0.795,1.720 -2.450,1.265,1.720 -2.450,1.265,1.450 face -2.450,2.194,1.990 -2.450,2.195,1.720 -2.450,1.735,1.720 -2.450,1.735,1.990 face -2.450,1.265,2.260 -2.450,1.733,2.260 -2.450,1.735,1.990 -2.450,1.265,1.990 face -2.450,0.795,1.720 -2.450,0.796,1.990 -2.450,1.265,1.990 -2.450,1.265,1.720 face -2.450,2.191,2.260 -2.450,2.194,1.990 -2.450,1.735,1.990 -2.450,1.733,2.260 face -2.830,1.288,2.260 -2.856,1.695,2.260 -2.450,1.733,2.260 -2.450,1.265,2.260 face -2.450,0.796,1.990 -2.450,0.797,2.260 -2.450,1.265,2.260 -2.450,1.265,1.990 face -2.936,2.103,1.180 -2.855,1.697,1.180 -2.450,1.735,1.180 -2.450,2.195,1.180 face -2.940,2.103,1.450 -2.936,2.103,1.180 -2.450,2.195,1.180 -2.450,2.195,1.450 face -2.942,2.103,1.720 -2.940,2.103,1.450 -2.450,2.195,1.450 -2.450,2.195,1.720 face -2.942,2.103,1.990 -2.942,2.103,1.720 -2.450,2.195,1.720 -2.450,2.194,1.990 face -2.940,2.099,2.260 -2.942,2.103,1.990 -2.450,2.194,1.990 -2.450,2.191,2.260 face -2.856,1.695,2.260 -2.940,2.099,2.260 -2.450,2.191,2.260 -2.450,1.733,2.260 face -2.857,1.697,1.450 -2.855,1.697,1.180 -2.936,2.103,1.180 -2.940,2.103,1.450 face -2.858,1.697,1.720 -2.857,1.697,1.450 -2.940,2.103,1.450 -2.942,2.103,1.720 face -2.858,1.697,1.990 -2.858,1.697,1.720 -2.942,2.103,1.720 -2.942,2.103,1.990 face -2.856,1.695,2.260 -2.858,1.697,1.990 -2.942,2.103,1.990 -2.940,2.099,2.260 face -2.831,1.288,1.450 -2.830,1.288,1.180 -2.855,1.697,1.180 -2.857,1.697,1.450 face -2.832,1.288,1.720 -2.831,1.288,1.450 -2.857,1.697,1.450 -2.858,1.697,1.720 face -2.831,1.288,1.990 -2.832,1.288,1.720 -2.858,1.697,1.720 -2.858,1.697,1.990 face -2.830,1.288,2.260 -2.831,1.288,1.990 -2.858,1.697,1.990 -2.856,1.695,2.260 face -2.870,0.886,1.450 -2.868,0.886,1.180 -2.830,1.288,1.180 -2.831,1.288,1.450 face -2.871,0.886,1.720 -2.870,0.886,1.450 -2.831,1.288,1.450 -2.832,1.288,1.720 face -2.871,0.887,1.990 -2.871,0.886,1.720 -2.832,1.288,1.720 -2.831,1.288,1.990 face -2.869,0.888,2.260 -2.871,0.887,1.990 -2.831,1.288,1.990 -2.830,1.288,2.260 face -2.450,0.795,1.180 -2.450,1.265,1.180 -2.830,1.288,1.180 -2.868,0.886,1.180 face -3.026,0.506,1.450 -3.018,0.505,1.180 -2.868,0.886,1.180 -2.870,0.886,1.450 face -3.030,0.506,1.720 -3.026,0.506,1.450 -2.870,0.886,1.450 -2.871,0.886,1.720 face -3.029,0.507,1.990 -3.030,0.506,1.720 -2.871,0.886,1.720 -2.871,0.887,1.990 face -3.025,0.510,2.260 -3.029,0.507,1.990 -2.871,0.887,1.990 -2.869,0.888,2.260 face -2.450,1.265,2.260 -2.450,0.797,2.260 -2.869,0.888,2.260 -2.830,1.288,2.260 face -2.450,0.335,1.180 -2.450,0.795,1.180 -2.868,0.886,1.180 -3.018,0.505,1.180 face -2.450,0.335,1.450 -2.450,0.335,1.180 -3.018,0.505,1.180 -3.026,0.506,1.450 face -2.450,0.335,1.720 -2.450,0.335,1.450 -3.026,0.506,1.450 -3.030,0.506,1.720 face -2.450,0.336,1.990 -2.450,0.335,1.720 -3.030,0.506,1.720 -3.029,0.507,1.990 face -2.450,0.339,2.260 -2.450,0.336,1.990 -3.029,0.507,1.990 -3.025,0.510,2.260 face -2.450,0.797,2.260 -2.450,0.339,2.260 -3.025,0.510,2.260 -2.869,0.888,2.260 face -2.450,0.795,1.450 -2.450,0.795,1.180 -2.450,0.335,1.180 -2.450,0.335,1.450 face -2.450,0.795,1.720 -2.450,0.795,1.450 -2.450,0.335,1.450 -2.450,0.335,1.720 face -2.450,0.796,1.990 -2.450,0.795,1.720 -2.450,0.335,1.720 -2.450,0.336,1.990 face -2.450,0.797,2.260 -2.450,0.796,1.990 -2.450,0.336,1.990 -2.450,0.339,2.260  r=81
;__create Blocks__
block create group "Blocks" poly face -2.450,1.250,3.527 -2.450,1.655,3.530 -2.450,1.687,3.290 -2.450,1.256,3.290 face -2.842,1.661,3.290 -2.822,1.287,3.290 -2.450,1.256,3.290 -2.450,1.687,3.290 face -2.450,2.049,3.537 -2.450,2.109,3.290 -2.450,1.687,3.290 -2.450,1.655,3.530 face -2.450,1.241,3.764 -2.450,1.606,3.766 -2.450,1.655,3.530 -2.450,1.250,3.527 face -2.450,0.825,3.290 -2.450,0.844,3.525 -2.450,1.250,3.527 -2.450,1.256,3.290 face -2.450,1.955,3.773 -2.450,2.049,3.537 -2.450,1.655,3.530 -2.450,1.606,3.766 face -2.450,1.229,4.001 -2.450,1.530,3.995 -2.450,1.606,3.766 -2.450,1.241,3.764 face -2.450,0.844,3.525 -2.450,0.875,3.759 -2.450,1.241,3.764 -2.450,1.250,3.527 face -2.450,1.814,3.984 -2.450,1.955,3.773 -2.450,1.606,3.766 -2.450,1.530,3.995 face -2.450,1.213,4.238 -2.450,1.427,4.214 -2.450,1.530,3.995 -2.450,1.229,4.001 face -2.450,0.875,3.759 -2.450,0.927,3.990 -2.450,1.229,4.001 -2.450,1.241,3.764 face -2.450,1.613,4.136 -2.450,1.814,3.984 -2.450,1.530,3.995 -2.450,1.427,4.214 face -2.807,1.286,4.238 -2.812,1.465,4.213 -2.450,1.427,4.214 -2.450,1.213,4.238 face -2.450,0.927,3.990 -2.450,1.003,4.213 -2.450,1.213,4.238 -2.450,1.229,4.001 face -2.909,2.030,3.290 -2.842,1.661,3.290 -2.450,1.687,3.290 -2.450,2.109,3.290 face -2.894,1.982,3.528 -2.909,2.030,3.290 -2.450,2.109,3.290 -2.450,2.049,3.537 face -2.875,1.908,3.758 -2.894,1.982,3.528 -2.450,2.049,3.537 -2.450,1.955,3.773 face -2.850,1.794,3.971 -2.875,1.908,3.758 -2.450,1.955,3.773 -2.450,1.814,3.984 face -2.826,1.620,4.135 -2.850,1.794,3.971 -2.450,1.814,3.984 -2.450,1.613,4.136 face -2.812,1.465,4.213 -2.826,1.620,4.135 -2.450,1.613,4.136 -2.450,1.427,4.214 face -2.836,1.638,3.526 -2.842,1.661,3.290 -2.909,2.030,3.290 -2.894,1.982,3.528 face -2.829,1.601,3.760 -2.836,1.638,3.526 -2.894,1.982,3.528 -2.875,1.908,3.758 face -2.820,1.544,3.990 -2.829,1.601,3.760 -2.875,1.908,3.758 -2.850,1.794,3.971 face -2.812,1.465,4.213 -2.820,1.544,3.990 -2.850,1.794,3.971 -2.826,1.620,4.135 face -2.819,1.287,3.527 -2.822,1.287,3.290 -2.842,1.661,3.290 -2.836,1.638,3.526 face -2.815,1.287,3.764 -2.819,1.287,3.527 -2.836,1.638,3.526 -2.829,1.601,3.760 face -2.810,1.286,4.001 -2.815,1.287,3.764 -2.829,1.601,3.760 -2.820,1.544,3.990 face -2.807,1.286,4.238 -2.810,1.286,4.001 -2.820,1.544,3.990 -2.812,1.465,4.213 face -2.843,0.941,3.526 -2.850,0.919,3.290 -2.822,1.287,3.290 -2.819,1.287,3.527 face -2.833,0.975,3.759 -2.843,0.941,3.526 -2.819,1.287,3.527 -2.815,1.287,3.764 face -2.823,1.030,3.989 -2.833,0.975,3.759 -2.815,1.287,3.764 -2.810,1.286,4.001 face -2.813,1.108,4.213 -2.823,1.030,3.989 -2.810,1.286,4.001 -2.807,1.286,4.238 face -2.450,0.825,3.290 -2.450,1.256,3.290 -2.822,1.287,3.290 -2.850,0.919,3.290 face -2.942,0.613,3.526 -2.968,0.570,3.290 -2.850,0.919,3.290 -2.843,0.941,3.526 face -2.909,0.681,3.756 -2.942,0.613,3.526 -2.843,0.941,3.526 -2.833,0.975,3.759 face -2.869,0.788,3.969 -2.909,0.681,3.756 -2.833,0.975,3.759 -2.823,1.030,3.989 face -2.833,0.956,4.135 -2.869,0.788,3.969 -2.823,1.030,3.989 -2.813,1.108,4.213 face -2.450,1.213,4.238 -2.450,1.003,4.213 -2.813,1.108,4.213 -2.807,1.286,4.238 face -2.450,0.403,3.290 -2.450,0.825,3.290 -2.850,0.919,3.290 -2.968,0.570,3.290 face -2.450,0.449,3.531 -2.450,0.403,3.290 -2.968,0.570,3.290 -2.942,0.613,3.526 face -2.450,0.523,3.765 -2.450,0.449,3.531 -2.942,0.613,3.526 -2.909,0.681,3.756 face -2.450,0.642,3.979 -2.450,0.523,3.765 -2.909,0.681,3.756 -2.869,0.788,3.969 face -2.450,0.827,4.137 -2.450,0.642,3.979 -2.869,0.788,3.969 -2.833,0.956,4.135 face -2.450,1.003,4.213 -2.450,0.827,4.137 -2.833,0.956,4.135 -2.813,1.108,4.213 face -2.450,0.844,3.525 -2.450,0.825,3.290 -2.450,0.403,3.290 -2.450,0.449,3.531 face -2.450,0.875,3.759 -2.450,0.844,3.525 -2.450,0.449,3.531 -2.450,0.523,3.765 face -2.450,0.927,3.990 -2.450,0.875,3.759 -2.450,0.523,3.765 -2.450,0.642,3.979 face -2.450,1.003,4.213 -2.450,0.927,3.990 -2.450,0.642,3.979 -2.450,0.827,4.137  r=82
;__create Supports__
block create group "Supports" poly face -3.750,-3.750,-0.250 3.750,-3.750,-0.250 3.750,3.750,-0.250 -3.750,3.750,-0.250 face -3.750,3.750,0.000 3.750,3.750,0.000 3.750,-3.750,0.000 -3.750,-3.750,0.000 face -3.750,-3.750,0.000 3.750,-3.750,0.000 3.750,-3.750,-0.250 -3.750,-3.750,-0.250 face 3.750,-3.750,0.000 3.750,3.750,0.000 3.750,3.750,-0.250 3.750,-3.750,-0.250 face 3.750,3.750,0.000 -3.750,3.750,0.000 -3.750,3.750,-0.250 3.750,3.750,-0.250 face -3.750,3.750,0.000 -3.750,-3.750,0.000 -3.750,-3.750,-0.250 -3.750,3.750,-0.250  r=83
